<?xml version="1.0" encoding="UTF-8"?>
<DOCUMENT><P><W> ससुराल </W><W> से </W><W> घर </W><W> लौट </W><W> रहे </W><CASUALTIES-ARG ID="8"><LINK EVENT_ARG="0" ID="21" TYPE_REL="EVENT_ARG"/><W> युवक </W><W> की </W><MAN_MADE_EVENT ID="0" TYPE="VEHICULAR_COLLISION"><W> सड़क </W><W> दुर्घटना </W></MAN_MADE_EVENT><W> में </W><W> मौत, </W></CASUALTIES-ARG><CASUALTIES-ARG ID="9"><LINK EVENT_ARG="0" ID="22" TYPE_REL="EVENT_ARG"/><W> पत्नी </W><W> व </W><W> भतीजी </W><W> हुए </W><W> घायल </W></CASUALTIES-ARG></P><P><W> कुंवारियां </W><W> (राजसमंद)। </W><PLACE-ARG ID="5"><LINK EVENT_ARG="1" ID="25" TYPE_REL="EVENT_ARG"/><W> ससुराल </W><W> ओड़ा </W></PLACE-ARG><W> से </W><TIME-ARG ID="4"><LINK EVENT_ARG="1" ID="26" TYPE_REL="EVENT_ARG"/><W> शुक्रवार </W></TIME-ARG><W> को </W><W> घर </W><W> लौट </W><W> रहे </W><CASUALTIES-ARG ID="10"><LINK EVENT_ARG="1" ID="23" TYPE_REL="EVENT_ARG"/><W> युवक </W><W> की </W><MAN_MADE_EVENT ID="1" TYPE="VEHICULAR_COLLISION"><W> सड़क </W><W> दुर्घटना </W></MAN_MADE_EVENT><W> में </W><W> दर्दनाक </W><W> मौत </W></CASUALTIES-ARG><W> हो </W><W> गई </W><W> जबकि </W><CASUALTIES-ARG ID="11"><LINK EVENT_ARG="1" ID="24" TYPE_REL="EVENT_ARG"/><W> पत्नी </W><W> व </W><W> उसके </W><W> साडू </W><W> की </W><W> लड़की </W><W> गंभीर </W><W> रूप </W><W> से </W><W> घायल </W></CASUALTIES-ARG><W> हो </W><W> गए। </W><W> सूचना </W><W> पर </W><W> हाइवे </W><W> वेन </W><W> की </W><W> पेट्रोलिंग </W><W> वाहन </W><W> से </W><W> घायलों </W><W> को </W><W> आरके </W><W> चिकित्सा </W><W> लय </W><W> ले </W><W> जाया </W><W> गया। </W><W> जानिए </W><W> और </W><W> इस </W><W> बारे </W><W> में </W><W> ... </W></P><P><W> कुंवारियां </W><W> थाना </W><W> अधिकारी </W><W> योगेंद्र </W><W> व्यास </W><W> ने </W><W> बताया </W><W> कि </W><W> नाथूवास </W><W> निवासी </W><CASUALTIES-ARG ID="12"><LINK EVENT_ARG="2" ID="27" TYPE_REL="EVENT_ARG"/><W> उदयलाल </W><W> (36) </W></CASUALTIES-ARG><W> की </W><MAN_MADE_EVENT ID="2" TYPE="VEHICULAR_COLLISION"><W> सड़क </W><W> दुर्घटना </W></MAN_MADE_EVENT><W> में </W><W> मौत </W><W> हो </W><W> गई। </W><W> उसकी </W><W> पत्नी </W><CASUALTIES-ARG ID="13"><LINK EVENT_ARG="2" ID="28" TYPE_REL="EVENT_ARG"/><W> श्यामू </W><W> देवी </W><W> (34), </W><W> उसके </W><W> साडू </W><W> की </W><W> लड़की </W><W> सासेरा </W><W> निवासी </W><W> रतनी </W><W> पिता </W><W> मांगीलाल </W><W> सालवी </W><W> (26) </W><W> घायल </W></CASUALTIES-ARG><W> हुए </W><W> हैं। </W></P><P><W> तीनों </W><W> ही </W><W> एक </W><W> ही </W><PARTICIPANT-ARG ID="17"><LINK EVENT_ARG="3" ID="29" TYPE_REL="EVENT_ARG"/><W> मोटरसाइकिल </W></PARTICIPANT-ARG><W> से </W><W> ससुराल </W><W> ओड़ा </W><W> से </W><W> अपने </W><W> गांव </W><W> नाथूवास </W><W> की </W><W> तरफ </W><W> लौट </W><W> रहे </W><W> थे। </W><PLACE-ARG ID="6"><LINK EVENT_ARG="3" ID="30" TYPE_REL="EVENT_ARG"/><W> वीर </W><W> तेजाजी </W><W> चौराहे </W><W> के </W><W> पास </W></PLACE-ARG><PLACE-ARG ID="7"><LINK EVENT_ARG="3" ID="31" TYPE_REL="EVENT_ARG"/><W> फोर </W><W> लेन </W><W> सड़क </W><W> पर </W></PLACE-ARG><W> कांकरोली </W><W> की </W><W> ओर </W><W> से </W><W> तेजी </W><W> से </W><W> आ </W><W> रही </W><W> एक </W><PARTICIPANT-ARG ID="18"><LINK EVENT_ARG="3" ID="32" TYPE_REL="EVENT_ARG"/><W> स्विफ्ट </W><W> गाड़ी </W></PARTICIPANT-ARG><W> ने </W><PARTICIPANT-ARG ID="19"><LINK EVENT_ARG="3" ID="33" TYPE_REL="EVENT_ARG"/><W> मोटरसाइकिल </W></PARTICIPANT-ARG><W> को </W><MAN_MADE_EVENT ID="3" TYPE="VEHICULAR_COLLISION"><W> चपेट </W><W> में </W><W> ले </W><W> लिया। </W></MAN_MADE_EVENT><W> इससे </W><CASUALTIES-ARG ID="14"><LINK EVENT_ARG="3" ID="34" TYPE_REL="EVENT_ARG"/><W> युवक </W><W> की </W><W> मौके </W><W> पर </W><W> ही </W><W> दर्दनाक </W><W> मौत </W></CASUALTIES-ARG><W> हो </W><W> गई </W><W> वहीं </W><CASUALTIES-ARG ID="15"><LINK EVENT_ARG="3" ID="35" TYPE_REL="EVENT_ARG"/><W> पत्नी </W><W> व </W><W> उनके </W><W> साडू </W><W> की </W><W> लड़की </W><W> गंभीर </W><W> घायल </W></CASUALTIES-ARG><W> हो </W><W> गए। </W><W> सूचना </W><W> पर </W><W> पहुंची </W><W> हाइवे </W><W> पेट्रोलिंग </W><W> वाहन </W><W> की </W><W> मदद </W><W> से </W><W> घायलों </W><W> को </W><W> आर </W><W> के </W><W> चिकित्सालय </W><W> ले </W><W> जाया </W><W> गया। </W></P><P><W> थानाधिकारी </W><W> व्यास </W><W> ने </W><W> बताया </W><W> कि </W><W> म्रतक </W><W> पैसे </W><W> से </W><W> कारीगर </W><W> था। </W><W> वह </W><W> ठेके </W><W> पर </W><W> मकानों </W><W> की </W><W> चुनाई </W><W> का </W><W> काम </W><W> करता </W><W> था। </W><W> घटना </W><W> में </W><W> उनके </W><W> साडू </W><W> की </W><CASUALTIES-ARG ID="16"><LINK EVENT_ARG="3" ID="37" TYPE_REL="EVENT_ARG"/><W> लड़की </W><W> का </W><W> पैर </W><W> फेक्चर </W></CASUALTIES-ARG><W> हो </W><W> गया। </W><W> घायलों </W><W> को </W><W> उदयपुर </W><W> रेफर </W><W> कर </W><W> दिया </W><W> गया। </W></P><P><PARTICIPANT-ARG ID="20"><LINK EVENT_ARG="3" ID="36" TYPE_REL="EVENT_ARG"/><W> कार </W><W> चालक </W></PARTICIPANT-ARG><W> गाड़ी </W><W> छोड़कर </W><W> भाग </W><W> गया। </W><W> घटना </W><W> को </W><W> लेकर </W><W> चौराहे </W><W> पर </W><W> भीड़ </W><W> जमा </W><W> हो </W><W> गई। </W><W> पुलिस </W><W> ने </W><W> पोस्टमार्टम </W><W> करवाकर </W><W> शव </W><W> परिजनों </W><W> को </W><W> सुपुर्द </W><W> कर </W><W> दिया </W><W> है। </W></P></DOCUMENT>