<?xml version="1.0" encoding="UTF-8"?>
<DOCUMENT><DESC/><TIME>2284</TIME><P><W> होली </W><W> खेल </W><W> कर </W><W> लौट </W><W> रहा </W><W> था </W><W> परिवार, </W><PLACE-ARG ID="1"><LINK EVENT_ARG="0" ID="49" TYPE_REL="EVENT_ARG"/><W> हाईवे </W></PLACE-ARG><PARTICIPANT-ARG ID="10"><LINK EVENT_ARG="0" ID="50" TYPE_REL="EVENT_ARG"/><W> पर अन्ना </W><W> मवेशी </W></PARTICIPANT-ARG><W> से </W><MAN_MADE_EVENT ID="0" TYPE="VEHICULAR_COLLISION"><W> टकराई </W></MAN_MADE_EVENT><PARTICIPANT-ARG ID="12"><LINK EVENT_ARG="0" ID="51" TYPE_REL="EVENT_ARG"/><W> कार, </W></PARTICIPANT-ARG><CASUALTIES-ARG ID="9"><LINK EVENT_ARG="0" ID="52" TYPE_REL="EVENT_ARG"/><W> 11 </W><W> घायल </W></CASUALTIES-ARG><W> । </W></P><P><PLACE-ARG ID="2"><LINK EVENT_ARG="6" ID="53" TYPE_REL="EVENT_ARG"/><W> कन्नौज </W><W> के </W><W> तालग्राम </W></PLACE-ARG><PARTICIPANT-ARG ID="13"><LINK EVENT_ARG="6" ID="54" TYPE_REL="EVENT_ARG"/><W> में होली </W><W> पर्व </W><W> मनाकर </W><W> दिल्ली </W><W> व </W><W> लुधियाना </W><W> वापस </W><W> जा </W><W> रहे </W><W> लोगों </W><W> की </W><W> कारें </W></PARTICIPANT-ARG><W> एक-एक </W><W> कर </W><PLACE-ARG ID="5"><LINK EVENT_ARG="6" ID="55" TYPE_REL="EVENT_ARG"/><W> आगरा </W><W> लखनऊ-एक्सप्रेस </W><W> वे </W><W> पर </W><W> थाना </W><W> तालग्राम </W><W> क्षेत्र </W><W> के </W><W> तिलकापुर </W><W> गांव </W><W> के </W><W> सामने </W></PLACE-ARG><TIME-ARG ID="26"><LINK EVENT_ARG="6" ID="56" TYPE_REL="EVENT_ARG"/><W> शनिवार </W><W> भोर </W><W> करीब </W><W> तीन </W><W> बजे </W></TIME-ARG><PARTICIPANT-ARG ID="15"><LINK EVENT_ARG="6" ID="57" TYPE_REL="EVENT_ARG"/><W> अन्ना </W><W> मवेशी </W></PARTICIPANT-ARG><W> से </W><MAN_MADE_EVENT ID="6" TYPE="VEHICULAR_COLLISION"><EVENT-COREF-LINK EVENT_ID="12" ID="41" TYPE_REL="EVENT_COREF"/><W> टकरा </W><W> गईं। </W></MAN_MADE_EVENT><MAN_MADE_EVENT ID="7" TYPE="VEHICULAR_COLLISION"><EVENT-COREF-LINK EVENT_ID="0" ID="42" TYPE_REL="EVENT_COREF"/><W> हादसे </W></MAN_MADE_EVENT><W> में </W><CASUALTIES-ARG ID="19"><LINK EVENT_ARG="7" ID="58" TYPE_REL="EVENT_ARG"/><W> 11 </W><W> लोग </W><W> घायल </W></CASUALTIES-ARG><W> हो </W><W> गए। </W><PARTICIPANT-ARG ID="14"><LINK EVENT_ARG="7" ID="59" TYPE_REL="EVENT_ARG"/><W> सांड़ </W></PARTICIPANT-ARG><W> की </W><CASUALTIES-ARG ID="20"><LINK EVENT_ARG="7" ID="60" TYPE_REL="EVENT_ARG"/><W> मौके </W><W> पर </W><W> मौत </W></CASUALTIES-ARG><W> हो </W><W> गई। </W><AFTER_EFFECTS-ARG ID="21"><LINK EVENT_ARG="7" ID="61" TYPE_REL="EVENT_ARG"/><W> दो </W><W> घायलों </W><W> को </W><W> मेडिकल </W><W> कालेज </W><W> तिर्वा </W><W> भर्ती </W><W> कराया </W><W> गया।  </W></AFTER_EFFECTS-ARG></P><P><W> हरदोई </W><W> के </W><W> सांडी </W><W> निवासी </W><W> रजनेश </W><W> (20) </W><W> पुत्र </W><W> राकेश </W><TIME-ARG ID="27"><LINK EVENT_ARG="17" ID="62" TYPE_REL="EVENT_ARG"/><W> शनिवार </W><W> की </W><W> भोर </W><W> तीन </W><W> बजे </W></TIME-ARG><W> होली </W><W> पर्व </W><W> मनाकर </W><W> कार </W><W> से </W><W> दिल्ली </W><W> वापस </W><W> जा </W><W> रहे </W><W> थे। </W><W> साथ </W><W> में </W><W> दोस्त </W><W> उमेश </W><W> (28) </W><W> पुत्र </W><W> रघुवीर </W><W> भी </W><W> था। </W><PLACE-ARG ID="8"><LINK EVENT_ARG="17" ID="63" TYPE_REL="EVENT_ARG"/><W> तालग्राम </W><W> के </W><W> तिलकापुर </W><W> के </W><W> सामने </W><W> एक्सप्रेस-वे </W></PLACE-ARG><W> पर </W><W> घूम </W><W> रहे </W><PARTICIPANT-ARG ID="16"><LINK EVENT_ARG="17" ID="64" TYPE_REL="EVENT_ARG"/><W> अन्ना </W><W> सांड़ </W></PARTICIPANT-ARG><W> से </W><MAN_MADE_EVENT ID="17" TYPE="VEHICULAR_COLLISION"><EVENT-COREF-LINK EVENT_ID="0" ID="43" TYPE_REL="EVENT_COREF"/><W> टकराकर </W><W> कार </W><W> पलट </W><W> गई। </W></MAN_MADE_EVENT><MAN_MADE_EVENT ID="18" TYPE="VEHICULAR_COLLISION"><EVENT-COREF-LINK EVENT_ID="0" ID="44" TYPE_REL="EVENT_COREF"/><W> हादसे </W></MAN_MADE_EVENT><W> में </W><CASUALTIES-ARG ID="22"><LINK EVENT_ARG="18" ID="65" TYPE_REL="EVENT_ARG"/><W> दोनों </W><W> लोग </W><W> गंभीर </W><W> रूप </W><W> से </W><W> घायल </W></CASUALTIES-ARG><W> हो </W><W> गए। </W></P><P><W>   </W></P><P><W> उधर </W><PLACE-ARG ID="23"><LINK EVENT_ARG="31" ID="66" TYPE_REL="EVENT_ARG"/><W> उन्नाव </W><W> थाना </W><W> क्षेत्र </W><W> के </W><W> अचलगंज </W><W> पैडरी </W><W> खुर्द </W><W> झाऊ </W><W> खेड़ा </W></PLACE-ARG><W> निवासी </W><W> अनिल </W><W> तिवारी </W><W> (27) </W><W> पुत्र </W><W> राजू </W><W> तिवारी </W><PLACE-ARG ID="24"><LINK EVENT_ARG="31" ID="67" TYPE_REL="EVENT_ARG"/><W> लुधियाना </W><W> वर्धमान </W><W> सब्जी </W><W> मंडी </W><W> एलआईसी </W><W> फ्लैट </W></PLACE-ARG><W> में </W><W> रहकर </W><W> परिवार </W><W> के </W><W> साथ </W><W> फैक्टरी </W><W> में </W><W> नौकरी </W><W> करते </W><W> हैं। </W><TIME-ARG ID="28"><LINK EVENT_ARG="31" ID="68" TYPE_REL="EVENT_ARG"/><W> शनिवार </W></TIME-ARG><W> को </W><W> गांव </W><W> से </W><W> होली </W><W> मनाकर </W><W> अपने </W><W> भाई </W><W> हरिओम </W><W> (28), </W><W> सुनील </W><W> (25), </W><W> राहुल </W><W> (18), </W><W> मां </W><W> निर्मला </W><W> तिवारी </W><W> (50) </W><W> के </W><W> साथ </W><W> कार </W><W> से </W><PLACE-ARG ID="29"><LINK EVENT_ARG="31" ID="69" TYPE_REL="EVENT_ARG"/><W> लुधियाना </W></PLACE-ARG><W> जा </W><W> रहे </W><W> थे। </W></P><P><REASON-ARG ID="30"><LINK EVENT_ARG="31" ID="70" TYPE_REL="EVENT_ARG"/><W> पलटी </W><W> कार </W><W> को </W><W> बचाने </W><W> के </W><W> प्रयास </W><W> में </W><W> घायल </W><W> पड़े </W><W> अन्ना </W><W> मवेशी </W><W> से </W><W> टकराकर </W></REASON-ARG><MAN_MADE_EVENT ID="31" TYPE="VEHICULAR_COLLISION"><EVENT-COREF-LINK EVENT_ID="0" ID="45" TYPE_REL="EVENT_COREF"/><W> कार </W><W> डिवाइडर </W><W> से </W><W> भिड़ </W><W> गई। </W></MAN_MADE_EVENT><MAN_MADE_EVENT ID="32" TYPE="VEHICULAR_COLLISION"><EVENT-COREF-LINK EVENT_ID="0" ID="46" TYPE_REL="EVENT_COREF"/><W> हादसे </W></MAN_MADE_EVENT><W> में </W><CASUALTIES-ARG ID="33"><LINK EVENT_ARG="32" ID="71" TYPE_REL="EVENT_ARG"/><W> मां </W><W> बेटा </W><W> समेत </W><W> पांच </W><W> लोग </W><W> मामूली </W><W> रूप </W><W> से </W><W> चुटहिल </W></CASUALTIES-ARG><W> हो </W><W> गए। </W><W> तीसरी </W><W> कार </W><W> के </W><W> चालक </W><W> बिहार </W><W> सीवान </W><W> निवासी </W><W> रोहित </W><W> राजन </W><W> पाठक </W><W> (28) </W><W> पुत्र </W><W> जय </W><W> गोविंद </W><W> पाठक </W><W> दिल्ली </W><W> जा </W><W> रहे </W><W> थे। </W><W> साथ </W><W> में </W><W> परिवार </W><W> के </W><W> दीपक </W><W> राजन </W><W> (55), </W><W> सर्वेश </W><W> पाठक </W><W> (29), </W><W> उनके </W><W> पिता </W><W> जय </W><W> गोविंद </W><W> (60) </W><W> भी </W><W> थे। </W></P><P><PLACE-ARG ID="34"><LINK EVENT_ARG="36" ID="72" TYPE_REL="EVENT_ARG"/><W> एक्सप्रेस-वे </W></PLACE-ARG><W> पर </W><W> पड़े </W><MAN_MADE_EVENT ID="36" TYPE="VEHICULAR_COLLISION"><EVENT-COREF-LINK EVENT_ID="0" ID="47" TYPE_REL="EVENT_COREF"/><W> सांड़ </W><W> से </W><W> कार </W><W> टकराकर </W><W> डिवाइडर </W><W> पर </W><W> जाकर </W><W> रुकी। </W></MAN_MADE_EVENT><MAN_MADE_EVENT ID="37" TYPE="VEHICULAR_COLLISION"><EVENT-COREF-LINK EVENT_ID="0" ID="48" TYPE_REL="EVENT_COREF"/><W> हादसे </W></MAN_MADE_EVENT><W> में </W><CASUALTIES-ARG ID="38"><LINK EVENT_ARG="37" ID="73" TYPE_REL="EVENT_ARG"/><W> चारों </W><W> लोग </W><W> घायल </W></CASUALTIES-ARG><W> हो </W><W> गए। </W><AFTER_EFFECTS-ARG ID="40"><LINK EVENT_ARG="37" ID="74" TYPE_REL="EVENT_ARG"/><W> एनसीसी </W><W> गश्ती </W><W> टीम </W><W> के </W><W> इंचार्ज </W><W> राजेंद्र </W><W> सिंह, </W><W> प्रदीप, </W><W> उमेश, </W><W> कैलाश, </W><W> अजय </W><W> ने </W><W> अस्थाई </W><W> गति </W><W> अवरोधक </W><W> लगाकर </W><W> वाहनों </W><W> को </W><W> रोका। </W><W> अन्ना </W><W> मवेशी </W><W> को </W><W> गाड़ी </W><W> से </W><W> लादकर </W><W> एक्सप्रेस-वे </W><W> लेन </W><W> से </W><W> हटाया। </W><W> घायलों </W><W> को </W><W> यूपीडा </W><W> एंबुलेंस </W><W> से </W><W> सीएचसी </W><W> व </W><W> गंभीर </W><W> रूप </W><W> से </W><W> घायल </W><W> रजनेश, </W><W> उमेश </W><W> को </W><W> मेडिकल </W><W> कालेज </W><W> भेजा। </W><W> सूचना </W><W> पर </W><W> बेहटा </W><W> चौकी </W><W> के </W><W> दरोगा </W><W> मुनेंद्र </W><W> वीर </W><W> सिंह </W><W> भी </W><W> मौके </W><W> पर </W><W> पहुंच </W><W> गए। </W></AFTER_EFFECTS-ARG></P></DOCUMENT>