<?xml version="1.0" encoding="UTF-8"?>
<DOCUMENT><P><PLACE-ARG ID="1"><LINK EVENT_ARG="0" ID="12" TYPE_REL="EVENT_ARG"/><W> चमोली, </W></PLACE-ARG><W> [जेएनएन]: </W><REASON-ARG ID="5"><LINK EVENT_ARG="0" ID="13" TYPE_REL="EVENT_ARG"/><W> चट्टान </W><W> टूटने </W></REASON-ARG><W> के </W><W> बाद </W><W> हुए </W><NATURAL_EVENT ID="0" TYPE="LAND_SLIDE"><W> भूस्खलन </W></NATURAL_EVENT><W> से </W><W> अवरुद्ध </W><W> हुआ </W><PLACE-ARG ID="2"><LINK EVENT_ARG="0" ID="14" TYPE_REL="EVENT_ARG"/><W> जोशीमठ </W><W> मलारी </W><W> हाईवे </W></PLACE-ARG><W> 23 </W><W> घंंटे </W><W> बाद </W><W> खुल </W><W> गया </W><W> है। </W><W> मार्ग </W><PLACE-ARG ID="3"><W> सुराईंथोटा </W><W> के </W><W> निकट </W></PLACE-ARG><W> बंद </W><W> हो </W><W> गया </W><W> था। </W><W> इससे </W><W> आइटीबीपी </W><W> के </W><W> जवानों </W><W> को </W><W> भी </W><W> काफी </W><AFTER_EFFECTS-ARG ID="7"><W> दिक्कतों </W><W> का </W><W> सामना </W></AFTER_EFFECTS-ARG><W> करना </W><W> पड़ा। </W><W>  वहीं </W><AFTER_EFFECTS-ARG ID="8"><W> निकटवर्ती </W><W> गांव </W><W> के </W><W> लोगों </W><W> की </W><W> मुश्किलें </W></AFTER_EFFECTS-ARG><W> बढ़ </W><W> गई।  </W></P><P><W> फिलहाल </W><W> सीमा </W><W> सड़क </W><W> संगठन </W><W> (बीआरओ) </W><W> के </W><W> जवान </W><W> सड़क </W><W> से </W><W> मलबा </W><W> हटाने </W><W> में </W><W> जुटे </W><W> रहे। </W><W> बताया </W><W> जा </W><W> रहा </W><W> है </W><W> कि </W><W> गत </W><W> शाम </W><REASON-ARG ID="6"><W> चट्टान </W><W> टूटने </W></REASON-ARG><W> से </W><W> सारा </W><W> मलबा </W><W> सड़क </W><W> पर </W><W> आ </W><W> गया। </W><W> इससे </W><W> सड़क </W><W> का </W><W> करीब </W><W> 40 </W><W> मीटर </W><W> हिस्सा </W><W> टूटकर </W><W> खाई </W><W> में </W><W> जा </W><W> गिरा।  </W></P><P><W> सड़क </W><W> बंद </W><W> होने </W><W> से </W><PLACE-ARG ID="4"><W> सुराईंथोटा </W><W> गांव </W></PLACE-ARG><W> का </W><AFTER_EFFECTS-ARG ID="9"><W> संपर्क </W><W> भी </W><W> कट </W><W> गया </W></AFTER_EFFECTS-ARG><W> है। </W><W> ग्रामीणों </W><W> को </W><W> गांव </W><W> तक </W><W> पहुंचने </W><W> के </W><W> लिए </W><AFTER_EFFECTS-ARG ID="10"><W> पांच </W><W> किलोमीटर </W><W> पैदल </W><W> चलने </W><W> को </W><W> मजबूर </W></AFTER_EFFECTS-ARG><W> होना </W><W> पड़ </W><W> रहा </W><W> है। </W><W> वहीं, </W><W> क्षेत्र </W><W> में </W><W> आइटीबीपी </W><W> की </W><W> पोस्ट </W><W> भी </W><W> है। </W><W> इससे </W><W> आइटीबीपी </W><W> के </W><W> जवानों </W><W> को </W><W> भी </W><W> दिक्कत </W><W> हो </W><W> रही </W><W> है। </W><W> फिलहाल </W><AFTER_EFFECTS-ARG ID="11"><W> बीआरओ </W><W> के </W><W> जवान </W><W> सड़क </W><W> से </W><W> मलबा </W><W> हटाने </W><W> में </W><W> जुटे </W><W> हैं।  </W></AFTER_EFFECTS-ARG></P></DOCUMENT>