<?xml version="1.0" encoding="UTF-8"?>
<DOCUMENT><P><PLACE-ARG ID="1"><LINK EVENT_ARG="1" ID="7" TYPE_REL="EVENT_ARG"/><W> पूर्वी </W><W> चीन </W><W> के </W><W> जियांगक्शी </W><W> प्रांत </W></PLACE-ARG><W> में </W><PLACE-ARG ID="2"><LINK EVENT_ARG="3" ID="9" TYPE_REL="EVENT_ARG"/><W> एक </W><W> बिजली </W><W> संयंत्र </W></PLACE-ARG><W> में </W><MAN_MADE_EVENT ID="3" TYPE="INDUSTRIAL_ACCIDENT"><W> निर्माणाधीन </W><W> प्लेटफॉर्म </W><W> गिरने </W><W> की </W><W> घटना </W></MAN_MADE_EVENT><W> में </W><CASUALTIES-ARG ID="4"><LINK EVENT_ARG="3" ID="10" TYPE_REL="EVENT_ARG"/><W> मरने </W><W> वालों </W><W> की </W><W> संख्या </W><W> बढ़कर </W><W> 74 </W><W> हो </W><W> गयी </W></CASUALTIES-ARG><W> है। </W><W> सरकारी </W><W> समाचार </W><W> एजेंसी </W><W> शिन्हुआ </W><W> की </W><W> रिपोर्ट </W><W> के </W><W> मुताबिक </W><W> बिजली </W><W> संयंत्र </W><W> के </W><W> कूलिंग </W><W> टावर </W><W> के </W><W> प्लेटफॉर्म </W><W> पर </W><W> काम </W><W> चल </W><W> रहा </W><W> था, </W><W> जिस </W><W> पर </W><W> लगे </W><W> लोहे </W><W> के </W><W> पाइप, </W><W> लोहे </W><W> की </W><W> छड़ें </W><W> और </W><W> लकड़ी </W><W> की </W><W> तख्तियां </W><W> वहां </W><W> काम </W><W> कर </W><W> रहे </W><W> कामगारों </W><W> पर </W><W> गिर </W><W> गईं </W><W> । </W><TIME-ARG ID="5"><LINK EVENT_ARG="3" ID="11" TYPE_REL="EVENT_ARG"/><W> गुरुवार </W><W> (24 </W><W> नवंबर) </W></TIME-ARG><W> को </W><W> हुई </W><W> घटना </W><W> में </W><CASUALTIES-ARG ID="6"><LINK EVENT_ARG="3" ID="12" TYPE_REL="EVENT_ARG"/><W> दो </W><W> अन्य </W><W> घायल </W></CASUALTIES-ARG><W> हो </W><W> गए </W><W> थे। </W><W> रिपोर्ट </W><W> के </W><W> अनुसार </W><W> बीती </W><W> रात </W><W> तक </W><W> घटना </W><W> का </W><W> शिकार </W><W> हुए </W><W> 68 </W><W> लोगों </W><W> की </W><W> पहचान </W><W> हुई </W><W> थी। </W><W> रिपोर्ट </W><W> के </W><W> अनुसार </W><W> यिचुन </W><W> शहर </W><W> में </W><W> फेंगचेंग </W><W> बिजली </W><W> संयंत्र </W><W> में </W><W> सुबह </W><W> करीब </W><W> सात </W><W> बजे </W><W> (स्थानीय </W><W> समयानुसार) </W><W> ये </W><W> लोग </W><W> वहां </W><W> काम </W><W> कर </W><W> रहे </W><W> थे </W><W> कि </W><W> तभी </W><W> प्लेटफॉर्म </W><W> गिर </W><W> गया। </W><W> चीन </W><W> के </W><W> राष्ट्रपति </W><W> शी </W><W> चिनफिंग </W><W> और </W><W> प्रधानमंत्री </W><W> ली </W><W> क्विंग </W><W> ने </W><W> स्थानीय </W><W> अधिकारियों </W><W> से </W><W> बचाव, </W><W> उपचार </W><W> और </W><W> आगे </W><W> के </W><W> काम </W><W> में </W><W> कोई </W><W> कसर </W><W> नहीं </W><W> छोड़ने </W><W> को </W><W> कहा </W><W> है। </W></P><P><W> स्थानीय </W><W> अधिकारियों </W><W> ने </W><W> बताया </W><W> कि </W><W> घटनास्थल </W><W> पर </W><W> 200 </W><W> से </W><W> अधिक </W><W> दमकलकर्मियों </W><W> के </W><W> साथ </W><W> बचावकर्मियों </W><W> और </W><W> खोजी </W><W> कुत्तों </W><W> को </W><W> तैनात </W><W> किया </W><W> गया। </W><W> दमकल </W><W> की </W><W> 32 </W><W> गाड़ियों </W><W> और </W><W> 212 </W><W> सैन्यकर्मियों </W><W> को </W><W> भी </W><W> वहां </W><W> पर </W><W> तैनात </W><W> किया </W><W> गया। </W><W> बिजली </W><W> संयंत्र </W><W> में </W><W> कोयले </W><W> से </W><W> संचालित </W><W> 1,000 </W><W> मेगावाट </W><W> वाले </W><W> दो </W><W> बिजली </W><W> इकाई </W><W> का </W><W> निर्माणकार्य </W><W> बीती </W><W> जुलाई </W><W> में </W><W> शुरू </W><W> हुआ </W><W> था </W><W> और </W><W> 2018 </W><W> की </W><W> शुरुआत </W><W> में </W><W> इसके </W><W> पूरी </W><W> होने </W><W> की </W><W> संभावना </W><W> थी। </W><W> चीन </W><W> में </W><W> कारखाने </W><W> में </W><W> विस्फोट </W><W> से </W><W> लेकर </W><W> खदान </W><W> धंसने </W><W> तक </W><W> की </W><W> औद्योगिक </W><W> दुर्घटनाओं </W><W> का </W><W> एक </W><W> लंबा </W><W> इतिहास </W><W> रहा </W><W> है। </W><W> ऐसे </W><W> में </W><W> वहां </W><W> कड़े </W><W> सुरक्षा </W><W> मानक </W><W> लागू </W><W> करने </W><W> की </W><W> मांग </W><W> बढ़ </W><W> रही </W><W> है। </W><W> बचाव </W><W> कार्य </W><W> में </W><W> दो </W><W> ड्रोन </W><W> एवं </W><W> सात </W><W> क्रेनों </W><W> की </W><W> मदद </W><W> ली </W><W> गई। </W></P></DOCUMENT>