<?xml version="1.0" encoding="UTF-8"?>
<DOCUMENT><P><PLACE-ARG ID="0"><LINK EVENT_ARG="2" ID="10" TYPE_REL="EVENT_ARG"/><W> चीन </W><W> के </W><W> यांग्शी </W><W> प्रांत </W></PLACE-ARG><W> में </W><PLACE-ARG ID="1"><LINK EVENT_ARG="2" ID="11" TYPE_REL="EVENT_ARG"/><W> निर्माण </W><W> स्थल </W></PLACE-ARG><W> पर </W><W> हुई </W><W> घातक </W><MAN_MADE_EVENT ID="2" TYPE="INDUSTRIAL_ACCIDENT"><W> दुर्घटना </W></MAN_MADE_EVENT><W> के </W><W> मामले </W><W> में </W><TIME-ARG ID="3"><LINK EVENT_ARG="2" ID="12" TYPE_REL="EVENT_ARG"/><W> सोमवार </W><W> (28 </W><W> नवंबर) </W></TIME-ARG><W> को </W><W> नौ </W><W> लोगों </W><W> को </W><W> हिरासत </W><W> में </W><W> लिया </W><W> गया। </W><W> इस </W><W> दुर्घटना </W><W> में </W><CASUALTIES-ARG ID="4"><LINK EVENT_ARG="2" ID="13" TYPE_REL="EVENT_ARG"/><W> 74 </W><W> लोगों </W><W> की </W><W> मौत </W></CASUALTIES-ARG><W> हुई </W><W> थी। </W><PLACE-ARG ID="5"><LINK EVENT_ARG="7" ID="18" TYPE_REL="EVENT_ARG"/><W> फेनचेंग </W><W> शहर </W></PLACE-ARG><W> में </W><TIME-ARG ID="6"><LINK EVENT_ARG="7" ID="19" TYPE_REL="EVENT_ARG"/><W> 24 </W><W> नवंबर </W></TIME-ARG><W> को </W><W> एक </W><W> बिजली </W><W> संयंत्र </W><W> के </W><W> लिए </W><W> बनाये </W><W> जा </W><W> रहे </W><W> एक </W><MAN_MADE_EVENT ID="7" TYPE="INDUSTRIAL_ACCIDENT"><W> कूलिंग </W><W> टावर </W><W> के </W><W> मचान </W><W> के </W><W> गिरने </W></MAN_MADE_EVENT><W> से </W><CASUALTIES-ARG ID="8"><LINK EVENT_ARG="7" ID="20" TYPE_REL="EVENT_ARG"/><W> 74 </W><W> लोगों </W><W> की </W><W> मौत </W></CASUALTIES-ARG><W> हो </W><W> गयी </W><W> थी। </W><W> साथ </W><W> ही </W><W> इस </W><W> हादसे </W><W> में </W><CASUALTIES-ARG ID="9"><LINK EVENT_ARG="7" ID="21" TYPE_REL="EVENT_ARG"/><W> दो </W><W> अन्य </W><W> लोग </W><W> घायल </W></CASUALTIES-ARG><W> हो </W><W> गये </W><W> थे। </W><W> सरकारी </W><W> संवाद </W><W> समिति </W><W> शिन्हुआ </W><W> की </W><W> खबर </W><W> के </W><W> मुताबिक </W><W> स्थानीय </W><W> पुलिस </W><W> ने </W><W> दुर्घटना </W><W> के </W><W> लिए </W><W> प्रमुख </W><W> रूप </W><W> से </W><W> जिम्मेदार </W><W> होने </W><W> के </W><W> संदेह </W><W> में </W><W> नौ </W><W> लोगों </W><W> को </W><W> हिरासत </W><W> में </W><W> लिया </W><W> है। </W><W> बिजली </W><W> स्टेशन </W><W> पर </W><W> कोयले </W><W> से </W><W> चलने </W><W> वाली </W><W> एक </W><W> हजार </W><W> मेगावाट </W><W> की </W><W> दो </W><W> इकाइयों </W><W> का </W><W> निर्माण </W><W> कार्य </W><W> जुलाई </W><W> में </W><W> शुरू </W><W> हुआ </W><W> था </W><W> और </W><W> इसके </W><W> वर्ष </W><W> 2018 </W><W> की </W><W> शुरुआत </W><W> में </W><W> पूरा </W><W> होने </W><W> की </W><W> संभावना </W><W> है। </W><W> हेबेई </W><W> यिनेंग </W><W> टावर </W><W> इंजीनियरिंग </W><W> कॉर्पोरेशन </W><W> लिमिटेड </W><W> टावर </W><W> का </W><W> निर्माण </W><W> कर </W><W> रही </W><W> है। </W><W> इस </W><W> मामले </W><W> में </W><W> हिरासत </W><W> में </W><W> लिए </W><W> गये </W><W> नौ </W><W> लोगों </W><W> में </W><W> हेबेई </W><W> यिनेंग </W><W> टावर </W><W> इंजीनियरिंग </W><W> कॉर्पोरेशन </W><W> लिमिटेड </W><W> के </W><W> अध्यक्ष </W><W> और </W><W> निर्माण </W><W> परियोजना </W><W> के </W><W> मुख्य </W><W> इंजीनियर </W><W> शामिल </W><W> हैं। </W><W> पुलिस </W><W> ने </W><W> बताया </W><W> कि </W><W> आगे </W><W> की </W><W> जांच </W><W> चल </W><W> रही </W><W> है। </W><W> इससे </W><W> पहले </W><W> दुर्घटना </W><W> के </W><W> मामले </W><W> में </W><W> 17 </W><W> लोगों </W><W> को </W><W> हिरासत </W><W> में </W><W> लिया </W><W> गया </W><W> था। </W></P></DOCUMENT>