<?xml version="1.0" encoding="UTF-8"?>
<DOCUMENT><DESC/><TIME>525</TIME><P><CASUALTIES-ARG ID="2"><LINK EVENT_ARG="0" ID="20" TYPE_REL="EVENT_ARG"/><W> pilot </W></CASUALTIES-ARG><W> In </W><MAN_MADE_EVENT ID="0" TYPE="AVIATION_HAZARD"><W> Plane </W><W> Crash </W></MAN_MADE_EVENT><PLACE-ARG ID="1"><LINK EVENT_ARG="0" ID="21" TYPE_REL="EVENT_ARG"/><W> Near </W><W> Everest </W></PLACE-ARG><CASUALTIES-ARG ID="3"><LINK EVENT_ARG="0" ID="22" TYPE_REL="EVENT_ARG"/><W> Dies </W></CASUALTIES-ARG><W> Of </W><W> Injuries </W></P><P><PLACE-ARG ID="4"><LINK EVENT_ARG="6" ID="23" TYPE_REL="EVENT_ARG"/><W> नेपाल </W></PLACE-ARG><W> की </W><W> एयरलाइंस गोमा </W><MAN_MADE_EVENT ID="6" TYPE="AVIATION_HAZARD"><EVENT-COREF-LINK EVENT_ID="0" ID="18" TYPE_REL="EVENT_COREF"/><W> एयरलाइंस </W><W> दुर्घटना </W></MAN_MADE_EVENT><W> में </W><W> घायल </W><CASUALTIES-ARG ID="7"><LINK EVENT_ARG="6" ID="24" TYPE_REL="EVENT_ARG"/><W> को-पायलट </W><W> की </W><W> भी </W><W> मौत </W></CASUALTIES-ARG><W> हो </W><W> गई </W><W> है। </W><W> एयरलाइंस </W><W> के </W><W> अधिकारियों </W><W> ने </W><TIME-ARG ID="8"><LINK EVENT_ARG="6" ID="25" TYPE_REL="EVENT_ARG"/><W> रविवार </W></TIME-ARG><W> को </W><W> इसकी </W><W> जानकारी </W><W> दी। </W></P><P><TIME-ARG ID="9"><LINK EVENT_ARG="11" ID="26" TYPE_REL="EVENT_ARG"/><W> शनिवार </W></TIME-ARG><W> को </W><W> लैंडिंग </W><W> के </W><W> दौरान </W><PARTICIPANT-ARG ID="10"><LINK EVENT_ARG="11" ID="27" TYPE_REL="EVENT_ARG"/><W> 9एन-एकेवआई </W><W> विमान </W></PARTICIPANT-ARG><PLACE-ARG ID="5"><LINK EVENT_ARG="11" ID="28" TYPE_REL="EVENT_ARG"/><W> माउंट </W><W> एवरेस्ट </W></PLACE-ARG><W> में </W><MAN_MADE_EVENT ID="11" TYPE="AVIATION_HAZARD"><EVENT-COREF-LINK EVENT_ID="0" ID="19" TYPE_REL="EVENT_COREF"/><W> दुर्घटनाग्रस्त </W></MAN_MADE_EVENT><W> हो </W><W> गया </W><W> था। </W><W> विमान </W><W> उड़ान </W><W> वाले </W><W> क्षेत्र </W><W> में </W><REASON-ARG ID="13"><LINK EVENT_ARG="11" ID="29" TYPE_REL="EVENT_ARG"/><W> मौसम </W><W> खराब </W><W> था </W><W> ऐसे </W><W> में </W><W> सीनियर </W><W> पायलट </W><W> पारस </W><W> राई, </W><W> सह </W><W> पायलट </W><W> सृजन </W><W> मानधन </W><W> और </W><W> परिचारिका </W><W> प्रज्ञा </W><W> महार्जन </W><W> को </W><W> स्थितियों </W><W> को </W><W> जानने </W><W> में </W><W> परेशानी </W><W> हुई। </W></REASON-ARG></P><P><W> मौके </W><W> पर </W><CASUALTIES-ARG ID="14"><LINK EVENT_ARG="11" ID="30" TYPE_REL="EVENT_ARG"/><W> एक </W><W> पायलट </W><W> की </W><W> मौत </W></CASUALTIES-ARG><W> हो </W><W> गई </W><W> थी, </W><W> जबकि </W><CASUALTIES-ARG ID="15"><LINK EVENT_ARG="11" ID="31" TYPE_REL="EVENT_ARG"/><W> दूसरा </W><W> पायलट </W><W> गंभीर </W><W> रूप </W><W> से </W><W> घायल </W></CASUALTIES-ARG><W> था। </W></P><P><W> जिसके </W><W> बाद </W><W> उन्हें </W><W> अस्पताल </W><W> में </W><W> भर्ती </W><W> करवाया </W><W> गया </W><W> लेकिन </W><CASUALTIES-ARG ID="16"><LINK EVENT_ARG="11" ID="32" TYPE_REL="EVENT_ARG"/><W> आठ </W><W> घंटे </W><W> तक </W><W> मौत </W><W> से </W><W> जंग </W><W> लड़ने </W><W> के </W><W> बाद </W><W> वह </W><W> हार </W><W> गया। </W></CASUALTIES-ARG><AFTER_EFFECTS-ARG ID="17"><LINK EVENT_ARG="11" ID="33" TYPE_REL="EVENT_ARG"/><W> दोनों </W><W> पायलटों </W><W> के </W><W> शवों </W><W> को </W><W> पोस्टमार्टम </W><W> के </W><W> लिए </W><W> काठमांडू </W><W> भेज </W><W> दिया </W><W> गया </W><W> है। </W></AFTER_EFFECTS-ARG></P><P><W>   </W></P></DOCUMENT>