<?xml version="1.0" encoding="UTF-8"?>
<DOCUMENT><DESC/><DESC/><DESC/><TIME>2901</TIME><P><PLACE-ARG ID="0"><LINK EVENT_ARG="3" ID="32" TYPE_REL="EVENT_ARG"/><W> उत्तर </W><W> भारत </W></PLACE-ARG><W> में </W><W> सर्दी </W><W> का </W><W> सितम </W><W> जारी, </W><NATURAL_EVENT ID="3" TYPE="COLD_WAVE"><W> ठंड </W></NATURAL_EVENT><W> से </W><W> ठिठुर </W><W> रहे </W><W> हैं </W><W> लोग </W></P><P><PLACE-ARG ID="2"><LINK EVENT_ARG="3" ID="33" TYPE_REL="EVENT_ARG"/><W> राष्ट्रीय </W><W> राजधानी </W></PLACE-ARG><W> में </W><TIME-ARG ID="17"><LINK EVENT_ARG="3" ID="34" TYPE_REL="EVENT_ARG"/><W> सोमवार </W><W> सुबह </W></TIME-ARG><W> ठिठुरन </W><W> भरी </W><W> रही। </W><W> यहां </W><W> का </W><AFTER_EFFECTS-ARG ID="18"><LINK EVENT_ARG="3" ID="35" TYPE_REL="EVENT_ARG"/><W> न्यूनतम </W><W> तापमान </W><W> सामान्य </W><W> से </W><W> तीन </W><W> डिग्री </W><W> कम </W><W> 3.8 </W><W> डिग्री </W><W> सेल्सियस </W><W> दर्ज </W></AFTER_EFFECTS-ARG><W> किया। </W></P><P><W> नई </W><W> दिल्ली। </W><PLACE-ARG ID="1"><LINK EVENT_ARG="4" ID="36" TYPE_REL="EVENT_ARG"/><W> दिल्ली </W><W> एनसीआर </W><W> समेत </W><W> पूरे </W><W> उत्तर </W><W> भारत </W></PLACE-ARG><W> में </W><NATURAL_EVENT ID="4" TYPE="COLD_WAVE"><EVENT-COREF-LINK EVENT_ID="3" ID="77" TYPE_REL="EVENT_COREF"/><W> कड़ाके </W><W> की </W><W> ठंड </W></NATURAL_EVENT><W> पड़ </W><W> रही </W><W> है। </W><AFTER_EFFECTS-ARG ID="19"><LINK EVENT_ARG="4" ID="37" TYPE_REL="EVENT_ARG"/><W> राष्ट्रीय </W><W> राजधानी </W><W> में </W><W> सोमवार </W><W> सुबह </W><W> ठिठुरन </W><W> भरी </W><W> रही। </W></AFTER_EFFECTS-ARG><W> यहां </W><W> का </W><AFTER_EFFECTS-ARG ID="20"><LINK EVENT_ARG="4" ID="38" TYPE_REL="EVENT_ARG"/><W> न्यूनतम </W><W> तापमान </W><W> सामान्य </W><W> से </W><W> तीन </W><W> डिग्री </W><W> कम </W><W> 3.8 </W><W> डिग्री </W><W> सेल्सियस </W><W> दर्ज </W></AFTER_EFFECTS-ARG><W> किया। </W><W> भारतीय </W><W> मौसम </W><W> विज्ञान </W><W> विभाग </W><W> (आईएमडी) </W><W> के </W><W> एक </W><W> अधिकारी </W><W> ने </W><W> कहा, </W><AFTER_EFFECTS-ARG ID="21"><LINK EVENT_ARG="4" ID="39" TYPE_REL="EVENT_ARG"/><W> "दिल्ली </W><W> के </W><W> कुछ </W><W> हिस्सों </W><W> में </W><W> घने </W><W> कोहरे </W><W> के </W><W> साथ-साथ </W><W> सुबह </W><W> सामान्य </W><W> धुंध </W><W> छाई </W><W> रही </W></AFTER_EFFECTS-ARG><W> बारिश </W><W> की </W><W> कोई </W><W> संभावना </W><W> नहीं </W><W> है। </W><AFTER_EFFECTS-ARG ID="22"><LINK EVENT_ARG="4" ID="40" TYPE_REL="EVENT_ARG"/><W> शाम </W><W> को </W><W> कुहासा, </W><W> धुंध </W><W> होगी। </W></AFTER_EFFECTS-ARG><AFTER_EFFECTS-ARG ID="23"><LINK EVENT_ARG="4" ID="41" TYPE_REL="EVENT_ARG"/><W> सुबह </W><W> 8.30 </W><W> बजे </W><W> आद्र्रता </W><W> का </W><W> स्तर </W><W> 100 </W><W> प्रतिशत </W><W> दर्ज </W></AFTER_EFFECTS-ARG><W> हुआ। </W><AFTER_EFFECTS-ARG ID="24"><LINK EVENT_ARG="4" ID="42" TYPE_REL="EVENT_ARG"/><W> अधिकतम </W><W> तापमान </W><W> 22 </W><W> डिग्री </W><W> सेल्सियस </W><W> के </W><W> आसपास </W><W> रहने </W><W> की </W><W> संभावना </W></AFTER_EFFECTS-ARG><W> है, </W><W> जबकि </W><AFTER_EFFECTS-ARG ID="25"><LINK EVENT_ARG="4" ID="43" TYPE_REL="EVENT_ARG"/><W> दिन </W><W> का </W><W> न्यूनतम </W><W> तापमान </W><W> 4 </W><W> डिग्री </W><W> सेल्सियस </W><W> के </W><W> आसपास </W></AFTER_EFFECTS-ARG><W> बना </W><W> रहेगा। </W><W> आईएमडी </W><W> के </W><W> अनुसार, </W><W> अगले </W><W> 2-3 </W><W> दिनों </W><W> तक </W><NATURAL_EVENT ID="26" TYPE="COLD_WAVE"><EVENT-COREF-LINK EVENT_ID="3" ID="78" TYPE_REL="EVENT_COREF"/><W> शीतलहर </W></NATURAL_EVENT><W> जारी </W><W> रहने </W><W> के </W><W> आसार </W><W> हैं। </W></P><P><NATURAL_EVENT ID="5" TYPE="COLD_WAVE"><EVENT-COREF-LINK EVENT_ID="3" ID="79" TYPE_REL="EVENT_COREF"/><W> शीतलहर </W></NATURAL_EVENT><W> से </W><AFTER_EFFECTS-ARG ID="27"><LINK EVENT_ARG="28" ID="44" TYPE_REL="EVENT_ARG"/><W> अस्सी </W><W> प्रतिशत </W><W> टमाटर </W><W> की </W><W> फसल </W><W> चौपट, </W><W> 7 </W><W> जनवरी </W><W> तक </W><W> करवा </W><W> सकते </W><W> है </W><W> फसल </W><W> में </W><W> खराबें </W><W> का </W><W> बीमार </W></AFTER_EFFECTS-ARG></P><P><PLACE-ARG ID="28"><LINK EVENT_ARG="6" ID="45" TYPE_REL="EVENT_ARG"/><W> पहाड़ों </W></PLACE-ARG><W> पर </W><NATURAL_EVENT ID="6" TYPE="COLD_WAVE"><EVENT-COREF-LINK EVENT_ID="3" ID="80" TYPE_REL="EVENT_COREF"/><W> सर्दी </W></NATURAL_EVENT><W> से </W><W> परेशान </W><W> लोग </W></P><P><PLACE-ARG ID="29"><LINK EVENT_ARG="7" ID="46" TYPE_REL="EVENT_ARG"/><W> कश्मीर </W><W> घाटी </W><W> और </W><W> लद्दाख </W><W> क्षेत्र </W></PLACE-ARG><W> में </W><W> एक </W><W> दिन </W><W> की </W><W> राहत </W><W> के </W><W> बाद, </W><TIME-ARG ID="30"><LINK EVENT_ARG="7" ID="47" TYPE_REL="EVENT_ARG"/><W> सोमवार </W></TIME-ARG><W> को </W><W> भीषण </W><NATURAL_EVENT ID="7" TYPE="COLD_WAVE"><EVENT-COREF-LINK EVENT_ID="6" ID="81" TYPE_REL="EVENT_COREF"/><W> शीतलहर </W></NATURAL_EVENT><W> का </W><W> प्रकोप </W><W> फिर </W><W> शुरू </W><W> हो </W><W> गया </W><W> है। </W><W> मौसम </W><W> विभाग </W><W> के </W><W> एक </W><W> अधिकारी </W><W> ने </W><W> बताया </W><W> कि </W><AFTER_EFFECTS-ARG ID="31"><LINK EVENT_ARG="7" ID="48" TYPE_REL="EVENT_ARG"/><W> श्रीनगर </W><W> में </W><W> न्यूनतम </W><W> तापमान </W><W> शून्य </W><W> से </W><W> 6.6 </W><W> डिग्री </W><W> सेल्सियस </W><W> नीचे, </W><W> जबकि </W><W> पहलगाम </W><W> में </W><W> शून्य </W><W> से </W><W> 5.5 </W><W> डिग्री </W><W> नीचे </W><W> और </W><W> गुलमर्ग </W><W> में </W><W> शून्य </W><W> से </W><W> 5 </W><W> डिग्री </W><W> सेल्सियस </W><W> कम </W><W> दर्ज </W><W> किया </W></AFTER_EFFECTS-ARG><W> गया। </W><W> कश्मीर </W><W> घाटी </W><W> इन </W><W> दिनों </W><W> 40 </W><W> दिनों </W><W> की </W><W> भीषण </W><NATURAL_EVENT ID="8" TYPE="COLD_WAVE"><W> सर्दी </W></NATURAL_EVENT><W> के </W><W> दौर </W><W> से </W><W> गुजर </W><W> रही </W><W> है, </W><W> जिसे </W><W> 'चिल्लई </W><W> कलां' </W><W> के </W><W> नाम </W><W> से </W><W> जाना </W><W> जाता </W><W> है। </W><W> यह </W><W> हर </W><W> साल </W><W> 21 </W><W> दिसंबर </W><W> से </W><W> शुरू </W><W> होती </W><W> है </W><W> और </W><W> 30 </W><W> जनवरी </W><W> को </W><W> समाप्त </W><W> होती </W><W> है। </W></P><P><NATURAL_EVENT ID="9" TYPE="COLD_WAVE"><EVENT-COREF-LINK EVENT_ID="6" ID="82" TYPE_REL="EVENT_COREF"/><W> ठंड </W><W> और </W><W> शीतलहर </W></NATURAL_EVENT><W> के </W><W> कारण </W><AFTER_EFFECTS-ARG ID="49"><LINK EVENT_ARG="9" ID="63" TYPE_REL="EVENT_ARG"/><W> कक्षा </W><W> आठ </W><W> तक </W><W> के </W><W> स्कूल </W><W> रहेंगे </W><W> बंद, </W><W> जारी </W><W> हुआ </W><W> आदेश </W></AFTER_EFFECTS-ARG></P><P><PLACE-ARG ID="50"><LINK EVENT_ARG="10" ID="62" TYPE_REL="EVENT_ARG"/><W> बिहार </W></PLACE-ARG><W> में </W><W> बढ़ी </W><NATURAL_EVENT ID="10" TYPE="COLD_WAVE"><W> ठंड </W></NATURAL_EVENT></P><P><PLACE-ARG ID="51"><LINK EVENT_ARG="10" ID="64" TYPE_REL="EVENT_ARG"/><W> बिहार </W><W> की </W><W> राजधानी </W><W> पटना </W><W> तथा </W><W> इसके </W><W> आसपास </W><W> के </W><W> क्षेत्रों </W></PLACE-ARG><W> में </W><TIME-ARG ID="52"><LINK EVENT_ARG="11" ID="65" TYPE_REL="EVENT_ARG"/><W> सोमवार </W></TIME-ARG><W> को </W><W> मौसम </W><W> साफ </W><W> है </W><W> तथा </W><W> धूप </W><W> निकली </W><W> है। </W><W> इस </W><W> बीच, </W><W> चल </W><W> रही </W><NATURAL_EVENT ID="11" TYPE="COLD_WAVE"><EVENT-COREF-LINK EVENT_ID="10" ID="83" TYPE_REL="EVENT_COREF"/><W> ठंडी </W><W> हवाओं </W></NATURAL_EVENT><W> के </W><W> कारण </W><TIME-ARG ID="53"><LINK EVENT_ARG="11" ID="66" TYPE_REL="EVENT_ARG"/><W> पटना </W><W> सहित </W><W> राज्य </W><W> के </W><W> करीब </W><W> सभी </W><W> हिस्सों </W></TIME-ARG><W> में </W><NATURAL_EVENT ID="12" TYPE="COLD_WAVE"><EVENT-COREF-LINK EVENT_ID="10" ID="84" TYPE_REL="EVENT_COREF"/><W> ठंड </W></NATURAL_EVENT><W> बढ़ </W><W> गई </W><W> है। </W><AFTER_EFFECTS-ARG ID="54"><LINK EVENT_ARG="11" ID="67" TYPE_REL="EVENT_ARG"/><W> बिहार </W><W> के </W><W> गया </W><W> का </W><W> सोमवार </W><W> को </W><W> न्यूनतम </W><W> तापमान </W><W> 2.9 </W><W> डिग्री </W><W> सेल्सियस </W><W> दर्ज </W></AFTER_EFFECTS-ARG><W> किया </W><W> गया। </W><W> मौसम </W><W> विभाग </W><W> ने </W><W> अपने </W><W> पूर्वानुमान </W><W> में </W><W> कहा </W><W> है, </W><W> "अगले </W><W> एक-दो </W><W> दिनों </W><W> के </W><W> दौरान </W><W> पटना </W><W> सहित </W><W> राज्य </W><W> के </W><W> अधिकांश </W><W> क्षेत्रों </W><W> में </W><NATURAL_EVENT ID="13" TYPE="COLD_WAVE"><EVENT-COREF-LINK EVENT_ID="10" ID="85" TYPE_REL="EVENT_COREF"/><W> ठंडी </W><W> हवाएं </W></NATURAL_EVENT><W> चलेंगी </W><W> मौसम </W><W> शुष्क </W><W> बना </W><W> रहेगा </W><W> तथा </W><W> तापमान </W><W> में </W><W> गिरावट </W><W> दर्ज </W><W> की </W><W> जाएगी। </W><W> गया </W><W> तथा </W><W> इसके </W><W> आसपास </W><W> के </W><W> क्षेत्र </W><W> में </W><NATURAL_EVENT ID="14" TYPE="COLD_WAVE"><EVENT-COREF-LINK EVENT_ID="10" ID="86" TYPE_REL="EVENT_COREF"/><W> शीतलहर </W></NATURAL_EVENT><W> का </W><W> असर </W><W> रहेगा।" </W></P><P><PLACE-ARG ID="55"><LINK EVENT_ARG="14" ID="70" TYPE_REL="EVENT_ARG"/><W> एमपी </W><W> के </W><W> कई </W><W> हिस्सों </W></PLACE-ARG><W> में </W><AFTER_EFFECTS-ARG ID="68"><LINK EVENT_ARG="14" ID="71" TYPE_REL="EVENT_ARG"/><W> पाला </W><W> पड़ा </W></AFTER_EFFECTS-ARG></P><P><PLACE-ARG ID="56"><LINK EVENT_ARG="14" ID="69" TYPE_REL="EVENT_ARG"/><W> मध्य </W><W> प्रदेश </W><W> की </W><W> राजधानी </W><W> भोपाल </W><W> सहित </W><W> राज्य </W><W> के </W><W> अधिकांश </W><W> हिस्सों </W></PLACE-ARG><W> में </W><TIME-ARG ID="57"><LINK EVENT_ARG="14" ID="72" TYPE_REL="EVENT_ARG"/><W> सोमवार </W></TIME-ARG><W> को </W><AFTER_EFFECTS-ARG ID="58"><LINK EVENT_ARG="14" ID="73" TYPE_REL="EVENT_ARG"/><W> ठिठुरन </W><W> बरकरार </W><W> रही, </W><W> वहीं </W><W> कई </W><W> हिस्सों </W><W> में </W><W> पाला </W><W> भी </W><W> पड़ा </W></AFTER_EFFECTS-ARG><W> है। </W><PLACE-ARG ID="59"><LINK EVENT_ARG="15" ID="76" TYPE_REL="EVENT_ARG"/><W> राज्य </W></PLACE-ARG><W> में </W><NATURAL_EVENT ID="15" TYPE="COLD_WAVE"><W> ठंड </W></NATURAL_EVENT><W> तेज </W><W> है, </W><W> सेामवार </W><W> की </W><W> सुबह </W><AFTER_EFFECTS-ARG ID="60"><LINK EVENT_ARG="14" ID="74" TYPE_REL="EVENT_ARG"/><W> कोहरे </W><W> का </W><W> असर </W></AFTER_EFFECTS-ARG><W> रहा। </W><AFTER_EFFECTS-ARG ID="61"><LINK EVENT_ARG="14" ID="75" TYPE_REL="EVENT_ARG"/><W> हवाएं </W><W> ठिठुरन </W><W> पैदा </W><W> करने </W><W> वाली </W><W> रही। </W></AFTER_EFFECTS-ARG><W> मौसम </W><W> साफ </W><W> होने </W><W> से </W><W> खिली </W><W> धूप </W><W> ने </W><W> मौसम </W><W> को </W><W> सुहावना </W><W> बनाने </W><W> के </W><W> साथ </W><W> ठिठुरन </W><W> से </W><W> राहत </W><W> दिलाई। </W><W> मौसम </W><W> विभाग </W><W> के </W><W> अनुसार, </W><W> राज्य </W><W> के </W><W> कई </W><W> हिस्से </W><W> जहां </W><NATURAL_EVENT ID="16" TYPE="COLD_WAVE"><EVENT-COREF-LINK EVENT_ID="15" ID="87" TYPE_REL="EVENT_COREF"/><W> शीतलहर </W></NATURAL_EVENT><W> की </W><W> चपेट </W><W> में </W><W> है, </W><W> वहीं </W><W> पाला </W><W> भी </W><W> पड़ा </W><W> है। </W><W> राज्य </W><W> में </W><W> खजुराहो </W><W> और </W><W> बैतूल </W><W> सबसे </W><W> ठंडा </W><W> रहा, </W><W> जहां </W><W> तापमान </W><W> दो </W><W> डिग्री </W><W> सेल्सियस </W><W> दर्ज </W><W> किया </W><W> गया। </W></P></DOCUMENT>