<?xml version="1.0" encoding="UTF-8"?>
<DOCUMENT><DESC/><DESC/><DESC/><DESC/><DESC/><DESC/><DESC/><DESC/><DESC/><TIME>2272</TIME><P><NATURAL_EVENT ID="0" TYPE="COLD_WAVE"><W> शीत </W><W> लहर </W></NATURAL_EVENT><W> की </W><W> चपेट </W><W> में </W><W> पूरा </W><PLACE-ARG ID="1"><LINK EVENT_ARG="0" ID="4" TYPE_REL="EVENT_ARG"/><W> उत्तर </W><W> भारत </W></PLACE-ARG><W> शनिवार </W><W> तक </W><W> जारी </W><W> रहेगा </W><W> ठंड </W><W> और </W><W> कोहरा </W></P><P><W> पहाड़ों </W><W> में </W><W> बर्फबारी </W><W> के </W><W> कारण </W><W> पूरे </W><W> उत्तर </W><W> भारत </W><W> में </W><NATURAL_EVENT ID="2" TYPE="COLD_WAVE"><EVENT-COREF-LINK EVENT_ID="0" ID="7" TYPE_REL="EVENT_COREF"/><W> शीत </W><W> लहर </W></NATURAL_EVENT><W> का </W><W> प्रकोप </W><W> जारी </W><W> है। </W><W> कड़ाके </W><W> की </W><W> ठंड </W><W> और </W><W> कोहरे </W><W> के </W><W> कहर </W><W> से </W><W> जनजीवन </W><W> अस्तव्यस्त </W><W> रहा। </W><W> कोहरे </W><W> से </W><W> जल्द </W><W> राहत </W><W> के </W><W> आसार </W><W> नहीं </W><W> हैं। </W><W> मौसम </W><W> विभाग </W><W> ने </W><W> अगले </W><W> दो </W><W> दिनों </W><W> तक </W><W> पंजाब, </W><W> हरियाणा, </W><W> चंडीगढ़, </W><W> राजस्थान, </W><W> उत्तर </W><W> प्रदेश, </W><W> दिल्ली </W><W> में </W><W> शीत </W><W> लहर </W><W> चलने </W><W> की </W><W> संभावना </W><W> जताई </W><W> है। </W><W> दिल्ली </W><W> में </W><W> छह </W><W> उड़ानें </W><W> और </W><W> 21 </W><W> ट्रेनें </W><W> रद्द </W><W> करनी </W><W> पड़ीं। </W><W> यूपी </W><W> के </W><W> शामली </W><W> जिले </W><W> में </W><W> ठंड </W><W> से </W><CASUALTIES-ARG ID="5"><LINK EVENT_ARG="2" ID="6" TYPE_REL="EVENT_ARG"/><W> एक </W><W> व्यक्ति </W><W> की </W><W> मौत </W></CASUALTIES-ARG><W> की </W><W> भी </W><W> खबर </W><W> है। </W></P><P><W> कोहरे </W><W> के </W><W> कारण </W><W> दिल्ली-एनसीआर </W><W> में </W><W> कार </W><W> व </W><W> स्कूटर </W><W> चालकों </W><W> को </W><W> खासी </W><W> परेशानी </W><W> का </W><W> सामना </W><W> करना </W><W> पड़ </W><W> रहा </W><W> है। </W><W> वर्ष </W><W> 2013 </W><W> के </W><W> बाद </W><W> मंगलवार </W><W> को </W><W> सबसे </W><W> कम </W><W> अधिकतम </W><W> तापमान </W><W> 17.7 </W><W> डिग्री </W><W> सेल्सियस </W><W> दर्ज </W><W> किया </W><W> गया। </W><W> मौसम </W><W> विभाग </W><W> ने </W><W> बताया </W><W> है </W><W> कि </W><W> 6 </W><W> जनवरी </W><W> तक </W><W> कोहरा </W><W> और </W><W> ठंड </W><W> का </W><W> प्रकोप </W><W> जारी </W><W> रहेगा। </W><W> सुबह </W><W> 10 </W><W> बजे </W><W> तक </W><W> दिल्ली-एनसीआर </W><W> कोहरे </W><W> की </W><W> चादर </W><W> में </W><W> लिपटा </W><W> रहा। </W><W> उसके </W><W> बाद </W><W> हल्की </W><W> धूप </W><W> खिली, </W><W> लेकिन </W><W> दोपहर </W><W> बाद </W><W> फिर </W><W> कोहरा </W><W> छाने </W><W> लगा। </W><W> सुबह </W><W> 8:30 </W><W> बजे </W><W> दृश्यता </W><W> 300 </W><W> मीटर </W><W> रह </W><W> गई </W><W> थी। </W></P><P><W> दिल्ली-एनसीआर </W><W> के </W><W> अलावा </W><W> पंजाब </W><W> और </W><W> हरियाणा </W><W> में </W><W> भी </W><W> लोगों </W><W> को </W><W> मौसम </W><W> की </W><W> बेरुखी </W><W> का </W><W> सामना </W><W> करना </W><W> पड़ा। </W><W> कोहरे </W><W> के </W><W> कारण </W><W> दृश्यता </W><W> घटकर </W><W> 200 </W><W> मीटर </W><W> रह </W><W> गई। </W><W> पंजाब </W><W> में </W><W> बठिंडा </W><W> सबसे </W><W> ठंडा </W><W> रहा </W><W> जहां </W><W> का </W><W> तापमान </W><W> 2.7 </W><W> डिग्री </W><W> सेल्सियस </W><W> रहा। </W><W> जबकि </W><W> हरियाणा </W><W> का </W><W> सिरसा </W><W> सबसे </W><W> ठंडा </W><W> रहा, </W><W> जहां </W><W> का </W><W> तापमान </W><W> 4.8 </W><W> डिग्री </W><W> सेल्सियस </W><W> रहा। </W></P><P><W> उत्तर </W><W> प्रदेश </W><W> में </W><W> मुरादाबाद </W><W> सबसे </W><W> ठंडा </W><W> रहा, </W><W> जहां </W><W> का </W><W> न्यूनतम </W><W> तापमान </W><W> 5.7 </W><W> डिग्री </W><W> सेल्सियस </W><W> रहा। </W><W> राज्य </W><W> में </W><AFTER_EFFECTS-ARG ID="8"><LINK EVENT_ARG="0" ID="10" TYPE_REL="EVENT_ARG"/><W> कोहरे </W></AFTER_EFFECTS-ARG><W> का </W><W> प्रकोप </W><W> जारी </W><W> है। </W><AFTER_EFFECTS-ARG ID="9"><LINK EVENT_ARG="0" ID="11" TYPE_REL="EVENT_ARG"/><W> वाराणसी, </W><W> इलाहाबाद, </W><W> लखनऊ, </W><W> बरेली, </W><W> आगरा </W><W> और </W><W> मेरठ </W><W> में </W><W> दिन </W><W> के </W><W> तापमान </W><W> में </W><W> गिरावट </W></AFTER_EFFECTS-ARG><W> दर्ज </W><W> की </W><W> गई। </W><W> अगले </W><W> दो </W><W> दिनों </W><W> तक </W><W> यही </W><W> स्थिति </W><W> बने </W><W> रहने </W><W> की </W><W> संभावना </W><W> है। </W></P><P><W> लेह </W><W> में </W><W> तापमान </W><W> माइनस </W><W> 14.7 </W><W> डिग्री </W></P><P><W> लद्दाख </W><W> क्षेत्र </W><W> में </W><W> लेह </W><W> सबसे </W><W> ज्यादा </W><W> ठंडा </W><W> रहा </W><W> और </W><W> वहां </W><W> का </W><W> न्यूनतम </W><W> तापमान </W><W> मंगलवार </W><W> को </W><W> माइनस </W><W> 14.7 </W><W> डिग्री </W><W> सेल्सियस </W><W> दर्ज </W><W> किया </W><W> गया। </W><W> वहीं </W><W> स्कीइंग </W><W> के </W><W> लिए </W><W> मशहूर </W><W> गुलमर्ग </W><W> में </W><W> तापमान </W><W> माइनस </W><W> 6 </W><W> डिग्री </W><W> रहा। </W><W> उधर </W><W> हिमाचल </W><W> के </W><W> रोहतांग </W><W> में </W><W> 8 </W><W> सेंटीमीटर </W><W> बर्फबारी </W><W> हुई </W><W> है। </W><W> इसके </W><W> अलावा </W><W> पांगी, </W><W> कोकसर </W><W> और </W><W> भरमौर </W><W> में </W><W> ताजा </W><W> बर्फबारी </W><W> हुई </W><W> है। </W></P></DOCUMENT>