<?xml version="1.0" encoding="UTF-8"?>
<DOCUMENT><DESC/><DESC/><TIME>3404</TIME><P><W> 6 </W><W> किमी </W><W> की </W><W> गति </W><W> से </W><NATURAL_EVENT ID="0" TYPE="COLD_WAVE"><W> शीतलहर </W></NATURAL_EVENT><W> चली, </W><AFTER_EFFECTS-ARG ID="2"><LINK EVENT_ARG="0" ID="8" TYPE_REL="EVENT_ARG"/><W> रात </W><W> में </W><W> पारा </W><W> 50 </W><W> से </W><W> नीचे </W><W> आया। </W></AFTER_EFFECTS-ARG></P><P><W> 20 </W><W> से </W><W> 23 </W><W> जनवरी </W><W> तक </W><W> बरसात </W><W> के </W><W> आसार </W><W> । </W><W> कई </W><W> जिलों </W><W> में </W><W> रात </W><W> का </W><AFTER_EFFECTS-ARG ID="3"><LINK EVENT_ARG="1" ID="9" TYPE_REL="EVENT_ARG"/><W> तापमान </W><W> 5 </W><W> डिग्री </W><W> से </W><W> नीचे </W><W> आ </W><W> गया </W></AFTER_EFFECTS-ARG><W> । </W></P><P><PLACE-ARG ID="4"><LINK EVENT_ARG="1" ID="11" TYPE_REL="EVENT_ARG"/><W> पानीपत.जम्मू-कश्मीर </W><W> व </W><W> हिमाचल </W></PLACE-ARG><W> में </W><W> भारी </W><W> बर्फबारी </W><W> से </W><W> हरियाणा </W><W> में </W><W> फिर </W><W> से </W><W> ठंड </W><W> बढ़ </W><W> गई </W><W> है। </W><W> कई </W><AFTER_EFFECTS-ARG ID="5"><LINK EVENT_ARG="1" ID="10" TYPE_REL="EVENT_ARG"/><W> जिलों </W><W> में </W><W> रात </W><W> का </W><W> तापमान </W><W> 5 </W><W> डिग्री </W><W> से </W><W> नीचे </W><W> आ </W><W> गया। </W></AFTER_EFFECTS-ARG><AFTER_EFFECTS-ARG ID="6"><LINK EVENT_ARG="1" ID="12" TYPE_REL="EVENT_ARG"/><W> करनाल-हिसार </W><W> सहित </W><W> कुछ </W><W> क्षेत्रों </W><W> में </W><W> पाला </W><W> भी </W><W> जमा। </W></AFTER_EFFECTS-ARG><W> 16 </W><W> किमी </W><W> प्रति </W><W> घंटे </W><W> की </W><W> गति </W><W> से </W><NATURAL_EVENT ID="1" TYPE="COLD_WAVE"><EVENT-COREF-LINK EVENT_ID="0" ID="14" TYPE_REL="EVENT_COREF"/><W> शीतलहर </W></NATURAL_EVENT><W> चली। </W><W> दिन </W><W> में </W><AFTER_EFFECTS-ARG ID="7"><LINK EVENT_ARG="1" ID="13" TYPE_REL="EVENT_ARG"/><W> धूप </W><W> के </W><W> बावजूद </W><W> ठिठुरन </W><W> का </W><W> अहसास </W></AFTER_EFFECTS-ARG><W> हुआ। </W><W> चंडीगढ़ </W><W> के </W><W> निदेशक </W><W> डॉ. </W><W> सुरेंद्र </W><W> पाल </W><W> के </W><W> अनुसार </W><W> अगले </W><W> 48 </W><W> घंटे </W><W> ऐसा </W><W> ही </W><W> मौसम </W><W> रहने </W><W> का </W><W> अनुमान </W><W> है। </W><W> 16 </W><W> व </W><W> 17 </W><W> को </W><W> पश्चिम </W><W> विक्षोभ </W><W> से </W><W> कुछ </W><W> इलाकों </W><W> में </W><W> बूंदाबांदी </W><W> हो </W><W> सकती </W><W> है। </W><W> वहीं, </W><W> 20 </W><W> से </W><W> 23 </W><W> जनवरी </W><W> तक </W><W> कहीं-कहीं </W><W> अच्छी </W><W> बारिश </W><W> के </W><W> आसार </W><W> हैं। </W></P></DOCUMENT>