<?xml version="1.0" encoding="UTF-8"?>
<DOCUMENT><DESC/><TIME>1614</TIME><P><NATURAL_EVENT ID="1" TYPE="COLD_WAVE"><W> सर्द </W><W> हवाओं </W></NATURAL_EVENT><W> ने </W><W> जकड़ा </W><PLACE-ARG ID="2"><LINK EVENT_ARG="1" ID="12" TYPE_REL="EVENT_ARG"/><W> हिमाचल, </W></PLACE-ARG><AFTER_EFFECTS-ARG ID="5"><LINK EVENT_ARG="1" ID="13" TYPE_REL="EVENT_ARG"/><W> पहाड़ों </W><W> पर </W><W> बर्फबारी </W></AFTER_EFFECTS-ARG></P><P><NATURAL_EVENT ID="0" TYPE="COLD_WAVE"><W> सर्द </W><W> हवाओं </W></NATURAL_EVENT><W> ने </W><PLACE-ARG ID="3"><LINK EVENT_ARG="0" ID="14" TYPE_REL="EVENT_ARG"/><W> हिमाचल </W></PLACE-ARG><W> को </W><W> जकड़ </W><W> लिया </W><W> है। </W><W> वीरवार </W><W> को </W><W> प्रदेश </W><W> भर </W><W> में </W><AFTER_EFFECTS-ARG ID="7"><LINK EVENT_ARG="0" ID="15" TYPE_REL="EVENT_ARG"/><W> दिन </W><W> भर </W><W> शीतलहर </W><W> चली। </W></AFTER_EFFECTS-ARG><AFTER_EFFECTS-ARG ID="8"><LINK EVENT_ARG="0" ID="16" TYPE_REL="EVENT_ARG"/><W> पहाड़ों </W><W> पर </W><W> बर्फबारी </W><W> भी </W><W> रिकॉर्ड </W></AFTER_EFFECTS-ARG><W> की </W><W> गई। </W><W> शुक्रवार </W><W> को </W><W> भी </W><W> प्रदेश </W><W> में </W><W> मौसम </W><W> खराब </W><W> रहेगा। </W><W> हालांकि, </W><W> मौसम </W><W> विज्ञान </W><W> केंद्र </W><W> ने </W><W> किसी </W><W> भी </W><W> क्षेत्र </W><W> के </W><W> लिए </W><W> भारी </W><W> बारिश </W><W> और </W><W> बर्फबारी </W><W> की </W><W> चेतावनी </W><W> जारी </W><W> नहीं </W><W> की </W><W> है। </W><W> शनिवार </W><W> से </W><W> प्रदेश </W><W> में </W><W> मौसम </W><W> बदलेगा। </W><W> 13 </W><W> से </W><W> 15 </W><W> फरवरी </W><W> तक </W><W> प्रदेश </W><W> के </W><W> मैदानी </W><W> और </W><W> मध्य </W><W> पर्वतीय </W><W> क्षेत्रों </W><W> में </W><W> मौसम </W><W> शुष्क </W><W> रहेगा। </W><W> उच्च </W><W> पर्वतीय </W><W> क्षेत्रों </W><W> में </W><W> बर्फबारी </W><W> हो </W><W> सकती </W><W> है। </W><W> 16 </W><W> और </W><W> 17 </W><W> फरवरी </W><W> को </W><W> दोबारा </W><W> प्रदेश </W><W> में </W><W> मौसम </W><W> बिगड़ेगा। </W><W> वीरवार </W><W> को </W><W> कल्पा, </W><W> केलांग, </W><W> डलहौजी </W><W> और </W><W> मनाली </W><W> में </W><W> न्यूनतम </W><W> तापमान </W><W> माइनस </W><W> में </W><W> रिकॉर्ड </W><W> किया </W><W> गया। </W><W> प्रदेश </W><W> के </W><W> अधिकतम </W><W> तापमान </W><W> में </W><W> भी </W><W> कमी </W><W> दर्ज </W><W> की </W><W> गई। </W><W> वीरवार </W><W> को </W><W> शिमला </W><W> का </W><W> अधिकतम </W><W> तापमान </W><W> 10,4, </W><W> सुंदरनगर </W><W> में </W><W> 19.4, </W><W> धर्मशाला </W><W> में </W><W> 15.8, </W><W> ऊना </W><W> में </W><W> 22.8, </W><W> सोलन </W><W> में </W><W> 18.3 </W><W> और </W><W> नाहन </W><W> में </W><W> 16.4 </W><W> डिग्री </W><W> सेल्सियस </W><W> रिकॉर्ड </W><W> किया </W><W> गया। </W></P><P><PLACE-ARG ID="4"><LINK EVENT_ARG="0" ID="17" TYPE_REL="EVENT_ARG"/><W> चंबा </W></PLACE-ARG><W> में </W><W> वीरवार </W><W> को </W><W> बर्फबारी </W><W> हुई। </W><W> भरमौर, </W><W> डलहौजी, </W><W> खजियार, </W><W> चुराह </W><W> और </W><W> सलूणी </W><W> के </W><W> ऊपरी </W><W> इलाकों </W><W> में </W><W> हिमपात </W><W> हुआ </W><W> है। </W><W> शिमला </W><W> के </W><W> प्रसिद्ध </W><W> पर्यटन </W><W> स्थल </W><W> कुफरी </W><W> में </W><W> वीरवार </W><W> सुबह </W><W> बर्फबारी </W><W> हुई </W><W> जबकि </W><W> हिल्सक्वीन </W><W> शिमला </W><W> में </W><W> हल्के </W><W> फाहे </W><W> गिरे। </W><AFTER_EFFECTS-ARG ID="10"><LINK EVENT_ARG="0" ID="18" TYPE_REL="EVENT_ARG"/><W> कुफरी </W><W> के </W><W> अलावा </W><W> छराबड़ा, </W><W> फागू, </W><W> खड़ापत्थर </W><W> और </W><W> नारकंडा </W><W> में </W><W> भी </W><W> बर्फबारी </W></AFTER_EFFECTS-ARG><W> हुई। </W><W> राजधानी </W><W> शिमला </W><W> में </W><W> दोपहर </W><W> दो </W><W> बजे </W><W> के </W><W> बाद </W><W> मौसम </W><W> साफ </W><W> हो </W><W> गया </W><W> है </W><W> और </W><W> बीच-बीच </W><W> में </W><W> धूप </W><W> भी </W><W> खिली। </W><AFTER_EFFECTS-ARG ID="11"><LINK EVENT_ARG="0" ID="19" TYPE_REL="EVENT_ARG"/><W> मनाली </W><W> में </W><W> भी </W><W> बर्फ </W><W> के </W><W> फाहे </W><W> गिरे। </W></AFTER_EFFECTS-ARG><W> लाहौल </W><W> स्पीति </W><W> के </W><W> तिंदी </W><W> में </W><W> पांच </W><W> इंच, </W><W> उदयपुर </W><W> में </W><W> चार </W><W> इंच, </W><W> केलांग </W><W> में </W><W> सात </W><W> इंच, </W><W> कोकसर </W><W> में </W><W> दस </W><W> इंच </W><W> और </W><W> रोहतांग </W><W> में </W><W> एक </W><W> फुट </W><W> से </W><W> ज्यादा </W><W> ताजा </W><W> हिमपात </W><W> होने </W><W> की </W><W> सूचना </W><W> है। </W><W> किन्नौर </W><W> में </W><W> भी </W><W> सुबह </W><W> से </W><W> ही </W><W> जिले </W><W> के </W><AFTER_EFFECTS-ARG ID="9"><LINK EVENT_ARG="0" ID="20" TYPE_REL="EVENT_ARG"/><W> ऊंचाई </W><W> वाले </W><W> क्षेत्रों </W><W> में </W><W> रुक-रुक </W><W> कर </W><W> हिमपात </W></AFTER_EFFECTS-ARG><W> हुआ। </W><W> कन्नौर </W><W> और </W><W> रामपुर </W><W> में </W><W> कुछ </W><W> ग्रामीण </W><W> रूटों </W><W> पर </W><W> चौथे </W><W> दिन </W><W> भी </W><W> बसों </W><W> की </W><W> आवाजाही </W><W> बंद </W><W> रही। </W><W> ऊना </W><W> जिला </W><W> में </W><W> वीरवार </W><W> को </W><W> तेज </W><W> हवाएं </W><W> चलीं। </W><W> दोपहर </W><W> बाद </W><W> जिला </W><W> मुख्यालय </W><W> समेत </W><W> आसपास </W><W> के </W><W> इलाके </W><W> तेज </W><W> अंधड़ </W><W> और </W><W> धूल </W><W> भरी </W><W> हवाओं </W><W> की </W><W> चपेट </W><W> में </W><W> आए। </W><W> दोपहिया </W><W> वाहन </W><W> चालकों </W><W> को </W><W> दिक्कतों </W><W> का </W><W> सामना </W><W> करना </W><W> पड़ा। </W><W> सोलन </W><W> में </W><W> दिनभर </W><W> धूप </W><W> खिली </W><W> रही। </W><W> लोगों </W><W> ने </W><W> सर्द </W><W> मौसम </W><W> के </W><W> बीच </W><W> धूप </W><W> का </W><W> खूब </W><W> आनंद </W><W> उठाया। </W><W> जिला </W><W> बिलासपुर </W><W> में </W><W> हल्की </W><W> बूंदाबांदी </W><W> के </W><W> साथ </W><W> तेज </W><W> हवाएं </W><W> चली। </W></P></DOCUMENT>