<?xml version="1.0" encoding="UTF-8"?>
<DOCUMENT><DESC/><DESC/><DESC/><DESC/><TIME>4392</TIME><P><NATURAL_EVENT ID="0" TYPE="COLD_WAVE"><W> बर्फीली </W><W> हवाओं </W></NATURAL_EVENT><W> ने </W><AFTER_EFFECTS-ARG ID="10"><LINK EVENT_ARG="0" ID="28" TYPE_REL="EVENT_ARG"/><W> बिगाड़ा </W><W> मौसम </W><W> का </W><W> मिजाज, </W><W> ठिठुरने </W><W> लगे </W><W> लोग </W></AFTER_EFFECTS-ARG></P><P><TIME-ARG ID="11"><LINK EVENT_ARG="1" ID="29" TYPE_REL="EVENT_ARG"/><W> दो </W><W> दिनों </W></TIME-ARG><W> से </W><PLACE-ARG ID="12"><LINK EVENT_ARG="1" ID="30" TYPE_REL="EVENT_ARG"/><W> जिले </W></PLACE-ARG><W> में </W><W> चल </W><W> रही </W><NATURAL_EVENT ID="1" TYPE="COLD_WAVE"><EVENT-COREF-LINK EVENT_ID="0" ID="52" TYPE_REL="EVENT_COREF"/><W> बर्फीली </W><W> हवा </W></NATURAL_EVENT><W> ने </W><W> बढ़ाई </W><NATURAL_EVENT ID="15" TYPE="COLD_WAVE"><W> ठंड, </W></NATURAL_EVENT><NATURAL_EVENT ID="2" TYPE="COLD_WAVE"><EVENT-COREF-LINK EVENT_ID="1" ID="31" TYPE_REL="EVENT_COREF"/><W> बर्फीली </W><W> हवाओं </W></NATURAL_EVENT><W> के </W><W> कारण </W><AFTER_EFFECTS-ARG ID="13"><LINK EVENT_ARG="1" ID="33" TYPE_REL="EVENT_ARG"/><W> बेअसर </W><W> हो </W><W> रही </W><W> धूप </W></AFTER_EFFECTS-ARG></P><P><PLACE-ARG ID="16"><LINK EVENT_ARG="3" ID="34" TYPE_REL="EVENT_ARG"/><W> सिद्धार्थनगर. </W><W> जिले </W></PLACE-ARG><W> में </W><TIME-ARG ID="17"><LINK EVENT_ARG="3" ID="35" TYPE_REL="EVENT_ARG"/><W> दो </W><W> दिन </W></TIME-ARG><W> से </W><W> चल </W><W> रही </W><NATURAL_EVENT ID="3" TYPE="COLD_WAVE"><EVENT-COREF-LINK EVENT_ID="0" ID="51" TYPE_REL="EVENT_COREF"/><W> बर्फीली </W><W> हवाओं </W></NATURAL_EVENT><W> ने </W><AFTER_EFFECTS-ARG ID="18"><LINK EVENT_ARG="3" ID="36" TYPE_REL="EVENT_ARG"/><W> मौसम </W><W> का </W><W> मिजाज </W><W> बदल </W><W> दिया </W></AFTER_EFFECTS-ARG><W> है। </W><NATURAL_EVENT ID="4" TYPE="COLD_WAVE"><EVENT-COREF-LINK EVENT_ID="0" ID="53" TYPE_REL="EVENT_COREF"/><W> बर्फीली </W><W> हवाओं </W></NATURAL_EVENT><W> के </W><W> कारण </W><W> अचानक </W><W> तापमान </W><W> में </W><W> गिरावट </W><W> आ </W><W> जाने </W><W> से </W><AFTER_EFFECTS-ARG ID="19"><LINK EVENT_ARG="4" ID="37" TYPE_REL="EVENT_ARG"/><W> मौसम </W><W> ठंड </W><W> हो </W><W> गया </W><W> था </W><W> तथा </W><W> लोगों </W><W> में </W><W> ठिठुरन </W><W> बढ़ </W><W> गई </W></AFTER_EFFECTS-ARG><W> है। </W><W> हर </W><W> कोई </W><NATURAL_EVENT ID="5" TYPE="COLD_WAVE"><EVENT-COREF-LINK EVENT_ID="0" ID="50" TYPE_REL="EVENT_COREF"/><W> बर्फीली </W><W> हवाओं </W></NATURAL_EVENT><W> से </W><W> बचाव </W><W> के </W><W> उपाय </W><W> करते </W><W> हुए </W><W> देखा </W><W> जा </W><W> रहा </W><W> है </W><W> लेकिन </W><W> फिर </W><W> भी </W><W> उपाय </W><W> नाकाफी </W><W> साबित </W><W> हो </W><W> रहा </W><W> है। </W></P><P><NATURAL_EVENT ID="6" TYPE="COLD_WAVE"><EVENT-COREF-LINK EVENT_ID="0" ID="38" TYPE_REL="EVENT_COREF"/><W> बर्फीली </W><W> हवाओं </W></NATURAL_EVENT><W> के </W><W> कारण </W><W> बढ़ी </W><NATURAL_EVENT ID="8" TYPE="COLD_WAVE"><EVENT-COREF-LINK EVENT_ID="15" ID="48" TYPE_REL="EVENT_COREF"/><W> ठंड </W></NATURAL_EVENT><W> ने </W><W> अचानक </W><W> सब </W><W> कुछ </W><W> बदल </W><W> दिया </W><W> है। </W><W> कड़ी </W><W> धूप </W><W> होने </W><W> के </W><W> बाद </W><W> भी </W><NATURAL_EVENT ID="7" TYPE="COLD_WAVE"><EVENT-COREF-LINK EVENT_ID="0" ID="49" TYPE_REL="EVENT_COREF"/><W> बर्फीली </W><W> हवाओं </W></NATURAL_EVENT><W> के </W><W> आगे </W><AFTER_EFFECTS-ARG ID="21"><LINK EVENT_ARG="7" ID="39" TYPE_REL="EVENT_ARG"/><W> धूप </W><W> बेअसर </W><W> साबित </W></AFTER_EFFECTS-ARG><W> हो </W><W> रही </W><W> है। </W><TIME-ARG ID="22"><LINK EVENT_ARG="7" ID="41" TYPE_REL="EVENT_ARG"/><W> सोमवार </W></TIME-ARG><W> को </W><W> चली </W><W> तेज </W><W> हवा </W><W> ने </W><W> तो </W><W> ज्यादा </W><W> परेशान </W><W> नहीं </W><W> किया </W><W> लेकिन </W><TIME-ARG ID="23"><LINK EVENT_ARG="7" ID="42" TYPE_REL="EVENT_ARG"/><W> मंगलवार </W></TIME-ARG><W> को </W><W> मौसम </W><W> में </W><W> मिजाज </W><W> में </W><W> आई </W><W> नमीं </W><W> व </W><W> हल्की </W><W> हवाओं </W><W> ने </W><W> हर </W><W> किसी </W><W> की </W><W> मुश्किल </W><W> बढ़ा </W><W> दी </W><W> है। </W><W> जिसके </W><W> चलते </W><W> सभी </W><W> को </W><W> परेशानी </W><W> उठानी </W><W> पड़ </W><W> रही </W><W> है। </W><W> अचानक </W><W> मौसम </W><W> ठंड </W><W> होने </W><W> से </W><W> हर </W><W> कोई </W><W> गर्म </W><W> कपड़ों </W><W> में </W><W> नजर </W><W> आने </W><W> लगा। </W></P><P><W>   </W></P><P><W> सभी </W><NATURAL_EVENT ID="9" TYPE="COLD_WAVE"><EVENT-COREF-LINK EVENT_ID="15" ID="47" TYPE_REL="EVENT_COREF"/><W> ठंड </W></NATURAL_EVENT><W> से </W><W> बचाव </W><W> के </W><W> लिए </W><W> उपाय </W><W> करते </W><W> देखे </W><W> गए </W><W> फिर </W><W> भी </W><W> शरीर </W><W> के </W><W> अंदर </W><W> तक </W><W> घुस </W><W> जा </W><W> रही </W><W> हवा </W><W> के </W><W> कारण </W><W> बचाव </W><W> का </W><W> उपाय </W><W> नाकाफी </W><W> लग </W><W> रहा </W><W> है। </W><W> हर </W><W> कोई </W><W> सुबह </W><W> के </W><W> समय </W><W> निकल </W><W> रही </W><W> धूप </W><W> को </W><W> देखकर </W><W> हल्के </W><W> गर्म </W><W> कपड़ों </W><W> में </W><W> निकल </W><W> रहा </W><W> है </W><W> लेकिन </W><W> सड़क </W><W> पर </W><W> आते </W><W> ही </W><W> मौसम </W><W> का </W><W> ठंडा </W><W> मिजाज </W><W> देखकर </W><W> हर </W><W> कोई </W><W> ठिठुरने </W><W> लग </W><W> रहा </W><W> है। </W><W> धूप </W><W> से </W><W> थोड़ी </W><W> राहत </W><W> जरूरत </W><W> मिल </W><W> रही </W><W> है </W><W> लेकिन </W><W> लोगों </W><W> की </W><W> ठिठुरन </W><W> नहीं </W><W> जा </W><W> रही </W><W> है। </W></P><P><W>   </W></P><P><W> कृषि </W><W> के </W><W> जानकारों </W><W> की </W><W> माने </W><W> तो </W><W> खेती </W><W> के </W><W> लिए </W><W> हवा </W><W> काफी </W><W> खतरनाक </W><W> है। </W><W> इससे </W><W> खेतों </W><W> की </W><W> नमी </W><W> गायब </W><W> होने </W><W> के </W><W> साथ </W><W> ही </W><W> तिलहन </W><W> फसलों </W><W> के </W><W> लिए </W><W> भी </W><W> नुकसानदायक </W><W> साबित </W><W> होगा। </W><W> कई </W><W> जगहों </W><W> हुई </W><W> बर्फबारी </W><W> के </W><W> कारण </W><W> ही </W><W> मौसम </W><W> का </W><W> मिजाज </W><W> अचानक </W><W> ठंड </W><W> हो </W><W> गया </W><W> है। </W><W> जिससे </W><W> हर </W><W> किसी </W><W> को </W><W> परेशानी </W><W> उठानी </W><W> पड़ </W><W> रही </W><W> है। </W><W> पर्यावरण </W><W> के </W><W> जानकारों </W><W> की </W><W> माने </W><W> तो </W><W> इस </W><W> बार </W><W> मौसम </W><W> का </W><W> मिजाज </W><W> ज्यादा </W><W> ठंड </W><W> नहीं </W><W> रहेगा। </W><W> तराई </W><W> इलाका </W><W> होने </W><W> के </W><W> बाद </W><W> भी </W><W> ज्यादा </W><W> ठंड </W><W> नहीं </W><W> पडे़गी। </W></P></DOCUMENT>