<?xml version="1.0" encoding="UTF-8"?>
<DOCUMENT><DESC/><DESC/><DESC/><DESC/><DESC/><DESC/><DESC/><DESC/><TIME>4823</TIME><P><PLACE-ARG ID="2"><LINK EVENT_ARG="0" ID="12" TYPE_REL="EVENT_ARG"/><W> प्रदेश </W></PLACE-ARG><W> में </W><NATURAL_EVENT ID="0" TYPE="COLD_WAVE"><W> शीतलहर </W></NATURAL_EVENT><W> चलने </W><W> से </W><AFTER_EFFECTS-ARG ID="3"><LINK EVENT_ARG="0" ID="13" TYPE_REL="EVENT_ARG"/><W> बढ़ी </W><W> सर्दी, </W></AFTER_EFFECTS-ARG><AFTER_EFFECTS-ARG ID="4"><LINK EVENT_ARG="0" ID="14" TYPE_REL="EVENT_ARG"/><W> 6 </W><W> शहरों </W><W> का </W><W> तापमान </W><W> 5 </W><W> डिग्री </W><W> से </W><W> नीचे </W><W> पहुंचा </W></AFTER_EFFECTS-ARG><W> । </W></P><P><AFTER_EFFECTS-ARG ID="5"><LINK EVENT_ARG="0" ID="15" TYPE_REL="EVENT_ARG"/><W> माउंट </W><W> आबू </W><W> में </W><W> 3.0 </W><W> डिग्री </W><W> पारा </W><W> रिकॉर्ड </W><W> किया </W><W> गया </W></AFTER_EFFECTS-ARG><W> । </W></P><P><AFTER_EFFECTS-ARG ID="6"><LINK EVENT_ARG="0" ID="16" TYPE_REL="EVENT_ARG"/><W> जयपुर </W><W> के </W><W> आसपास </W><W> के </W><W> इलाकों </W><W> और </W><W> बीकानेर </W><W> में </W><W> भी </W><W> मावठ </W><W> हुई </W></AFTER_EFFECTS-ARG><W> । </W></P><P><W> जयपुर. </W><W> प्रदेश </W><W> में </W><NATURAL_EVENT ID="1" TYPE="COLD_WAVE"><EVENT-COREF-LINK EVENT_ID="0" ID="22" TYPE_REL="EVENT_COREF"/><W> शीतलहर </W></NATURAL_EVENT><W> चलने </W><W> से </W><AFTER_EFFECTS-ARG ID="7"><LINK EVENT_ARG="1" ID="17" TYPE_REL="EVENT_ARG"/><W> सर्दी </W><W> का </W><W> कहर </W><W> जारी </W></AFTER_EFFECTS-ARG><W> है। </W><W> जिसके </W><W> चलते </W><W> सोमवार </W><W> सुबह </W><W> कई </W><W> जगह </W><W> कोहरा </W><W> छाया </W><W> रहा। </W><W> कार </W><W> चालकों </W><W> को </W><W> परेशानी </W><W> का </W><W> सामना </W><W> करना </W><W> पड़ा। </W><W> वहीं </W><AFTER_EFFECTS-ARG ID="8"><LINK EVENT_ARG="1" ID="18" TYPE_REL="EVENT_ARG"/><W> माउंट </W><W> आबू </W><W> में </W><W> 3.0 </W><W> डिग्री </W><W> पारा </W><W> रिकॉर्ड </W><W> किया </W></AFTER_EFFECTS-ARG><W> गया। </W><AFTER_EFFECTS-ARG ID="9"><LINK EVENT_ARG="1" ID="19" TYPE_REL="EVENT_ARG"/><W> राजधानी </W><W> जयपुर </W><W> में </W><W> भी </W><W> पारे </W><W> में </W><W> भी </W><W> कमी </W></AFTER_EFFECTS-ARG><W> आई। </W><W> यहां </W><AFTER_EFFECTS-ARG ID="10"><LINK EVENT_ARG="1" ID="20" TYPE_REL="EVENT_ARG"/><W> तापमान </W><W> 8.9 </W><W> डिग्री </W><W> दर्ज </W></AFTER_EFFECTS-ARG><W> किया </W><W> गया। </W><W> इसके </W><W> साथ </W><W> 6 </W><W> शहरों </W><W> का </W><W> तापमान </W><W> 5 </W><W> डिग्री </W><W> के </W><W> नीचे </W><W> रिकॉर्ड </W><W> किया </W><W> गया </W><W> है। </W></P><P><W>   </W></P><P><W> जयपुर </W><W> के </W><W> आसपास </W><W> और </W><W> बीकानेर </W><W> में </W><W> हुई </W><W> मावठ । </W></P><P><W>   </W></P><P><W> अचानक </W><W> मौसम </W><W> पलटने </W><W> के </W><W> बाद </W><W> झुंझुनूं, </W><W> सीकर, </W><W> अलवर, </W><W> भरतपुर, </W><W> धौलपुर,चूरू, </W><W> श्रीगंगानगर </W><W> और </W><W> हनुमानगढ़ </W><W> में </W><W> मावठ </W><W> के </W><W> आसार </W><W> है। </W><W> श्रीगंगानगर </W><W> में </W><W> 0.9 </W><W> मिमी </W><W> व </W><W> पिलानी </W><W> में </W><W> 3.9 </W><W> मिमी </W><W> बारिश </W><W> हुई। </W><W> जयपुर </W><W> के </W><W> आसपास </W><W> के </W><W> इलाकों </W><W> और </W><W> बीकानेर </W><W> में </W><W> भी </W><W> मावठ </W><W> हुई। </W><W> हालांकि </W><W> मावठ </W><W> से </W><W> फसलों </W><W> को </W><W> फायदा </W><W> होगा </W><W> लेकिन </W><W> ओलावृष्टि </W><W> की </W><W> आशंका </W><W> ने </W><W> किसानों </W><W> को </W><W> चिंता </W><W> में </W><W> डाल </W><W> दिया </W><W> है।  </W></P><P><W>   </W></P><P><AFTER_EFFECTS-ARG ID="11"><LINK EVENT_ARG="1" ID="21" TYPE_REL="EVENT_ARG"/><W> जयपुर </W><W> में </W><W> बढ़ा </W><W> स्कूलों </W><W> का </W><W> टाइम </W></AFTER_EFFECTS-ARG><W> । </W></P><P><W>   </W></P><P><W> ठंड </W><W> के </W><W> चलते </W><W> जयपुर </W><W> कलेक्टर </W><W> जगरूप </W><W> सिंह </W><W> ने </W><W> सभी </W><W> सरकारी </W><W> और </W><W> गैर </W><W> सरकारी </W><W> स्कूलों </W><W> के </W><W> खुलने </W><W> का </W><W> समय </W><W> बढ़ा </W><W> दिया </W><W> है। </W><W> अग्रिम </W><W> आदेश </W><W> तक </W><W> अब </W><W> स्कूल </W><W> सुबह </W><W> 10 </W><W> बजे </W><W> से </W><W> पहले </W><W> नहीं </W><W> खुलेंगे। </W></P></DOCUMENT>