<?xml version="1.0" encoding="UTF-8"?>
<DOCUMENT><DESC/><DESC/><DESC/><DESC/><DESC/><DESC/><DESC/><TIME>4217</TIME><P><AFTER_EFFECTS-ARG ID="0"><LINK EVENT_ARG="4" ID="9" TYPE_REL="EVENT_ARG"/><W> राजस्थान </W><W> के </W><W> तीन </W><W> जिलों </W><W> में </W><W> पारा </W><W> माइनस </W><W> में, </W></AFTER_EFFECTS-ARG><W> कश्मीर </W><W> का </W><W> द्रास </W><W> सबसे </W><W> ठंडा </W><W> । </W></P><P><PLACE-ARG ID="5"><LINK EVENT_ARG="4" ID="10" TYPE_REL="EVENT_ARG"/><W> कश्मीर </W><W> और </W><W> हिमाचल </W></PLACE-ARG><W> में </W><W> बर्फबारी </W><W> से </W><W> उत्तर </W><W> भारत </W><W> के </W><W> मैदानी </W><W> इलाकों </W><W> में </W><W> भी </W><NATURAL_EVENT ID="4" TYPE="COLD_WAVE"><W> ठंड </W></NATURAL_EVENT><W> बढ़ </W><W> गई। </W><AFTER_EFFECTS-ARG ID="1"><LINK EVENT_ARG="4" ID="11" TYPE_REL="EVENT_ARG"/><W> राजस्थान </W><W> और </W><W> पंजाब </W><W> के </W><W> कई </W><W> शहरों </W><W> में </W><W> पारा </W><W> माइनस </W><W> में </W></AFTER_EFFECTS-ARG><W> है। </W><W> हरियाणा, </W><W> मध्यप्रदेश </W><W> में </W><NATURAL_EVENT ID="2" TYPE="COLD_WAVE"><EVENT-COREF-LINK EVENT_ID="4" ID="15" TYPE_REL="EVENT_COREF"/><W> शीतलहर </W></NATURAL_EVENT><W> जारी </W><W> है। </W></P><P><AFTER_EFFECTS-ARG ID="6"><LINK EVENT_ARG="2" ID="12" TYPE_REL="EVENT_ARG"/><W> सीकर </W><W> जिले </W><W> के </W><W> फतेहपुर </W><W> में </W><W> कई </W><W> जगह </W><W> बर्फ </W><W> जम </W><W> गई, </W></AFTER_EFFECTS-ARG><W> तो </W><AFTER_EFFECTS-ARG ID="7"><LINK EVENT_ARG="2" ID="13" TYPE_REL="EVENT_ARG"/><W> श्रीनगर </W><W> के </W><W> सीआरपीएफ </W><W> कैंप </W><W> में </W><W> नल </W><W> से </W><W> बह </W><W> रहा </W><W> पानी </W><W> भी </W><W> जम </W><W> गया। </W></AFTER_EFFECTS-ARG><AFTER_EFFECTS-ARG ID="8"><LINK EVENT_ARG="2" ID="14" TYPE_REL="EVENT_ARG"/><W> द्रास </W><W> में </W><W> न्यूनतम </W><W> तापमान </W><W> माइनस </W><W> 21 </W><W> डिग्री </W></AFTER_EFFECTS-ARG><W> रहा। </W></P></DOCUMENT>