<?xml version="1.0" encoding="UTF-8"?>
<DOCUMENT><DESC/><TIME>1018</TIME><P><REASON-ARG ID="8"><LINK EVENT_ARG="1" ID="10" TYPE_REL="EVENT_ARG"/><W> आपसी </W><W> मारपीट </W><W> ने </W><W> लिया </W><W> सांप्रदायिक </W><W> रंग, </W></REASON-ARG><W> फिर </W><W> जमकर </W><W> हुआ </W><MAN_MADE_EVENT ID="1" TYPE="RIOTS"><W> बवाल </W></MAN_MADE_EVENT></P><P><PLACE-ARG ID="3"><LINK EVENT_ARG="6" ID="11" TYPE_REL="EVENT_ARG"/><W> थाना </W><W> घिरोर </W><W> क्षेत्र </W><W> के </W><W> गांव </W><W> बलपुरा </W></PLACE-ARG><W> में </W><TIME-ARG ID="4"><LINK EVENT_ARG="6" ID="12" TYPE_REL="EVENT_ARG"/><W> देर </W><W> रात </W></TIME-ARG><PARTICIPANT-ARG ID="5"><LINK EVENT_ARG="6" ID="13" TYPE_REL="EVENT_ARG"/><W> दो </W><W> समुदायों </W></PARTICIPANT-ARG><W> के </W><W> बीच </W><MAN_MADE_EVENT ID="6" TYPE="RIOTS"><EVENT-COREF-LINK EVENT_ID="1" ID="9" TYPE_REL="EVENT_COREF"/><W> टकराव </W></MAN_MADE_EVENT><W> हो </W><W> गया। </W><PARTICIPANT-ARG ID="14"><LINK EVENT_ARG="15" ID="20" TYPE_REL="EVENT_ARG"/><W> दोनों </W><W> पक्ष </W><W> के </W><W> लोगों </W></PARTICIPANT-ARG><W> ने </W><W> एक </W><W> दूसरे </W><W> पर </W><MAN_MADE_EVENT ID="15" TYPE="RIOTS"><EVENT-COREF-LINK EVENT_ID="1" ID="25" TYPE_REL="EVENT_COREF"/><W> फायरिंग </W><W> और </W><W> पथराव </W></MAN_MADE_EVENT><W> कर </W><W> दिया। </W><W> इसमें </W><CASUALTIES-ARG ID="16"><LINK EVENT_ARG="15" ID="21" TYPE_REL="EVENT_ARG"/><W> एक </W><W> पक्ष </W><W> की </W><W> दो </W><W> महिलाओं </W><W> समेत </W><W> तीन </W><W> लोग </W><W> घायल </W></CASUALTIES-ARG><W> हो </W><W> गए। </W><W> विवाद </W><W> की </W><W> वजह </W><REASON-ARG ID="17"><LINK EVENT_ARG="15" ID="22" TYPE_REL="EVENT_ARG"/><W> दो </W><W> दिन </W><W> पूर्व </W><W> उर्स </W><W> के </W><W> दौरान </W><W> दो </W><W> पक्षों </W><W> के </W><W> बीच </W><W> मारपीट </W><W> होना </W></REASON-ARG><W> बताया </W><W> जा </W><W> रहा </W><W> है। </W><PLACE-ARG ID="19"><LINK EVENT_ARG="15" ID="23" TYPE_REL="EVENT_ARG"/><W> गांव </W></PLACE-ARG><W> में </W><AFTER_EFFECTS-ARG ID="18"><LINK EVENT_ARG="15" ID="24" TYPE_REL="EVENT_ARG"/><W> बड़ी </W><W> संख्या </W><W> में </W><W> पुलिसकर्मी </W><W> तैनात </W><W> कर </W><W> दिए </W><W> गए </W><W> हैं। </W></AFTER_EFFECTS-ARG></P><P><PLACE-ARG ID="26"><LINK EVENT_ARG="47" ID="49" TYPE_REL="EVENT_ARG"/><W> थाना </W><W> क्षेत्र </W><W> के </W><W> गांव </W><W> बलपुरा </W></PLACE-ARG><W> में </W><TIME-ARG ID="27"><LINK EVENT_ARG="47" ID="50" TYPE_REL="EVENT_ARG"/><W> दो </W><W> दिन </W><W> पूर्व </W></TIME-ARG><REASON-ARG ID="46"><LINK EVENT_ARG="47" ID="51" TYPE_REL="EVENT_ARG"/><W> उर्स </W><W> के </W><W> दौरान </W><W> ही </W><W> गांव </W><W> के </W><W> अलग-अलग </W><W> संप्रदाय </W><W> के </W><W> दो </W><W> युवकों </W><W> के </W><W> बीच </W><W> विवाद </W></REASON-ARG><W> हो </W><W> गया। </W><MAN_MADE_EVENT ID="47" TYPE="RIOTS"><EVENT-COREF-LINK EVENT_ID="1" ID="48" TYPE_REL="EVENT_COREF"/><W> जमकर </W><W> मारपीट </W><W> हुई </W></MAN_MADE_EVENT><W> थी। </W><W> गांव </W><W> वालों </W><W> ने </W><W> दोनों </W><W> पक्षों </W><W> को </W><W> समझाकर </W><W> विवाद </W><W> शांत </W><W> करा </W><W> दिया </W><W> था। </W><TIME-ARG ID="29"><LINK EVENT_ARG="47" ID="52" TYPE_REL="EVENT_ARG"/><W> शुक्रवार </W><W> की </W><W> शाम </W></TIME-ARG><W> को </W><W> भी </W><REASON-ARG ID="30"><LINK EVENT_ARG="47" ID="53" TYPE_REL="EVENT_ARG"/><W> इन </W><W> दो </W><W> युवकों </W><W> में </W><W> से </W><W> एक </W><W> ने </W><W> अपने </W><W> साथियों </W><W> के </W><W> साथ </W><W> मिलकर </W><W> दूसरे </W><W> युवक </W><W> की </W><W> पिटाई </W><W> कर </W><W> दी </W><W> थी।  </W></REASON-ARG></P><P><W> इसके </W><W> बाद </W><W> से </W><W> ही </W><PLACE-ARG ID="31"><LINK EVENT_ARG="32" ID="55" TYPE_REL="EVENT_ARG"/><W> गांव </W></PLACE-ARG><W> में </W><MAN_MADE_EVENT ID="32" TYPE="RIOTS"><EVENT-COREF-LINK EVENT_ID="1" ID="54" TYPE_REL="EVENT_COREF"/><W> तनाव </W><W> पैदा </W><W> हो </W><W> गया </W></MAN_MADE_EVENT><W> था। </W><REASON-ARG ID="33"><LINK EVENT_ARG="32" ID="56" TYPE_REL="EVENT_ARG"/><W> पिटाई </W><W> करने </W><W> वाला </W><W> युवक </W><W> शनिवार </W><W> शाम </W><W> को </W><W> दूसरे </W><W> समुदाय </W><W> के </W><W> युवक </W><W> और </W><W> उसके </W><W> साथियों </W><W> को </W><W> अकेला </W><W> मिल </W><W> गया। </W><W> इस </W><W> पर </W><W> उसकी </W><W> जमकर </W><W> पिटाई </W><W> कर </W><W> दी </W><W> गई। </W><W> इससे </W><W> वह </W><W> गंभीर </W><W> रूप </W><W> से </W><W> घायल </W><W> हो </W><W> गया। </W></REASON-ARG><W> इसकी </W><W> जानकारी </W><W> मिलते </W><W> ही </W><AFTER_EFFECTS-ARG ID="34"><LINK EVENT_ARG="35" ID="57" TYPE_REL="EVENT_ARG"/><W> दोनों </W><W> पक्षों </W><W> के </W><W> लोग </W><W> बड़ी </W><W> संख्या </W><W> में </W><W> एकत्रित </W><W> हो </W><W> गए। </W></AFTER_EFFECTS-ARG><W> दोनो </W><W> ओर </W><W> से </W><MAN_MADE_EVENT ID="35" TYPE="RIOTS"><EVENT-COREF-LINK EVENT_ID="1" ID="36" TYPE_REL="EVENT_COREF"/><W> फायरिंग </W><W> हुई </W><W> और </W><W> पथराव </W></MAN_MADE_EVENT><W> भी </W><W> हुआ।  </W></P><P><MAN_MADE_EVENT ID="37" TYPE="RIOTS"><EVENT-COREF-LINK EVENT_ID="1" ID="45" TYPE_REL="EVENT_COREF"/><W> फायरिंग </W><W> और </W><W> पथराव </W></MAN_MADE_EVENT><W> में </W><TIME-ARG ID="38"><LINK EVENT_ARG="37" ID="58" TYPE_REL="EVENT_ARG"/><W> शनिवार </W></TIME-ARG><W> को </W><CASUALTIES-ARG ID="39"><LINK EVENT_ARG="37" ID="59" TYPE_REL="EVENT_ARG"/><W> पीटा </W><W> गया </W><W> युवक </W><W> और </W><W> उसके </W><W> परिवार </W><W> की </W><W> दो </W><W> महिलाएं </W><W> गंभीर </W><W> रूप </W><W> से </W><W> घायल </W></CASUALTIES-ARG><W> हो </W><W> गईं। </W><CASUALTIES-ARG ID="40"><LINK EVENT_ARG="37" ID="60" TYPE_REL="EVENT_ARG"/><W> दूसरे </W><W> पक्ष </W><W> से </W><W> कुछ </W><W> लोगों </W><W> के </W><W> भी </W><W> घायल </W></CASUALTIES-ARG><W> होने </W><W> की </W><W> सूचना </W><W> है। </W><W> एएसपी </W><W> ओपी </W><W> सिंह </W><W> ने </W><W> बताया </W><W> कि </W><REASON-ARG ID="42"><LINK EVENT_ARG="41" ID="61" TYPE_REL="EVENT_ARG"/><W> दो </W><W> समुदायों </W><W> में </W><W> विवाद </W><W> को </W></REASON-ARG><W> बाद </W><W> गांव </W><W> में </W><MAN_MADE_EVENT ID="41" TYPE="SHOOT_OUT"><EVENT-COREF-LINK EVENT_ID="1" ID="44" TYPE_REL="EVENT_COREF"/><W> फायरिंग </W></MAN_MADE_EVENT><W> हुई </W><W> थी। </W><W> इसके </W><W> बाद </W><AFTER_EFFECTS-ARG ID="43"><LINK EVENT_ARG="41" ID="62" TYPE_REL="EVENT_ARG"/><W> एक </W><W> व्यक्ति </W><W> को </W><W> हिरासत </W><W> में </W><W> ले </W><W> लिया </W><W> है।  </W></AFTER_EFFECTS-ARG></P></DOCUMENT>