<?xml version="1.0" encoding="UTF-8"?>
<DOCUMENT><DESC/><TIME>1195</TIME><P><PLACE-ARG ID="0"><LINK EVENT_ARG="12" ID="30" TYPE_REL="EVENT_ARG"/><W> आजमगढ़ः </W></PLACE-ARG><W> इस </W><REASON-ARG ID="5"><LINK EVENT_ARG="12" ID="31" TYPE_REL="EVENT_ARG"/><W> छोटी </W><W> सी </W><W> बात </W></REASON-ARG><W> पर </W><PARTICIPANT-ARG ID="24"><LINK EVENT_ARG="12" ID="32" TYPE_REL="EVENT_ARG"/><W> दो </W><W> समुदायों </W><W> के </W><W> लोग </W></PARTICIPANT-ARG><MAN_MADE_EVENT ID="12" TYPE="RIOTS"><W> भिड़े, </W></MAN_MADE_EVENT><W> मारपीट </W><W> में </W><CASUALTIES-ARG ID="18"><LINK EVENT_ARG="12" ID="33" TYPE_REL="EVENT_ARG"/><W> छह </W><W> घायल </W></CASUALTIES-ARG></P><P><PLACE-ARG ID="1"><LINK EVENT_ARG="13" ID="34" TYPE_REL="EVENT_ARG"/><W> यूपी </W><W> का </W><W> आजमगढ़ </W><W> जिला </W></PLACE-ARG><TIME-ARG ID="10"><LINK EVENT_ARG="13" ID="35" TYPE_REL="EVENT_ARG"/><W> रविवार </W></TIME-ARG><W> को </W><W> सुलगने </W><W> से </W><W> बच </W><W> गया। </W><W> यहां </W><W> के </W><PLACE-ARG ID="2"><LINK EVENT_ARG="13" ID="36" TYPE_REL="EVENT_ARG"/><W> एक </W><W> गांव </W></PLACE-ARG><W> में </W><REASON-ARG ID="6"><LINK EVENT_ARG="13" ID="37" TYPE_REL="EVENT_ARG"/><W> समुदाय </W><W> विशेष </W><W> द्वारा </W><W> आयोजित </W><W> कार्यक्रम </W><W> में </W><W> दूसरे </W><W> समुदाय </W><W> के </W><W> दो </W><W> युवक </W><W> पहुंच </W><W> गए </W></REASON-ARG><W> तो </W><MAN_MADE_EVENT ID="13" TYPE="RIOTS"><EVENT-COREF-LINK EVENT_ID="12" ID="20" TYPE_REL="EVENT_COREF"/><W> बखेड़ा </W><W> खड़ा </W><W> हो </W><W> गया। </W></MAN_MADE_EVENT><W> कहासुनी </W><W> के </W><W> बाद </W><W> मामला </W><MAN_MADE_EVENT ID="14" TYPE="RIOTS"><EVENT-COREF-LINK EVENT_ID="12" ID="25" TYPE_REL="EVENT_COREF"/><W> मारपीट </W></MAN_MADE_EVENT><W> तक </W><W> जा </W><W> पहुंचा। </W></P><P><MAN_MADE_EVENT ID="15" TYPE="RIOTS"><EVENT-COREF-LINK EVENT_ID="12" ID="22" TYPE_REL="EVENT_COREF"/><W> घटना </W></MAN_MADE_EVENT><W> में </W><CASUALTIES-ARG ID="19"><LINK EVENT_ARG="15" ID="38" TYPE_REL="EVENT_ARG"/><W> छह </W><W> लोग </W><W> घायल </W></CASUALTIES-ARG><W> हो </W><W> गए </W><W> जिनका </W><W> इलाज </W><W> स्थानीय </W><W> अस्पताल </W><W> में </W><W> चल </W><W> रहा </W><W> है। </W><PARTICIPANT-ARG ID="9"><LINK EVENT_ARG="15" ID="39" TYPE_REL="EVENT_ARG"/><W> एक </W><W> पक्ष </W></PARTICIPANT-ARG><W> की </W><W> तहरीर </W><W> पर </W><AFTER_EFFECTS-ARG ID="41"><LINK EVENT_ARG="15" ID="42" TYPE_REL="EVENT_ARG"/><W> आठ </W><W> नामजद </W><W> और </W><W> आठ </W><W> अज्ञात </W><W> के </W><W> खिलाफ </W><W> रिपोर्ट </W><W> दर्ज </W><W> कर </W><W> ली </W><W> गई </W></AFTER_EFFECTS-ARG><W> है। </W><MAN_MADE_EVENT ID="16" TYPE="RIOTS"><EVENT-COREF-LINK EVENT_ID="12" ID="26" TYPE_REL="EVENT_COREF"/><W> तनाव </W></MAN_MADE_EVENT><W> के </W><W> मद्देनजर </W><AFTER_EFFECTS-ARG ID="43"><LINK EVENT_ARG="16" ID="44" TYPE_REL="EVENT_ARG"/><W> गांव </W><W> में </W><W> फोर्स </W><W> तैनात </W><W> कर </W><W> दी </W><W> गई। </W></AFTER_EFFECTS-ARG><W> पुलिस </W><W> आरोपियों </W><W> के </W><W> खिलाफ </W><W> गैगस्टर </W><W> की </W><W> कार्रवाई </W><W> की </W><W> तैयारी </W><W> में </W><W> है। </W><MAN_MADE_EVENT ID="28" TYPE="RIOTS"><EVENT-COREF-LINK EVENT_ID="12" ID="29" TYPE_REL="EVENT_COREF"/><W> मामला </W></MAN_MADE_EVENT><PLACE-ARG ID="11"><LINK EVENT_ARG="28" ID="40" TYPE_REL="EVENT_ARG"/><W> आजमगढ़ </W><W> के </W><W> सगड़ी </W><W> गांव </W></PLACE-ARG><W> का </W><W> है।  </W></P><P><PLACE-ARG ID="3"><LINK EVENT_ARG="28" ID="45" TYPE_REL="EVENT_ARG"/><W>  गांव </W><W> में </W><W> देवी </W><W> स्थान </W></PLACE-ARG><W> पर </W><W> चौहान </W><W> शिक्षा </W><W> समिति </W><W> की </W><W> ओर </W><W> से </W><W> शिक्षा </W><W> संबंधी </W><W> सामाजिक </W><W> जागरूकता </W><W> कार्यक्रम </W><W> चल </W><W> रहा </W><W> था। </W><W> कार्यक्रम </W><W> बिरादरी </W><W> विशेष </W><W> का </W><W> था। </W><W> इसमें </W><PLACE-ARG ID="4"><LINK EVENT_ARG="28" ID="46" TYPE_REL="EVENT_ARG"/><W> गाजीपुर, </W><W> आजमगढ़ </W><W> और </W><W> मऊ </W></PLACE-ARG><W> के </W><W> लोग </W><W> भी </W><W> आमंत्रित </W><W> थे। </W><REASON-ARG ID="7"><LINK EVENT_ARG="28" ID="47" TYPE_REL="EVENT_ARG"/><W> कार्यक्रम </W><W> में </W><W> दूसरे </W><W> समुदाय </W><W> के </W><W> दो </W><W> युवा </W><W> भी </W><W> आ </W><W> गए </W><W> जिन्हें </W><W>  वापस </W><W> कर </W><W> दिया </W><W> गया।  </W></REASON-ARG></P><P><W> इससे </W><W> नाराज </W><W> होकर </W><W> उन्होंने </W><W> अपने </W><W> पक्ष </W><W> के </W><W> लोगों </W><W> को </W><W> बुला </W><W> लिया </W><W> और </W><W> मना </W><W> करने </W><W> वाले </W><W> संजय </W><W> की </W><W> पिटाई </W><W> कर </W><W> दी। </W><W> समिति </W><W> के </W><W> लोग </W><W> संजय </W><W> को </W><W> बचाने </W><W> पहुंचे </W><W> तो </W><W> उनके </W><W> साथ </W><W> भी </W><W> मारपीट </W><W> की। </W><W> सूचना </W><W> पर </W><W> यूपी </W><W> 100 </W><W> पुलिस </W><W> पहुंची </W><W> तो </W><W> आरोपी </W><W> फरार </W><W> हो </W><W> गए। </W></P><P><AFTER_EFFECTS-ARG ID="48"><LINK EVENT_ARG="50" ID="52" TYPE_REL="EVENT_ARG"/><W> मारपीट </W><W> में </W><W> घायल </W><W> राजपति </W><W> चौहान, </W><W> रामदरश </W><W> चौहान, </W><W> सतेंद्र, </W><W> कांति </W><W> देवी, </W><W> नंदकिशोर, </W><W> रामनरायन </W><W> का </W><W> पीएचसी </W><W> अजमतगढ़ </W><W> में </W><W> इलाज </W><W> कराया </W><W> गया। </W></AFTER_EFFECTS-ARG><MAN_MADE_EVENT ID="50" TYPE="RIOTS"><EVENT-COREF-LINK EVENT_ID="12" ID="51" TYPE_REL="EVENT_COREF"/><W> तनाव </W></MAN_MADE_EVENT><W> के </W><W> देखते </W><W> हुए </W><AFTER_EFFECTS-ARG ID="49"><LINK EVENT_ARG="50" ID="53" TYPE_REL="EVENT_ARG"/><W> गांव </W><W> में </W><W> पुलिस </W><W> तैनात </W><W> कर </W><W> दी </W><W> गई </W><W> है। </W></AFTER_EFFECTS-ARG></P><P><AFTER_EFFECTS-ARG ID="54"><LINK EVENT_ARG="50" ID="56" TYPE_REL="EVENT_ARG"/><W> पुलिस </W><W> ने </W><W> राजपति </W><W> चौहान </W><W> की </W><W> तहरीर </W><W> पर </W><W> मतलूब, </W><W> आदिल, </W><W> सैफ, </W><W> फहद, </W><W> मुदस्सिर, </W><W> आमिर, </W><W> अबरार </W><W> और </W><W> आलम </W><W> और </W><W> आठ </W><W> अज्ञात </W><W> के </W><W> खिलाफ </W><W> रिपोर्ट </W><W> दर्ज </W><W> कर </W><W> ली। </W><W>   </W></AFTER_EFFECTS-ARG></P><P><W> एसपी </W><W> ग्रामीण </W><W> नरेंद्र </W><W> प्रताप </W><W> सिंह </W><W> ने </W><W> बताया </W><W> कि </W><AFTER_EFFECTS-ARG ID="55"><LINK EVENT_ARG="17" ID="57" TYPE_REL="EVENT_ARG"/><W> आरोपियों </W><W> पर </W><W> रिपोर्ट </W><W> दर्ज </W><W> कर </W><W> ली </W><W> गई </W><W> है। </W></AFTER_EFFECTS-ARG><MAN_MADE_EVENT ID="17" TYPE="RIOTS"><EVENT-COREF-LINK EVENT_ID="12" ID="27" TYPE_REL="EVENT_COREF"/><W> मामला </W></MAN_MADE_EVENT><W> गंभीर </W><W> है। </W><W> दोषियों </W><W> की </W><W> गिरफ्तारी </W><W> के </W><W> लिए </W><W> दबिश </W><W> दी </W><W> जा </W><W> रही </W><W> है। </W><W> उनके </W><W> खिलाफ </W><W> गैंगस्टर </W><W> की </W><W> कार्रवाई </W><W> की </W><W> जाएगी।  </W></P></DOCUMENT>