<?xml version="1.0" encoding="UTF-8"?>
<DOCUMENT><DESC/><DESC/><DESC/><DESC/><DESC/><DESC/><DESC/><TIME>1572</TIME><P><PLACE-ARG ID="0"><LINK EVENT_ARG="3" ID="9" TYPE_REL="EVENT_ARG"/><W> बिहार </W></PLACE-ARG><W> में </W><NATURAL_EVENT ID="3" TYPE="COLD_WAVE"><W> शीतलहर </W></NATURAL_EVENT><W> के </W><W> हालात, </W><AFTER_EFFECTS-ARG ID="4"><LINK EVENT_ARG="3" ID="10" TYPE_REL="EVENT_ARG"/><W> 2 </W><W> साल </W><W> बाद </W><W> 6 </W><W> डिग्री </W><W> पर </W><W> पहुंचा </W><W> राजधानी </W><W> का </W><W> न्यूनतम </W><W> पारा </W></AFTER_EFFECTS-ARG><W> । </W></P><P><AFTER_EFFECTS-ARG ID="6"><LINK EVENT_ARG="3" ID="11" TYPE_REL="EVENT_ARG"/><W> सामान्य </W><W> से </W><W> 3 </W><W> डिग्री </W><W> गिरा </W><W> पटना </W><W> का </W><W> पारा, </W></AFTER_EFFECTS-ARG><AFTER_EFFECTS-ARG ID="5"><LINK EVENT_ARG="3" ID="12" TYPE_REL="EVENT_ARG"/><W> गया </W><W> का </W><W> 4 </W><W> साल </W><W> पुराना </W><W> रिकॉर्ड </W><W> टूटा </W></AFTER_EFFECTS-ARG><W> । </W></P><P><W> पटना </W><W> .  </W><TIME-ARG ID="2"><LINK EVENT_ARG="3" ID="13" TYPE_REL="EVENT_ARG"/><W> दिसंबर </W><W> के </W><W> अंतिम </W><W> सप्ताह </W></TIME-ARG><W> में </W><PLACE-ARG ID="1"><LINK EVENT_ARG="3" ID="14" TYPE_REL="EVENT_ARG"/><W> बिहार </W></PLACE-ARG><W> में </W><NATURAL_EVENT ID="17" TYPE="COLD_WAVE"><EVENT-COREF-LINK EVENT_ID="3" ID="18" TYPE_REL="EVENT_COREF"/><W> कड़ाके </W><W> की </W><W> ठंड </W></NATURAL_EVENT><W> पड़ </W><W> रही </W><W> है। </W><AFTER_EFFECTS-ARG ID="8"><LINK EVENT_ARG="3" ID="16" TYPE_REL="EVENT_ARG"/><W> पटना </W><W> का </W><W> न्यूनतम </W><W> तापमान </W><W> दो </W><W> वर्ष </W><W> बाद </W><W> शुक्रवार </W><W> को </W><W> सामान्य </W><W> से </W><W> तीन </W><W> डिग्री </W><W> नीचे </W><W> गिरकर </W><W> 6.3 </W><W> डिग्री </W><W> सेल्सियस </W><W> पर </W><W> पहुंच </W><W> गया। </W></AFTER_EFFECTS-ARG><W> इससे </W><W> पहले </W><W> 2015 </W><W> में </W><W> पटना </W><W> का </W><W> रात </W><W> का </W><W> तापमान </W><W> 6 </W><W> डिग्री </W><W> पर </W><W> पहुंचा </W><W> था </W><W> जबकि </W><W> 2016 </W><W> और </W><W> 2017 </W><W> में </W><W> न्यूनतम </W><W> पारा </W><W> 8.7 </W><W> था। </W><W> वहीं </W><W> गया </W><W> का </W><W> चार </W><W> वर्ष </W><W> पुराना </W><W> रिकॉर्ड </W><W> टूट </W><W> गया </W><W> है। </W><W> यहां </W><W> रात </W><W> का </W><W> पारा </W><W> सामान्य </W><W> से </W><W> पांच </W><W> डिग्री </W><W> नीचे </W><W> गिरकर </W><W> 3.4 </W><W> डिग्री </W><W> सेल्सियस </W><W> पर </W><W> पहुंच </W><W> गया </W><W> है। </W><W> 2014 </W><W> में </W><W> न्यूनतम </W><W> पारा </W><W> 2.6 </W><W> डिग्री </W><W> रिकॉर्ड </W><W> हुआ </W><W> था। </W><W> 2015 </W><W> में </W><W> 4.7, </W><W> 2016 </W><W> में </W><W> 8.3 </W><W> और </W><W> 2017 </W><W> में </W><W> 6.7 </W><W> था।  </W></P><P><W>   </W></P><P><W> जनवरी </W><W> के </W><W> पहले </W><W> हफ्ते </W><W> में </W><W> कड़ाके </W><W> की </W><W> ठंड </W><W> के </W><W> आसार </W><W> । </W></P><P><W>   </W></P><P><W> मौसम </W><W> विभाग </W><W> ने </W><W> कहा </W><W> है </W><W> कि </W><W> जनवरी </W><W> के </W><W> पहले </W><W> हफ्ते </W><W> में </W><W> बिहार </W><W> में </W><W> भीषण </W><W> ठंड </W><W> पड़ने </W><W> के </W><W> आसार </W><W> हैं। </W><W> पश्चिमी </W><W> विक्षोभ </W><W> के </W><W> चलते </W><W> जम्मू-कश्मीर </W><W> से </W><W> लेकर </W><W> सभी </W><W> पड़ोसी </W><W> राज्यों </W><W> में </W><W> शीतलहर </W><W> के </W><W> बाद </W><W> पाला </W><W> का </W><W> अलर्ट </W><W> है। </W><W> बिहार </W><W> के </W><W> पड़ोसी </W><W> राज्य </W><W> यूपी </W><W> और </W><W> झारखंड </W><W> में </W><W> शीतलहर </W><W> चल </W><W> रही </W><W> है। </W><W> बिहार </W><W> के </W><W> दक्षिणी </W><W> से </W><W> पूर्वी </W><W> इलाकों </W><W> में </W><W> भी </W><W> शीतलहर </W><W> का </W><W> प्रकोप </W><W> जारी </W><W> है।  </W></P><P><W>   </W></P><P><W> दिन </W><W> में </W><W> धुंध </W><W> और </W><W> रात </W><W> में </W><W> कंपकपी </W><W> । </W></P><P><W>   </W></P><P><W> बिहार </W><W> में </W><W> दिन </W><W> में </W><W> धुंध </W><W> और </W><W> रात </W><W> में </W><W> कंपकपी </W><W> जैसे </W><W> हालात </W><W> बन </W><W> रहे </W><W> हैं। </W><W> पिछले </W><W> तीन-चार </W><W> दिनों </W><W> से </W><W> रात </W><W> का </W><W> तापमान </W><W> लगातार </W><W> सामान्य </W><W> से </W><W> तीन </W><W> से </W><W> पांच </W><W> डिग्री </W><W> सेल्सियस </W><W> नीचे </W><W> बना </W><W> हुआ </W><W> है। </W><W> पश्चिमी </W><W> विक्षोभ </W><W> के </W><W> कारण </W><W> कश्मीर </W><W> में </W><W> तापमान </W><W> माइनस </W><W> में </W><W> चल </W><W> रहा </W><W> है। </W><W> यहीं </W><W> से </W><W> यूपी </W><W> और </W><W> नेपाल </W><W> के </W><W> रास्ते </W><W> बिहार </W><W> आ </W><W> रही </W><W> ठंडी </W><W> हवा </W><W> ठिठुरन </W><W> बढ़ा </W><W> रही </W><W> है। </W></P></DOCUMENT>