<?xml version="1.0" encoding="UTF-8"?>
<DOCUMENT><DESC/><DESC/><TIME>1344</TIME><P><PLACE-ARG ID="0"><LINK EVENT_ARG="48" ID="58" TYPE_REL="EVENT_ARG"/><W> क्यूबा </W></PLACE-ARG><MAN_MADE_EVENT ID="48" TYPE="AVIATION_HAZARD"><W> विमान </W><W> हादसा: </W></MAN_MADE_EVENT><AFTER_EFFECTS-ARG ID="2"><LINK EVENT_ARG="48" ID="59" TYPE_REL="EVENT_ARG"/><W> 20 </W><W> शवों </W><W> की </W><W> हुई </W><W> शिनाख्त, </W></AFTER_EFFECTS-ARG><CASUALTIES-ARG ID="3"><LINK EVENT_ARG="48" ID="60" TYPE_REL="EVENT_ARG"/><W> 110 </W><W> लोगों </W><W> की </W><W> मौत </W></CASUALTIES-ARG><W> | </W></P><P><PLACE-ARG ID="4"><LINK EVENT_ARG="6" ID="61" TYPE_REL="EVENT_ARG"/><W> क्यूबा </W></PLACE-ARG><W> में </W><TIME-ARG ID="5"><LINK EVENT_ARG="6" ID="62" TYPE_REL="EVENT_ARG"/><W> पिछले </W><W> शुक्रवार </W></TIME-ARG><W> हुई </W><MAN_MADE_EVENT ID="6" TYPE="AVIATION_HAZARD"><EVENT-COREF-LINK EVENT_ID="48" ID="49" TYPE_REL="EVENT_COREF"/><W> विमान </W><W> दुर्घटना </W></MAN_MADE_EVENT><W> में </W><CASUALTIES-ARG ID="22"><LINK EVENT_ARG="6" ID="63" TYPE_REL="EVENT_ARG"/><W> मारे </W><W> गए </W><W> 110 </W><W> लोगों </W></CASUALTIES-ARG><W> में </W><W> से </W><AFTER_EFFECTS-ARG ID="23"><LINK EVENT_ARG="6" ID="64" TYPE_REL="EVENT_ARG"/><W> 20 </W><W> के </W><W> शवों </W><W> की </W><W> शिनाख्त </W><W> हो </W><W> गई </W><W> है </W><W> और </W><W> उन्हें </W><W> उनके </W><W> परिजनों </W><W> को </W><W> भेज </W><W> दिया </W><W> गया </W><W> है। </W></AFTER_EFFECTS-ARG></P><P><W> नई </W><W> दिल्ली। </W><PLACE-ARG ID="24"><LINK EVENT_ARG="7" ID="65" TYPE_REL="EVENT_ARG"/><W> क्यूबा </W></PLACE-ARG><W> में </W><TIME-ARG ID="25"><LINK EVENT_ARG="7" ID="66" TYPE_REL="EVENT_ARG"/><W> पिछले </W><W> शुक्रवार </W></TIME-ARG><W> हुई </W><MAN_MADE_EVENT ID="7" TYPE="AVIATION_HAZARD"><EVENT-COREF-LINK EVENT_ID="48" ID="50" TYPE_REL="EVENT_COREF"/><W> विमान </W><W> दुर्घटना </W></MAN_MADE_EVENT><W> में </W><CASUALTIES-ARG ID="26"><LINK EVENT_ARG="7" ID="67" TYPE_REL="EVENT_ARG"/><W> मारे </W><W> गए </W><W> 110 </W><W> लोगों </W></CASUALTIES-ARG><W> में </W><W> से </W><AFTER_EFFECTS-ARG ID="27"><LINK EVENT_ARG="7" ID="68" TYPE_REL="EVENT_ARG"/><W> 20 </W><W> के </W><W> शवों </W><W> की </W><W> शिनाख्त </W><W> हो </W><W> गई </W><W> है </W><W> और </W><W> उन्हें </W><W> उनके </W><W> परिजनों </W><W> को </W><W> भेज </W><W> दिया </W><W> गया </W><W> है। </W></AFTER_EFFECTS-ARG><W> समाचार </W><W> एजेंसी </W><W> सिन्हुआ </W><W> की </W><W> रिपोर्ट </W><W> के </W><W> अनुसार, </W><W> हवाना </W><W> के </W><W> लीगल </W><W> मेडीसिन </W><W> इंस्टीट्यूट </W><W> के </W><W> निदेशक </W><W> सर्गियो </W><W> रैबल </W><W> ने </W><W> रविवार </W><W> को </W><W> एक </W><W> संवाददाता </W><W> सम्मेलन </W><W> में </W><W> संवाददाताओं </W><W> को </W><W> बताया </W><W> कि </W><AFTER_EFFECTS-ARG ID="69"><LINK EVENT_ARG="7" ID="70" TYPE_REL="EVENT_ARG"/><W> अवशेषों </W><W> की </W><W> शिनाख्त </W><W> के </W><W> लिए </W><W> विशेषज्ञों </W><W> का </W><W> दल </W><W> लगातार </W><W> प्रयासरत </W></AFTER_EFFECTS-ARG><W> है। </W><W> उन्होंने </W><W> कहा </W><W> कि </W><W> हमने </W><W> अब </W><W> तक </W><W> 20 </W><W> शवों </W><W> की </W><W> शिनाख्त </W><W> कर </W><W> ली </W><W> है </W><W> और </W><W> उनके </W><W> परिजनों </W><W> को </W><W> सूचित </W><W> कर </W><W> दिया </W><W> गया </W><W> है। </W></P><P><W> रमजान </W><W> में </W><W> 'नो </W><W> ऑपरेशन' </W><W> के </W><W> फैसले </W><W> पर </W><W> डीजीपी </W><W> का </W><W> बड़ा </W><W> बयान- </W><W> हम </W><W> वही </W><W> करेंगे </W><W> जो </W><W> हमे </W><W> सही </W><W> लगेगा </W></P><P><PARTICIPANT-ARG ID="29"><LINK EVENT_ARG="8" ID="71" TYPE_REL="EVENT_ARG"/><W> विमान </W><W> बोइंग </W><W> 737 </W></PARTICIPANT-ARG><MAN_MADE_EVENT ID="8" TYPE="AVIATION_HAZARD"><EVENT-COREF-LINK EVENT_ID="48" ID="51" TYPE_REL="EVENT_COREF"/><W> दुर्घटनाग्रस्त </W></MAN_MADE_EVENT></P><P><PLACE-ARG ID="31"><LINK EVENT_ARG="9" ID="72" TYPE_REL="EVENT_ARG"/><W> हवाना </W><W> के </W><W> जोस </W><W> मार्ती </W><W> अंतर्राष्ट्रीय </W><W> हवाई </W><W> अड्डे </W></PLACE-ARG><W> से </W><TIME-ARG ID="32"><LINK EVENT_ARG="9" ID="73" TYPE_REL="EVENT_ARG"/><W> शुक्रवार </W></TIME-ARG><W> को </W><W> उड़ान </W><W> भरने </W><W> के </W><W> कुछ </W><W> ही </W><W> पलों </W><W> के </W><W> बाद </W><PARTICIPANT-ARG ID="30"><LINK EVENT_ARG="9" ID="74" TYPE_REL="EVENT_ARG"/><W> विमान </W><W> बोइंग </W><W> 737 </W></PARTICIPANT-ARG><MAN_MADE_EVENT ID="9" TYPE="AVIATION_HAZARD"><EVENT-COREF-LINK EVENT_ID="48" ID="52" TYPE_REL="EVENT_COREF"/><W> दुर्घटनाग्रस्त </W></MAN_MADE_EVENT><W> हो </W><W> गया </W><W> था </W><W> और </W><W> उसमें </W><W> आग </W><W> लग </W><W> गई </W><W> थी। </W><AFTER_EFFECTS-ARG ID="33"><LINK EVENT_ARG="9" ID="75" TYPE_REL="EVENT_ARG"/><W> बचाव </W><W> कर्मियों </W><W> ने </W><W> घटनास्थल </W><W> से </W><W> 109 </W><W> शव </W><W> बरामद </W><W> किए </W><W> थे। </W></AFTER_EFFECTS-ARG><W> रैबल </W><W> ने </W><W> कहा </W><W> कि </W><W> कल </W><W> रात </W><W> हमने </W><AFTER_EFFECTS-ARG ID="34"><LINK EVENT_ARG="9" ID="76" TYPE_REL="EVENT_ARG"/><W> सभी </W><W> 109 </W><W> शवों </W><W> और </W><W> उनके </W><W> सामानों </W><W> का </W><W> पुनरीक्षण </W><W> पूरा </W><W> किया। </W></AFTER_EFFECTS-ARG><W> इससे </W><W> हमें </W><W> उनकी </W><W> पहचान </W><W> जल्दी </W><W> करने </W><W> में </W><W> सहायता </W><W> मिलेगी। </W><PLACE-ARG ID="35"><LINK EVENT_ARG="9" ID="77" TYPE_REL="EVENT_ARG"/><W> हवाना </W><W> से </W><W> पूर्वी </W><W> शहर </W><W> होल्गुइन </W></PLACE-ARG><W> जाने </W><W> वाले </W><PARTICIPANT-ARG ID="36"><LINK EVENT_ARG="9" ID="78" TYPE_REL="EVENT_ARG"/><W> विमान </W></PARTICIPANT-ARG><W> में </W><W> कुल </W><W> 113 </W><W> यात्री </W><W> सवार </W><W> थे </W><W> जिनमें </W><W> पायलट </W><W> दल </W><W> के </W><W> छह </W><W> मैक्सिकी </W><W> भी </W><W> शामिल </W><W> थे। </W></P><P><W> मसूरी </W><W> के </W><W> एक </W><W> प्रतिष्ठित </W><W> बोर्डिंग </W><W> स्कूल </W><W> में </W><W> रैगिंग </W><W> के </W><W> नाम </W><W> पर </W><W> 4 </W><W> छात्राओं </W><W> से </W><W> रेप, </W><W> ऐसे </W><W> हुआ </W><W> खुलासा </W></P><P><MAN_MADE_EVENT ID="10" TYPE="AVIATION_HAZARD"><EVENT-COREF-LINK EVENT_ID="48" ID="53" TYPE_REL="EVENT_COREF"/><W> दुर्घटना </W></MAN_MADE_EVENT><W> में </W><W> तीन </W><W> यात्री </W><W> बच </W><W> गए </W></P><P><MAN_MADE_EVENT ID="11" TYPE="AVIATION_HAZARD"><EVENT-COREF-LINK EVENT_ID="48" ID="54" TYPE_REL="EVENT_COREF"/><W> दुर्घटना </W></MAN_MADE_EVENT><W> में </W><W> तीन </W><W> यात्री </W><W> बच </W><W> गए, </W><W> लेकिन </W><W> अभी </W><W> उनकी </W><W> स्थिति </W><W> नाजुक </W><W> है। </W><W> प्रशासन </W><W> ने </W><W> बताया </W><W> कि </W><W> उन्हें </W><W> दो </W><W> में </W><W> से </W><W> एक </W><W> ब्लैक </W><W> बॉक्स </W><W> मिला </W><W> है। </W><W> इसकी </W><W> जांच </W><W> करने </W><W> पर </W><MAN_MADE_EVENT ID="38" TYPE="AVIATION_HAZARD"><EVENT-COREF-LINK EVENT_ID="48" ID="55" TYPE_REL="EVENT_COREF"/><W> दुर्घटना </W></MAN_MADE_EVENT><W> के </W><W> कारणों </W><W> का </W><W> पता </W><W> चल </W><W> सकेगा। </W><MAN_MADE_EVENT ID="12" TYPE="AVIATION_HAZARD"><EVENT-COREF-LINK EVENT_ID="48" ID="56" TYPE_REL="EVENT_COREF"/><W> दुर्घटना </W></MAN_MADE_EVENT><W> के </W><W> बाद </W><PLACE-ARG ID="39"><LINK EVENT_ARG="12" ID="79" TYPE_REL="EVENT_ARG"/><W> क्यूबा </W></PLACE-ARG><W> में </W><TIME-ARG ID="40"><LINK EVENT_ARG="12" ID="80" TYPE_REL="EVENT_ARG"/><W> शनिवार </W></TIME-ARG><W> से </W><AFTER_EFFECTS-ARG ID="41"><LINK EVENT_ARG="12" ID="81" TYPE_REL="EVENT_ARG"/><W> दो </W><W> दिवसीय </W><W> राष्ट्रीय </W><W> अवकाश </W><W> घोषित </W></AFTER_EFFECTS-ARG><W> किया </W><W> गया </W><W> था। </W><W> बता </W><W> दें </W><W> कि </W><W> क्यूबा </W><W> की </W><W> सरकारी </W><W> विमानन </W><W> कंपनी </W><W> क्यूबाना </W><W> का </W><W> एक </W><PARTICIPANT-ARG ID="43"><LINK EVENT_ARG="13" ID="84" TYPE_REL="EVENT_ARG"/><W> विमान </W></PARTICIPANT-ARG><PLACE-ARG ID="45"><LINK EVENT_ARG="13" ID="82" TYPE_REL="EVENT_ARG"/><W> विमाहवाना </W><W> से </W><W> क्यूबा </W><W> के </W><W> एक </W><W> और </W><W> शहर </W><W> हूलगिन </W></PLACE-ARG><W> जा </W><W> रहा </W><W> था। </W><PARTICIPANT-ARG ID="46"><LINK EVENT_ARG="13" ID="83" TYPE_REL="EVENT_ARG"/><W> विमान </W></PARTICIPANT-ARG><W> में </W><MAN_MADE_EVENT ID="13" TYPE="AVIATION_HAZARD"><EVENT-COREF-LINK EVENT_ID="48" ID="57" TYPE_REL="EVENT_COREF"/><W> दुर्घटना </W></MAN_MADE_EVENT><W> उस </W><W> समय </W><W> हुई </W><W> जब </W><W> वो </W><W> रनवे </W><W> से </W><W> टेकऑफ </W><W> ही </W><W> कर </W><W> रहा </W><W> था। </W></P></DOCUMENT>