<?xml version="1.0" encoding="UTF-8"?>
<DOCUMENT><DESC/><TIME>1539</TIME><P><PLACE-ARG ID="0"><LINK EVENT_ARG="18" ID="50" TYPE_REL="EVENT_ARG"/><W> तमिलनाडु </W><W> और </W><W> केरल </W></PLACE-ARG><W> की </W><W> ओर </W><W> बढ़ा </W><NATURAL_EVENT ID="18" TYPE="CYCLONE"><W> चक्रवात </W></NATURAL_EVENT><NAME-ARG ID="26"><LINK EVENT_ARG="18" ID="51" TYPE_REL="EVENT_ARG"/><W> ‘ओखी’, </W></NAME-ARG><CASUALTIES-ARG ID="37"><LINK EVENT_ARG="18" ID="52" TYPE_REL="EVENT_ARG"/><W> 8 </W><W> की </W><W> मौत </W></CASUALTIES-ARG></P><P><PLACE-ARG ID="7"><LINK EVENT_ARG="19" ID="53" TYPE_REL="EVENT_ARG"/><W> भारत </W></PLACE-ARG><W> के </W><W> मौसम </W><W> विभाग </W><W> ने </W><W> चेतावनी </W><W> दी </W><W> है </W><W> कि </W><TIME-ARG ID="31"><LINK EVENT_ARG="3" ID="54" TYPE_REL="EVENT_ARG"/><W> अगले </W><W> दो </W><W> दिन </W></TIME-ARG><W> में </W><PLACE-ARG ID="3"><LINK EVENT_ARG="19" ID="59" TYPE_REL="EVENT_ARG"/><W> लक्षद्वीप समूह </W></PLACE-ARG><NATURAL_EVENT ID="19" TYPE="CYCLONE"><EVENT-COREF-LINK EVENT_ID="18" ID="42" TYPE_REL="EVENT_COREF"/><W> चक्रवाती </W><W> तूफान </W></NATURAL_EVENT><W> की </W><W> चपेट </W><W> में </W><W> रह </W><W> सकता </W><W> है, </W><W> इसके </W><W> साथ </W><W> ही </W><PLACE-ARG ID="4"><LINK EVENT_ARG="19" ID="55" TYPE_REL="EVENT_ARG"/><W> तमिलनाडु, </W><W> केरल </W></PLACE-ARG><W> में </W><W> भी </W><AFTER_EFFECTS-ARG ID="39"><LINK EVENT_ARG="19" ID="56" TYPE_REL="EVENT_ARG"/><W> भारी </W><W> बारिश </W><W> शुरू </W></AFTER_EFFECTS-ARG><W> हो </W><W> गई </W><W> है। </W><PLACE-ARG ID="5"><LINK EVENT_ARG="19" ID="57" TYPE_REL="EVENT_ARG"/><W> दोनों </W><W> राज्यों </W></PLACE-ARG><W> के </W><W> लिए </W><TIME-ARG ID="32"><LINK EVENT_ARG="19" ID="58" TYPE_REL="EVENT_ARG"/><W> अगले </W><W> 24 </W><W> घंटे </W></TIME-ARG><W> काफी </W><W> अहम </W><W> बताए </W><W> जा </W><W> रहे </W><W> हैं। </W></P><P><W>  बता </W><W> दें </W><PLACE-ARG ID="60"><LINK EVENT_ARG="20" ID="61" TYPE_REL="EVENT_ARG"/><W> कि तमिलनाडु </W><W> और </W><W> केरल </W></PLACE-ARG><W> में </W><TIME-ARG ID="33"><LINK EVENT_ARG="20" ID="62" TYPE_REL="EVENT_ARG"/><W> शुक्रवार </W></TIME-ARG><W> को </W><NATURAL_EVENT ID="20" TYPE="CYCLONE"><EVENT-COREF-LINK EVENT_ID="18" ID="43" TYPE_REL="EVENT_COREF"/><W> चक्रवाती </W><W> तूफान </W></NATURAL_EVENT><NAME-ARG ID="27"><LINK EVENT_ARG="20" ID="63" TYPE_REL="EVENT_ARG"/><W> ओखी </W></NAME-ARG><W> पहुंच </W><W> गया </W><W> है। </W><W> जिस </W><W> कराण </W><AFTER_EFFECTS-ARG ID="40"><LINK EVENT_ARG="20" ID="64" TYPE_REL="EVENT_ARG"/><W> तेज </W><W> मूसलाधार </W><W> बारिश </W></AFTER_EFFECTS-ARG><W> हो </W><W> रही </W><W> है। </W><W> जानकारी </W><W> के </W><W> मुताबिक </W><W> इस </W><W> कारण </W><CASUALTIES-ARG ID="38"><LINK EVENT_ARG="20" ID="65" TYPE_REL="EVENT_ARG"/><W> अभी </W><W> तक </W><W> 8 </W><W> लोगों </W><W> की </W><W> मौत </W></CASUALTIES-ARG><W> हो </W><W> चुकी </W><W> है। </W><W> मौसम </W><W> विभाग </W><W> के </W><W> एक </W><W> अधिकारी </W><W> के </W><W> मुताबिक </W><NATURAL_EVENT ID="21" TYPE="CYCLONE"><EVENT-COREF-LINK EVENT_ID="18" ID="44" TYPE_REL="EVENT_COREF"/><W> चक्रवात </W></NATURAL_EVENT><W> से </W><INTENSITY-ARG ID="49"><LINK EVENT_ARG="21" ID="66" TYPE_REL="EVENT_ARG"/><W> हवा </W><W> की </W><W> गति </W><W> 65-75 </W><W> किमी </W><W> प्रति </W><W> घंटा </W></INTENSITY-ARG><W> होने </W><W> की </W><W> आशंका </W><W> है </W><W> और </W><W> समुद्र </W><W> में </W><W> ऊंची </W><W> लहरें </W><W> उठ </W><W> सकती </W><W> हैं। </W><W> अधिकारी </W><W> ने </W><W> बताया </W><W> कि </W><NATURAL_EVENT ID="22" TYPE="CYCLONE"><EVENT-COREF-LINK EVENT_ID="18" ID="45" TYPE_REL="EVENT_COREF"/><W> चक्रवात </W></NATURAL_EVENT><NAME-ARG ID="28"><LINK EVENT_ARG="22" ID="67" TYPE_REL="EVENT_ARG"/><W> ओखी </W></NAME-ARG><PLACE-ARG ID="8"><LINK EVENT_ARG="22" ID="68" TYPE_REL="EVENT_ARG"/><W> तिरुवनंतपुरम </W></PLACE-ARG><W> से </W><W> करीब </W><PLACE-ARG ID="10"><LINK EVENT_ARG="22" ID="69" TYPE_REL="EVENT_ARG"/><W> 130 </W><W> किमी </W><W> दक्षिण </W><W> पश्चिम </W></PLACE-ARG><W> में </W><W> स्थित </W><W> है, </W><W> जिसका </W><PLACE-ARG ID="11"><LINK EVENT_ARG="22" ID="70" TYPE_REL="EVENT_ARG"/><W> लक्षद्वीप </W><W> द्वीप </W><W> क्षेत्र </W></PLACE-ARG><W> की </W><W> ओर </W><W> बढ़ने </W><W> की </W><W> संभावना </W><W> है। </W></P><P><PLACE-ARG ID="12"><LINK EVENT_ARG="22" ID="71" TYPE_REL="EVENT_ARG"/><W> दक्षिणी </W><W> तमिलनाडु </W><W> के </W><W> कन्याकुमारी, </W><W> तूतीकोरिन </W><W> और </W><W> रामनतपुरम </W><W> जिलों </W><W> सहित </W><W> तटीय </W><W> क्षेत्रों </W></PLACE-ARG><W> में </W><W> मछुआरों </W><W> को </W><TIME-ARG ID="34"><LINK EVENT_ARG="22" ID="72" TYPE_REL="EVENT_ARG"/><W> अगले </W><W> 24 </W><W> घंटों </W></TIME-ARG><W> तक </W><W> समुद्र </W><W> में </W><W> नहीं </W><W> जाने </W><W> की </W><W> सलाह </W><W> दी </W><W> गई </W><W> है। </W><W> क्षेत्रीय </W><W> मौसम </W><W> विज्ञान </W><W> केंद्र </W><W> के </W><W> निदेशक </W><W> एस </W><W> बालाचंद्रन </W><W> ने </W><W> बताया </W><W> कि </W><TIME-ARG ID="35"><LINK EVENT_ARG="23" ID="73" TYPE_REL="EVENT_ARG"/><W> बृहस्पतिवार </W><W> सुबह </W><W> करीब </W><W> 8:30 </W><W> बजे </W></TIME-ARG><W> यह </W><NATURAL_EVENT ID="23" TYPE="CYCLONE"><EVENT-COREF-LINK EVENT_ID="18" ID="46" TYPE_REL="EVENT_COREF"/><W> चक्रवाती </W><W> तूफान </W></NATURAL_EVENT><W> उभरा </W><W> और </W><PLACE-ARG ID="13"><LINK EVENT_ARG="23" ID="74" TYPE_REL="EVENT_ARG"/><W> कन्याकुमारी </W><W> के </W><W> करीब </W><W> 70 </W><W> किमी </W><W> दक्षिण </W></PLACE-ARG><W> में </W><W> स्थित </W><W> है। </W><W> इस </W><NATURAL_EVENT ID="24" TYPE="CYCLONE"><EVENT-COREF-LINK EVENT_ID="18" ID="48" TYPE_REL="EVENT_COREF"/><W> तूफान </W></NATURAL_EVENT><W> को </W><NAME-ARG ID="29"><LINK EVENT_ARG="24" ID="76" TYPE_REL="EVENT_ARG"/><W> ओखी </W></NAME-ARG><W> नाम </W><PLACE-ARG ID="14"><LINK EVENT_ARG="24" ID="75" TYPE_REL="EVENT_ARG"/><W> बांग्लादेश </W></PLACE-ARG><W> ने </W><W> दिया </W><W> है।  </W></P><P><W> वहीं </W><W> पृथ्वी </W><W> विज्ञान </W><W> मंत्रालय </W><W> के </W><W> एक </W><W> वरिष्ठ </W><W> अधिकारी </W><W> ने </W><W> बताया </W><W> कि </W><NAME-ARG ID="30"><LINK EVENT_ARG="24" ID="77" TYPE_REL="EVENT_ARG"/><W> ओखी </W></NAME-ARG><W> तेज </W><W> बारिश </W><W> और </W><W> हवाओं </W><W> के </W><W> साथ </W><PLACE-ARG ID="15"><LINK EVENT_ARG="24" ID="78" TYPE_REL="EVENT_ARG"/><W> लक्षद्वीप </W></PLACE-ARG><W> की </W><W> ओर </W><W> भी </W><W> बढ़ </W><W> रहा </W><W> है। </W><W> मंत्रालय </W><W> में </W><W> सचिव </W><W> माधवन </W><W> राजीवन </W><W> ने </W><W> कहा </W><W> कि </W><PLACE-ARG ID="16"><LINK EVENT_ARG="24" ID="79" TYPE_REL="EVENT_ARG"/><W> अरब </W><W> सागर </W><W> के </W><W> दक्षिणी </W><W> हिस्से </W><W> में </W><W> स्थित </W><W> इस </W><W> द्वीप </W><W> समूह </W></PLACE-ARG><W> पर </W><W> कल </W><W> मूसलाधार </W><W> बारिश </W><W> हो </W><W> सकती </W><W> है </W><W> और </W><W> तेज </W><W> हवाएं </W><W> चल </W><W> सकती </W><W> हैं। </W><W> राजीवन </W><W> ने </W><W> कहा </W><W> कि </W><NATURAL_EVENT ID="25" TYPE="CYCLONE"><EVENT-COREF-LINK EVENT_ID="18" ID="47" TYPE_REL="EVENT_COREF"/><W> यह </W><W> (चक्रवात) </W></NATURAL_EVENT><TIME-ARG ID="36"><LINK EVENT_ARG="25" ID="80" TYPE_REL="EVENT_ARG"/><W> दो </W><W> दिसंबर </W></TIME-ARG><W> को </W><W> द्वीप </W><W> समूह </W><W> को </W><W> छू </W><W> जाएगा। </W><W> निजी </W><W> मौसम </W><W> पूर्वानुमान </W><W> एजेंसी </W><W> ‘स्काईमेट’ </W><W> के </W><W> उपाध्यक्ष </W><W> महेश </W><W> रावत </W><W> ने </W><W> कहा </W><W> कि </W><W> भारी </W><W> बारिश </W><W> से </W><PLACE-ARG ID="17"><LINK EVENT_ARG="25" ID="81" TYPE_REL="EVENT_ARG"/><W> लक्षद्वीप </W></PLACE-ARG><W> में </W><AFTER_EFFECTS-ARG ID="41"><LINK EVENT_ARG="25" ID="82" TYPE_REL="EVENT_ARG"/><W> बाढ़ </W><W> की </W><W> स्थिति </W><W> पैदा </W><W> होने </W><W> की </W><W> आशंका </W></AFTER_EFFECTS-ARG><W> है। </W></P></DOCUMENT>