<?xml version="1.0" encoding="UTF-8"?>
<DOCUMENT><DESC/><TIME>1691</TIME><P><PLACE-ARG ID="0"><LINK EVENT_ARG="4" ID="32" TYPE_REL="EVENT_ARG"/><W> हाथरस </W></PLACE-ARG><W> में </W><PARTICIPANT-ARG ID="2"><LINK EVENT_ARG="4" ID="33" TYPE_REL="EVENT_ARG"/><W> पुलिस </W><W> की </W><W> गाड़ी </W></PARTICIPANT-ARG><W> ने </W><CASUALTIES-ARG ID="3"><LINK EVENT_ARG="4" ID="34" TYPE_REL="EVENT_ARG"/><W> युवती </W></CASUALTIES-ARG><W> को </W><MAN_MADE_EVENT ID="4" TYPE="VEHICULAR_COLLISION"><W> कुचला, </W></MAN_MADE_EVENT><AFTER_EFFECTS-ARG ID="5"><LINK EVENT_ARG="4" ID="35" TYPE_REL="EVENT_ARG"/><W> कैदियों </W><W> से </W><W> भरी </W><W> गाड़ी </W><W> को </W><W> लेकर </W><W> भागे </W><W> पुलिसकर्मी </W></AFTER_EFFECTS-ARG><W> । </W></P><P><PLACE-ARG ID="1"><LINK EVENT_ARG="11" ID="36" TYPE_REL="EVENT_ARG"/><W> हाथरस </W><W> में </W><W> दीवानी </W><W> न्यायालय </W><W> परिसर </W><W> के </W><W> बाहर </W><W> मंदिर </W><W> श्री </W><W> दाऊजी </W><W> महाराज </W><W> मार्ग </W></PLACE-ARG><W> पर </W><TIME-ARG ID="6"><LINK EVENT_ARG="11" ID="37" TYPE_REL="EVENT_ARG"/><W> मंगलवार </W><W> की </W><W> शाम </W></TIME-ARG><W> को </W><W> कैदियों </W><W> को </W><PLACE-ARG ID="7"><LINK EVENT_ARG="11" ID="38" TYPE_REL="EVENT_ARG"/><W> अलीगढ़ </W></PLACE-ARG><W> लेकर </W><W> जा </W><W> रही </W><PARTICIPANT-ARG ID="8"><LINK EVENT_ARG="11" ID="39" TYPE_REL="EVENT_ARG"/><W> पुलिस </W><W> की </W><W> गाड़ी </W></PARTICIPANT-ARG><W> ने </W><W> एक </W><CASUALTIES-ARG ID="9"><LINK EVENT_ARG="11" ID="40" TYPE_REL="EVENT_ARG"/><W> युवती </W></CASUALTIES-ARG><W> को </W><MAN_MADE_EVENT ID="11" TYPE="VEHICULAR_COLLISION"><EVENT-COREF-LINK EVENT_ID="4" ID="30" TYPE_REL="EVENT_COREF"/><W> कुचल </W><W> दिया। </W></MAN_MADE_EVENT><W> इससे </W><W> वह </W><CASUALTIES-ARG ID="10"><LINK EVENT_ARG="11" ID="41" TYPE_REL="EVENT_ARG"/><W> गंभीर </W><W> रूप </W><W> से </W><W> घायल </W></CASUALTIES-ARG><W> हो </W><W> गई।  </W></P><P><W> उपचार </W><W> के </W><W> लिए </W><W> ले </W><W> जाने </W><W> पर </W><AFTER_EFFECTS-ARG ID="12"><LINK EVENT_ARG="11" ID="42" TYPE_REL="EVENT_ARG"/><W> जिला </W><W> अस्पताल </W><W> में </W><W> उसको </W><W> मृत </W><W> घोषित </W><W> कर </W><W> दिया </W><W> गया। </W></AFTER_EFFECTS-ARG><AFTER_EFFECTS-ARG ID="13"><LINK EVENT_ARG="11" ID="43" TYPE_REL="EVENT_ARG"/><W> कैदियों </W><W> से </W><W> भरी </W><W> गाड़ी </W><W> को </W><W> लेकर </W><W> चालक </W><W> और </W><W> अन्य </W><W> पुलिसकर्मी </W><W> वहां </W><W> से </W><W> भाग </W><W> गए। </W></AFTER_EFFECTS-ARG><MAN_MADE_EVENT ID="14" TYPE="VEHICULAR_COLLISION"><EVENT-COREF-LINK EVENT_ID="4" ID="44" TYPE_REL="EVENT_COREF"/><W> घटना </W></MAN_MADE_EVENT><W> के </W><W> बाद </W><AFTER_EFFECTS-ARG ID="15"><LINK EVENT_ARG="14" ID="46" TYPE_REL="EVENT_ARG"/><W> मौके </W><W> पर </W><W> अफरा-तफरी </W><W> मच </W><W> गई।  </W></AFTER_EFFECTS-ARG></P><P><W> पुलिस </W><W> अधिकारियों </W><W> का </W><W> कहना </W><W> है </W><W> कि </W><W> गाड़ी </W><W> चालक </W><W> कैदियों </W><W> को </W><W> लेकर </W><W> अलीगढ़ </W><W> जेल </W><W> चला </W><W> गया </W><W> था। </W><AFTER_EFFECTS-ARG ID="16"><LINK EVENT_ARG="14" ID="47" TYPE_REL="EVENT_ARG"/><W> मुकदमा </W><W> दर्ज </W><W> कर </W><W> आरोपी </W><W> चालक </W><W> को </W><W> गिरफ्तार </W><W> कर </W><W> लिया </W><W> गया </W><W> है। </W><W>    </W></AFTER_EFFECTS-ARG></P><P><W> चूंकि </W><W> हाथरस </W><W> में </W><W> जेल </W><W> नहीं </W><W> है </W><W> इसलिए </W><W> यहां </W><W> के </W><W> कैदी </W><W> अलीगढ़ </W><W> जेल </W><W> भेजे </W><W> जाते </W><W> हैं। </W><W> पुलिस </W><W> की </W><W> गाड़ियां </W><W> वहां </W><W> से </W><W> कैदियों </W><W> को </W><W> कोर्ट </W><W> लेकर </W><W> आती-जाती </W><W> हैं। </W><TIME-ARG ID="17"><LINK EVENT_ARG="21" ID="48" TYPE_REL="EVENT_ARG"/><W> मंगलवार </W><W> की </W><W> शाम </W></TIME-ARG><W> को </W><W> पेशी </W><W> के </W><W> बाद </W><PARTICIPANT-ARG ID="18"><LINK EVENT_ARG="21" ID="49" TYPE_REL="EVENT_ARG"/><W> कैदियों </W><W> को </W><W> लेकर </W><W> अलीगढ़ </W><W> जा </W><W> रही </W><W> पुलिस </W><W> की </W><W> गाड़ी </W></PARTICIPANT-ARG><W> ने </W><PLACE-ARG ID="19"><LINK EVENT_ARG="21" ID="50" TYPE_REL="EVENT_ARG"/><W> कोर्ट </W><W> परिसर </W><W> के </W><W> निकट </W></PLACE-ARG><W> ही </W><CASUALTIES-ARG ID="20"><LINK EVENT_ARG="21" ID="51" TYPE_REL="EVENT_ARG"/><W> एक </W><W> युवती </W><W> सीमा </W><W> (25) </W><W> पुत्री </W><W> कमल </W><W> सिंह </W><W> निवासी </W><W> नगला </W><W> टीका </W><W> थाना </W><W> कोतवाली </W><W> हाथरस </W></CASUALTIES-ARG><W> को </W><MAN_MADE_EVENT ID="21" TYPE="VEHICULAR_COLLISION"><EVENT-COREF-LINK EVENT_ID="4" ID="31" TYPE_REL="EVENT_COREF"/><W> कुचल </W><W> दिया।  </W></MAN_MADE_EVENT></P><P><W> सीमा </W><W> का </W><W> भाई </W><W> भी </W><W> इस </W><W> गाड़ी </W><W> में </W><W> लाया </W><W> गया </W><W> था। </W><W> बताते </W><W> हैं </W><W> कि </W><W> वह </W><W> चोरी </W><W> के </W><W> एक </W><W> मामले </W><W> में </W><W> जेल </W><W> में </W><W> बंद </W><W> है। </W><W> वह </W><W> मंगलवार </W><W> को </W><W> यहां </W><W> कोर्ट </W><W> में </W><W> तारीख </W><W> पर </W><W> आया </W><W> था </W><W> और </W><W> जब </W><W> वह </W><W> वापस </W><W> जा </W><W> रहा </W><W> था </W><W> तो </W><W> गाड़ी </W><W> में </W><W> ही </W><W> सीमा </W><W> ने </W><W> उससे </W><W> मिलने </W><W> की </W><W> कोशिश </W><W> की।  </W></P><P><W> इसी </W><W> दौरान </W><REASON-ARG ID="22"><LINK EVENT_ARG="21" ID="52" TYPE_REL="EVENT_ARG"/><W> जब </W><W> चालक </W><W> ने </W><W> गाड़ी </W><W> मोड़ी </W><W> तो </W><W> सीमा </W><W> गाड़ी </W><W> और </W><W> दीवार </W><W> के </W><W> बीच </W><W> में </W><W> आ </W><W> गई। </W></REASON-ARG><W> इससे </W><CASUALTIES-ARG ID="23"><LINK EVENT_ARG="21" ID="53" TYPE_REL="EVENT_ARG"/><W> वह </W><W> गंभीर </W><W> रूप </W><W> से </W><W> घायल </W></CASUALTIES-ARG><W> हो </W><W> गई। </W><AFTER_EFFECTS-ARG ID="24"><LINK EVENT_ARG="21" ID="54" TYPE_REL="EVENT_ARG"/><W> उसको </W><W> अस्पताल </W><W> पहुंचाने </W><W> के </W><W> बजाय </W><W> चालक </W><W> व </W><W> पुलिसकर्मी </W><W> अलीगढ़ </W><W> चले </W><W> गए।  </W></AFTER_EFFECTS-ARG></P><P><AFTER_EFFECTS-ARG ID="25"><LINK EVENT_ARG="26" ID="55" TYPE_REL="EVENT_ARG"/><W> घायल </W><W> सीमा </W><W> को </W><W> देखकर </W><W> मौके </W><W> पर </W><W> अफरा-तफरी </W><W> मच </W><W> गई </W><W> और </W><W> उपचार </W><W> के </W><W> लिए </W><W> कुछ </W><W> लोग </W><W> उसे </W><W> जिला </W><W> अस्पताल </W><W> लेकर </W><W> आए। </W><W> वहां </W><W> उसे </W><W> मृत </W><W> घोषित </W><W> कर </W><W> दिया। </W></AFTER_EFFECTS-ARG><MAN_MADE_EVENT ID="26" TYPE="VEHICULAR_COLLISION"><EVENT-COREF-LINK EVENT_ID="4" ID="45" TYPE_REL="EVENT_COREF"/><W> घटना </W></MAN_MADE_EVENT><W> की </W><W> जानकारी </W><W> मिलने </W><W> पर </W><AFTER_EFFECTS-ARG ID="27"><LINK EVENT_ARG="26" ID="56" TYPE_REL="EVENT_ARG"/><W> अपर </W><W> पुलिस </W><W> अधीक्षक </W><W> सिद्धार्थ </W><W> वर्मा </W><W> भी </W><W> घटनास्थल </W><W> पर </W><W> भी </W><W> गए।  </W></AFTER_EFFECTS-ARG></P><P><W> पुलिस </W><W> अधिकारी </W><W> कैदियों </W><W> से </W><W> भरी </W><W> गाड़ी </W><W> को </W><W> लेकर </W><W> चिंतित </W><W> थे। </W><W> कुछ </W><W> देर </W><W> बाद </W><W> जब </W><W> यह </W><W> पता </W><W> चला </W><W> कि </W><W> गाड़ी </W><W> कैदियों </W><W> को </W><W> लेकर </W><W> जेल </W><W> पहुंच </W><W> गई </W><W> है </W><W> तो </W><W> उन्होंने </W><W> चैन </W><W> की </W><W> सांस </W><W> ली। </W><TIME-ARG ID="29"><W> देर </W><W> रात </W></TIME-ARG><AFTER_EFFECTS-ARG ID="28"><W> पुलिस </W><W> ने </W><W> गाड़ी </W><W> और </W><W> चालक </W><W> को </W><W> हिरासत </W><W> में </W><W> ले </W><W> लिया। </W><W> इस </W><W> मामले </W><W> में </W><W> रिपोर्ट </W><W> भी </W><W> दर्ज </W><W> करा </W><W> दी </W><W> गई </W><W> है। </W><W>    </W></AFTER_EFFECTS-ARG></P></DOCUMENT>