<?xml version="1.0" encoding="UTF-8"?>
<DOCUMENT><DESC/><TIME>442</TIME><P><W> जम्मू-कश्मीर: </W><NATURAL_EVENT ID="0" TYPE="AVALANCHES"><W> हिमस्खलन </W></NATURAL_EVENT><W> में </W><W> दबने </W><W> से </W><CASUALTIES-ARG ID="2"><LINK EVENT_ARG="0" ID="5" TYPE_REL="EVENT_ARG"/><W> युवक </W><W> की </W><W> मौत, </W><W> माता-पिता </W><W> सहित </W><W> 3 </W><W> लोग </W><W> घायल </W></CASUALTIES-ARG></P><P><PLACE-ARG ID="3"><LINK EVENT_ARG="1" ID="6" TYPE_REL="EVENT_ARG"/><W> जिले </W><W> की </W><W> सूरनकोट </W><W> तहसील </W><W> में </W><W> पीरपंजाल </W><W> के </W><W> पहाड़ों </W><W> में </W><W> स्थित </W><W> हिलकाका </W><W> क्षेत्र </W><W> के </W><W> छोटीमर्ग </W><W> इलाके </W></PLACE-ARG><W> में </W><NATURAL_EVENT ID="1" TYPE="AVALANCHES"><EVENT-COREF-LINK EVENT_ID="0" ID="8" TYPE_REL="EVENT_COREF"/><W> हिमस्खलन </W></NATURAL_EVENT><W> की </W><W> चपेट </W><W> में </W><W> आने </W><W> से </W><CASUALTIES-ARG ID="4"><LINK EVENT_ARG="1" ID="7" TYPE_REL="EVENT_ARG"/><W> एक </W><W> युवक </W><W> की </W><W> मौत </W><W> हो </W><W> गई, </W><W> जबकि </W><W> उसके </W><W> माता </W><W> पिता </W><W> व </W><W> एक </W><W> पड़ोसी </W><W> गंभीर </W><W> रूप </W><W> से </W><W> घायल </W></CASUALTIES-ARG><W> हो </W><W> गए। </W><W> हादसे </W><W> में </W><W> मारे </W><W> गए </W><W> युवक </W><W> की </W><W> पहचान </W><W> उस्मान </W><W> अली </W><W> पुत्र </W><W> मोहम्मद </W><W> असलम </W><W> के </W><W> रूप </W><W> में </W><W> हुई </W><W> है। </W><W> घायलों </W><W> में </W><W> मृत </W><W> युवक </W><W> के </W><W> पिता </W><W> मोहम्मद </W><W> असलम, </W><W> माता </W><W> बानो </W><W> बी </W><W> और </W><W> पड़ोसी </W><W> नजीर </W><W> अहमद </W><W> पुत्र </W><W> अब्दुल </W><W> मजीद </W><W> के </W><W> नाम </W><W> शामिल </W><W> हैं। </W></P><P><W> घटना </W><W> की </W><W> पुष्टि </W><W> करते </W><W> हुए </W><W> एसएचओ </W><W> सूरनकोट </W><W> सोमराज </W><W> ने </W><W> बताया </W><W> कि </W><W> हादसे </W><W> की </W><W> जानकारी </W><W> मिलने </W><W> पर </W><W> देर </W><W> शाम </W><W> पुलिस </W><W> दल </W><W> को </W><W> बर्फ </W><W> में </W><W> दबे </W><W> युवक </W><W> का </W><W> शव </W><W> निकालने </W><W> के </W><W> लिए </W><W> घटनास्थल </W><W> पर </W><W> भेजा </W><W> गया। </W><W> काफी </W><W> दूरदराज </W><W> का </W><W> इलाका </W><W> होने </W><W> और </W><W> सड़क </W><W> संपर्क </W><W> नहीं </W><W> होने </W><W> से </W><W> युवक </W><W> का </W><W> शव </W><W> रविवार </W><W> को </W><W> सूरनकोट </W><W> लाए </W><W> जाने </W><W> की </W><W> संभावना </W><W> है।  </W></P><P><W> जानकारी </W><W> के </W><W> अनुसार </W><W> सूरनकोट </W><W> तहसील </W><W> के </W><W> पीरपंजाल </W><W> के </W><W> पहाड़ों </W><W> में </W><W> स्थित </W><W> हिलकाका </W><W> क्षेत्र </W><W> में </W><W> स्थित </W><W> ग्लेशियर </W><W> छोटीमर्ग </W><W> में </W><W> अपनी </W><W> भेड़-बकरियों </W><W> के </W><W> साथ </W><W> बक्करवाल </W><W> मोहम्मद </W><W> असलम </W><W> का </W><W> परिवार </W><W> नीचे </W><W> लौट </W><W> रहा </W><W> था, </W><W> अचनाक </W><W> बर्फ </W><W> का </W><W> बड़ा </W><W> हिस्सा </W><W> गिरने </W><W> से </W><W> उसकी </W><W> चपेट </W><W> में </W><W> आ </W><W> गए। </W><W> दूरदराज </W><W> का </W><W> क्षेत्र </W><W> होने </W><W> से </W><W> सुबह </W><W> तक </W><W> किसी </W><W> को </W><W> घटना </W><W> का </W><W> पता </W><W> ही </W><W> नहीं </W><W> चल </W><W> पाया। </W><W> इस </W><W> बीच </W><W> पहाड़ों </W><W> से </W><W> लौट </W><W> रहे </W><W> अन्य </W><W> किसी </W><W> बक्करवाल </W><W> परिवार </W><W> ने </W><W> घायलों </W><W> को </W><W> देखा </W><W> तो </W><W> वह </W><W> उन्हें </W><W> वहां </W><W> से </W><W> सुरक्षित </W><W> स्थान </W><W> पर </W><W> ले </W><W> गया </W><W> और </W><W> उनका </W><W> उपचार </W><W> किया। </W><W> इसके </W><W> बाद </W><W> घटना </W><W> की </W><W> जानकारी </W><W> सूरनकोट </W><W> पुलिस </W><W> तक </W><W> पहुंचाई </W><W> गई। </W></P></DOCUMENT>