<?xml version="1.0" encoding="UTF-8"?>
<DOCUMENT><DESC/><TIME>687</TIME><P><PLACE-ARG ID="0"><LINK EVENT_ARG="11" ID="31" TYPE_REL="EVENT_ARG"/><W> फ्लोरिडा </W></PLACE-ARG><W> में </W><NAME-ARG ID="15"><LINK EVENT_ARG="11" ID="32" TYPE_REL="EVENT_ARG"/><W> माइकल </W></NAME-ARG><NATURAL_EVENT ID="11" TYPE="HURRICANE"><W> तूफान </W></NATURAL_EVENT><W> से </W><CASUALTIES-ARG ID="9"><LINK EVENT_ARG="11" ID="33" TYPE_REL="EVENT_ARG"/><W> अब </W><W> तक </W><W> 27 </W><W> लोगों </W><W> की </W><W> मौत, </W></CASUALTIES-ARG><AFTER_EFFECTS-ARG ID="18"><LINK EVENT_ARG="11" ID="34" TYPE_REL="EVENT_ARG"/><W> हजारों </W><W> लोग </W><W> लापता </W></AFTER_EFFECTS-ARG></P><P><PLACE-ARG ID="1"><LINK EVENT_ARG="12" ID="35" TYPE_REL="EVENT_ARG"/><W> पनामा </W><W> सिटी </W><W> बीच, </W></PLACE-ARG><W> फ्ला </W><W> (रॉयटर्स)। </W><PLACE-ARG ID="2"><LINK EVENT_ARG="12" ID="36" TYPE_REL="EVENT_ARG"/><W> फ्लोरिडा </W></PLACE-ARG><W> में </W><NAME-ARG ID="16"><LINK EVENT_ARG="12" ID="37" TYPE_REL="EVENT_ARG"/><W> माइकल </W></NAME-ARG><NATURAL_EVENT ID="12" TYPE="HURRICANE"><EVENT-COREF-LINK EVENT_ID="11" ID="28" TYPE_REL="EVENT_COREF"/><W> तूफान </W></NATURAL_EVENT><W> से </W><W> मरने </W><W> वालों </W><W> की </W><W> संख्या </W><W> लगातार </W><W> बढ़ती </W><W> जा </W><W> रही </W><W> है। </W><W> अधिकारियों </W><W> ने </W><TIME-ARG ID="23"><LINK EVENT_ARG="12" ID="38" TYPE_REL="EVENT_ARG"/><W> मंगलवार </W></TIME-ARG><W> को </W><W> बताया </W><W> कि </W><TIME-ARG ID="24"><LINK EVENT_ARG="12" ID="39" TYPE_REL="EVENT_ARG"/><W> एक </W><W> हफ्ते </W><W> के </W><W> भीतर </W></TIME-ARG><PLACE-ARG ID="3"><LINK EVENT_ARG="12" ID="40" TYPE_REL="EVENT_ARG"/><W> फ्लोरिडा </W><W> के </W><W> पैनहैंडल </W><W> और </W><W> अन्य </W><W> आपदा </W><W> प्रभावित </W><W> इलाकों </W></PLACE-ARG><W> से </W><CASUALTIES-ARG ID="10"><LINK EVENT_ARG="12" ID="41" TYPE_REL="EVENT_ARG"/><W> 27 </W><W> मृत </W><W> शरीरों </W></CASUALTIES-ARG><W> को </W><W> खोज </W><W> निकाला </W><W> है। </W><PLACE-ARG ID="4"><LINK EVENT_ARG="12" ID="42" TYPE_REL="EVENT_ARG"/><W> ह्यूस्टन </W><W> स्थित </W><W> क्रॉडसोर्स </W><W> रेस्क्यू </W></PLACE-ARG><W> के </W><W> सह-संस्थापक </W><W> मैथ्यू </W><W> मार्चेटी </W><W> ने </W><W> बताया </W><W> कि </W><AFTER_EFFECTS-ARG ID="19"><LINK EVENT_ARG="12" ID="43" TYPE_REL="EVENT_ARG"/><W> सैकड़ो </W><W> बचावकर्मी </W><W> प्रभावित </W><W> लोगों </W><W> की </W><W> मदद </W><W> करने </W><W> में </W><W> जुटे </W><W> हैं। </W></AFTER_EFFECTS-ARG><W> उन्होंने </W><W> कहा </W><W> कि </W><AFTER_EFFECTS-ARG ID="20"><LINK EVENT_ARG="12" ID="44" TYPE_REL="EVENT_ARG"/><W> प्रभावित </W><W> इलाकों </W><W> में </W><W> फिलहाल </W><W> फोन </W><W> की </W><W> सेवा </W><W> बंद </W><W> है, </W></AFTER_EFFECTS-ARG><W> सेवा </W><W> चालू </W><W> होने </W><W> के </W><W> बाद </W><W> मौतों </W><W> की </W><W> संख्या </W><W> बढ़ </W><W> सकती </W><W> है। </W><AFTER_EFFECTS-ARG ID="27"><LINK EVENT_ARG="12" ID="45" TYPE_REL="EVENT_ARG"/><W> बचावकर्मियों </W><W> की </W><W> टीम </W><W> कर </W><W> रही </W><W> है </W><W> लापता </W><W> लोगों </W><W> की </W><W> तलाशमार्चेटी </W></AFTER_EFFECTS-ARG><W> ने </W><W> कहा </W><W> कि </W><W> बचावकर्मियों </W><W> की </W><W> टीम </W><PLACE-ARG ID="5"><LINK EVENT_ARG="12" ID="46" TYPE_REL="EVENT_ARG"/><W> फ्लोरिडा </W></PLACE-ARG><W> में </W><AFTER_EFFECTS-ARG ID="21"><LINK EVENT_ARG="12" ID="47" TYPE_REL="EVENT_ARG"/><W> 1,135 </W><W> से </W><W> अधिक </W><W> लोगों </W><W> की </W><W> तलाश </W></AFTER_EFFECTS-ARG><W> कर </W><W> रही </W><W> है, </W><W> जिन्होंने </W><W> मित्रों </W><W> और </W><W> परिवार </W><W> के </W><W> साथ </W><W> संपर्क </W><W> खो </W><W> दिया </W><W> है। </W><W> हालांकि, </W><PLACE-ARG ID="6"><LINK EVENT_ARG="13" ID="48" TYPE_REL="EVENT_ARG"/><W> फ्लोरिडा </W></PLACE-ARG><W> के </W><W> अधिकारियों </W><W> ने </W><W> यह </W><W> जानकारी </W><W> नहीं </W><W> दी </W><W> है </W><W> कि </W><NATURAL_EVENT ID="13" TYPE="HURRICANE"><EVENT-COREF-LINK EVENT_ID="11" ID="29" TYPE_REL="EVENT_COREF"/><W> इस </W><W> आपदा </W></NATURAL_EVENT><W> के </W><W> चलते </W><W> कितने </W><W> लोग </W><W> लापता </W><W> हुए </W><W> हैं। </W><W> बता </W><W> दें </W><W> कि </W><NAME-ARG ID="17"><LINK EVENT_ARG="14" ID="49" TYPE_REL="EVENT_ARG"/><W> माइकल </W></NAME-ARG><NATURAL_EVENT ID="14" TYPE="HURRICANE"><EVENT-COREF-LINK EVENT_ID="11" ID="30" TYPE_REL="EVENT_COREF"/><W> तूफान </W></NATURAL_EVENT><TIME-ARG ID="25"><LINK EVENT_ARG="14" ID="50" TYPE_REL="EVENT_ARG"/><W> पिछले </W><W> बुधवार </W></TIME-ARG><W> को </W><INTENSITY-ARG ID="26"><LINK EVENT_ARG="14" ID="51" TYPE_REL="EVENT_ARG"/><W> 155 </W><W> मील </W><W> प्रति </W><W> घंटे </W><W> (250 </W><W> किमी </W><W> प्रति </W><W> घंटा) </W><W> की </W><W> रफ्तार </W><W> वाले </W><W> हवाओं </W></INTENSITY-ARG><W> के </W><W> साथ </W><PLACE-ARG ID="8"><LINK EVENT_ARG="14" ID="52" TYPE_REL="EVENT_ARG"/><W> फ्लोरिडा </W><W> के </W><W> उत्तर-पश्चिमी </W><W> इलाकों </W></PLACE-ARG><W> में </W><W> प्रवेश </W><W> किया </W><W> था, </W><W> जिसके </W><W> चलते </W><AFTER_EFFECTS-ARG ID="22"><LINK EVENT_ARG="14" ID="53" TYPE_REL="EVENT_ARG"/><W> समुद्री </W><W> जल </W><W> का </W><W> स्तर </W><W> बढ़ा </W><W> गया </W><W> और </W><W> कई </W><W> इमारतें </W><W> ध्वस्त </W><W> हो </W><W> गईं। </W></AFTER_EFFECTS-ARG><W> अधिकारियों </W><W> के </W><W> मुताबिक, </W><W> आपदा </W><W> प्रभावित </W><W> लोगों </W><W> को </W><W> सरकारी </W><W> आश्रयों </W><W> में </W><W> रखा </W><W> गया </W><W> है। </W></P></DOCUMENT>