<?xml version="1.0" encoding="UTF-8"?>
<DOCUMENT><P><W> default_cur_7_date_17_12_2006.utf8 </W></P><P><TIME-ARG ID="2"><LINK EVENT_ARG="0" ID="4" TYPE_REL="EVENT_ARG"/><W> २० </W><W> साल </W><W> पहले </W><W> हुई </W></TIME-ARG><PARTICIPANT-ARG ID="1"><LINK EVENT_ARG="0" ID="3" TYPE_REL="EVENT_ARG"/><W> एयर </W><W> इंडिया </W><W> विमान </W></PARTICIPANT-ARG><MAN_MADE_EVENT ID="0" TYPE="AVIATION_HAZARD"><W> दुघटना </W></MAN_MADE_EVENT><W> पर </W><W> कनाडा </W><W> की </W><W> अदालत </W><W> आज </W><W> फैसला </W><W> सुनाएगी। </W><W> इस </W><W> हादसे </W><W> में </W><W> विमान </W><W> को </W><PLACE-ARG ID="5"><LINK EVENT_ARG="0" ID="8" TYPE_REL="EVENT_ARG"/><W> अटलांटिक </W><W> समुद्र </W><W> के </W><W> ऊपर </W></PLACE-ARG><W> उड़ते </W><W> समय </W><MAN_MADE_EVENT ID="6" TYPE="NORMAL_BOMBING"><EVENT-COREF-LINK EVENT_ID="0" ID="10" TYPE_REL="EVENT_COREF"/><W> बम </W><W> विस्फोट </W></MAN_MADE_EVENT><W> कर </W><W> उड़ा </W><W> दिया </W><W> गया </W><W> था। </W><W> विमान </W><W> में </W><W> सवार </W><W> सभी </W><CASUALTIES-ARG ID="7"><LINK EVENT_ARG="0" ID="9" TYPE_REL="EVENT_ARG"/><W> ३२९ </W><W> यात्री </W><W> मारे </W></CASUALTIES-ARG><W> गये </W></P></DOCUMENT>