<?xml version="1.0" encoding="UTF-8"?>
<DOCUMENT><DESC/><DESC/><DESC/><TIME>4879</TIME><P><PLACE-ARG ID="1"><LINK EVENT_ARG="0" ID="16" TYPE_REL="EVENT_ARG"/><W> चलती </W><W> कार </W><W> पर </W></PLACE-ARG><NATURAL_EVENT ID="0" TYPE="ROCK_FALL"><W> गिरी </W><W> चट्टानें, </W></NATURAL_EVENT><CASUALTIES-ARG ID="2"><LINK EVENT_ARG="0" ID="17" TYPE_REL="EVENT_ARG"/><W> चालक </W><W> की </W><W> मौके </W><W> पर </W><W> ही </W><W> मौत </W></CASUALTIES-ARG><W> । </W></P><P><PLACE-ARG ID="3"><LINK EVENT_ARG="5" ID="18" TYPE_REL="EVENT_ARG"/><W> हिमाचल </W><W> के </W><W> रिकांगपिओ </W><W> थाना </W><W> के </W><W> तहत </W><W> एनएच </W><W> पांच </W><W> ठोपन </W><W> के </W><W> पास </W></PLACE-ARG><PLACE-ARG ID="4"><LINK EVENT_ARG="5" ID="19" TYPE_REL="EVENT_ARG"/><W> एक </W><W> कार </W><W> पर </W></PLACE-ARG><NATURAL_EVENT ID="5" TYPE="ROCK_FALL"><EVENT-COREF-LINK EVENT_ID="0" ID="28" TYPE_REL="EVENT_COREF"/><W> पहाड़ी </W><W> से </W><W> चट्टानें </W><W> गिरने </W></NATURAL_EVENT><W> से </W><CASUALTIES-ARG ID="6"><LINK EVENT_ARG="5" ID="20" TYPE_REL="EVENT_ARG"/><W> कार </W><W> चालक </W><W> की </W><W> मौके </W><W> पर </W><W> ही </W><W> मौत </W></CASUALTIES-ARG><W> हो </W><W> गई। </W><TIME-ARG ID="7"><LINK EVENT_ARG="8" ID="21" TYPE_REL="EVENT_ARG"/><W> शनिवार </W><W> शाम </W><W> करीब </W><W> पांच </W><W> बजे </W></TIME-ARG><NATURAL_EVENT ID="8" TYPE="ROCK_FALL"><EVENT-COREF-LINK EVENT_ID="0" ID="29" TYPE_REL="EVENT_COREF"/><W> हादसा </W></NATURAL_EVENT><W> हुआ। </W><W> पुलिस </W><W> ने </W><W> कड़ी </W><W> मशक्कत </W><W> के </W><W> बाद </W><W> शव </W><W> को </W><W> घटनास्थल </W><W> से </W><W> बाहर </W><W> निकाला। </W></P><P><W> पुलिस </W><W> ने </W><W> मामला </W><W> दर्ज </W><W> कर </W><NATURAL_EVENT ID="9" TYPE="ROCK_FALL"><EVENT-COREF-LINK EVENT_ID="0" ID="30" TYPE_REL="EVENT_COREF"/><W> हादसे </W></NATURAL_EVENT><W> की </W><W> छानबीन </W><W> शुरू </W><W> कर </W><W> दी </W><W> है। </W><W> पुलिस </W><W> से </W><W> मिली </W><W> जानकारी </W><W> के </W><W> मुताबिक </W><W> महिंद्रा </W><W> एक्सयूवी </W><W> नंबर </W><W> एचपी </W><W> 25-3033 </W><W> लेकर </W><W> चालक </W><W> रतनध्वज </W><W> नेगी </W><W> (42) </W><W> पुत्र </W><W> रिब्बा </W><W> निवासी, </W><W> रिकांगपिओ </W><W> से </W><W> रिब्बा </W><W> की </W><W> ओर </W><W> जा </W><W> रहा </W><W> था। </W></P><P><TIME-ARG ID="11"><LINK EVENT_ARG="10" ID="22" TYPE_REL="EVENT_ARG"/><W> शाम </W><W> पांच </W><W> बजे </W></TIME-ARG><W> जब </W><W> चालक </W><W> एनएच </W><W> पांच </W><W> ठोपन </W><W> के </W><W> पास </W><W> पहुंचा </W><W> तो </W><NATURAL_EVENT ID="10" TYPE="ROCK_FALL"><EVENT-COREF-LINK EVENT_ID="0" ID="27" TYPE_REL="EVENT_COREF"/><W> पहाड़ी </W><W> से </W><W> चट्टानें </W><W> गिरने </W><W> लगी </W></NATURAL_EVENT><W> जिसकी </W><AFTER_EFFECTS-ARG ID="12"><LINK EVENT_ARG="10" ID="23" TYPE_REL="EVENT_ARG"/><W> चपेट </W><W> में </W><W> कार </W><W> आ </W><W> गई। </W></AFTER_EFFECTS-ARG><W> चट्टानों </W><W> में </W><W> दबने </W><W> के </W><W> कारण </W><CASUALTIES-ARG ID="13"><LINK EVENT_ARG="10" ID="24" TYPE_REL="EVENT_ARG"/><W> कार </W><W> चालक </W><W> की </W><W> मौके </W><W> पर </W><W> ही </W><W> मौत </W></CASUALTIES-ARG><W> हो </W><W> गई। </W><W> हादसे </W><W> की </W><W> सूचना </W><W> पूह </W><W> जा </W><W> रहे </W><W> यात्रियों </W><W> ने </W><W> रिकांगपिओ </W><W> पुलिस </W><W> को </W><W> दी। </W></P><P><W> उसके </W><W> बाद </W><W> कार्यवाहक </W><W> थाना </W><W> प्रभारी </W><W> रिकांगपिओ </W><W> महेंद्र </W><W> सिंह, </W><W> मुख्य </W><W> आरक्षी </W><W> संदीप </W><W> और </W><W> सिपाही </W><W> राकेश </W><W> मौके </W><W> पर </W><W> पहुंचे। </W><W> कड़ी </W><W> मशक्कत </W><W> के </W><W> बाद </W><W> मलबे </W><W> में </W><W> दबे </W><W> शव </W><W> को </W><W> बाहर </W><W> निकाला </W><W> गया। </W><W> प्राथमिक </W><W> स्वास्थ्य </W><W> केंद्र </W><W> स्कीबा </W><W> में </W><W> शव </W><W> का </W><W> पोस्टमार्टम </W><W> करने </W><W> के </W><W> बाद </W><W> शव </W><W> परिजनों </W><W> को </W><W> सौंप </W><W> दिया </W><W> गया। </W></P><P><W> इस </W><W> स्थान </W><W> पर </W><W> सड़क </W><W> को </W><W> चौड़ा </W><W> करने </W><W> का </W><W> काम </W><W> चल </W><W> रहा </W><W> है। </W><W> मामले </W><W> की </W><W> पुष्टि </W><W> करते </W><W> हुए </W><W> डीएसपी </W><W> किन्नौर </W><W> बीडी </W><W> भाटिया </W><W> ने </W><W> कहा </W><W> कि </W><NATURAL_EVENT ID="15" TYPE="ROCK_FALL"><EVENT-COREF-LINK EVENT_ID="0" ID="26" TYPE_REL="EVENT_COREF"/><W> कार </W><W> पर </W><W> चट्टानें </W><W> गिरने </W></NATURAL_EVENT><W> से </W><CASUALTIES-ARG ID="14"><LINK EVENT_ARG="15" ID="25" TYPE_REL="EVENT_ARG"/><W> एक </W><W> व्यक्ति </W><W> की </W><W> मौत </W></CASUALTIES-ARG><W> हो </W><W> गई। </W><W> पुलिस </W><W> ने </W><W> मामला </W><W> दर्ज </W><W> कर </W><W> छानबीन </W><W> शुरू </W><W> कर </W><W> दी </W><W> है।  </W></P></DOCUMENT>