<?xml version="1.0" encoding="UTF-8"?>
<DOCUMENT><DESC/><DESC/><TIME>2692</TIME><P><W> धूल </W><W> भरी </W><W> तेज </W><NATURAL_EVENT ID="0" TYPE="STORM"><W> आंधी </W></NATURAL_EVENT><W> में </W><AFTER_EFFECTS-ARG ID="1"><LINK EVENT_ARG="0" ID="93" TYPE_REL="EVENT_ARG"/><W> उड़ी </W><W> टिन </W><W> और </W><W> छप्पर, </W></AFTER_EFFECTS-ARG><AFTER_EFFECTS-ARG ID="2"><LINK EVENT_ARG="0" ID="94" TYPE_REL="EVENT_ARG"/><W> टूटे </W><W> तार, </W></AFTER_EFFECTS-ARG><AFTER_EFFECTS-ARG ID="3"><LINK EVENT_ARG="0" ID="95" TYPE_REL="EVENT_ARG"/><W> बत्ती </W><W> गुल </W></AFTER_EFFECTS-ARG><W> । </W></P><P><PLACE-ARG ID="4"><LINK EVENT_ARG="5" ID="96" TYPE_REL="EVENT_ARG"/><W> निघासन, </W><W> गोला, </W><W> बांकेगंज </W><W> क्षेत्र </W></PLACE-ARG><W> में </W><W> झमाझम </W><W> बारिश </W><W> के </W><W> साथ </W><W> गिरे </W><NATURAL_EVENT ID="5" TYPE="HAIL_STORMS"><W> ओले </W></NATURAL_EVENT><W> । </W></P><P><AFTER_EFFECTS-ARG ID="6"><LINK EVENT_ARG="5" ID="97" TYPE_REL="EVENT_ARG"/><W> कई </W><W> जगह </W><W> गिरे </W><W> पेड़, </W></AFTER_EFFECTS-ARG><AFTER_EFFECTS-ARG ID="7"><LINK EVENT_ARG="5" ID="98" TYPE_REL="EVENT_ARG"/><W> कई </W><W> रास्तों </W><W> पर </W><W> आवागमन </W><W> हुआ </W><W> बाधित </W></AFTER_EFFECTS-ARG><W> । </W></P><P><TIME-ARG ID="8"><LINK EVENT_ARG="9" ID="99" TYPE_REL="EVENT_ARG"/><W>  सोमवार </W><W> रात </W></TIME-ARG><W> आई </W><W> धूल </W><W> भरी </W><W> तेज </W><NATURAL_EVENT ID="9" TYPE="STORM"><EVENT-COREF-LINK EVENT_ID="0" ID="156" TYPE_REL="EVENT_COREF"/><W> आंधी </W></NATURAL_EVENT><W> से </W><AFTER_EFFECTS-ARG ID="10"><LINK EVENT_ARG="9" ID="100" TYPE_REL="EVENT_ARG"/><W> कई </W><W> दुकानों </W><W> और </W><W> घरों </W><W> के </W><W> टिनशेड, </W></AFTER_EFFECTS-ARG><AFTER_EFFECTS-ARG ID="11"><LINK EVENT_ARG="9" ID="101" TYPE_REL="EVENT_ARG"/><W> सड़क </W><W> किनारे </W><W> लगे </W><W> साइन </W><W> बोर्ड </W><W> उड़ </W><W> कर </W><W> दूर </W><W> जा </W><W> गिरे। </W></AFTER_EFFECTS-ARG><AFTER_EFFECTS-ARG ID="12"><LINK EVENT_ARG="9" ID="102" TYPE_REL="EVENT_ARG"/><W> पेड़ </W><W> और </W><W> पेड़ों </W><W> की </W><W> डालें </W><W> टूट </W><W> कर </W><W> बिजली </W><W> लाइन </W><W> पर </W><W> गिरने </W><W> से </W><W> जिले </W><W> के </W><W> कई </W><W> क्षेत्रों </W><W> में </W><W> रात </W><W> भर </W><W> बिजली </W><W> गुल </W><W> रही। </W></AFTER_EFFECTS-ARG><W> तेज </W><W> हवाओं </W><W> के </W><W> साथ </W><W> कहीं </W><W> भारी </W><W> बारिश </W><W> तो </W><W> कहीं </W><W> बूंदाबांदी </W><W> हुई। </W><PLACE-ARG ID="13"><LINK EVENT_ARG="9" ID="103" TYPE_REL="EVENT_ARG"/><W> गोला, </W><W> बांकेगंज, </W><W> मैलानी </W><W> और </W><W> निघासन </W><W> समेत </W><W> कई </W><W> क्षेत्रों </W></PLACE-ARG><W> में </W><W> बारिश </W><W> के </W><W> साथ </W><NATURAL_EVENT ID="14" TYPE="HAIL_STORMS"><EVENT-COREF-LINK EVENT_ID="5" ID="157" TYPE_REL="EVENT_COREF"/><W> ओले </W><W> भी </W><W> गिरे </W></NATURAL_EVENT><W> हैं। </W><AFTER_EFFECTS-ARG ID="15"><LINK EVENT_ARG="14" ID="104" TYPE_REL="EVENT_ARG"/><W> सड़कों </W><W> पर </W><W> वाहनों </W><W> का </W><W> आवागमन </W><W> भी </W><W> करीब </W><W> एक </W><W> घंटे </W><W> तक </W><W> थमा </W><W> रहा। </W></AFTER_EFFECTS-ARG><W>   </W><W>   </W><W>   </W><W>   </W><W>   </W><W>   </W><W>   </W><W>   </W><W>   </W><W>    </W></P><P><W> सोमवार </W><W> को </W><W> दिन </W><W> भर </W><W> काफी </W><W> उमस </W><W> थी। </W><TIME-ARG ID="17"><LINK EVENT_ARG="16" ID="105" TYPE_REL="EVENT_ARG"/><W> शाम </W><W> करीब </W><W> आठ </W><W> बजे </W></TIME-ARG><W> अचानक </W><W> धूल </W><W> भरी </W><W> तेज </W><NATURAL_EVENT ID="16" TYPE="STORM"><EVENT-COREF-LINK EVENT_ID="0" ID="158" TYPE_REL="EVENT_COREF"/><W> आंधी </W></NATURAL_EVENT><W> चलने </W><W> लगी। </W><W> इससे </W><W> जहां </W><W> कई </W><AFTER_EFFECTS-ARG ID="19"><LINK EVENT_ARG="16" ID="106" TYPE_REL="EVENT_ARG"/><W> दुकानों </W><W> और </W><W> घरों </W><W> की </W><W> टिन </W><W> उड़ </W><W> गई </W></AFTER_EFFECTS-ARG><W> वहीं </W><AFTER_EFFECTS-ARG ID="20"><LINK EVENT_ARG="16" ID="107" TYPE_REL="EVENT_ARG"/><W> दुकानों </W><W> के </W><W> बाहर </W><W> रखे </W><W> बोर्ड </W><W> भी </W><W> दूर </W><W> जा </W><W> गिरे। </W></AFTER_EFFECTS-ARG><NATURAL_EVENT ID="21" TYPE="STORM"><EVENT-COREF-LINK EVENT_ID="0" ID="159" TYPE_REL="EVENT_COREF"/><W> आंधी </W></NATURAL_EVENT><W> में </W><AFTER_EFFECTS-ARG ID="22"><LINK EVENT_ARG="21" ID="108" TYPE_REL="EVENT_ARG"/><W> कुछ </W><W> जगहों </W><W> पर </W><W> पेड़ </W><W> टूट </W><W> कर </W><W> गिर </W><W> गए। </W></AFTER_EFFECTS-ARG><AFTER_EFFECTS-ARG ID="23"><LINK EVENT_ARG="21" ID="109" TYPE_REL="EVENT_ARG"/><W> कई </W><W> जगह </W><W> बिजली </W><W> लाइन </W><W> पर </W><W> पेड़ </W><W> टूटकर </W><W> गिरने </W><W> से </W><W> रात </W><W> भर </W><W> बिजली </W><W> आपूर्ति </W><W> ठप </W><W> रही। </W></AFTER_EFFECTS-ARG><W> साथ </W><W> ही </W><AFTER_EFFECTS-ARG ID="24"><LINK EVENT_ARG="21" ID="110" TYPE_REL="EVENT_ARG"/><W> सड़कों </W><W> पर </W><W> वाहनों </W><W> के </W><W> पहिए </W><W> भी </W><W> थमे </W><W> रहे। </W></AFTER_EFFECTS-ARG><W> आंघे </W><W> घंटे </W><W> बाद </W><W> जब </W><W> आंधी </W><W> कम </W><W> हुई </W><W> तो </W><W> यातायात </W><W> बहाल </W><W> हो </W><W> सका। </W><AFTER_EFFECTS-ARG ID="25"><LINK EVENT_ARG="21" ID="111" TYPE_REL="EVENT_ARG"/><W> कुछ </W><W> स्थानों </W><W> पर </W><W> बिजली </W><W> के </W><W> तार </W><W> टूट </W><W> गए, </W></AFTER_EFFECTS-ARG><W> जिससे </W><AFTER_EFFECTS-ARG ID="26"><LINK EVENT_ARG="21" ID="112" TYPE_REL="EVENT_ARG"/><W> बिजली </W><W> सप्लाई </W><W> ठप </W></AFTER_EFFECTS-ARG><W> हो </W><W> गई। </W><PLACE-ARG ID="27"><LINK EVENT_ARG="21" ID="113" TYPE_REL="EVENT_ARG"/><W> खमरिया, </W><W> बम्हनपुर, </W><W> पलिया, </W><W> धौरहरा, </W><W> ढखेरवा </W></PLACE-ARG><W> में </W><W> भी </W><W> धूल </W><W> भरी </W><NATURAL_EVENT ID="30" TYPE="STORM"><EVENT-COREF-LINK EVENT_ID="0" ID="165" TYPE_REL="EVENT_COREF"/><W> आंधी </W></NATURAL_EVENT><W> चली </W><W> और </W><PLACE-ARG ID="29"><LINK EVENT_ARG="30" ID="114" TYPE_REL="EVENT_ARG"/><W> कुछ </W><W> स्थानों </W></PLACE-ARG><W> पर </W><W> बारिश </W><W> के </W><W> साथ </W><NATURAL_EVENT ID="28" TYPE="HAIL_STORMS"><EVENT-COREF-LINK EVENT_ID="5" ID="166" TYPE_REL="EVENT_COREF"/><W> ओले </W><W> गिरे। </W></NATURAL_EVENT><PLACE-ARG ID="33"><LINK EVENT_ARG="31" ID="115" TYPE_REL="EVENT_ARG"/><W> शहर </W><W> से </W><W> सटे </W><W> सलेमपुर </W><W> कोन </W></PLACE-ARG><W> में </W><NATURAL_EVENT ID="31" TYPE="STORM"><EVENT-COREF-LINK EVENT_ID="0" ID="161" TYPE_REL="EVENT_COREF"/><W> आंधी </W></NATURAL_EVENT><W> से </W><AFTER_EFFECTS-ARG ID="32"><LINK EVENT_ARG="31" ID="116" TYPE_REL="EVENT_ARG"/><W> एक </W><W> दीवार </W><W> गिर </W><W> गई। </W></AFTER_EFFECTS-ARG><W> इसके </W><CASUALTIES-ARG ID="34"><LINK EVENT_ARG="31" ID="117" TYPE_REL="EVENT_ARG"/><W> मलबे </W><W> में </W><W> दबकर </W><W> भैंस </W><W> के </W><W> एक </W><W> पड्डे </W><W> की </W><W> मौत </W></CASUALTIES-ARG><W> हो </W><W> गई।  </W></P><P><W> निघासन। </W><TIME-ARG ID="36"><LINK EVENT_ARG="37" ID="118" TYPE_REL="EVENT_ARG"/><W> सोमवार </W><W> रात </W><W> करीब </W><W> आठ </W><W> बजे </W></TIME-ARG><W> तेज </W><NATURAL_EVENT ID="37" TYPE="STORM"><EVENT-COREF-LINK EVENT_ID="0" ID="160" TYPE_REL="EVENT_COREF"/><W> आंधी </W></NATURAL_EVENT><W> आने </W><W> से </W><AFTER_EFFECTS-ARG ID="38"><LINK EVENT_ARG="37" ID="119" TYPE_REL="EVENT_ARG"/><W> घरों </W><W> पर </W><W> पड़ा </W><W> फूस </W><W> आदि </W><W> उड़ </W><W> गया। </W></AFTER_EFFECTS-ARG><W> कुछ </W><W> ही </W><W> देर </W><W> में </W><W> बिजली </W><W> की </W><W> कड़कड़ाहट </W><W> के </W><W> साथ </W><W> झमाझम </W><W> बारिश </W><W> शुरू </W><W> हो </W><W> गई </W><W> और </W><NATURAL_EVENT ID="39" TYPE="HAIL_STORMS"><EVENT-COREF-LINK EVENT_ID="5" ID="164" TYPE_REL="EVENT_COREF"/><W> ओलावृष्टि </W></NATURAL_EVENT><W> होने </W><W> लगी। </W><NATURAL_EVENT ID="40" TYPE="STORM"><EVENT-COREF-LINK EVENT_ID="0" ID="163" TYPE_REL="EVENT_COREF"/><W> आंधी </W></NATURAL_EVENT><W> से </W><AFTER_EFFECTS-ARG ID="41"><LINK EVENT_ARG="40" ID="120" TYPE_REL="EVENT_ARG"/><W> कई </W><W> स्थानों </W><W> पर </W><W> पेड़ </W><W> गिर </W><W> गए, </W></AFTER_EFFECTS-ARG><W> हालांकि </W><W> किसी </W><W> के </W><W> कोई </W><W> हताहत </W><W> होने </W><W> की </W><W> खबर </W><W> नहीं </W><W> है। </W><W>   </W><W>   </W><W>   </W><W>   </W><W>   </W><W>   </W><W>   </W><W>   </W><W>   </W><W>   </W></P><P><PLACE-ARG ID="44"><LINK EVENT_ARG="43" ID="121" TYPE_REL="EVENT_ARG"/><W> बेलरायां। </W></PLACE-ARG><TIME-ARG ID="42"><LINK EVENT_ARG="43" ID="122" TYPE_REL="EVENT_ARG"/><W> शाम </W><W> करीब </W><W> सात </W><W> बजे </W></TIME-ARG><W> आसमान </W><W> में </W><W> बिजली </W><W> की </W><W> कड़कड़ाहट </W><W> के </W><W> साथ </W><W> तेज </W><NATURAL_EVENT ID="43" TYPE="STORM"><EVENT-COREF-LINK EVENT_ID="0" ID="167" TYPE_REL="EVENT_COREF"/><W> आंधी </W></NATURAL_EVENT><W> आने </W><W> से </W><AFTER_EFFECTS-ARG ID="45"><LINK EVENT_ARG="43" ID="123" TYPE_REL="EVENT_ARG"/><W> जनसामान्य </W><W> बेहाल </W><W> हो </W><W> गया। </W></AFTER_EFFECTS-ARG><NATURAL_EVENT ID="46" TYPE="STORM"><EVENT-COREF-LINK EVENT_ID="0" ID="168" TYPE_REL="EVENT_COREF"/><W> आंधी </W></NATURAL_EVENT><W> चलने </W><W> और </W><W> झमाझम </W><W> बरसात </W><W> होने </W><W> से </W><W> जहां </W><W> लोगों </W><W> को </W><W> उमस </W><W> भरी </W><W> गर्मी </W><W> से </W><W> निजात </W><W> मिली, </W><W> वहीं </W><PLACE-ARG ID="47"><LINK EVENT_ARG="46" ID="124" TYPE_REL="EVENT_ARG"/><W> घरों </W><W> के </W><W> छप्पर </W><W> उड़ </W><W> गए। </W></PLACE-ARG><PLACE-ARG ID="48"><LINK EVENT_ARG="46" ID="125" TYPE_REL="EVENT_ARG"/><W> सड़कों </W><W> पर </W><W> सन्नाटा </W><W> पसर </W><W> गया। </W></PLACE-ARG><PLACE-ARG ID="49"><LINK EVENT_ARG="46" ID="126" TYPE_REL="EVENT_ARG"/><W> कई </W><W> दुकानों </W><W> पर </W><W> लगे </W><W> बोर्ड </W><W> सड़क </W><W> पर </W><W> आ </W><W> गिरे। </W></PLACE-ARG><W>   </W><W>   </W><W>   </W><W>   </W><W>   </W><W>   </W><W>   </W><W>   </W><W>   </W></P><P><PLACE-ARG ID="50"><LINK EVENT_ARG="51" ID="127" TYPE_REL="EVENT_ARG"/><W> सिकंद्राबाद। </W></PLACE-ARG><W> तेज </W><NATURAL_EVENT ID="51" TYPE="STORM"><EVENT-COREF-LINK EVENT_ID="0" ID="169" TYPE_REL="EVENT_COREF"/><W> आंधी </W></NATURAL_EVENT><W> के </W><W> कारण </W><AFTER_EFFECTS-ARG ID="52"><LINK EVENT_ARG="51" ID="128" TYPE_REL="EVENT_ARG"/><W> ब्लॉक </W><W> बेहजम </W><W> कार्यालय </W><W> के </W><W> पास </W><W> लगा </W><W> एक </W><W> पेड़ </W><W> गिर </W><W> गया, </W></AFTER_EFFECTS-ARG><W> हालांकि </W><W> कोई </W><W> खास </W><W> नुकसान </W><W> नहीं </W><W> हुआ। </W><AFTER_EFFECTS-ARG ID="53"><LINK EVENT_ARG="51" ID="129" TYPE_REL="EVENT_ARG"/><W> बेहजम-नीमगांव </W><W> मार्ग </W><W> पर </W><W> जामुन </W><W> का </W><W> पेड़ </W><W> गिरने </W><W> से </W><W> 11 </W><W> हजार </W><W> की </W><W> हाईटेंशन </W><W> लाइन </W><W> क्षतिग्रस्त </W><W> हो </W><W> गई। </W></AFTER_EFFECTS-ARG><AFTER_EFFECTS-ARG ID="54"><LINK EVENT_ARG="51" ID="130" TYPE_REL="EVENT_ARG"/><W> छप्परों </W><W> पर </W><W> पड़ा </W><W> फूस, </W></AFTER_EFFECTS-ARG><AFTER_EFFECTS-ARG ID="55"><LINK EVENT_ARG="51" ID="131" TYPE_REL="EVENT_ARG"/><W> टिनशेड </W><W> आदि </W><W> उड़कर </W><W> दूर </W><W> जा </W><W> गिरे। </W></AFTER_EFFECTS-ARG><W>   </W><W>   </W><W>   </W><W>   </W><W>   </W><W>   </W><W>   </W><W>   </W><W>   </W></P><P><W>  गोला </W><W> गोकर्णनाथ। </W><TIME-ARG ID="58"><LINK EVENT_ARG="59" ID="132" TYPE_REL="EVENT_ARG"/><W> सोमवार </W><W> की </W><W> देर </W><W> शाम </W></TIME-ARG><W> एकाएक </W><W> गरज </W><W> चमक </W><W> के </W><W> साथ </W><NATURAL_EVENT ID="59" TYPE="STORM"><EVENT-COREF-LINK EVENT_ID="0" ID="170" TYPE_REL="EVENT_COREF"/><W> आंधी </W></NATURAL_EVENT><W> आई। </W><W> आंधी </W><W> के </W><W> बीच </W><W> ही </W><W> ओलों </W><W> के </W><W> साथ </W><W> बारिश </W><W> भी </W><W> शुरू </W><W> हो </W><W> गई। </W><W> इससे </W><W> उमस </W><W> भरी </W><W> गर्मी </W><W> से </W><W> लोगों </W><W> ने </W><W> राहत </W><W> महसूस </W><W> की। </W><W> वहीं </W><AFTER_EFFECTS-ARG ID="56"><LINK EVENT_ARG="59" ID="133" TYPE_REL="EVENT_ARG"/><W> आम </W><W> की </W><W> फसल </W><W> को </W><W> नुकसान </W></AFTER_EFFECTS-ARG><W> हुआ </W><W> है। </W><AFTER_EFFECTS-ARG ID="57"><LINK EVENT_ARG="59" ID="134" TYPE_REL="EVENT_ARG"/><W> सड़क </W><W> के </W><W> गड्ढों </W><W> में </W><W> और </W><W> निचले </W><W> स्थानों </W><W> पर </W><W> जलभराव </W><W> हो </W><W> गया। </W></AFTER_EFFECTS-ARG><W>   </W><W>   </W><W>    </W></P><P><W> ममरी। </W><TIME-ARG ID="60"><LINK EVENT_ARG="61" ID="135" TYPE_REL="EVENT_ARG"/><W> सोमवार </W><W> की </W><W> शाम </W></TIME-ARG><W> आई </W><W> तेज </W><NATURAL_EVENT ID="61" TYPE="STORM"><EVENT-COREF-LINK EVENT_ID="0" ID="171" TYPE_REL="EVENT_COREF"/><W> आंधी </W></NATURAL_EVENT><W> के </W><W> साथ </W><W> बूंदाबादी </W><W> और </W><W> हल्की </W><NATURAL_EVENT ID="62" TYPE="HAIL_STORMS"><EVENT-COREF-LINK EVENT_ID="5" ID="172" TYPE_REL="EVENT_COREF"/><W> ओलावृष्टि </W></NATURAL_EVENT><W> होने </W><W> से </W><AFTER_EFFECTS-ARG ID="63"><LINK EVENT_ARG="62" ID="136" TYPE_REL="EVENT_ARG"/><W> आम </W><W> की </W><W> फसल </W><W> को </W><W> नुकसान </W><W> पहुंचा </W></AFTER_EFFECTS-ARG><W> है। </W><AFTER_EFFECTS-ARG ID="64"><LINK EVENT_ARG="61" ID="137" TYPE_REL="EVENT_ARG"/><W> सड़क </W><W> के </W><W> किनारे </W><W> खड़े </W><W> पेड़ों </W><W> की </W><W> डाले </W><W> फटने </W><W> से </W><W> यातायात </W><W> घंटों </W><W> बाधित </W><W> रहा। </W></AFTER_EFFECTS-ARG><AFTER_EFFECTS-ARG ID="65"><LINK EVENT_ARG="61" ID="138" TYPE_REL="EVENT_ARG"/><W> ग्रामीण </W><W> इलाके </W><W> में </W><W> लोगों </W><W> के </W><W> छप्पर, </W><W> टीन </W><W> शेड </W><NATURAL_EVENT ID="69" TYPE="STORM"><W> आंधी </W></NATURAL_EVENT><W> में </W><W> उड़ </W><W> गए। </W></AFTER_EFFECTS-ARG><W> बागों </W><W> में </W><W> कच्चे </W><W> आम </W><W> के </W><W> ढेर </W><W> लग </W><W> गए। </W><AFTER_EFFECTS-ARG ID="66"><LINK EVENT_ARG="61" ID="139" TYPE_REL="EVENT_ARG"/><W> डालें </W><W> टूटकर </W><W> तारों </W><W> पर </W><W> गिरने </W><W> से </W><W> कई </W><W> स्थानों </W><W> पर </W><W> बिजली </W><W> सप्लाई </W><W> बाधित </W></AFTER_EFFECTS-ARG><W> रही। </W><AFTER_EFFECTS-ARG ID="67"><LINK EVENT_ARG="61" ID="140" TYPE_REL="EVENT_ARG"/><W> बारातों </W><W> में </W><W> लगे </W><W> पांडाल </W><NATURAL_EVENT ID="68" TYPE="STORM"><W> आंधी </W></NATURAL_EVENT><W> में </W><W> गिर </W><W> गए, </W><W> जिससे </W><W> घरातियों, </W><W> बारातियों </W><W> को </W><W> दिक्कत </W><W> हुई </W></AFTER_EFFECTS-ARG><W> हैं। </W><W>   </W><W>   </W><W>   </W></P><P><PLACE-ARG ID="72"><LINK EVENT_ARG="70" ID="141" TYPE_REL="EVENT_ARG"/><W> अलीगंज। </W></PLACE-ARG><TIME-ARG ID="71"><LINK EVENT_ARG="70" ID="142" TYPE_REL="EVENT_ARG"/><W> सोमवार </W><W> की </W><W> देर </W><W> शाम </W></TIME-ARG><W> तेज </W><NATURAL_EVENT ID="70" TYPE="STORM"><EVENT-COREF-LINK EVENT_ID="0" ID="175" TYPE_REL="EVENT_COREF"/><W> आंधी </W></NATURAL_EVENT><W> के </W><W> साथ </W><W> हुई </W><W> वर्षा </W><W> और </W><NATURAL_EVENT ID="73" TYPE="HAIL_STORMS"><EVENT-COREF-LINK EVENT_ID="5" ID="174" TYPE_REL="EVENT_COREF"/><W> ओलावृष्टि </W></NATURAL_EVENT><W> से </W><AFTER_EFFECTS-ARG ID="77"><LINK EVENT_ARG="73" ID="143" TYPE_REL="EVENT_ARG"/><W> गर्मी </W><W> से </W><W> लोगों </W><W> राहत </W><W> मिली </W></AFTER_EFFECTS-ARG><W> है </W><W> वहीं </W><AFTER_EFFECTS-ARG ID="78"><LINK EVENT_ARG="70" ID="144" TYPE_REL="EVENT_ARG"/><W> कसबे </W><W> में </W><W> आंधी </W><W> से </W><W> कुछ </W><W> दुकानों, </W><W> मकानों </W><W> की </W><W> टिन </W><W> शेड </W><W> उड़ </W><W> गए। </W></AFTER_EFFECTS-ARG><W> वहीं </W><AFTER_EFFECTS-ARG ID="79"><LINK EVENT_ARG="70" ID="145" TYPE_REL="EVENT_ARG"/><W> आम </W><W> की </W><W> फसल </W><W> को </W><W> नुकसान </W><W> हुआ </W></AFTER_EFFECTS-ARG><W> है। </W><PLACE-ARG ID="80"><LINK EVENT_ARG="74" ID="146" TYPE_REL="EVENT_ARG"/><W> संसारपुर। </W><W> क्षेत्र </W></PLACE-ARG><W> में </W><W> आई </W><W> तेज </W><NATURAL_EVENT ID="74" TYPE="STORM"><EVENT-COREF-LINK EVENT_ID="0" ID="176" TYPE_REL="EVENT_COREF"/><W> आंधी </W></NATURAL_EVENT><W> और </W><W> हुई </W><W> हल्की </W><W> वर्षा </W><W> से </W><W> लोगों </W><W> ने </W><W> गर्मी </W><W> से </W><W> राहत </W><W> महसूस </W><W> की </W><W> है </W><W> वहीं </W><AFTER_EFFECTS-ARG ID="81"><LINK EVENT_ARG="74" ID="147" TYPE_REL="EVENT_ARG"/><W> आम </W><W> की </W><W> फसलों </W><W> को </W><W> नुकसान </W><W> पहुंचा </W></AFTER_EFFECTS-ARG><W> है। </W><W>   </W><W>   </W><W>    </W></P><P><PLACE-ARG ID="83"><LINK EVENT_ARG="75" ID="148" TYPE_REL="EVENT_ARG"/><W> मैलानी। </W></PLACE-ARG><TIME-ARG ID="82"><LINK EVENT_ARG="75" ID="149" TYPE_REL="EVENT_ARG"/><W> सोमवार </W><W> को </W><W> रात </W></TIME-ARG><W> आई </W><NATURAL_EVENT ID="75" TYPE="STORM"><EVENT-COREF-LINK EVENT_ID="0" ID="173" TYPE_REL="EVENT_COREF"/><W> आंधी, </W></NATURAL_EVENT><W> बारिश </W><W> और </W><NATURAL_EVENT ID="84" TYPE="HAIL_STORMS"><EVENT-COREF-LINK EVENT_ID="5" ID="177" TYPE_REL="EVENT_COREF"/><W> ओलावृष्टि </W></NATURAL_EVENT><W> सेे </W><W> दो </W><W> दिनों </W><W> से </W><W> पड़ </W><W> रही </W><W> तपती </W><W> गर्मी </W><W> से </W><W> लोगों </W><W> को </W><W> राहत </W><W> मिली </W><W> है। </W><W> सोमवार </W><W> को </W><W> रात </W><W> आठ </W><W> बजे </W><W> पहले </W><W> तेेज </W><NATURAL_EVENT ID="76" TYPE="STORM"><EVENT-COREF-LINK EVENT_ID="0" ID="178" TYPE_REL="EVENT_COREF"/><W> आंधी </W></NATURAL_EVENT><W> आने </W><W> के </W><W> बाद </W><W> बारिश </W><W> औैर </W><W> फिर </W><W> हल्की </W><NATURAL_EVENT ID="85" TYPE="HAIL_STORMS"><EVENT-COREF-LINK EVENT_ID="5" ID="179" TYPE_REL="EVENT_COREF"/><W> ओलावृष्टि </W></NATURAL_EVENT><W> भी </W><W> हुई। </W><W> जिससे </W><W> गर्मी </W><W> से </W><W> तप </W><W> रहे </W><W> लोगों </W><W> को </W><W> खासी </W><W> राहत </W><W> मिली।  </W></P><P><PLACE-ARG ID="88"><LINK EVENT_ARG="86" ID="150" TYPE_REL="EVENT_ARG"/><W> बांकेगंज। </W><W> कस्बा </W><W> सहित </W><W> क्षेत्र </W></PLACE-ARG><W> में </W><TIME-ARG ID="89"><LINK EVENT_ARG="86" ID="151" TYPE_REL="EVENT_ARG"/><W> बीती </W><W> शाम </W></TIME-ARG><W> आई </W><W> तेज </W><NATURAL_EVENT ID="86" TYPE="HAIL_STORMS"><EVENT-COREF-LINK EVENT_ID="0" ID="180" TYPE_REL="EVENT_COREF"/><W> आंधी </W></NATURAL_EVENT><W> और </W><W> बारिश </W><AFTER_EFFECTS-ARG ID="90"><LINK EVENT_ARG="86" ID="152" TYPE_REL="EVENT_ARG"/><W> बागवानों </W><W> और </W><W> गेहूं </W><W> उत्पादक </W><W> किसानों </W><W> की </W><W> खुशियां </W><W> उड़ा </W><W> ले </W><W> गई। </W></AFTER_EFFECTS-ARG><W> तेज </W><NATURAL_EVENT ID="87" TYPE="STORM"><EVENT-COREF-LINK EVENT_ID="0" ID="155" TYPE_REL="EVENT_COREF"/><W> आंधी </W></NATURAL_EVENT><W> के </W><W> बाद </W><W> आई </W><W> बारिश </W><W> से </W><AFTER_EFFECTS-ARG ID="91"><LINK EVENT_ARG="87" ID="153" TYPE_REL="EVENT_ARG"/><W> आम </W><W> की </W><W> फसल </W><W> को </W><W> काफी </W><W> नुकसान </W></AFTER_EFFECTS-ARG><W> पहुंचा </W><W> है। </W><W> इसके </W><W> अलावा </W><AFTER_EFFECTS-ARG ID="92"><LINK EVENT_ARG="87" ID="154" TYPE_REL="EVENT_ARG"/><W> खेतों </W><W> में </W><W> कटी </W><W> पड़ी </W><W> और </W><W> खड़ी </W><W> गेंहू </W><W> फसल </W><W> को </W><W> नुकसान </W></AFTER_EFFECTS-ARG><W> पहुंचा </W><W> है। </W></P></DOCUMENT>