<?xml version="1.0" encoding="UTF-8"?>
<DOCUMENT><DESC/><DESC/><DESC/><DESC/><DESC/><DESC/><TIME>6614</TIME><P><PLACE-ARG ID="0"><LINK EVENT_ARG="1" ID="26" TYPE_REL="EVENT_ARG"/><W> उत्तराखंड: </W></PLACE-ARG><NATURAL_EVENT ID="1" TYPE="EARTHQUAKE"><W> भूकंप </W><W> के </W><W> झटके </W></NATURAL_EVENT><W> के </W><W> बाद </W><AFTER_EFFECTS-ARG ID="53"><LINK EVENT_ARG="1" ID="54" TYPE_REL="EVENT_ARG"/><W> बदला </W><W> मौसम, </W><W> तेज </W><W> हवाओं </W><W> के </W><W> साथ </W><W> बारिश </W><W> और </W><NATURAL_EVENT ID="2" TYPE="HAIL_STORMS"><LINK EVENT_ARG="1" ID="27" TYPE_REL="EVENT_ARG"/><W> ओलावृष्टि </W></NATURAL_EVENT></AFTER_EFFECTS-ARG><W> हुई </W><W> । </W></P><P><PLACE-ARG ID="4"><LINK EVENT_ARG="3" ID="28" TYPE_REL="EVENT_ARG"/><W> उत्तराखंड </W><W> समेत </W><W> पांच </W><W> राज्यों </W></PLACE-ARG><W> में </W><TIME-ARG ID="5"><LINK EVENT_ARG="3" ID="29" TYPE_REL="EVENT_ARG"/><W> बुधवार </W><W> की </W><W> शाम </W></TIME-ARG><NATURAL_EVENT ID="3" TYPE="EARTHQUAKE"><EVENT-COREF-LINK EVENT_ID="1" ID="47" TYPE_REL="EVENT_COREF"/><W> भूकंप </W><W> के </W><W> झटके </W></NATURAL_EVENT><W> महसूस </W><W> किए </W><W> गए। </W><W> जिसके </W><W> बाद </W><AFTER_EFFECTS-ARG ID="6"><LINK EVENT_ARG="3" ID="30" TYPE_REL="EVENT_ARG"/><W> राज्य </W><W> के </W><W> पहाड़ी </W><W> इलाकों </W><W> में </W><W> बारिश, </W><W> ओलावृष्टि </W><W> और </W><W> मैदानी </W><W> इलाकों </W><W> में </W><W> आंधी </W><W> शुरू </W></AFTER_EFFECTS-ARG><W> हो </W><W> गई। </W></P><P><PLACE-ARG ID="7"><LINK EVENT_ARG="9" ID="31" TYPE_REL="EVENT_ARG"/><W> राजधानी </W></PLACE-ARG><W> में </W><TIME-ARG ID="8"><LINK EVENT_ARG="9" ID="32" TYPE_REL="EVENT_ARG"/><W> बुधवार </W></TIME-ARG><W> को </W><NATURAL_EVENT ID="9" TYPE="EARTHQUAKE"><EVENT-COREF-LINK EVENT_ID="1" ID="48" TYPE_REL="EVENT_COREF"/><W> भूकंप </W><W> का </W><W> झटका </W></NATURAL_EVENT><W> आने </W><W> से </W><AFTER_EFFECTS-ARG ID="10"><LINK EVENT_ARG="9" ID="33" TYPE_REL="EVENT_ARG"/><W> अफरातफरी </W><W> मच </W><W> गई। </W></AFTER_EFFECTS-ARG><W> हालांकि </W><W> झटका </W><W> काफी </W><W> धीमा </W><W> था </W><W> लेकिन </W><AFTER_EFFECTS-ARG ID="11"><LINK EVENT_ARG="9" ID="34" TYPE_REL="EVENT_ARG"/><W> ऊंचे </W><W> भवनों </W><W> पर </W><W> इसका </W><W> असर </W><W> देखने </W><W> को </W><W> मिला। </W></AFTER_EFFECTS-ARG><NATURAL_EVENT ID="13" TYPE="EARTHQUAKE"><EVENT-COREF-LINK EVENT_ID="1" ID="49" TYPE_REL="EVENT_COREF"/><W> झटका </W></NATURAL_EVENT><W> लगते </W><W> ही </W><AFTER_EFFECTS-ARG ID="12"><LINK EVENT_ARG="13" ID="35" TYPE_REL="EVENT_ARG"/><W> लोग </W><W> तुरंत </W><W> भवनों </W><W> से </W><W> बाहर </W><W> निकल </W><W> गए। </W></AFTER_EFFECTS-ARG><W> मौसम </W><W> केंद्र </W><W> निदेशक </W><W> बिक्रम </W><W> सिंह </W><W> के </W><W> अनुसार, </W><W> उत्तराखंड </W><W> में </W><W> झटका </W><W> बहुत </W><W> ही </W><W> हल्का </W><W> था। </W><W>  बुधवार </W><W> को </W><W> दिन </W><W> में </W><W> सबकुछ </W><W> सामान्य </W><W> था। </W><W> लोग </W><W> रोजाना </W><W> की </W><W> तरह </W><W> अपने </W><W> रोजमर्रा </W><W> के </W><W> काम </W><W> निपटा </W><W> रहे </W><W> थे। </W><W> अपराह्न </W><W> करीब </W><W> साढ़े </W><W> चार </W><W> बजे </W><W> अचानक </W><W> घर </W><W> के </W><W> दरवाजे-खिड़कियों </W><W> में </W><W> हल्का </W><W> कंपन </W><W> होने </W><W> लगा। </W><W> छत </W><W> के </W><W> पंखे </W><W> भी </W><W> हिलने </W><W> लगे। </W><W> भूकंप </W><W> की </W><W> आहट </W><W> होते </W><W> ही </W><W> लोग </W><W> तुरंत </W><W> घरों </W><W> और </W><W> कार्यालयों </W><W> से </W><W> बाहर </W><W> निकल </W><W> गए। </W><W> सचिवालय </W><W> में </W><W> भी </W><W> अधिकारी </W><W> और </W><W> कर्मचारी </W><W> झटके </W><W> के </W><W> बाद </W><W> बाहर </W><W> निकल </W><W> गए। </W></P><P><W> वहीं, </W><PLACE-ARG ID="24"><LINK EVENT_ARG="15" ID="36" TYPE_REL="EVENT_ARG"/><W> एमडीडीए </W><W> कालोनी, </W><W> वसुंधरा </W><W> एनक्लेव, </W><W> विद्या </W><W> विहार, </W><W> नारायण </W><W> विहार </W><W> समेत </W><W> ऊंचे </W><W> अपार्टमेंट </W><W> और </W><W> फ्लैट </W></PLACE-ARG><W> में </W><W> रहने </W><W> वाले </W><W> लोगों </W><W> ने </W><NATURAL_EVENT ID="15" TYPE="EARTHQUAKE"><EVENT-COREF-LINK EVENT_ID="1" ID="50" TYPE_REL="EVENT_COREF"/><W> भूकंप </W><W> के </W><W> झटके </W></NATURAL_EVENT><W> महसूस </W><W> किए। </W><W> खबर </W><W> लिखे </W><W> जाने </W><W> तक </W><W> राजधानी </W><W> में </W><W> कहीं </W><W> भी </W><W> नुकसान </W><W> की </W><W> कोई </W><W> सूचना </W><W> नहीं </W><W> आई </W><W> थी। </W><W> वहीं, </W><PLACE-ARG ID="25"><LINK EVENT_ARG="14" ID="37" TYPE_REL="EVENT_ARG"/><W> श्रीनगर </W><W> गढ़वाल </W></PLACE-ARG><W> में </W><W> भी </W><NATURAL_EVENT ID="14" TYPE="EARTHQUAKE"><W> हल्का </W><W> झटका </W></NATURAL_EVENT><W> महसूस </W><W> किया </W><W> गया। </W><W> केंद्रीय </W><W> गढ़वाल </W><W> विवि </W><W> के </W><W> कर्मचारी </W><W> मनोज </W><W> रतूड़ी </W><W> और </W><W> श्रीनगर </W><W> निवासी </W><W> मोहन </W><W> कुमार </W><W> ने </W><W> बताया </W><W> कि </W><W> शाम </W><W> को </W><W> वह </W><W> अपने </W><W> ऑफिस </W><W> में </W><W> बैठे </W><W> थे। </W><W> इसी </W><W> दौरान </W><W> हल्की </W><W> सी </W><W> धरती </W><W> डोली। </W><W> जब </W><W> तक </W><W> कुछ </W><W> समझ </W><W> में </W><W> आता, </W><W> तब </W><W> तक </W><W> धरती </W><W> डोलना </W><W> बंद </W><W> हो </W><W> गया।  </W></P><P><W>   </W></P><P><PLACE-ARG ID="22"><LINK EVENT_ARG="16" ID="38" TYPE_REL="EVENT_ARG"/><W> श्रीनगर </W><W> गढ़वाल </W><W> क्षेत्र </W></PLACE-ARG><W> में </W><TIME-ARG ID="23"><LINK EVENT_ARG="16" ID="39" TYPE_REL="EVENT_ARG"/><W> बुधवार </W><W> अपराह्न </W><W> लगभग </W><W> 4.17 </W></TIME-ARG><W> बजे </W><W> हल्का </W><NATURAL_EVENT ID="16" TYPE="EARTHQUAKE"><W> भूकंप </W><W> का </W><W> झटका </W></NATURAL_EVENT><W> महसूस </W><W> किया </W><W> गया। </W><W> केंद्रीय </W><W> गढ़वाल </W><W> विवि </W><W> के </W><W> कर्मचारी </W><W> मनोज </W><W> रतूड़ी </W><W> और </W><W> श्रीनगर </W><W> निवासी </W><W> मोहन </W><W> कुमार </W><W> ने </W><W> बताया </W><W> कि </W><W> शाम </W><W> को </W><W> वह </W><W> अपने </W><W> ऑफिस </W><W> में </W><W> बैठे </W><W> थे। </W><W> इसी </W><W> दौरान </W><NATURAL_EVENT ID="17" TYPE="EARTHQUAKE"><EVENT-COREF-LINK EVENT_ID="16" ID="51" TYPE_REL="EVENT_COREF"/><W> हल्की </W><W> सी </W><W> धरती </W><W> डोली। </W></NATURAL_EVENT><W> जब </W><W> तक </W><W> कुछ </W><W> समझ </W><W> में </W><W> आता, </W><W> तब </W><W> तक </W><W> धरती </W><W> डोलना </W><W> बंद </W><W> हो </W><W> गया। </W><W> वहीं </W><NATURAL_EVENT ID="18" TYPE="EARTHQUAKE"><EVENT-COREF-LINK EVENT_ID="16" ID="52" TYPE_REL="EVENT_COREF"/><W> भूकंप </W><W> के </W><W> झटके </W></NATURAL_EVENT><W> के </W><W> बाद </W><AFTER_EFFECTS-ARG ID="41"><LINK EVENT_ARG="18" ID="42" TYPE_REL="EVENT_ARG"/><W> राजधानी </W><W> देहरादून </W><W> में </W><W> तेज </W><W> हवाएं </W><W> चलने </W><W> लगीं। </W></AFTER_EFFECTS-ARG><W> गढ़वाल </W><W> के </W><W> श्रीनगर </W><W> में </W><W> तेज </W><W> हवाओं </W><W> के </W><W> साथ </W><W> बारिश </W><W> और </W><W> ओलावृष्टि </W><W> हुई। </W></P><P><W> रिक्टर </W><W> स्केल </W><W> पर </W><NATURAL_EVENT ID="19" TYPE="EARTHQUAKE"><W> भूकंप </W><W> की </W><W> तीव्रता </W></NATURAL_EVENT><MAGNITUDE-ARG ID="20"><LINK EVENT_ARG="19" ID="44" TYPE_REL="EVENT_ARG"/><W> 6.2 </W></MAGNITUDE-ARG><W> मापी </W><W> गई </W><W> है। </W><W> फिलहाल </W><W> इन </W><W> झटकों </W><W> से </W><W> किसी </W><W> भी </W><W> तरह </W><W> के </W><W> जानमाल </W><W> के </W><W> नुकसान </W><W> की </W><W> कोई </W><W> खबर </W><W> नहीं </W><W> है। </W><PLACE-ARG ID="45"><LINK EVENT_ARG="19" ID="46" TYPE_REL="EVENT_ARG"/><W> दिल्ली-एनसीआर, </W><W> पंजाब, </W><W> हरियाणा, </W><W> जम्मू-कश्मीर, </W><W> उत्तराखंड, </W><W> हिमाचल </W><W> और </W><W> जम्मू-कश्मीर </W></PLACE-ARG><W> में </W><W> भी </W><W> महसूस </W><W> किए </W><W> गए। </W></P><P><W> अफगानिस्तान </W><W> और </W><W> ताजिकिस्तान </W><W> के </W><W> बॉर्डर </W><W> पर </W><W> भूकंप </W><W> का </W><W> केंद्र </W><W> बताया </W><W> जा </W><W> रहा </W><W> है। </W><W> रिक्टर </W><W> स्केल </W><W> पर </W><W> भूकंप </W><W> की </W><W> तीव्रता </W><W> 6.2 </W><W> मापी </W><W> गई </W><W> है। </W><W> जम्मू-कश्मीर </W><W> में </W><W> भी </W><W> भूकंप </W><W> के </W><W> झटके </W><W> महसूस </W><W> किए </W><W> गए </W><W> हैं। </W></P></DOCUMENT>