<?xml version="1.0" encoding="UTF-8"?>
<DOCUMENT><DESC/><DESC/><TIME>3327</TIME><P><PLACE-ARG ID="8"><LINK EVENT_ARG="0" ID="23" TYPE_REL="EVENT_ARG"/><W> झारखंड </W></PLACE-ARG><W> में </W><W> भी </W><W> महसूस </W><W> किए </W><W> गए </W><NATURAL_EVENT ID="0" TYPE="EARTHQUAKE"><W> भूकंप </W><W> के </W><W> झटके, </W></NATURAL_EVENT><W> घरों </W><W> से </W><W> बाहर </W><W> निकले </W><W> लोग </W></P><P><PLACE-ARG ID="9"><LINK EVENT_ARG="1" ID="24" TYPE_REL="EVENT_ARG"/><W> गोड्‌डा, </W><W> पथरगामा, </W><W> रांची </W></PLACE-ARG><W> में </W><W> लाेगों </W><W> ने </W><NATURAL_EVENT ID="1" TYPE="EARTHQUAKE"><EVENT-COREF-LINK EVENT_ID="0" ID="44" TYPE_REL="EVENT_COREF"/><W> भूकंप </W><W> के </W><W> हल्के </W><W> झटके </W></NATURAL_EVENT><W> महसूस </W><W> किए </W><W> गए। </W></P><P><PLACE-ARG ID="10"><LINK EVENT_ARG="11" ID="25" TYPE_REL="EVENT_ARG"/><W> रांची. </W></PLACE-ARG><NATURAL_EVENT ID="11" TYPE="EARTHQUAKE"><EVENT-COREF-LINK EVENT_ID="0" ID="43" TYPE_REL="EVENT_COREF"/><W> भूकंप </W><W> के </W><W> झटके </W></NATURAL_EVENT><TIME-ARG ID="12"><LINK EVENT_ARG="11" ID="26" TYPE_REL="EVENT_ARG"/><W> बुधवार </W><W> की </W><W> सुबह </W></TIME-ARG><PLACE-ARG ID="13"><LINK EVENT_ARG="11" ID="27" TYPE_REL="EVENT_ARG"/><W> झारखंड </W></PLACE-ARG><W> में </W><W> भी </W><W> महसूस </W><W> किए </W><W> गए। </W><PLACE-ARG ID="14"><LINK EVENT_ARG="2" ID="28" TYPE_REL="EVENT_ARG"/><W> जामताड़ा, </W><W> गोड्‌डा, </W><W> पथरगामा, </W><W> रांची </W></PLACE-ARG><W> में </W><W> लाेगों </W><W> ने </W><NATURAL_EVENT ID="2" TYPE="EARTHQUAKE"><EVENT-COREF-LINK EVENT_ID="0" ID="42" TYPE_REL="EVENT_COREF"/><W> भूकंप </W><W> के </W><W> हल्के </W><W> झटके </W></NATURAL_EVENT><W> महसूस </W><W> किया। </W><PLACE-ARG ID="15"><LINK EVENT_ARG="3" ID="29" TYPE_REL="EVENT_ARG"/><W> बिहार </W></PLACE-ARG><W> और </W><PLACE-ARG ID="16"><LINK EVENT_ARG="3" ID="30" TYPE_REL="EVENT_ARG"/><W> पश्चिम </W><W> बंगाल </W></PLACE-ARG><W> में </W><W> भी </W><NATURAL_EVENT ID="3" TYPE="EARTHQUAKE"><EVENT-COREF-LINK EVENT_ID="0" ID="41" TYPE_REL="EVENT_COREF"/><W> भूकंप </W><W> के </W><W> झटके </W></NATURAL_EVENT><W> आए </W><W> थे। </W><W> इसके </W><W> बाद </W><AFTER_EFFECTS-ARG ID="17"><LINK EVENT_ARG="3" ID="31" TYPE_REL="EVENT_ARG"/><W> लोग </W><W> घरों </W><W> से </W><W> बाहर </W><W> निकल </W><W> आए। </W></AFTER_EFFECTS-ARG><W> हालांकि </W><W> झारखंड </W><W> में </W><W> यह </W><NATURAL_EVENT ID="4" TYPE="EARTHQUAKE"><EVENT-COREF-LINK EVENT_ID="0" ID="39" TYPE_REL="EVENT_COREF"/><W> झटके </W></NATURAL_EVENT><W> काफी </W><W> कम </W><W> समय </W><W> के </W><W> लिए </W><W> महसूस </W><W> किए </W><W> गए। </W><NATURAL_EVENT ID="5" TYPE="EARTHQUAKE"><EVENT-COREF-LINK EVENT_ID="0" ID="40" TYPE_REL="EVENT_COREF"/><W> भूकंप </W></NATURAL_EVENT><W> का </W><W> केंद्र </W><EPICENTRE-ARG ID="18"><LINK EVENT_ARG="5" ID="32" TYPE_REL="EVENT_ARG"/><W> असम </W><W> का </W><W> कोकराझार </W></EPICENTRE-ARG><W> में </W><W> था, </W><W> जिसकी </W><MAGNITUDE-ARG ID="19"><LINK EVENT_ARG="5" ID="33" TYPE_REL="EVENT_ARG"/><W> तीव्रता </W><W> 5.5 </W></MAGNITUDE-ARG><W> मापी </W><W> गई </W><W> है। </W></P><P><W> जान-माल </W><W> का </W><W> नुकसान </W><W> नहीं </W></P><P><NATURAL_EVENT ID="20" TYPE="EARTHQUAKE"><EVENT-COREF-LINK EVENT_ID="0" ID="37" TYPE_REL="EVENT_COREF"/><W> भूकंप </W><W> के </W><W> झटके </W></NATURAL_EVENT><W> महसूस </W><W> होने </W><W> से </W><AFTER_EFFECTS-ARG ID="21"><LINK EVENT_ARG="20" ID="34" TYPE_REL="EVENT_ARG"/><W> लोगों </W><W> के </W><W> बीच </W><W> कुछ </W><W> देर </W><W> के </W><W> लिए </W><W> अफरातफरी </W><W> मच </W><W> गई। </W></AFTER_EFFECTS-ARG><AFTER_EFFECTS-ARG ID="22"><LINK EVENT_ARG="20" ID="35" TYPE_REL="EVENT_ARG"/><W> लोग </W><W> घरों </W><W> से </W><W> बाहर </W><W> निकल </W><NATURAL_EVENT ID="6" TYPE="EARTHQUAKE"><EVENT-COREF-LINK EVENT_ID="0" ID="38" TYPE_REL="EVENT_COREF"/><W> भूकंप </W></NATURAL_EVENT><W> से </W><W> जुड़े </W><W> अपने </W><W> अनुभव </W><W> शेयर </W><W> करते </W><W> नजर </W><W> आए। </W></AFTER_EFFECTS-ARG><W> हालांकि </W><NATURAL_EVENT ID="7" TYPE="EARTHQUAKE"><EVENT-COREF-LINK EVENT_ID="0" ID="36" TYPE_REL="EVENT_COREF"/><W> भूकंप </W><W> का </W><W> झटका </W></NATURAL_EVENT><W> काफी </W><W> हल्का </W><W> था। </W><W> इसलिए </W><W> किसी </W><W> भी </W><W> तरह </W><W> की </W><W> जान-माल </W><W> के </W><W> नुकसान </W><W> की </W><W> सूचना </W><W> नहीं </W><W> है। </W></P></DOCUMENT>