<?xml version="1.0" encoding="UTF-8"?>
<DOCUMENT><DESC/><DESC/><TIME>3272</TIME><P><PLACE-ARG ID="12"><LINK EVENT_ARG="0" ID="34" TYPE_REL="EVENT_ARG"/><W> जम्मू-कश्मीर </W></PLACE-ARG><W> में </W><NATURAL_EVENT ID="0" TYPE="EARTHQUAKE"><W> भूकंप </W></NATURAL_EVENT><W> के </W><W> तीन </W><W> झटके, </W><W> दहशत </W></P><P><TIME-ARG ID="13"><LINK EVENT_ARG="1" ID="35" TYPE_REL="EVENT_ARG"/><W> सोमवार </W><W> की </W><W> सुबह </W></TIME-ARG><PLACE-ARG ID="14"><LINK EVENT_ARG="1" ID="36" TYPE_REL="EVENT_ARG"/><W> जम्मू-कश्मीर </W><W> के </W><W> भद्रवाह </W></PLACE-ARG><W> में </W><W> एकबार </W><W> फिर </W><W> भूचाल </W><W> आने </W><W> से </W><NATURAL_EVENT ID="2" TYPE="EARTHQUAKE"><ASSOCIATED-EVENT-LINK EVENT_ID="1" ID="37" TYPE_REL="ASSOCIATED_EVENT"/><W> धरती </W><W> डोल </W><W> गयी। </W></NATURAL_EVENT><W> यहां </W><NATURAL_EVENT ID="1" TYPE="EARTHQUAKE"><EVENT-COREF-LINK EVENT_ID="0" ID="53" TYPE_REL="EVENT_COREF"/><W> भूकंप </W></NATURAL_EVENT><W> के </W><W> तीन </W><W> झटके </W><W> लगे। </W><W> पहला </W><NATURAL_EVENT ID="3" TYPE="EARTHQUAKE"><EVENT-COREF-LINK EVENT_ID="0" ID="54" TYPE_REL="EVENT_COREF"/><W> झटका </W></NATURAL_EVENT><TIME-ARG ID="15"><LINK EVENT_ARG="3" ID="38" TYPE_REL="EVENT_ARG"/><W> सुबह </W><W> के </W><W> 6:30 </W><W> बजे, </W></TIME-ARG><W> दूसरा </W><NATURAL_EVENT ID="4" TYPE="EARTHQUAKE"><EVENT-COREF-LINK EVENT_ID="0" ID="55" TYPE_REL="EVENT_COREF"/><W> झटका </W></NATURAL_EVENT><TIME-ARG ID="16"><LINK EVENT_ARG="4" ID="39" TYPE_REL="EVENT_ARG"/><W> 6:45 </W><W> बजे </W></TIME-ARG><W> और </W><W> तीसरा </W><NATURAL_EVENT ID="5" TYPE="EARTHQUAKE"><EVENT-COREF-LINK EVENT_ID="0" ID="56" TYPE_REL="EVENT_COREF"/><W> झटका </W></NATURAL_EVENT><TIME-ARG ID="17"><LINK EVENT_ARG="5" ID="40" TYPE_REL="EVENT_ARG"/><W> 6:48 </W><W> बजे </W></TIME-ARG><W> लगा।भूकंप </W><W> के </W><W> इन </W><NATURAL_EVENT ID="6" TYPE="EARTHQUAKE"><EVENT-COREF-LINK EVENT_ID="0" ID="57" TYPE_REL="EVENT_COREF"/><W> झटकों </W></NATURAL_EVENT><W> से </W><W> एक </W><W> बार </W><W> फिर </W><AFTER_EFFECTS-ARG ID="18"><LINK EVENT_ARG="6" ID="41" TYPE_REL="EVENT_ARG"/><W> लोगों </W><W> में </W><W> दहशत </W><W> फैल </W><W> गई </W></AFTER_EFFECTS-ARG><W> है। </W><W> इससे </W><W> पहले </W><W> इसी </W><W> माह </W><TIME-ARG ID="19"><LINK EVENT_ARG="7" ID="42" TYPE_REL="EVENT_ARG"/><W> शनिवार </W></TIME-ARG><W> को </W><NATURAL_EVENT ID="7" TYPE="EARTHQUAKE"><W> भूकंप </W></NATURAL_EVENT><W> के </W><W> झटके </W><W> लगे </W><W> थे। </W><W> जबकि </W><TIME-ARG ID="20"><LINK EVENT_ARG="7" ID="43" TYPE_REL="EVENT_ARG"/><W> मई </W><W> माह </W><W> में </W><W> पहली </W><W> तारीख </W></TIME-ARG><W> को </W><W> लगे </W><NATURAL_EVENT ID="8" TYPE="EARTHQUAKE"><W> भूकंप </W><W> के </W><W> झटकों </W></NATURAL_EVENT><W> से </W><AFTER_EFFECTS-ARG ID="21"><LINK EVENT_ARG="8" ID="44" TYPE_REL="EVENT_ARG"/><W> करोड़ों </W><W> का </W><W> नुकसान </W></AFTER_EFFECTS-ARG><W> हुआ </W><W> था। </W><W> प्राप्त </W><W> जानकारी </W><W> के </W><W> अनुसार, </W><TIME-ARG ID="22"><LINK EVENT_ARG="8" ID="45" TYPE_REL="EVENT_ARG"/><W> सोमवार </W><W> की </W><W> सुबह </W></TIME-ARG><W> लोगों </W><W> की </W><W> आंखें </W><W> अभी </W><W> पूरी </W><W> तरह </W><W> खुलीं </W><W> भी </W><W> नहीं </W><W> थीं </W><W> कि </W><W> करीब </W><TIME-ARG ID="24"><LINK EVENT_ARG="23" ID="46" TYPE_REL="EVENT_ARG"/><W> साढ़े </W><W> छह </W><W> बजे </W></TIME-ARG><W> अचानक </W><AFTER_EFFECTS-ARG ID="23"><W> धरती </W><W> डोलने </W><W> लगी। </W></AFTER_EFFECTS-ARG><W> कुछ </W><AFTER_EFFECTS-ARG ID="25"><LINK EVENT_ARG="23" ID="47" TYPE_REL="EVENT_ARG"/><W> लोग </W><W> तो </W><W> घबराकर </W><W> घरों </W><W> से </W><W> बाहर </W><W> निकल </W><W> आये। </W></AFTER_EFFECTS-ARG><W> इसके </W><W> ठीक </W><TIME-ARG ID="59"><LINK EVENT_ARG="9" ID="60" TYPE_REL="EVENT_ARG"/><W> 15 </W><W> मिनट </W><W> बाद </W><W> 6:45 </W><W> बजे </W></TIME-ARG><W> फिर </W><NATURAL_EVENT ID="9" TYPE="EARTHQUAKE"><W> भूकंप </W></NATURAL_EVENT><W> आया। </W><W> इसकी </W><W> तीव्रता </W><W> रिएक्टर </W><W> स्केल </W><W> पर </W><W> 3.5 </W><W> मापी </W><W> गयी। </W><W> इस </W><NATURAL_EVENT ID="10" TYPE="EARTHQUAKE"><W> झटके </W></NATURAL_EVENT><W> के </W><W> बाद </W><AFTER_EFFECTS-ARG ID="61"><LINK EVENT_ARG="10" ID="62" TYPE_REL="EVENT_ARG"/><W> तो </W><W> लोगों </W><W> बुरी </W><W> तरह </W><W> दहशत </W><W> में </W><W> आ </W><W> गए। </W></AFTER_EFFECTS-ARG><W> अभी </W><W> लोग </W><W> कुछ </W><W> और </W><W> सोच </W><W> पाते </W><W> कि </W><W> तीन </W><W> मिनट </W><W> बाद </W><TIME-ARG ID="26"><LINK EVENT_ARG="27" ID="48" TYPE_REL="EVENT_ARG"/><W> 6:48 </W></TIME-ARG><W> पर </W><W> एक </W><NATURAL_EVENT ID="27" TYPE="EARTHQUAKE"><W> झटका </W></NATURAL_EVENT><W> लगा। </W><W> इन </W><W> तीन </W><NATURAL_EVENT ID="29" TYPE="EARTHQUAKE"><EVENT-COREF-LINK EVENT_ID="0" ID="64" TYPE_REL="EVENT_COREF"/><W> झटकों </W></NATURAL_EVENT><W> के </W><W> बाद </W><AFTER_EFFECTS-ARG ID="28"><LINK EVENT_ARG="29" ID="49" TYPE_REL="EVENT_ARG"/><W> मकान </W><W> में </W><W> पड़ी </W><W> दरारें </W><W> और </W><W> चौड़ी </W><W> हो </W><W> गईं। </W></AFTER_EFFECTS-ARG><W> हालांकि </W><W> किसी </W><W> प्रकार </W><W> के </W><W> जानी </W><W> नुकसान </W><W> का </W><W> समाचार </W><W> नहीं </W><W> है।उल्लेखनीय </W><W> है </W><W> कि </W><TIME-ARG ID="31"><LINK EVENT_ARG="30" ID="50" TYPE_REL="EVENT_ARG"/><W> पिछले </W><W> शनिवार </W></TIME-ARG><W> को </W><W> भी </W><NATURAL_EVENT ID="30" TYPE="EARTHQUAKE"><EVENT-COREF-LINK EVENT_ID="7" ID="66" TYPE_REL="EVENT_COREF"/><W> भूकंप </W></NATURAL_EVENT><W> का </W><W> झटका </W><W> आया </W><W> था। </W><W> जबकि </W><TIME-ARG ID="32"><LINK EVENT_ARG="11" ID="51" TYPE_REL="EVENT_ARG"/><W> एक </W><W> मई </W><W> को </W></TIME-ARG><W> आये </W><NATURAL_EVENT ID="11" TYPE="EARTHQUAKE"><EVENT-COREF-LINK EVENT_ID="8" ID="65" TYPE_REL="EVENT_COREF"/><W> भूकंप </W></NATURAL_EVENT><W> के </W><W> झटकों </W><W> से </W><AFTER_EFFECTS-ARG ID="33"><LINK EVENT_ARG="11" ID="52" TYPE_REL="EVENT_ARG"/><W> भद्रवाह, </W><W> किश्तवाड़ </W><W> और </W><W> डोडा </W><W> इलाके </W><W> में </W><W> करोड़ों </W><W> का </W><W> नुकसान </W></AFTER_EFFECTS-ARG><W> हुआ </W><W> था। </W></P></DOCUMENT>