<?xml version="1.0" encoding="UTF-8"?>
<DOCUMENT><DESC/><DESC/><DESC/><DESC/><DESC/><DESC/><DESC/><DESC/><DESC/><DESC/><DESC/><DESC/><DESC/><TIME>20359</TIME><P><PLACE-ARG ID="0"><LINK EVENT_ARG="4" ID="32" TYPE_REL="EVENT_ARG"/><W> उत्तराखंड </W></PLACE-ARG><W> में </W><W> फिर </W><NATURAL_EVENT ID="4" TYPE="EARTHQUAKE"><W> हिली </W><W> धरती, </W></NATURAL_EVENT><W> लोगों </W><W> ने </W><W> महसूस </W><W> किए </W><NATURAL_EVENT ID="5" TYPE="EARTHQUAKE"><EVENT-COREF-LINK EVENT_ID="4" ID="53" TYPE_REL="EVENT_COREF"/><W> भूकंप </W><W> के </W><W> झटके </W></NATURAL_EVENT><W> | </W></P><P><PLACE-ARG ID="1"><LINK EVENT_ARG="6" ID="33" TYPE_REL="EVENT_ARG"/><W> उत्तरकाशी </W></PLACE-ARG><W> में </W><W> एक </W><W> बार </W><W> फिर </W><NATURAL_EVENT ID="6" TYPE="EARTHQUAKE"><EVENT-COREF-LINK EVENT_ID="4" ID="54" TYPE_REL="EVENT_COREF"/><W> भूकंप </W><W> के </W><W> झटके </W></NATURAL_EVENT><W> महसूस </W><W> किए </W><W> गए </W><W> हैं। </W></P><P><W> नई </W><W> दिल्ली। </W><W> उत्तराखंड </W><W> से </W><W> बड़ी </W><W> खबर </W><W> सामने </W><W> आ </W><W> रही </W><W> है। </W><PLACE-ARG ID="2"><LINK EVENT_ARG="7" ID="34" TYPE_REL="EVENT_ARG"/><W> उत्तरकाशी </W></PLACE-ARG><W> में </W><W> एक </W><W> बार </W><W> फिर </W><TIME-ARG ID="16"><LINK EVENT_ARG="7" ID="35" TYPE_REL="EVENT_ARG"/><W> मंगलवार </W></TIME-ARG><W> को </W><NATURAL_EVENT ID="7" TYPE="EARTHQUAKE"><EVENT-COREF-LINK EVENT_ID="4" ID="55" TYPE_REL="EVENT_COREF"/><W> भूकंप </W><W> के </W><W> झटके </W></NATURAL_EVENT><W> महसूस </W><W> किए </W><W> गए </W><W> हैं। </W><W> बताया </W><W> जा </W><W> रहा </W><W> है </W><W> कि </W><NATURAL_EVENT ID="8" TYPE="EARTHQUAKE"><EVENT-COREF-LINK EVENT_ID="4" ID="56" TYPE_REL="EVENT_COREF"/><W> भूकंप </W><W> के </W><W> झटके </W></NATURAL_EVENT><W> की </W><W> तीव्रता </W><W> रिक्टर </W><W> स्केल </W><W> पर </W><MAGNITUDE-ARG ID="17"><LINK EVENT_ARG="8" ID="36" TYPE_REL="EVENT_ARG"/><W> तीन </W></MAGNITUDE-ARG><W> मापी </W><W> गई </W><W> है। </W><W> हालांकि, </W><W> इस </W><W> दौरान </W><W> किसी </W><W> के </W><W> हताहत </W><W> होने </W><W> की </W><W> खबर </W><W> नहीं </W><W> है। </W></P><P><NATURAL_EVENT ID="9" TYPE="EARTHQUAKE"><W> भूकंप </W></NATURAL_EVENT><W> का </W><W> केन्द्र </W><EPICENTRE-ARG ID="19"><LINK EVENT_ARG="9" ID="37" TYPE_REL="EVENT_ARG"/><W> यमुना </W><W> नगर </W></EPICENTRE-ARG><W> | </W></P><P><W> जानकारी </W><W> के </W><W> मुताबिक, </W><PLACE-ARG ID="3"><LINK EVENT_ARG="11" ID="38" TYPE_REL="EVENT_ARG"/><W> उत्तरकाशी </W><W> के </W><W> बड़कोट </W><W> क्षेत्र </W></PLACE-ARG><W> में </W><TIME-ARG ID="15"><LINK EVENT_ARG="11" ID="39" TYPE_REL="EVENT_ARG"/><W> सुबह </W><W> करीब </W><W> 6.23 </W><W> बजे </W></TIME-ARG><NATURAL_EVENT ID="10" TYPE="EARTHQUAKE"><EVENT-COREF-LINK EVENT_ID="4" ID="57" TYPE_REL="EVENT_COREF"/><W> भूकंप </W><W> के </W><W> झटके </W></NATURAL_EVENT><W> महसूस </W><W> किए </W><W> गए। </W><NATURAL_EVENT ID="11" TYPE="EARTHQUAKE"><EVENT-COREF-LINK EVENT_ID="4" ID="58" TYPE_REL="EVENT_COREF"/><W> भूकंप </W><W> के </W><W> झटके </W></NATURAL_EVENT><W> महसूस </W><W> होने </W><W> पर </W><AFTER_EFFECTS-ARG ID="20"><LINK EVENT_ARG="11" ID="40" TYPE_REL="EVENT_ARG"/><W> लोग </W><W> घरों </W><W> से </W><W> बाहर </W><W> निकल </W><W> आए। </W></AFTER_EFFECTS-ARG><W> मौसम </W><W> विभाग </W><W> की </W><W> मानें </W><W> तो </W><W> लोगों </W><W> ने </W><W> ऐसा </W><W> महसूस </W><W> किया </W><W> है। </W><W> इस </W><NATURAL_EVENT ID="12" TYPE="EARTHQUAKE"><EVENT-COREF-LINK EVENT_ID="4" ID="59" TYPE_REL="EVENT_COREF"/><W> भूकंप </W></NATURAL_EVENT><W> का </W><W> केन्द्र </W><EPICENTRE-ARG ID="14"><LINK EVENT_ARG="12" ID="41" TYPE_REL="EVENT_ARG"/><W> हरियाणा </W><W> के </W><W> यमुना </W><W> नगर </W></EPICENTRE-ARG><W> दर्ज </W><W> किया </W><W> गया </W><W> है। </W><AFTER_EFFECTS-ARG ID="22"><LINK EVENT_ARG="12" ID="42" TYPE_REL="EVENT_ARG"/><W> घरों </W><W> से </W><W> बाहर </W><W> निकले </W><W> लोग </W></AFTER_EFFECTS-ARG></P><P><W> आईएमडी </W><W> की </W><W> मानें </W><W> तो </W><TIME-ARG ID="18"><LINK EVENT_ARG="13" ID="43" TYPE_REL="EVENT_ARG"/><W> सुबह </W></TIME-ARG><NATURAL_EVENT ID="13" TYPE="EARTHQUAKE"><EVENT-COREF-LINK EVENT_ID="4" ID="60" TYPE_REL="EVENT_COREF"/><W> भूकंप </W><W> के </W><W> झटके </W></NATURAL_EVENT><W> महसूस </W><W> होने </W><W> पर </W><AFTER_EFFECTS-ARG ID="21"><LINK EVENT_ARG="13" ID="44" TYPE_REL="EVENT_ARG"/><W> लोग </W><W> घरों </W><W> से </W><W> बाहर </W><W> निकल </W><W> आए। </W></AFTER_EFFECTS-ARG><W> जिला </W><W> आपदा </W><W> प्रबंधन </W><W> अधिकारी </W><W> देवेंद्र </W><W> पटवाल </W><W> ने </W><W> बताया </W><W> कि </W><TIME-ARG ID="23"><LINK EVENT_ARG="25" ID="45" TYPE_REL="EVENT_ARG"/><W> मंगलवार </W><W> सुबह </W></TIME-ARG><PLACE-ARG ID="24"><LINK EVENT_ARG="25" ID="46" TYPE_REL="EVENT_ARG"/><W> बड़कोट </W></PLACE-ARG><W> में </W><W> कुछ </W><W> लोगों </W><W> ने </W><NATURAL_EVENT ID="25" TYPE="EARTHQUAKE"><EVENT-COREF-LINK EVENT_ID="4" ID="61" TYPE_REL="EVENT_COREF"/><W> भूकंप </W><W> के </W><W> झटके </W></NATURAL_EVENT><W> महसूस </W><W> करने </W><W> की </W><W> सूचना </W><W> दी </W><W> है। </W><W> इसकी </W><W> जानकारी </W><W> आइएमडी </W><W> को </W><W> दी </W><W> है। </W><W> आइएमडी </W><W> द्वारा </W><W> अवगत </W><W> कराया </W><W> गया </W><W> है </W><W> कि </W><NATURAL_EVENT ID="30" TYPE="EARTHQUAKE"><EVENT-COREF-LINK EVENT_ID="4" ID="62" TYPE_REL="EVENT_COREF"/><W> भूकंप </W><W> के </W><W> झटके </W></NATURAL_EVENT><W> की </W><W> तीव्रता </W><W> रिक्टर </W><W> स्केल </W><W> पर </W><MAGNITUDE-ARG ID="29"><LINK EVENT_ARG="30" ID="48" TYPE_REL="EVENT_ARG"/><W> 3 </W></MAGNITUDE-ARG><W> मापी </W><W> गई </W><W> है। </W><W> इसका </W><W> केंद्र </W><EPICENTRE-ARG ID="28"><LINK EVENT_ARG="30" ID="47" TYPE_REL="EVENT_ARG"/><W> हरियाणा </W><W> के </W><W> यमुननगर </W></EPICENTRE-ARG><W> में </W><W> दर्ज </W><W> किया </W><W> गया। </W><W> यह </W><NATURAL_EVENT ID="27" TYPE="EARTHQUAKE"><EVENT-COREF-LINK EVENT_ID="5" ID="51" TYPE_REL="EVENT_COREF"/><W> झटका </W></NATURAL_EVENT><W> हल्का </W><W> होने </W><W> के </W><W> कारण </W><W> पहले </W><W> दर्ज </W><W> नहीं </W><W> हो </W><W> पाया </W><W> था। </W><W> आपदा </W><W> प्रबंधन </W><W> अधिकारी </W><W> ने </W><W> कहा </W><W> कि </W><W> जिले </W><W> में </W><W> भूकंप </W><W> से </W><W> किसी </W><W> भी </W><W> प्रकार </W><W> की </W><W> नुकसान </W><W> की </W><W> कोई </W><W> खबर </W><W> नहीं </W><W> है। </W><W> हालांकि, </W><NATURAL_EVENT ID="26" TYPE="EARTHQUAKE"><EVENT-COREF-LINK EVENT_ID="4" ID="52" TYPE_REL="EVENT_COREF"/><W> भूकंप </W><W> के </W><W> झटके </W></NATURAL_EVENT><W> जैसे </W><W> ही </W><AFTER_EFFECTS-ARG ID="31"><LINK EVENT_ARG="26" ID="49" TYPE_REL="EVENT_ARG"/><W> लोगों </W><W> ने </W><W> महसूस </W><W> किए, </W><W> सभी </W><W> घर </W><W> से </W><W> बाहर </W><W> निकल </W><W> गए </W><W> और </W><W> इधर-उधर </W><W> भागने </W><W> लगे। </W></AFTER_EFFECTS-ARG></P></DOCUMENT>