<?xml version="1.0" encoding="UTF-8"?>
<DOCUMENT><DESC/><DESC/><DESC/><TIME>6871</TIME><P><PLACE-ARG ID="0"><LINK EVENT_ARG="2" ID="21" TYPE_REL="EVENT_ARG"/><W> जयपुर </W><W> समेत </W><W> प्रदेश </W><W> के </W><W> कई </W><W> हिस्सों </W></PLACE-ARG><W> में </W><W> भी </W><W> लगे </W><NATURAL_EVENT ID="2" TYPE="EARTHQUAKE"><W> भूकम्प </W><W> के </W><W> ज़बरदस्त झटके </W></NATURAL_EVENT><W> | </W></P><P><PLACE-ARG ID="1"><LINK EVENT_ARG="3" ID="22" TYPE_REL="EVENT_ARG"/><W> राजधानी </W><W> जयपुर </W><W> समेत </W><W> प्रदेश </W><W> के </W><W> कई </W><W> हिस्सों </W></PLACE-ARG><W> में </W><W> भी </W><NATURAL_EVENT ID="3" TYPE="EARTHQUAKE"><EVENT-COREF-LINK EVENT_ID="2" ID="33" TYPE_REL="EVENT_COREF"/><W> भूकम्प </W><W> के </W><W> झटके </W></NATURAL_EVENT><W> महसूस </W><W> हुए। </W><NATURAL_EVENT ID="4" TYPE="EARTHQUAKE"><EVENT-COREF-LINK EVENT_ID="2" ID="34" TYPE_REL="EVENT_COREF"/><W>  भूकम्प </W><W> के </W><W> झटके </W></NATURAL_EVENT><W> काफी </W><W> देर </W><W> तक </W><W> महसूस </W><W> हुए। ख़ौफ़ज़दा </W><AFTER_EFFECTS-ARG ID="6"><LINK EVENT_ARG="5" ID="23" TYPE_REL="EVENT_ARG"/><W> लोग </W><W> अपने घरों </W><W> और </W><W> प्रतिष्ठानों </W><W> से </W><W> बाहर </W><W> निकल </W><W> आये। </W></AFTER_EFFECTS-ARG><NATURAL_EVENT ID="5" TYPE="EARTHQUAKE"><EVENT-COREF-LINK EVENT_ID="2" ID="35" TYPE_REL="EVENT_COREF"/><W>  भूकम्प </W></NATURAL_EVENT><W> करीब </W><TIME-ARG ID="7"><LINK EVENT_ARG="5" ID="24" TYPE_REL="EVENT_ARG"/><W> दो </W><W> बजकर </W><W> 43 </W><W> मिनिट </W><W> के </W><W> करीब </W></TIME-ARG><W> लगे।  </W></P><P><PLACE-ARG ID="8"><LINK EVENT_ARG="9" ID="25" TYPE_REL="EVENT_ARG"/><W> राजधानी </W><W> जयपुर </W><W> समेत </W><W> प्रदेश </W><W> के </W><W> कई </W><W> हिस्सों </W></PLACE-ARG><W> में </W><W> भी </W><NATURAL_EVENT ID="9" TYPE="EARTHQUAKE"><EVENT-COREF-LINK EVENT_ID="2" ID="37" TYPE_REL="EVENT_COREF"/><W> भूकम्प </W><W> के </W><W> झटके </W></NATURAL_EVENT><W> महसूस </W><W> हुए। </W><NATURAL_EVENT ID="10" TYPE="EARTHQUAKE"><EVENT-COREF-LINK EVENT_ID="2" ID="38" TYPE_REL="EVENT_COREF"/><W>  भूकम्प </W><W> के </W><W> झटके </W></NATURAL_EVENT><W> काफी </W><W> देर </W><W> तक </W><W> महसूस </W><W> हुए। ख़ौफ़ज़दा </W><AFTER_EFFECTS-ARG ID="11"><LINK EVENT_ARG="10" ID="26" TYPE_REL="EVENT_ARG"/><W> लोग </W><W> अपने घरों </W><W> और </W><W> प्रतिष्ठानों </W><W> से </W><W> बाहर </W><W> निकल </W><W> आये। </W></AFTER_EFFECTS-ARG><NATURAL_EVENT ID="13" TYPE="EARTHQUAKE"><EVENT-COREF-LINK EVENT_ID="2" ID="36" TYPE_REL="EVENT_COREF"/><W>  भूकम्प </W></NATURAL_EVENT><W> करीब </W><TIME-ARG ID="12"><LINK EVENT_ARG="13" ID="27" TYPE_REL="EVENT_ARG"/><W> दो </W><W> बजकर </W><W> 43 </W><W> मिनिट </W></TIME-ARG><W> के </W><W> करीब </W><W> लगे। संभवतया </W><W> ये </W><W> पहली </W><W> बार </W><W> है </W><W> जब </W><W> राजधानी </W><W> के </W><W> लोगों </W><W> को इतनी </W><W> देर </W><W> तक </W><W> ज़ोरदार </W><W> कंपन </W><W> महसूस </W><W> हुए </W><W> हैं। </W><W> अभी </W><W> तक </W><W> कहीं </W><W> से </W><W> किसी </W><W> तरह </W><W> के </W><W> जान-माल </W><W> के </W><W> नुकसान </W><W> की </W><W> सूचना </W><W> नहीं </W><W> है। </W><W>  लोगों </W><W> ने </W><W> किया </W><W> अपने </W><W> परिवारजनों-परिचितों </W><W> को </W><W> फोन भूकम्प </W><W> के </W><W> झटके </W><W> महसूस </W><W> होने </W><W> से </W><W> घबराये </W><W> लोगों </W><W> ने </W><W> अपने </W><W> परिवारजनों </W><W> और </W><W> परिचितों </W><W> को </W><W> फोन </W><W> कर </W><W> हाल </W><W> चाल </W><W> पूछे। </W><W>   </W><W>   </W><W>   </W><W>  VIDEO: </W><PLACE-ARG ID="16"><LINK EVENT_ARG="17" ID="28" TYPE_REL="EVENT_ARG"/><W> राजस्थान-दिल्ली </W><W> समेत </W><W> पूरे </W><W> उत्तर </W><W> भारत </W></PLACE-ARG><W> में </W><MAGNITUDE-ARG ID="14"><LINK EVENT_ARG="17" ID="29" TYPE_REL="EVENT_ARG"/><W> 7.5 </W><W> तीव्रता </W></MAGNITUDE-ARG><W> का </W><NATURAL_EVENT ID="17" TYPE="EARTHQUAKE"><EVENT-COREF-LINK EVENT_ID="2" ID="40" TYPE_REL="EVENT_COREF"/><W> भूकंप, </W></NATURAL_EVENT><W> तेज </W><W> झटकों </W><W> से </W><W> सहमे </W><W> लोग </W><W> जयपुर </W><W> मेट्रों में </W><W> भी </W><W> लगे </W><W> झटकेदिल्ली-एनसीआर </W><W> में </W><W> भूकंप </W><W> के </W><W> तेज </W><W> झटके </W><W> लगने </W><W> के </W><W> साथ </W><W> ही </W><PLACE-ARG ID="15"><LINK EVENT_ARG="18" ID="31" TYPE_REL="EVENT_ARG"/><W> राजधानी </W><W> जयपुर </W><W> में </W><W> जयपुर </W><W> मेट्रों में </W></PLACE-ARG><W> भी भी </W><NATURAL_EVENT ID="18" TYPE="EARTHQUAKE"><EVENT-COREF-LINK EVENT_ID="2" ID="39" TYPE_REL="EVENT_COREF"/><W> झटके </W></NATURAL_EVENT><W> लगे </W><W> है </W><W> । </W><NATURAL_EVENT ID="20" TYPE="EARTHQUAKE"><EVENT-COREF-LINK EVENT_ID="2" ID="32" TYPE_REL="EVENT_COREF"/><W> भूकंप </W></NATURAL_EVENT><W> आने </W><W> के </W><W> साथ </W><W> ही </W><AFTER_EFFECTS-ARG ID="19"><LINK EVENT_ARG="20" ID="30" TYPE_REL="EVENT_ARG"/><W> जयपुर </W><W> मेट्रों </W><W> को </W><W> करीब दस मिनट </W><W> के </W><W> लिए </W><W> रोक </W><W> दिया। </W></AFTER_EFFECTS-ARG><W> इसके </W><W> बाद </W><W> पहली </W><W> ट्रेन </W><W> को </W><W> दस </W><W> मिटन </W><W> बाद </W><W> 20 </W><W> किमी </W><W> प्रतिघंटे </W><W> के </W><W> हिसाब </W><W> से </W><W> चलाई </W><W> गई </W><W> । जो </W><W> लोग </W><W> जयपुर </W><W> मेट्रो </W><W> में </W><W> सफर </W><W> कर </W><W> रहे </W><W> थे </W><W> इन </W><W> झटकों </W><W> के </W><W> साथ </W><W> उनकी </W><W> सांसे </W><W> भी </W><W> लगभग </W><W> थम </W><W> सी </W><W> गई </W><W> । </W><W> भूकंप </W><W> के </W><W> झटके </W><W> महसूस </W><W> होने </W><W> के </W><W> साथ </W><W> जयपुर </W><W> मेट्रों </W><W> की </W><W> सभी </W><W> ट्रेनों </W><W> को </W><W> यथास्थिती </W><W> मे </W><W> रोक </W><W> दिया </W><W> जाता </W><W> है </W><W> । </W><W> भूकंप </W><W> के </W><W> दौरान </W><W> करीब </W><W> दस </W><W> मिनट </W><W> तक </W><W> मेट्रो </W><W> ट्रेन </W><W> का </W><W> सफर </W><W> बंद </W><W> हो </W><W> जाता </W><W> है </W><W> । Video: </W><W> भूकंप </W><W> के </W><W> झटके </W><W> से </W><W> हिला </W><W> समूचा </W><W> अलवर </W><W> जिला, </W><W> आफिस </W><W> और </W><W> घर </W><W> हुए </W><W> खालीभूकंप </W><W> के </W><W> बाद </W><W> जयपुर </W><W> मेट्रों </W><W> के </W><W> सीएमडी </W><W> निहालचंद </W><W> गोयल </W><W> ने </W><W> जानकारी </W><W> देते </W><W> हुए </W><W> बताया </W><W> कि </W><W> जयपुर </W><W> मेट्रो </W><W> अपनी </W><W> ऊंचाई </W><W> के </W><W> लिए </W><W> फेमस </W><W> है </W><W> लेकिन </W><W> भूकंप </W><W> के </W><W> समय </W><W> में </W><W> किसी </W><W> अनहोनी </W><W> से </W><W> बचने </W><W> के </W><W> लिए </W><W> मेट्रो </W><W> को </W><W> 10 </W><W> मिनट </W><W> के </W><W> लिए </W><W> यथास्थिती </W><W> मे </W><W> रोक </W><W> दिया </W><W> जाता </W><W> है </W><W> । </W><W> इसके </W><W> बाद </W><W> पहली </W><W> ट्रेन </W><W> 20 </W><W> किलोमीटर </W><W> प्रतिघंटे </W><W> के </W><W> हिसाब </W><W> से </W><W> सभी </W><W> मेट्रो </W><W> स्टेशनों </W><W> से </W><W> गुजरेंगी </W><W> । </W></P></DOCUMENT>