<?xml version="1.0" encoding="UTF-8"?>
<DOCUMENT><DESC/><DESC/><TIME>6600</TIME><P><PLACE-ARG ID="7"><LINK EVENT_ARG="1" ID="15" TYPE_REL="EVENT_ARG"/><W> दिल्ली-एनसीआर </W><W> समेत </W><W> उत्तर </W><W> भारत </W></PLACE-ARG><W> में </W><NATURAL_EVENT ID="1" TYPE="EARTHQUAKE"><W> भूकंप </W></NATURAL_EVENT><W> के </W><W> हल्के </W><W> झटके, </W><EPICENTRE-ARG ID="8"><LINK EVENT_ARG="1" ID="16" TYPE_REL="EVENT_ARG"/><W> हरियाणा </W><W> के </W><W> सोनीपत </W></EPICENTRE-ARG><W> में </W><W> था </W><W> केंद्र </W></P><P><NATURAL_EVENT ID="0" TYPE="EARTHQUAKE"><EVENT-COREF-LINK EVENT_ID="1" ID="26" TYPE_REL="EVENT_COREF"/><W> भूकंप </W></NATURAL_EVENT><W> की </W><W> तीव्रता </W><W> रिक्टर </W><W> पैमाने </W><W> पर </W><MAGNITUDE-ARG ID="9"><LINK EVENT_ARG="0" ID="17" TYPE_REL="EVENT_ARG"/><W> 4.0 </W></MAGNITUDE-ARG><W> मापी </W><W> गई। </W></P><P><PLACE-ARG ID="12"><LINK EVENT_ARG="0" ID="18" TYPE_REL="EVENT_ARG"/><W> नई </W><W> दिल्ली. </W><W> दिल्ली-एनसीआर </W><W> समेत </W><W> उत्तर </W><W> भारत </W><W> के </W><W> राज्यों </W></PLACE-ARG><W> में </W><TIME-ARG ID="13"><LINK EVENT_ARG="0" ID="19" TYPE_REL="EVENT_ARG"/><W> रविवार </W><W> दोपहर </W><W> करीब </W><W> साढ़े </W><W> तीन </W><W> बजे </W></TIME-ARG><NATURAL_EVENT ID="2" TYPE="EARTHQUAKE"><EVENT-COREF-LINK EVENT_ID="1" ID="25" TYPE_REL="EVENT_COREF"/><W> भूकंप </W></NATURAL_EVENT><W> के </W><W> हल्के </W><W> झटके </W><W> महसूस </W><W> किए </W><W> गए। </W><W> न्यूज </W><W> एजेंसी </W><W> के </W><W> मुताबिक, </W><W> भूकंप </W><W> का </W><W> केंद्र </W><EPICENTRE-ARG ID="11"><LINK EVENT_ARG="2" ID="20" TYPE_REL="EVENT_ARG"/><W> हरियाणा </W><W> के </W><W> सोनीपत </W></EPICENTRE-ARG><W> में </W><W> था </W><W> और </W><W> उसकी </W><W> तीव्रता </W><W> रिक्टर </W><W> पैमाने </W><W> पर </W><MAGNITUDE-ARG ID="10"><LINK EVENT_ARG="2" ID="21" TYPE_REL="EVENT_ARG"/><W> 4.0 </W></MAGNITUDE-ARG><W> मापी </W><W> गई। </W><W> अब </W><W> तक </W><W> किसी </W><W> तरह </W><W> के </W><W> जान-माल </W><W> के </W><W> नुकसान </W><W> की </W><W> खबर </W><W> नहीं </W><W> है। </W><W> अचानक </W><W> धरती </W><W> कांपने </W><W> से </W><W> लोग </W><W> दहशत </W><W> में </W><W> आ </W><W> गए </W><W> और </W><W> सोशल </W><W> मीडिया </W><W> पर </W><W> अपने </W><W> अनुभव </W><W> साझा </W><W> किए। </W></P><P><W> गौरव </W><W> श्रीवास्तव </W><W> ने </W><W> ट्विटर </W><W> पर </W><W> लिखा- </W><W> यह </W><W> पहले </W><W> के </W><W> जैसा </W><NATURAL_EVENT ID="3" TYPE="EARTHQUAKE"><W> भूकंप </W></NATURAL_EVENT><W> था, </W><W> मुझे </W><W> जोर </W><W> के </W><W> झटके </W><W> महसूस </W><W> हुए। </W><W> सबकी </W><W> सलामती </W><W> की </W><W> दुआ </W><W> करता </W><W> हूं। </W><W> गार्गी </W><W> ने </W><W> लिखा- </W><W> मैं </W><W> पहली </W><W> मंजिल </W><W> पर </W><W> कमरे </W><W> में </W><W> पढ़ाई </W><W> कर </W><W> रही </W><W> थी, </W><NATURAL_EVENT ID="4" TYPE="EARTHQUAKE"><EVENT-COREF-LINK EVENT_ID="1" ID="24" TYPE_REL="EVENT_COREF"/><W> भूकंप </W></NATURAL_EVENT><W> की </W><W> वजह </W><W> से </W><W> अचानक </W><W> बेड </W><W> हिलने </W><W> लगा। </W><W> बाद </W><W> में </W><W> सुना </W><W> कि </W><MAGNITUDE-ARG ID="14"><LINK EVENT_ARG="5" ID="22" TYPE_REL="EVENT_ARG"/><W> 6.0 </W><W> तीव्रता </W></MAGNITUDE-ARG><W> का </W><NATURAL_EVENT ID="5" TYPE="EARTHQUAKE"><EVENT-COREF-LINK EVENT_ID="1" ID="23" TYPE_REL="EVENT_COREF"/><W> भूकंप </W></NATURAL_EVENT><W> आया </W><W> था। </W><W> शैलजा </W><W> वर्मा </W><W> ने </W><W> लिखा- </W><W> मैंने </W><W> ऑफिस </W><W> में </W><NATURAL_EVENT ID="6" TYPE="EARTHQUAKE"><W> झटके </W></NATURAL_EVENT><W> महसूस </W><W> किए। </W><W> बिल्डिंग </W><W> से </W><W> नीचे </W><W> जाने </W><W> से </W><W> पहले </W><W> ट्विटर </W><W> चेक </W><W> किया। </W><W> मुकेश </W><W> ने </W><W> कहा </W><W> कि </W><W> ऐसा </W><W> लगा </W><W> कि </W><W> कोई </W><W> मेरा </W><W> बेड </W><W> हिला </W><W> रहा </W><W> है, </W><W> ट्विटर </W><W> देखने </W><W> पर </W><W> भूकंप </W><W> का </W><W> पता </W><W> चला। </W></P></DOCUMENT>