<?xml version="1.0" encoding="UTF-8"?>
<DOCUMENT><DESC/><DESC/><TIME>259</TIME><P><MAGNITUDE-ARG ID="3"><LINK EVENT_ARG="0" ID="8" TYPE_REL="EVENT_ARG"/><W> 6.7 </W><W> तीव्रता </W></MAGNITUDE-ARG><W> के </W><NATURAL_EVENT ID="0" TYPE="EARTHQUAKE"><W> भूकंप </W><W> के </W><W> झटकों </W></NATURAL_EVENT><W> से </W><W> कांपा </W><W> फिजी </W><W> का </W><W> शहर </W><PLACE-ARG ID="5"><LINK EVENT_ARG="0" ID="11" TYPE_REL="EVENT_ARG"/><W> लंबासा </W></PLACE-ARG><W> ।  </W></P><P><PLACE-ARG ID="6"><LINK EVENT_ARG="1" ID="9" TYPE_REL="EVENT_ARG"/><W> दक्षिणी </W><W> प्रशांत </W><W> महासागर </W><W> में </W><W> स्थित </W><W> फिजी </W><W> के </W><W> लंबासा </W><W> शहर </W></PLACE-ARG><W> में </W><MAGNITUDE-ARG ID="4"><LINK EVENT_ARG="1" ID="10" TYPE_REL="EVENT_ARG"/><W> 6.7 </W><W> तीव्रता </W></MAGNITUDE-ARG><W> के </W><NATURAL_EVENT ID="1" TYPE="EARTHQUAKE"><EVENT-COREF-LINK EVENT_ID="0" ID="14" TYPE_REL="EVENT_COREF"/><W> भूकंप </W><W> के </W><W> तेज </W><W> झटके </W></NATURAL_EVENT><W> महसूस </W><W> किए </W><W> गए। </W><W> संयुक्त </W><W> राष्ट्र </W><W> भूवैज्ञानिक </W><W> सर्वेक्षण </W><W> के </W><W> मुताबिक </W><TIME-ARG ID="7"><LINK EVENT_ARG="1" ID="12" TYPE_REL="EVENT_ARG"/><W> रात </W><W> करीब </W><W> 8.25 </W><W> बजे </W></TIME-ARG><NATURAL_EVENT ID="2" TYPE="EARTHQUAKE"><EVENT-COREF-LINK EVENT_ID="0" ID="13" TYPE_REL="EVENT_COREF"/><W> भूकंप </W><W> के </W><W> झटके </W></NATURAL_EVENT><W> आए।  </W></P><P><W> फिलहाल </W><W> अभी </W><W> तकभूकंप </W><W> की </W><W> वजह </W><W> से </W><W> किसी </W><W> प्रकार </W><W> के </W><W> नुकसान </W><W> की </W><W> सूचना </W><W> नहीं </W><W> है </W><W> और </W><W> न </W><W> ही </W><W> सूनामी </W><W> के </W><W> बारे </W><W> में </W><W> कोई </W><W> सूचना </W><W> जारी </W><W> की </W><W> गई </W><W> है।  </W></P></DOCUMENT>