<?xml version="1.0" encoding="UTF-8"?>
<DOCUMENT><DESC/><TIME>287</TIME><P><NATURAL_EVENT ID="0" TYPE="EARTHQUAKE"><W> भूकंप </W><W> के </W><W> तेज </W><W> झटकों </W></NATURAL_EVENT><W> से </W><W> हिला </W><PLACE-ARG ID="5"><LINK EVENT_ARG="0" ID="15" TYPE_REL="EVENT_ARG"/><W> हिमाचल </W><W> प्रदेश </W></PLACE-ARG></P><P><PLACE-ARG ID="6"><LINK EVENT_ARG="1" ID="16" TYPE_REL="EVENT_ARG"/><W> हिमाचल </W><W> प्रदेश </W><W> के </W><W> कुछ </W><W> हिस्सों </W></PLACE-ARG><W> में </W><TIME-ARG ID="7"><LINK EVENT_ARG="1" ID="17" TYPE_REL="EVENT_ARG"/><W> शनिवार </W><W> की </W><W> सुबह </W></TIME-ARG><NATURAL_EVENT ID="1" TYPE="EARTHQUAKE"><EVENT-COREF-LINK EVENT_ID="0" ID="11" TYPE_REL="EVENT_COREF"/><W> भूकंप </W><W> के </W><W> झटके </W></NATURAL_EVENT><W> महसूस </W><W> किए </W><W> गए। </W><W> रिक्टर </W><W> स्केल </W><W> पर </W><NATURAL_EVENT ID="2" TYPE="EARTHQUAKE"><EVENT-COREF-LINK EVENT_ID="0" ID="12" TYPE_REL="EVENT_COREF"/><W> भूकंप </W></NATURAL_EVENT><W> की </W><W> तीव्रता </W><MAGNITUDE-ARG ID="8"><LINK EVENT_ARG="2" ID="18" TYPE_REL="EVENT_ARG"/><W> 4.6 </W></MAGNITUDE-ARG><W> मापी </W><W> गई </W><W> है। </W><NATURAL_EVENT ID="3" TYPE="EARTHQUAKE"><EVENT-COREF-LINK EVENT_ID="0" ID="13" TYPE_REL="EVENT_COREF"/><W> भूकंप </W><W> के </W><W> झटके </W></NATURAL_EVENT><TIME-ARG ID="9"><LINK EVENT_ARG="3" ID="19" TYPE_REL="EVENT_ARG"/><W> सुबह </W><W> तकरीबन </W><W> 6.45 </W><W> बजे </W></TIME-ARG><W> के </W><W> आसपास </W><W> महसूस </W><W> किए </W><NATURAL_EVENT ID="4" TYPE="EARTHQUAKE"><EVENT-COREF-LINK EVENT_ID="0" ID="14" TYPE_REL="EVENT_COREF"/><W> गए, भूकंप </W></NATURAL_EVENT><W> का </W><W> केंद्र </W><EPICENTRE-ARG ID="10"><LINK EVENT_ARG="4" ID="20" TYPE_REL="EVENT_ARG"/><W> हिमाचल </W><W> प्रदेश </W><W> के </W><W> कूल्लू </W></EPICENTRE-ARG><W> में </W><W> था। </W><W> हालांकि </W><W> अब </W><W> तक </W><W> किसी </W><W> जानमाल </W><W> के </W><W> हताहत </W><W> होने </W><W> की </W><W> खबर </W><W> नहीं </W><W> है।  </W></P></DOCUMENT>