<?xml version="1.0" encoding="UTF-8"?>
<DOCUMENT><DESC/><DESC/><TIME>650</TIME><P><NATURAL_EVENT ID="0" TYPE="EARTHQUAKE"><W> भूकंप </W><W> के </W><W> झटकों </W></NATURAL_EVENT><W> से </W><AFTER_EFFECTS-ARG ID="2"><LINK EVENT_ARG="0" ID="16" TYPE_REL="EVENT_ARG"/><W> हिले </W><W> पंजाब </W><W> के </W><W> कई </W><W> इलाके, </W><W> लोगों </W><W> में </W><W> दहशत </W></AFTER_EFFECTS-ARG></P><P><PLACE-ARG ID="3"><LINK EVENT_ARG="1" ID="17" TYPE_REL="EVENT_ARG"/><W> फिरोजपुर </W></PLACE-ARG><W> में </W><NATURAL_EVENT ID="1" TYPE="EARTHQUAKE"><EVENT-COREF-LINK EVENT_ID="0" ID="27" TYPE_REL="EVENT_COREF"/><W> भूकंप </W><W> के </W><W> झटकों </W></NATURAL_EVENT><W> के </W><W> बाद </W><AFTER_EFFECTS-ARG ID="4"><LINK EVENT_ARG="1" ID="18" TYPE_REL="EVENT_ARG"/><W> पूरे </W><W> क्षेत्र </W><W> में </W><W> अफरातफरी </W><W> मच </W><W> गई। </W></AFTER_EFFECTS-ARG><AFTER_EFFECTS-ARG ID="5"><LINK EVENT_ARG="1" ID="19" TYPE_REL="EVENT_ARG"/><W> लोग </W><W> घरों </W><W> से </W><W> निकलकर </W><W> सड़कों </W><W> व </W><W> गलियों </W><W> में </W><W> आ </W><W> गए। </W></AFTER_EFFECTS-ARG><W> कई </W><AFTER_EFFECTS-ARG ID="6"><LINK EVENT_ARG="1" ID="20" TYPE_REL="EVENT_ARG"/><W> पुरानी </W><W> इमारतों </W><W> में </W><W> दरारें </W><W> पड़ </W><W> गई।  </W></AFTER_EFFECTS-ARG></P><P><W> फिरोजपुर </W><W> निवासी </W><W> प्रवीण, </W><W> हर्ष </W><W> कुमार, </W><W> मंजू, </W><W> निशा </W><W> व </W><W> रमेश </W><W> कुमार </W><W> ने </W><W> बताया </W><W> कि </W><W> शाम </W><W> के </W><W> समय </W><W> घर </W><W> में </W><W> बैठे </W><W> चाय </W><W> पी </W><W> रहे </W><W> थे </W><W> कि </W><NATURAL_EVENT ID="7" TYPE="EARTHQUAKE"><EVENT-COREF-LINK EVENT_ID="1" ID="26" TYPE_REL="EVENT_COREF"/><W> भूकंप </W></NATURAL_EVENT><W> के </W><W> जबरदस्त </W><W> झटके </W><W> के </W><W> कारण </W><W> गली </W><W> में </W><W> निकल </W><W> कर </W><W> खड़े </W><W> हो </W><W> गए। </W><W> विकास </W><W> कालोनी, </W><W> रिखी </W><W> कालोनी, </W><W> फिरोजपुर </W><W> छावनी </W><W> व </W><W> शहर </W><W> के </W><W> लोग </W><W> घरों </W><W> से </W><W> निकल </W><W> कर </W><W> सड़कों, </W><W> पार्क </W><W> व </W><W> गलियों </W><W> में </W><W> आ </W><W> गए। </W></P><P><W> संतोष </W><W> कुमार </W><W> ने </W><W> बताया </W><W> कि </W><NATURAL_EVENT ID="8" TYPE="EARTHQUAKE"><EVENT-COREF-LINK EVENT_ID="0" ID="25" TYPE_REL="EVENT_COREF"/><W> झटकों </W></NATURAL_EVENT><W> से </W><W> घर </W><W> का </W><W> सामान </W><W> गिर </W><W> गया। </W><W> फिरोजपुर </W><W> छावनी </W><W> निवासी </W><W> राजा </W><W> ने </W><W> बताया </W><W> कि </W><W> वह </W><W> दुकान </W><W> में </W><W> बैठा </W><W> काम </W><W> कर </W><W> रहा </W><W> था। </W><NATURAL_EVENT ID="9" TYPE="EARTHQUAKE"><EVENT-COREF-LINK EVENT_ID="0" ID="24" TYPE_REL="EVENT_COREF"/><W> भूकंप </W></NATURAL_EVENT><W> आने </W><AFTER_EFFECTS-ARG ID="11"><LINK EVENT_ARG="9" ID="21" TYPE_REL="EVENT_ARG"/><W> दुकान </W><W> का </W><W> सामान </W><W> गिर </W><W> गया। </W></AFTER_EFFECTS-ARG><W> सुखदेव </W><W> सिंह </W><W> ने </W><W> बताया </W><W> कि </W><W> उसके </W><AFTER_EFFECTS-ARG ID="12"><LINK EVENT_ARG="10" ID="22" TYPE_REL="EVENT_ARG"/><W> घर </W><W> की </W><W> दीवार </W><W> पर </W><NATURAL_EVENT ID="10" TYPE="EARTHQUAKE"><EVENT-COREF-LINK EVENT_ID="0" ID="23" TYPE_REL="EVENT_COREF"/><W> भूकंप </W></NATURAL_EVENT><W> के </W><W> कारण </W><W> दरार </W><W> पड़ </W><W> गई। </W></AFTER_EFFECTS-ARG></P><P><W> मुक्तसर </W><W> में </W><W> विभिन्न </W><W> जगहों </W><W> पर </W><NATURAL_EVENT ID="14" TYPE="EARTHQUAKE"><EVENT-COREF-LINK EVENT_ID="0" ID="28" TYPE_REL="EVENT_COREF"/><W> भूकंप </W><W> के </W><W> झटके </W></NATURAL_EVENT><W> महसूस </W><W> करते </W><W> ही </W><AFTER_EFFECTS-ARG ID="13"><LINK EVENT_ARG="14" ID="31" TYPE_REL="EVENT_ARG"/><W> लोग </W><W> घरों </W><W> से </W><W> बाहर </W></AFTER_EFFECTS-ARG><W> आ </W><W> गए। </W><W> यह </W><NATURAL_EVENT ID="15" TYPE="EARTHQUAKE"><EVENT-COREF-LINK EVENT_ID="0" ID="29" TYPE_REL="EVENT_COREF"/><W> झटका </W></NATURAL_EVENT><W> एक </W><W> साथ </W><W> दो </W><W> बार </W><W> महसूस </W><W> हुआ। </W><W> ऐसे </W><W> में </W><W> घबराए </W><W> ज्यादातर </W><W> लोग </W><W> घरों </W><W> से </W><W> बाहर </W><W> निकल </W><W> आए। </W></P></DOCUMENT>