<?xml version="1.0" encoding="UTF-8"?>
<DOCUMENT><DESC/><DESC/><DESC/><TIME>13082</TIME><P><PLACE-ARG ID="0"><LINK EVENT_ARG="1" ID="17" TYPE_REL="EVENT_ARG"/><W> राजस्थान </W></PLACE-ARG><W> में </W><NATURAL_EVENT ID="1" TYPE="EARTHQUAKE"><W> भूकंप </W><W> के </W><W> झटके! </W></NATURAL_EVENT><W> पुष्टि </W><W> के </W><W> लिए </W><W> अफसरों </W><W> के </W><W> पास </W><W> घनघनाने </W><W> लगे </W><W> फोन </W><W> | </W></P><P><W> बताया </W><W> जा </W><W> रहा </W><W> है </W><W> कि </W><TIME-ARG ID="9"><LINK EVENT_ARG="2" ID="18" TYPE_REL="EVENT_ARG"/><W> आज </W><W> सुबह </W></TIME-ARG><PLACE-ARG ID="8"><LINK EVENT_ARG="2" ID="19" TYPE_REL="EVENT_ARG"/><W> जालोर </W><W> और </W><W> आस-पास </W><W> के </W><W> इलाकों </W></PLACE-ARG><W> में </W><NATURAL_EVENT ID="2" TYPE="EARTHQUAKE"><EVENT-COREF-LINK EVENT_ID="1" ID="26" TYPE_REL="EVENT_COREF"/><W> झटके </W></NATURAL_EVENT><W> महसूस </W><W> किये </W><W> गए </W><W> हैं। </W></P><P><PLACE-ARG ID="10"><LINK EVENT_ARG="3" ID="20" TYPE_REL="EVENT_ARG"/><W> राजस्थान </W><W> के </W><W> कुछ </W><W> इलाकों </W></PLACE-ARG><W> में </W><NATURAL_EVENT ID="3" TYPE="EARTHQUAKE"><EVENT-COREF-LINK EVENT_ID="1" ID="27" TYPE_REL="EVENT_COREF"/><W> भूकंप </W><W> के </W><W> झटके </W></NATURAL_EVENT><W> लगे </W><W> हैं। </W><W> बताया </W><W> जा </W><W> रहा </W><W> है </W><W> कि </W><TIME-ARG ID="13"><LINK EVENT_ARG="4" ID="21" TYPE_REL="EVENT_ARG"/><W> आज </W><W> सुबह </W></TIME-ARG><PLACE-ARG ID="11"><LINK EVENT_ARG="4" ID="22" TYPE_REL="EVENT_ARG"/><W> जालोर </W><W> और </W><W> आस-पास </W><W> के </W><W> इलाकों </W></PLACE-ARG><W> में </W><NATURAL_EVENT ID="4" TYPE="EARTHQUAKE"><EVENT-COREF-LINK EVENT_ID="1" ID="28" TYPE_REL="EVENT_COREF"/><W> झटके </W></NATURAL_EVENT><W> महसूस </W><W> किये </W><W> गए </W><W> हैं। </W><NATURAL_EVENT ID="5" TYPE="EARTHQUAKE"><W> झटकों </W></NATURAL_EVENT><W> की </W><W> कम्पन </W><W> कई </W><W> लोगों </W><W> को </W><W> महसूस </W><W> हुई </W><W> है। </W><W> हालांकि </W><W> अभी </W><W> ये </W><W> साफ़ </W><W> नहीं </W><W> हो </W><W> सका </W><W> है </W><W> कि </W><NATURAL_EVENT ID="6" TYPE="EARTHQUAKE"><EVENT-COREF-LINK EVENT_ID="1" ID="29" TYPE_REL="EVENT_COREF"/><W> भूकंप </W><W> के </W><W> झटकों </W></NATURAL_EVENT><W> की </W><W> तीव्रता </W><W> कितनी </W><W> रही। </W><W> वहीँ </W><NATURAL_EVENT ID="7" TYPE="EARTHQUAKE"><EVENT-COREF-LINK EVENT_ID="1" ID="30" TYPE_REL="EVENT_COREF"/><W> झटकों </W></NATURAL_EVENT><W> से </W><W> किसी </W><W> तरह </W><W> के </W><W> जान-माल </W><W> के </W><W> नुक्सान </W><W> की </W><W> भी </W><W> फिलहाल </W><W> खबर </W><W> नहीं </W><W> मिली </W><W> है। </W></P><P><W>   </W></P><P><W> बताया </W><W> ये </W><W> भी </W><W> जा </W><W> रहा </W><W> है </W><W> कि </W><W> जालोर </W><W> के </W><W> स्थानीय </W><W> एसडीएम </W><W> ने </W><W> इस </W><W> बात </W><W> की </W><W> पुष्टि </W><W> की </W><W> है </W><W> कि </W><PLACE-ARG ID="12"><LINK EVENT_ARG="14" ID="23" TYPE_REL="EVENT_ARG"/><W> जालोर </W></PLACE-ARG><W> में </W><NATURAL_EVENT ID="14" TYPE="EARTHQUAKE"><EVENT-COREF-LINK EVENT_ID="1" ID="31" TYPE_REL="EVENT_COREF"/><W> भूकंप </W><W> के </W><W> झटके </W></NATURAL_EVENT><W> महसूस </W><W> किये </W><W> गए </W><W> हैं। </W></P><P><W>   </W></P><P><W> नहीं </W><W> हुई </W><W> पुष्टि </W><PLACE-ARG ID="15"><LINK EVENT_ARG="16" ID="24" TYPE_REL="EVENT_ARG"/><W> जालोर </W><W> और </W><W> आस-पास </W><W> के </W><W> इलाकों </W></PLACE-ARG><W> में </W><NATURAL_EVENT ID="16" TYPE="EARTHQUAKE"><EVENT-COREF-LINK EVENT_ID="1" ID="25" TYPE_REL="EVENT_COREF"/><W> भूकंप </W></NATURAL_EVENT><W> की </W><W> खबरों </W><W> को </W><W> हालांकि </W><W> मौसम </W><W> केंद्र </W><W> दिल्ली, </W><W> मौसम </W><W> विभाग </W><W> जयपुर </W><W> और </W><W> भूकंप </W><W> मापी </W><W> केंद्र </W><W> (सिस्मोलॉजी), </W><W> अजमेर </W><W> ने </W><W> पूरी </W><W> तरह </W><W> से </W><W> नकार </W><W> दिया। </W><W> अधिकारियों </W><W> ने </W><W> इस </W><W> बारे </W><W> में </W><W> बताया </W><W> कि </W><W> फिलहाल </W><W> भूकंप </W><W> के </W><W> झटकों </W><W> की </W><W> किसी </W><W> तरह </W><W> की </W><W> सूचना </W><W> उन्हें </W><W> नहीं </W><W> मिली। </W></P><P><W>   </W></P><P><W> इसी </W><W> तरह </W><W> से </W><W> जालोर </W><W> कलेक्टर </W><W> बाबू </W><W> लाल </W><W> कोठारी </W><W> ने </W><W> भी </W><W> भूकंप </W><W> के </W><W> झटके </W><W> आने </W><W> की </W><W> खबर </W><W> से </W><W> इंकार </W><W> किया। </W></P><P><W>   </W></P><P><W> घनघनाने </W><W> लगे </W><W> फोन </W><W> जानकारी </W><W> के </W><W> मुताबिक़ </W><W> जालोर </W><W> और </W><W> आस-पास </W><W> भूकंप </W><W> के </W><W> झटकों </W><W> की </W><W> खबर </W><W> सोशल </W><W> मीडिया </W><W> में </W><W> अचानक </W><W> से </W><W> आग </W><W> की </W><W> तरफ </W><W> फैलने </W><W> लगी। </W><W> इसके </W><W> बाद </W><W> लोग </W><W> एक </W><W> दूसरे </W><W> से </W><W> इस </W><W> बारे </W><W> में </W><W> जानकारी </W><W> लेने </W><W> लगे। </W><W> जालोर </W><W> में </W><W> रहने </W><W> वाले </W><W> परिजनों </W><W> के </W><W> पास </W><W> लोग </W><W> फोन </W><W> करके </W><W> उनकी </W><W> कुशलक्षेम </W><W> पूछने </W><W> लगे। </W></P></DOCUMENT>