<?xml version="1.0" encoding="UTF-8"?>
<DOCUMENT><DESC/><DESC/><DESC/><DESC/><TIME>15690</TIME><P><PLACE-ARG ID="0"><LINK EVENT_ARG="1" ID="17" TYPE_REL="EVENT_ARG"/><W> राजस्थान </W><W> में </W><W> शेखावाटी </W><W> के </W><W> कई </W><W> इलाकों </W></PLACE-ARG><W> में </W><NATURAL_EVENT ID="1" TYPE="EARTHQUAKE"><W> भूकंप </W><W> के </W><W> झटके, </W></NATURAL_EVENT><W> इन </W><W> क्षेत्रों </W><W> में </W><W> रहा </W><NATURAL_EVENT ID="2" TYPE="EARTHQUAKE"><EVENT-COREF-LINK EVENT_ID="1" ID="28" TYPE_REL="EVENT_COREF"/><W> भूंकप </W></NATURAL_EVENT><W> का </W><W> असर </W><W> | </W></P><P><PLACE-ARG ID="4"><LINK EVENT_ARG="3" ID="19" TYPE_REL="EVENT_ARG"/><W> राजस्थान </W><W> के </W><W> शेखावाटी </W><W> क्षेत्र </W></PLACE-ARG><W> में </W><TIME-ARG ID="5"><LINK EVENT_ARG="3" ID="20" TYPE_REL="EVENT_ARG"/><W> मंगलवार </W></TIME-ARG><W> को </W><NATURAL_EVENT ID="3" TYPE="EARTHQUAKE"><EVENT-COREF-LINK EVENT_ID="1" ID="29" TYPE_REL="EVENT_COREF"/><W> भूकम्प </W></NATURAL_EVENT><W> आया। </W><NATURAL_EVENT ID="6" TYPE="EARTHQUAKE"><EVENT-COREF-LINK EVENT_ID="1" ID="30" TYPE_REL="EVENT_COREF"/><W> भूकम्प </W><W> के </W><W> हल्के </W><W> झटके </W></NATURAL_EVENT><PLACE-ARG ID="7"><LINK EVENT_ARG="6" ID="21" TYPE_REL="EVENT_ARG"/><W> कई </W><W> इलाकों </W></PLACE-ARG><W> में </W><W> महसूस </W><W> किए </W><W> गए </W><W> हैं। </W><W> हालांकि </W><W> जानमाल </W><W> को </W><W> कोई </W><W> नुकसान </W><W> नहीं </W><W> हुआ </W><W> है, </W><W> मगर </W><W> भूकम्प </W><W> के </W><W> डर </W><W> से </W><AFTER_EFFECTS-ARG ID="8"><LINK EVENT_ARG="6" ID="22" TYPE_REL="EVENT_ARG"/><W> लोग </W><W> घरों, </W><W> दुकानों </W><W> व </W><W> दफ्तरों </W><W> से </W><W> बाहर </W><W> निकल </W><W> आए। </W></AFTER_EFFECTS-ARG><W> सीकर </W><W> जिले </W><W> से </W><W> मिली </W><W> खबरों </W><W> के </W><W> मुताबिक </W><W> भूकम्प </W><W> का </W><W> असर </W><W> शेखावाटी </W><W> से </W><W> लगते </W><W> क्षेत्रों </W><W> में </W><W> रहा। </W></P><P><PLACE-ARG ID="10"><LINK EVENT_ARG="11" ID="23" TYPE_REL="EVENT_ARG"/><W> सीकर </W><W> जिले </W><W> के </W><W> कई </W><W> क्षेत्रों </W></PLACE-ARG><W> में </W><TIME-ARG ID="9"><LINK EVENT_ARG="11" ID="24" TYPE_REL="EVENT_ARG"/><W> मंगलवार </W></TIME-ARG><W> को </W><W> पांच </W><W> सेकंड </W><W> तक </W><NATURAL_EVENT ID="11" TYPE="EARTHQUAKE"><EVENT-COREF-LINK EVENT_ID="1" ID="31" TYPE_REL="EVENT_COREF"/><W> भूकंप </W><W> के </W><W> हल्के </W><W> झटके </W></NATURAL_EVENT><W> महसूस </W><W> किए </W><W> गए। </W><W> हालांकि </W><W> जानमाल </W><W> को </W><W> कोई </W><W> नुकसान </W><W> की </W><W> खबर </W><W> नहीं </W><W> है। </W><NATURAL_EVENT ID="13" TYPE="EARTHQUAKE"><EVENT-COREF-LINK EVENT_ID="1" ID="32" TYPE_REL="EVENT_COREF"/><W> भूकंप </W></NATURAL_EVENT><TIME-ARG ID="12"><LINK EVENT_ARG="13" ID="25" TYPE_REL="EVENT_ARG"/><W> रात </W><W> 8 </W><W> बजकर </W><W> 35 </W><W> मिनट </W></TIME-ARG><W> पर </W><W> आया। </W><W> जानकारी </W><W> के </W><W> मुताबिक, </W><PLACE-ARG ID="16"><LINK EVENT_ARG="15" ID="26" TYPE_REL="EVENT_ARG"/><W> गणेश्वर, </W><W> मुंडरू, </W><W> टोडा, </W><W> अतीतगढ </W><W> और </W><W> खंडेला </W><W> इलाके </W></PLACE-ARG><W> में </W><NATURAL_EVENT ID="15" TYPE="EARTHQUAKE"><W> भूकंप </W><W> के </W><W> झटके </W></NATURAL_EVENT><W> महसूस </W><W> किए </W><W> गए। </W><NATURAL_EVENT ID="14" TYPE="EARTHQUAKE"><EVENT-COREF-LINK EVENT_ID="1" ID="27" TYPE_REL="EVENT_COREF"/><W> भूकंप </W><W> के </W><W> झटकों </W></NATURAL_EVENT><W> से </W><W> लोग </W><W> पूरी </W><W> तरह </W><W> सहम </W><W> गए </W><W> और </W><W> अपनी </W><W> जान </W><W> बचाने </W><W> के </W><W> लिए </W><W> खुले </W><W> स्थानों </W><W> पर </W><W> निकल </W><W> आए। </W><W> करीब </W><W> पांच </W><W> सेकंड </W><W> तक </W><W> भूकंप </W><W> के </W><W> झटके </W><W> महसूस </W><W> हुए। </W></P><P><W> बता </W><W> दें </W><W> कि </W><W> मौसम </W><W> विज्ञान </W><W> केंद्र </W><W> ने </W><W> अभी </W><W> भूकंप </W><W> आने </W><W> की </W><W> पुष्टि </W><W> नहीं </W><W> की </W><W> है। </W><W> भूकंप </W><W> की </W><W> तीव्रता </W><W> को </W><W> लेकर </W><W> अभी </W><W> तक </W><W> मौसम </W><W> विभाग </W><W> ने </W><W> कोई </W><W> जानकारी </W><W> जारी </W><W> नहीं </W><W> की </W><W> है। </W><W> वहीं </W><W> सीकर </W><W> के </W><W> कुछ </W><W> इलाकों </W><W> में </W><W> भूकंप </W><W> के </W><W> झटके </W><W> महसूस </W><W> होने </W><W> पर </W><W> लोगों </W><W> में </W><W> दहशत </W><W> फैल </W><W> गई। </W><W> लोग </W><W> एक </W><W> दूसरे </W><W> को </W><W> फोन </W><W> करके </W><W> भूूकंप </W><W> को </W><W> लेकर </W><W> चर्चा </W><W> करते </W><W> रहे </W><W> । </W><W> यद्यपि </W><W> भूकंप </W><W> के </W><W> झटकों </W><W> का </W><W> एहसास </W><W> उन </W><W> लोगों </W><W> को </W><W> ही </W><W> हुआ </W><W> है </W><W> जो </W><W> शांत </W><W> जगह </W><W> पर </W><W> बैठे </W><W> हुए </W><W> थे। </W><W> शेखावाटी </W><W> में </W><W> सीकर, </W><W> चूरू, </W><W> झुंझुनूं </W><W> में </W><W> भी </W><W> लोगों </W><W> ने </W><W> झटके </W><W> महसूस </W><W> किए। </W><W> मिली </W><W> जानकारी </W><W> के </W><W> अनुसार </W><W> सीकर </W><W> खंडेला </W><W> भी </W><W> में </W><W> भूकंप </W><W> के </W><W> झटके </W><W> महसूस </W><W> किए </W><W> गए। </W></P></DOCUMENT>