<?xml version="1.0" encoding="UTF-8"?>
<DOCUMENT><DESC/><DESC/><TIME>592</TIME><P><PLACE-ARG ID="0"><LINK EVENT_ARG="1" ID="11" TYPE_REL="EVENT_ARG"/><W> राजस्थान </W></PLACE-ARG><W> में </W><NATURAL_EVENT ID="1" TYPE="EARTHQUAKE"><W> भूकंप </W><W> के </W><W> झटके, </W></NATURAL_EVENT><AFTER_EFFECTS-ARG ID="2"><LINK EVENT_ARG="1" ID="12" TYPE_REL="EVENT_ARG"/><W> घरों </W><W> से </W><W> बाहर </W><W> निकले </W><W> लोग।</W></AFTER_EFFECTS-ARG></P><P><TIME-ARG ID="3"><LINK EVENT_ARG="5" ID="13" TYPE_REL="EVENT_ARG"/><W> रविवार </W></TIME-ARG><W> को </W><PLACE-ARG ID="4"><LINK EVENT_ARG="5" ID="14" TYPE_REL="EVENT_ARG"/><W> राजस्थान </W><W> के </W><W> कई </W><W> जिलों </W></PLACE-ARG><W> में </W><NATURAL_EVENT ID="5" TYPE="EARTHQUAKE"><EVENT-COREF-LINK EVENT_ID="1" ID="19" TYPE_REL="EVENT_COREF"/><W> भूकंप </W><W> के </W><W> झटके </W></NATURAL_EVENT><W> महसूस </W><W> किए </W><W> गए। </W><W> इस </W><W> दौरान </W><AFTER_EFFECTS-ARG ID="7"><LINK EVENT_ARG="5" ID="15" TYPE_REL="EVENT_ARG"/><W> लोग </W><W> घरों </W><W> से </W><W> बाहर </W><W> निकल </W><W> आए। </W></AFTER_EFFECTS-ARG><W> एतिहातन </W><W> प्रशासन </W><W> भी </W><W> सतर्क </W><W> है।  </W></P><P><TIME-ARG ID="8"><LINK EVENT_ARG="6" ID="16" TYPE_REL="EVENT_ARG"/><W> इससे </W><W> पहले </W></TIME-ARG><W> कर </W><PLACE-ARG ID="9"><LINK EVENT_ARG="6" ID="17" TYPE_REL="EVENT_ARG"/><W> निकोबार </W><W> द्वीप </W></PLACE-ARG><W> में </W><W> भी </W><NATURAL_EVENT ID="6" TYPE="EARTHQUAKE"><W> भूकंप </W><W> के </W><W> झटके </W></NATURAL_EVENT><W> महसूस </W><W> किए </W><W> गए </W><W> थे। </W><W> जिसे </W><MAGNITUDE-ARG ID="10"><LINK EVENT_ARG="6" ID="18" TYPE_REL="EVENT_ARG"/><W> रिक्टर </W><W> स्केल </W><W> पर </W><W> 4.7 </W><W> मापा </W></MAGNITUDE-ARG><W> गया </W><W> था। </W><W> हालाकि </W><W> इस </W><W> दौरान </W><W> कोई </W><W> जनहानि </W><W> नहीं </W><W> हुई </W><W> थी। </W></P></DOCUMENT>