<?xml version="1.0" encoding="UTF-8"?>
<DOCUMENT><DESC/><DESC/><TIME>1608</TIME><P><PLACE-ARG ID="15"><LINK EVENT_ARG="0" ID="39" TYPE_REL="EVENT_ARG"/><W> जम्मू-कश्मीर </W></PLACE-ARG><W> में </W><MAGNITUDE-ARG ID="17"><LINK EVENT_ARG="0" ID="40" TYPE_REL="EVENT_ARG"/><W> 4.6 </W><W> तीव्रता </W></MAGNITUDE-ARG><W> वाले </W><NATURAL_EVENT ID="0" TYPE="EARTHQUAKE"><W> भूकंप </W><W> के </W><W> झटके, </W></NATURAL_EVENT><AFTER_EFFECTS-ARG ID="18"><LINK EVENT_ARG="0" ID="41" TYPE_REL="EVENT_ARG"/><W> घरों </W><W> से </W><W> बाहर </W><W> की </W><W> ओर </W><W> भागे </W><W> लोग </W></AFTER_EFFECTS-ARG><W> | </W></P><P><PLACE-ARG ID="16"><LINK EVENT_ARG="1" ID="42" TYPE_REL="EVENT_ARG"/><W> जम्मू </W><W> और </W><W> कश्मीर </W></PLACE-ARG><W> में </W><NATURAL_EVENT ID="1" TYPE="EARTHQUAKE"><EVENT-COREF-LINK EVENT_ID="0" ID="69" TYPE_REL="EVENT_COREF"/><W> भूकंप </W><W> के </W><W> झटके </W></NATURAL_EVENT><W> महसूस </W><W> किए </W><W> किए </W><W> गए। </W><TIME-ARG ID="19"><LINK EVENT_ARG="2" ID="43" TYPE_REL="EVENT_ARG"/><W> गुरुवार </W><W> सुबह </W></TIME-ARG><W> आए </W><NATURAL_EVENT ID="2" TYPE="EARTHQUAKE"><EVENT-COREF-LINK EVENT_ID="0" ID="70" TYPE_REL="EVENT_COREF"/><W> भूकंप </W><W> के </W><W> इन </W><W> झटकों </W></NATURAL_EVENT><W> की </W><MAGNITUDE-ARG ID="20"><LINK EVENT_ARG="2" ID="44" TYPE_REL="EVENT_ARG"/><W> तीव्रता </W><W> रिक्टर </W><W> पर </W><W> 4.6 </W></MAGNITUDE-ARG><W> मापी </W><W> गई। </W></P><P><W> नई </W><W> दिल्ली। </W><PLACE-ARG ID="21"><LINK EVENT_ARG="3" ID="45" TYPE_REL="EVENT_ARG"/><W> जम्मू </W><W> और </W><W> कश्मीर </W></PLACE-ARG><W> में </W><NATURAL_EVENT ID="3" TYPE="EARTHQUAKE"><EVENT-COREF-LINK EVENT_ID="0" ID="71" TYPE_REL="EVENT_COREF"/><W> भूकंप </W><W> के </W><W> झटके </W></NATURAL_EVENT><W> महसूस </W><W> किए </W><W> किए </W><W> गए। </W><TIME-ARG ID="22"><LINK EVENT_ARG="4" ID="46" TYPE_REL="EVENT_ARG"/><W> गुरुवार </W><W> सुबह </W></TIME-ARG><W> आए </W><NATURAL_EVENT ID="4" TYPE="EARTHQUAKE"><EVENT-COREF-LINK EVENT_ID="0" ID="72" TYPE_REL="EVENT_COREF"/><W> भूकंप </W><W> के </W><W> इन </W><W> झटकों </W></NATURAL_EVENT><W> की </W><MAGNITUDE-ARG ID="23"><LINK EVENT_ARG="4" ID="47" TYPE_REL="EVENT_ARG"/><W> तीव्रता </W><W> रिक्टर </W><W> पर </W><W> 4.6 </W></MAGNITUDE-ARG><W> मापी </W><W> गई। </W><W> वहीं, </W><W> दिन </W><W> निकलते </W><W> ही </W><W> लगे </W><NATURAL_EVENT ID="5" TYPE="EARTHQUAKE"><EVENT-COREF-LINK EVENT_ID="0" ID="73" TYPE_REL="EVENT_COREF"/><W> झटकों </W></NATURAL_EVENT><W> से </W><AFTER_EFFECTS-ARG ID="24"><LINK EVENT_ARG="5" ID="48" TYPE_REL="EVENT_ARG"/><W> लोगों </W><W> में </W><W> अफरा—तफरी </W><W> मच </W><W> गई। </W></AFTER_EFFECTS-ARG><AFTER_EFFECTS-ARG ID="25"><LINK EVENT_ARG="5" ID="49" TYPE_REL="EVENT_ARG"/><W> लोग </W><W> घरों </W><W> से </W><W> निकल </W><W> कर </W><W> बाहर </W><W> की </W><W> ओर </W><W> भागने </W><W> लगे। </W></AFTER_EFFECTS-ARG><AFTER_EFFECTS-ARG ID="26"><LINK EVENT_ARG="6" ID="50" TYPE_REL="EVENT_ARG"/><W> जिसके </W><W> चलते </W><W> घरों </W><W> के </W><W> बाहर </W><W> लोगों </W><W> की </W><W> भीड़ </W><W> जम </W><W> गई। </W></AFTER_EFFECTS-ARG><NATURAL_EVENT ID="6" TYPE="EARTHQUAKE"><W> भूकंप </W></NATURAL_EVENT><W> के </W><W> डर </W><W> की </W><W> वजह </W><W> से </W><AFTER_EFFECTS-ARG ID="27"><LINK EVENT_ARG="6" ID="51" TYPE_REL="EVENT_ARG"/><W> लोग </W><W> काफी </W><W> समय </W><W> तक </W><W> घरों </W><W> में </W><W> जाने </W><W> की </W><W> हिम्मत </W><W> नहीं </W><W> जुटा </W><W> सके। </W></AFTER_EFFECTS-ARG></P><P><W> डिजास्टर </W><W> मैनेजमेंट </W><W> विभाग </W><W> के </W><W> अनुसार </W><NATURAL_EVENT ID="7" TYPE="EARTHQUAKE"><EVENT-COREF-LINK EVENT_ID="0" ID="74" TYPE_REL="EVENT_COREF"/><W> भूकंप </W><W> का </W><W> केंद्र </W></NATURAL_EVENT><EPICENTRE-ARG ID="28"><LINK EVENT_ARG="7" ID="52" TYPE_REL="EVENT_ARG"/><W> लेह </W><W> से </W><W> 63.6 </W><W> किलोमीटर </W><W> उत्तर </W></EPICENTRE-ARG><W> में </W><W> था। </W><EPICENTRE-ARG ID="29"><LINK EVENT_ARG="7" ID="53" TYPE_REL="EVENT_ARG"/><W> कारगिल </W><W> से </W><W> इसकी </W><W> दूरी </W><W> 193.1 </W><W> किलोमीटर </W></EPICENTRE-ARG><W> थी। </W><W> आपको </W><W> बता </W><W> दें </W><W> कि </W><W> साल </W><TIME-ARG ID="30"><LINK EVENT_ARG="8" ID="54" TYPE_REL="EVENT_ARG"/><W> 2019 </W></TIME-ARG><W> में </W><W> यह </W><W> पहला </W><W> मौका </W><W> है </W><W> जब </W><PLACE-ARG ID="31"><LINK EVENT_ARG="8" ID="55" TYPE_REL="EVENT_ARG"/><W> जम्मू </W><W> कश्मीर </W></PLACE-ARG><W> में </W><NATURAL_EVENT ID="8" TYPE="EARTHQUAKE"><EVENT-COREF-LINK EVENT_ID="0" ID="76" TYPE_REL="EVENT_COREF"/><W> भूकंप </W><W> के </W><W> झटके </W></NATURAL_EVENT><W> महसूस </W><W> किए </W><W> गए </W><W> हैं। </W><W> हालांकि </W><W> इससे </W><TIME-ARG ID="32"><LINK EVENT_ARG="9" ID="56" TYPE_REL="EVENT_ARG"/><W> पहले </W><W> 2018 </W><W> दिसंबर </W></TIME-ARG><W> में </W><W> कई </W><W> बार </W><NATURAL_EVENT ID="9" TYPE="EARTHQUAKE"><EVENT-COREF-LINK EVENT_ID="0" ID="75" TYPE_REL="EVENT_COREF"/><W> भूकंप </W><W> के </W><W> झटके </W></NATURAL_EVENT><W> महसूस </W><W> किए </W><W> गए </W><W> है। </W><W> ये </W><W> झटके </W><W> काफी </W><W> सामान्य </W><W> और </W><W> हलके </W><W> रहे। </W><W> जिससे </W><W> किसी </W><W> तरह </W><W> के </W><W> जान </W><W> माल </W><W> के </W><W> नुकसान </W><W> की </W><W> खबर </W><W> नहीं </W><W> आई। </W></P><P><W> आपदा </W><W> प्रबंधन </W><W> विभाग </W><W> के </W><W> एक </W><W> अधिकारी </W><W> ने </W><W> कहा </W><W> कि </W><NATURAL_EVENT ID="10" TYPE="EARTHQUAKE"><EVENT-COREF-LINK EVENT_ID="0" ID="67" TYPE_REL="EVENT_COREF"/><W> भूकंप </W></NATURAL_EVENT><TIME-ARG ID="33"><LINK EVENT_ARG="10" ID="57" TYPE_REL="EVENT_ARG"/><W> आज </W><W> सुबह </W><W> 8.22 </W><W> बजे </W></TIME-ARG><W> आया। </W><NATURAL_EVENT ID="11" TYPE="EARTHQUAKE"><EVENT-COREF-LINK EVENT_ID="0" ID="66" TYPE_REL="EVENT_COREF"/><W> भूकंप </W></NATURAL_EVENT><W> का </W><W> केंद्र </W><EPICENTRE-ARG ID="34"><LINK EVENT_ARG="11" ID="58" TYPE_REL="EVENT_ARG"/><W> लेह </W><W> से </W><W> 63.6 </W><W> किलोमीटर </W><W> उत्तर </W></EPICENTRE-ARG><W> था। </W><W> उन्होंने </W><W> बताया </W><W> कि </W><NATURAL_EVENT ID="12" TYPE="EARTHQUAKE"><EVENT-COREF-LINK EVENT_ID="0" ID="68" TYPE_REL="EVENT_COREF"/><W> भूकंप </W></NATURAL_EVENT><W> का </W><W> केंद्र </W><EPICENTRE-ARG ID="35"><LINK EVENT_ARG="12" ID="59" TYPE_REL="EVENT_ARG"/><W> 34.39 </W><W> डिग्री </W><W> उत्तरी </W><W> अक्षांश </W><W> और </W><W> 78.21 </W><W> डिग्री </W><W> पूर्वी </W><W> देशांतर </W></EPICENTRE-ARG><W> में </W><W> रहा। </W><W> आपको </W><W> बता </W><W> दें </W><W> कि </W><W> इससे </W><W> पहले </W><W> 26 </W><W> दिसंबर </W><W> को </W><W> जम्मू </W><W> एवं </W><W> कश्मीर </W><W> में </W><W> रिक्टर </W><W> पैमाने </W><W> पर </W><W> 3.5 </W><W> की </W><W> तीव्रता </W><W> के </W><NATURAL_EVENT ID="13" TYPE="EARTHQUAKE"><EVENT-COREF-LINK EVENT_ID="0" ID="65" TYPE_REL="EVENT_COREF"/><W> भूकंप </W><W> के </W><W> हल्के </W><W> झटके </W></NATURAL_EVENT><W> महसूस </W><W> किए </W><W> गए </W><W> थे। </W><W> मौसम </W><W> विभाग </W><W> ने </W><W> यह </W><W> जानकारी </W><W> दी। </W><W> किसी </W><W> के </W><W> हताहत </W><W> होने </W><W> या </W><W> कोई </W><W> नुकसान </W><W> होने </W><W> की </W><W> खबर </W><W> नहीं </W><W> थी। </W><W> मौसम </W><W> विभाग </W><W> के </W><W> एक </W><W> अधिकारी </W><W> के </W><W> अनुसार </W><PLACE-ARG ID="38"><LINK EVENT_ARG="14" ID="61" TYPE_REL="EVENT_ARG"/><W> जम्मू </W><W> एवं </W><W> कश्मीर </W><W> क्षेत्र </W></PLACE-ARG><W> में </W><TIME-ARG ID="37"><LINK EVENT_ARG="14" ID="62" TYPE_REL="EVENT_ARG"/><W> सुबह </W><W> 9.52 </W></TIME-ARG><W> बजे </W><NATURAL_EVENT ID="14" TYPE="EARTHQUAKE"><EVENT-COREF-LINK EVENT_ID="0" ID="64" TYPE_REL="EVENT_COREF"/><W> भूकंप </W><W> के </W><W> झटके </W></NATURAL_EVENT><W> महसूस </W><W> किए </W><W> गए </W><W> और </W><W> इसका </W><W> केंद्र </W><EPICENTRE-ARG ID="36"><LINK EVENT_ARG="14" ID="63" TYPE_REL="EVENT_ARG"/><W> धरती </W><W> के </W><W> अंदर </W><W> 15 </W><W> किलोमीटर </W><W> की </W><W> गहराई </W></EPICENTRE-ARG><W> में </W><W> था। </W></P></DOCUMENT>