<?xml version="1.0" encoding="UTF-8"?>
<DOCUMENT><P><PLACE-ARG ID="19"><LINK EVENT_ARG="0" ID="21" TYPE_REL="EVENT_ARG"/><W> ताइवान </W></PLACE-ARG><W> में </W><TIME-ARG ID="20"><LINK EVENT_ARG="0" ID="22" TYPE_REL="EVENT_ARG"/><W> मंगलवार </W><W> को </W><W> देर </W><W> शाम </W></TIME-ARG><W> तेज </W><NATURAL_EVENT ID="0" TYPE="EARTHQUAKE"><W> भूकंप </W></NATURAL_EVENT><W> के </W><W> झटके </W><W> मेहसूस </W><W> किए </W><W> गए </W><W> हैं। </W><NATURAL_EVENT ID="1" TYPE="EARTHQUAKE"><ASSOCIATED-EVENT-LINK EVENT_ID="0" ID="26" TYPE_REL="ASSOCIATED_EVENT"/><W> भूकंप </W></NATURAL_EVENT><W> केतेज </W><W> झटकों </W><W> से </W><PLACE-ARG ID="8"><LINK EVENT_ARG="0" ID="23" TYPE_REL="EVENT_ARG"/><W> हुआलिन </W><W> शहर </W></PLACE-ARG><W> की </W><W> कई </W><W> इमारतों </W><W> को </W><W> काफी </W><W> नुकासान </W><W> पहुंचा </W><W> है। </W><W> समाचार </W><W> एजेंसी </W><W> एएफपी </W><W> से </W><W> मिली </W><W> प्राथमिक </W><W> जानकारी </W><W> के </W><W> मुताबिक </W><W> इस </W><NATURAL_EVENT ID="2" TYPE="EARTHQUAKE"><ASSOCIATED-EVENT-LINK EVENT_ID="0" ID="28" TYPE_REL="ASSOCIATED_EVENT"/><W> भूकंप </W></NATURAL_EVENT><W> की </W><W> तीव्रता </W><MAGNITUDE-ARG ID="16"><LINK EVENT_ARG="0" ID="24" TYPE_REL="EVENT_ARG"/><W> रिक्टर </W><W> स्केल </W><W> पर </W><W> 6.4 </W></MAGNITUDE-ARG><W> मापी </W><W> गई </W><W> है। </W><PLACE-ARG ID="9"><W> ताइवान </W></PLACE-ARG><W> के </W><W> स्थानीय </W><W> समयानुसार </W><NATURAL_EVENT ID="3" TYPE="EARTHQUAKE"><ASSOCIATED-EVENT-LINK EVENT_ID="0" ID="27" TYPE_REL="ASSOCIATED_EVENT"/><W> भूकंप </W></NATURAL_EVENT><W> के </W><W> झटके </W><TIME-ARG ID="15"><LINK EVENT_ARG="0" ID="25" TYPE_REL="EVENT_ARG"/><W> रात </W><W> 11 </W><W> बजकर </W><W> 50 </W><W> मिनट </W></TIME-ARG><W> पर </W><W> मेहसूस </W><W> किए </W><W> गए </W><W> हैं। </W><W> हालांकि </W><W> अभी </W><W> तक </W><W> इस </W><NATURAL_EVENT ID="4" TYPE="EARTHQUAKE"><W> भूकंप </W></NATURAL_EVENT><W> में </W><W> किसी </W><W> के </W><W> हताहत </W><W> होने </W><W> की </W><W> कोई </W><W> खबर </W><W> नहीं </W><W> है </W><W> लेकिन </W><W> शहर </W><W> की </W><W> बिल्डिंग्स </W><W> को </W><W> काफी </W><W> नुकसान </W><W> पहुंचा </W><W> है। </W><W> अमेरिकी </W><W> भूवैज्ञानिक </W><W> सर्वेक्षण </W><W> के </W><W> मुताबिक </W><W> इस </W><NATURAL_EVENT ID="5" TYPE="EARTHQUAKE"><ASSOCIATED-EVENT-LINK EVENT_ID="0" ID="29" TYPE_REL="ASSOCIATED_EVENT"/><W> भूकंप </W></NATURAL_EVENT><W> का </W><W> केंद्र </W><PLACE-ARG ID="10"><W> ताइवान </W></PLACE-ARG><W> का </W><PLACE-ARG ID="11"><W> हुआलिन </W><W> काउंटी </W></PLACE-ARG><W> था, </W><W> जिसकी </W><W> वजह </W><W> से </W><W> करीब </W><W> 30 </W><W> बिल्डिंग </W><W> क्षतिग्रस्त </W><W> हो </W><W> गई हैं। </W><W> इस </W><W> क्षेत्र </W><W> की </W><W> एक </W><W> होटल </W><W> की </W><W> बिल्डिंग </W><W> को </W><W> काफी </W><W> नुकसान </W><W> पहुंचा </W><W> है, </W><W> जिसके </W><W> करीब </W><W> 300 </W><W> कमरे </W><W> हैं।  </W><W> सेंट्रल </W><W> वेदर </W><W> ब्यूरो </W><W> की </W><W> रिपोर्ट </W><W> के </W><W> अनुसार </W><PLACE-ARG ID="12"><W> ताइवान </W></PLACE-ARG><W> ने </W><W> मंगलवार </W><W> को </W><NATURAL_EVENT ID="6" TYPE="EARTHQUAKE"><ASSOCIATED-EVENT-LINK EVENT_ID="0" ID="30" TYPE_REL="ASSOCIATED_EVENT"/><W> भूकंप </W></NATURAL_EVENT><W> के </W><W> झटकों </W><W> को </W><W> 19 </W><W> बार </W><W> महसूस </W><W> किया </W><W> है।  </W><W> स्थानीय </W><W> मीडिया </W><W> रिपोर्ट्स </W><W> के </W><W> मुताबिक </W><W> केंद्र </W><W> के </W><W> आस-पास </W><W> के </W><W> शहरों </W><W> में </W><W> भी </W><NATURAL_EVENT ID="13" TYPE="EARTHQUAKE"><ASSOCIATED-EVENT-LINK EVENT_ID="0" ID="31" TYPE_REL="ASSOCIATED_EVENT"/><W> भूकंप </W></NATURAL_EVENT><W> के </W><W> झटके </W><W> महसूस </W><W> किए </W><W> गए। </W></P></DOCUMENT>