<?xml version="1.0" encoding="UTF-8"?>
<DOCUMENT><DESC/><DESC/><DESC/><TIME>5791</TIME><P><PLACE-ARG ID="0"><LINK EVENT_ARG="1" ID="31" TYPE_REL="EVENT_ARG"/><W> जापान </W></PLACE-ARG><W> में </W><NATURAL_EVENT ID="1" TYPE="EARTHQUAKE"><W> भूकंप </W><W> के </W><W> झटके, </W></NATURAL_EVENT><W> रिक्टर </W><W> पैमाने </W><W> पर </W><W> दर्ज </W><W> की </W><W> गई </W><MAGNITUDE-ARG ID="2"><LINK EVENT_ARG="1" ID="32" TYPE_REL="EVENT_ARG"/><W> 5 </W><W> तीव्रता </W></MAGNITUDE-ARG><W> | </W></P><P><W> मौसम </W><W> विज्ञान </W><W> एजेंसी </W><W> के </W><W> मुताबिक </W><W> यह </W><NATURAL_EVENT ID="5" TYPE="EARTHQUAKE"><EVENT-COREF-LINK EVENT_ID="1" ID="50" TYPE_REL="EVENT_COREF"/><W> भूकंप </W></NATURAL_EVENT><EPICENTRE-ARG ID="4"><LINK EVENT_ARG="5" ID="33" TYPE_REL="EVENT_ARG"/><W> 50 </W><W> किमी </W><W> की </W><W> गहराई </W></EPICENTRE-ARG><W> में </W><W> आया </W><W> था। </W></P><P><W> टोक्यो। </W><W> जापान </W><W> के </W><W> दक्षिणी </W><W> इबराकी </W><W> प्रांत </W><W> में </W><W> रिक्टर </W><W> पैमाने </W><W> पर </W><MAGNITUDE-ARG ID="3"><LINK EVENT_ARG="6" ID="34" TYPE_REL="EVENT_ARG"/><W> 5.0 </W><W> तीव्रता </W></MAGNITUDE-ARG><W> के </W><NATURAL_EVENT ID="6" TYPE="EARTHQUAKE"><EVENT-COREF-LINK EVENT_ID="1" ID="51" TYPE_REL="EVENT_COREF"/><W> भूकंप </W><W> के </W><W> झटके </W></NATURAL_EVENT><W> महसूस </W><W> किए </W><W> गए। </W><W> जापान </W><W> मौसम </W><W> विज्ञान </W><W> एजेंसी </W><W> (जेएमए) </W><W> के </W><W> मुताबिक, </W><NATURAL_EVENT ID="7" TYPE="EARTHQUAKE"><EVENT-COREF-LINK EVENT_ID="1" ID="52" TYPE_REL="EVENT_COREF"/><W> भूकंप </W></NATURAL_EVENT><W> का </W><W> केंद्र </W><EPICENTRE-ARG ID="8"><LINK EVENT_ARG="7" ID="35" TYPE_REL="EVENT_ARG"/><W> 36.1 </W><W> डिग्री </W><W> उत्तरी </W><W> अक्षांश </W><W> और </W><W> 139.9 </W><W> डिग्री </W><W> पूर्वी </W><W> देशांतर </W></EPICENTRE-ARG><W> में </W><W> रहा। </W><NATURAL_EVENT ID="9" TYPE="EARTHQUAKE"><EVENT-COREF-LINK EVENT_ID="1" ID="53" TYPE_REL="EVENT_COREF"/><W> भूकंप </W><W> के </W><W> झटके </W></NATURAL_EVENT><TIME-ARG ID="10"><LINK EVENT_ARG="9" ID="36" TYPE_REL="EVENT_ARG"/><W> स्थानीय </W><W> समयानुसार </W><W> सुबह </W><W> 8.33 </W><W> बजे </W></TIME-ARG><W> महसूस </W><W> किए </W><W> गए। </W><W> फिलहाल </W><W> जेएमए </W><W> ने </W><W> सुनामी </W><W> को </W><W> लेकर </W><W> चेतावनी </W><W> जारी </W><W> नहीं </W><W> की </W><W> है। </W><W> भूकंप </W><W> से </W><W> होने </W><W> वाले </W><W> जान </W><W> एवं </W><W> माल </W><W> के </W><W> नुकसान </W><W> का </W><W> आंकलन </W><W> किया </W><W> जा </W><W> रहा </W><W> है। </W></P><P><PLACE-ARG ID="11"><LINK EVENT_ARG="12" ID="37" TYPE_REL="EVENT_ARG"/><W> जापान </W></PLACE-ARG><W> के </W><W> इस </W><W> अंतर्देशीय </W><NATURAL_EVENT ID="12" TYPE="EARTHQUAKE"><EVENT-COREF-LINK EVENT_ID="1" ID="54" TYPE_REL="EVENT_COREF"/><W> भूकंप </W></NATURAL_EVENT><W> के </W><W> परिणामस्वरूप </W><W> किसी </W><W> बड़ी </W><W> क्षति </W><W> या </W><W> नुकसान </W><W> की </W><W> कोई </W><W> रिपोर्ट </W><W> नहीं </W><W> मिली </W><W> है। </W><W> बताया </W><W> जा </W><W> रहा </W><W> है </W><W> की </W><PLACE-ARG ID="14"><LINK EVENT_ARG="13" ID="39" TYPE_REL="EVENT_ARG"/><W> जापान </W><W> के </W><W> दक्षिणी </W><W> इबारकी </W><W> प्रीफेक्चर </W></PLACE-ARG><W> पर </W><MAGNITUDE-ARG ID="15"><LINK EVENT_ARG="13" ID="40" TYPE_REL="EVENT_ARG"/><W> 5.0 </W></MAGNITUDE-ARG><W> के </W><W> शुरुआती </W><W> परिमाण </W><W> के </W><W> साथ </W><W> एक </W><NATURAL_EVENT ID="13" TYPE="EARTHQUAKE"><EVENT-COREF-LINK EVENT_ID="1" ID="55" TYPE_REL="EVENT_COREF"/><W> भूकंप </W><W> के </W><W> झटके </W></NATURAL_EVENT><W> आए। </W><W> बाद </W><W> में </W><W> अमरीकी </W><W> भूसर्वेक्षण </W><W> ने </W><W> इसे </W><W> संशोधित </W><W> कर </W><MAGNITUDE-ARG ID="16"><LINK EVENT_ARG="13" ID="42" TYPE_REL="EVENT_ARG"/><W> 5.2 </W></MAGNITUDE-ARG><W> कर </W><W> दिया। </W><TIME-ARG ID="17"><LINK EVENT_ARG="16" ID="41" TYPE_REL="EVENT_ARG"/><W> मंगलवार </W></TIME-ARG><W> को </W><W> मौसम </W><W> एजेंसी </W><W> ने </W><W> कहा </W><W> कि </W><W> हालांकि </W><W> यह </W><NATURAL_EVENT ID="18" TYPE="EARTHQUAKE"><W> भूकंप </W></NATURAL_EVENT><MAGNITUDE-ARG ID="19"><LINK EVENT_ARG="18" ID="43" TYPE_REL="EVENT_ARG"/><W> 5 </W></MAGNITUDE-ARG><W> के </W><W> परिमाण </W><W> में </W><W> रहा </W><W> लेकिन </W><W> इससे </W><W> लगने </W><W> वाले </W><W> झटके </W><W> काफी </W><W> तेज </W><W> थे। </W><W> जापान </W><W> मौसम </W><W> विज्ञान </W><W> एजेंसी </W><W> (जेएमए) </W><W> के </W><W> मुताबिक </W><W> यह </W><NATURAL_EVENT ID="21" TYPE="EARTHQUAKE"><EVENT-COREF-LINK EVENT_ID="1" ID="56" TYPE_REL="EVENT_COREF"/><W> भूकंप </W></NATURAL_EVENT><EPICENTRE-ARG ID="20"><LINK EVENT_ARG="21" ID="44" TYPE_REL="EVENT_ARG"/><W> 50 </W><W> किमी </W><W> की </W><W> गहराई </W><W> में </W><W> आया </W></EPICENTRE-ARG><W> था। </W></P><P><W> भूकंप </W><W> से </W><W> होने </W><W> वाले </W><W> नुकसान </W><W> का </W><W> जायज </W><W> लिया </W><W> जा </W><W> रहा </W><W> है। </W><TIME-ARG ID="23"><LINK EVENT_ARG="22" ID="45" TYPE_REL="EVENT_ARG"/><W> स्थानीय </W><W> समय </W><W> 8:33 </W><W> बजे </W></TIME-ARG><W> आने </W><W> वाले </W><W> पहली </W><NATURAL_EVENT ID="22" TYPE="EARTHQUAKE"><EVENT-COREF-LINK EVENT_ID="1" ID="57" TYPE_REL="EVENT_COREF"/><W> भूकंपीय </W></NATURAL_EVENT><W> तीव्रता </W><W> पैमाने </W><W> पर </W><MAGNITUDE-ARG ID="24"><LINK EVENT_ARG="22" ID="46" TYPE_REL="EVENT_ARG"/><W> रिक्टर </W><W> पैमाने </W><W> पर </W><W> 4 </W></MAGNITUDE-ARG><W> थी। </W><PLACE-ARG ID="26"><LINK EVENT_ARG="27" ID="47" TYPE_REL="EVENT_ARG"/><W> इबारकी </W><W> के </W><W> कुछ </W><W> इलाकों </W></PLACE-ARG><W> में </W><NATURAL_EVENT ID="27" TYPE="EARTHQUAKE"><W> भूकंप </W></NATURAL_EVENT><W> की </W><MAGNITUDE-ARG ID="25"><LINK EVENT_ARG="27" ID="48" TYPE_REL="EVENT_ARG"/><W> तीव्रता </W><W> 7 </W></MAGNITUDE-ARG><W> भी </W><W> दर्ज </W><W> की </W><W> गई। </W><PLACE-ARG ID="29"><LINK EVENT_ARG="28" ID="49" TYPE_REL="EVENT_ARG"/><W> तोचिगी, </W><W> गुमा </W><W> और </W><W> सैतामा </W><W> इलाके </W></PLACE-ARG><W> में </W><W> भी </W><NATURAL_EVENT ID="28" TYPE="EARTHQUAKE"><W> भूकंप </W></NATURAL_EVENT><W> के </W><W> तेज </W><NATURAL_EVENT ID="30" TYPE="EARTHQUAKE"><W> झटके </W></NATURAL_EVENT><W> महसूस </W><W> किये </W><W> गए। </W><W> भूकंप </W><W> के </W><W> परिणामस्वरूप </W><W> अब </W><W> तक </W><W> बड़ी </W><W> क्षति </W><W> की </W><W> कोई </W><W> रिपोर्ट </W><W> नहीं </W><W> मिली </W><W> है, </W><W> और </W><W> जेएमए </W><W> द्वारा </W><W> कोई </W><W> सुनामी </W><W> चेतावनी </W><W> जारी </W><W> नहीं </W><W> की </W><W> गई </W><W> है। </W><W> लेकिन </W><W> सरकारी </W><W> एजेंसियां </W><W> इससे </W><W> होने </W><W> वाले </W><W> नुकसान </W><W> का </W><W> जायजा </W><W> ले </W><W> रही </W><W> हैं। </W><W> राहत </W><W> की </W><W> बात </W><W> यह </W><W> है </W><W> कि </W><W> जापान </W><W> के </W><W> परमाणु </W><W> निगरानी </W><W> विभाग </W><W> ने </W><W> प्रभावित </W><W> इलाकों </W><W> में </W><W> अपने </W><W> किसी </W><W> भी </W><W> परमाणु </W><W> संयंत्रों </W><W> में </W><W> किसी </W><W> भी </W><W> असामान्यता </W><W> की </W><W> सूचना </W><W> नहीं </W><W> दी </W><W> है। </W></P></DOCUMENT>