<?xml version="1.0" encoding="UTF-8"?>
<DOCUMENT><DESC/><DESC/><DESC/><TIME>2332</TIME><P><PLACE-ARG ID="10"><LINK EVENT_ARG="0" ID="14" TYPE_REL="EVENT_ARG"/><W> अंटार्कटिका </W></PLACE-ARG><NATURAL_EVENT ID="0" TYPE="EARTHQUAKE"><W> भूकंप </W><W> के </W><W> झटकों </W></NATURAL_EVENT><W> से </W><W> हिला, </W><MAGNITUDE-ARG ID="11"><LINK EVENT_ARG="0" ID="15" TYPE_REL="EVENT_ARG"/><W> 7.5 </W></MAGNITUDE-ARG><W> की </W><W> थी </W><W> तीव्रता </W><W> | </W></P><P><W> वैज्ञानिक </W><W> इस </W><W> बात </W><W> की </W><W> जानकारी </W><W> जुटा </W><W> रहे </W><W> हैं </W><W> कि </W><W> इस </W><NATURAL_EVENT ID="1" TYPE="EARTHQUAKE"><EVENT-COREF-LINK EVENT_ID="0" ID="24" TYPE_REL="EVENT_COREF"/><W> भूकंप </W></NATURAL_EVENT><W> से </W><W> कोई </W><W> ज्वालामुखी </W><W> तो </W><W> अधिक </W><W> सक्रिय </W><W> नहीं </W><W> हो </W><W> गया? </W></P><P><PLACE-ARG ID="13"><LINK EVENT_ARG="2" ID="16" TYPE_REL="EVENT_ARG"/><W> दक्षिणी </W><W> महासागर </W><W> से </W><W> घिरे </W><W> अंटार्कटिका </W><W> महाद्वीप </W></PLACE-ARG><W> में </W><TIME-ARG ID="12"><LINK EVENT_ARG="2" ID="17" TYPE_REL="EVENT_ARG"/><W> मंगलवार </W><W> सुबह </W></TIME-ARG><NATURAL_EVENT ID="2" TYPE="EARTHQUAKE"><EVENT-COREF-LINK EVENT_ID="0" ID="25" TYPE_REL="EVENT_COREF"/><W> भूकंप </W><W> के </W><W> तेज </W><W> झटके </W></NATURAL_EVENT><W> आए। </W><W> यूनाइटेड </W><W> स्टेट </W><W> जूलॉजिकल </W><W> सर्वे </W><W> के </W><W> अनुसार- </W><W> रिक्टर </W><W> पैमाने </W><W> पर </W><W> इसकी </W><W> तीव्रता </W><MAGNITUDE-ARG ID="3"><LINK EVENT_ARG="4" ID="19" TYPE_REL="EVENT_ARG"/><W> 7.5 </W></MAGNITUDE-ARG><W> आंकी </W><W> गई </W><W> है। </W><NATURAL_EVENT ID="4" TYPE="EARTHQUAKE"><EVENT-COREF-LINK EVENT_ID="0" ID="26" TYPE_REL="EVENT_COREF"/><W> भूकंप </W></NATURAL_EVENT><TIME-ARG ID="5"><LINK EVENT_ARG="4" ID="18" TYPE_REL="EVENT_ARG"/><W> मंगलवार </W></TIME-ARG><W> तड़के </W><W> करीब </W><TIME-ARG ID="6"><LINK EVENT_ARG="4" ID="20" TYPE_REL="EVENT_ARG"/><W> 3 </W><W> बजे </W></TIME-ARG><W> आया </W><W> था। </W><W> इसका </W><W> मुख्य </W><W> केंद्र </W><EPICENTRE-ARG ID="7"><LINK EVENT_ARG="4" ID="21" TYPE_REL="EVENT_ARG"/><W> दक्षिण </W><W> सैंडविच </W><W> आइलैंड </W><W> से </W><W> 48 </W><W> किलोमीटर </W><W> उत्तर </W><W> में </W><W> स्थित </W><W> ब्रिस्टल </W><W> द्वीप </W></EPICENTRE-ARG><W> बताया </W><W> जा </W><W> रहा </W><W> है। </W></P><P><W> यह </W><W> केंद्र </W><EPICENTRE-ARG ID="8"><LINK EVENT_ARG="2" ID="22" TYPE_REL="EVENT_ARG"/><W> धरती </W><W> के </W><W> 164.7 </W><W> किलोमीटर </W><W> के </W><W> अंदर </W></EPICENTRE-ARG><W> था </W><W> और </W><W> बाद </W><W> में </W><W> इसकी </W><W> तीव्रता </W><MAGNITUDE-ARG ID="9"><LINK EVENT_ARG="2" ID="23" TYPE_REL="EVENT_ARG"/><W> 7.1 </W></MAGNITUDE-ARG><W> तक </W><W> मापी </W><W> गई </W><W> थी। </W><W> सैंडविच </W><W> आइलैंड </W><W> ब्रिटेन </W><W> के </W><W> आधीन </W><W> है </W><W> और </W><W> यहां </W><W> कई </W><W> ज्वालामुखी </W><W> सक्रिय </W><W> हैं। </W><W> वैज्ञानिक </W><W> इस </W><W> बात </W><W> की </W><W> जानकारी </W><W> जुटा </W><W> रहे </W><W> हैं </W><W> कि </W><W> इस </W><W> भूकंप </W><W> से </W><W> कोई </W><W> ज्वालामुखी </W><W> तो </W><W> अधिक </W><W> सक्रिय </W><W> नहीं </W><W> हो </W><W> गया? </W></P><P><W> गौर </W><W> हो, </W><W> अंटार्कटिका </W><W> दुनिया </W><W> का </W><W> सबसे </W><W> ठंडा, </W><W> शुष्क </W><W> और </W><W> तेज </W><W> हवाओं </W><W> वाला </W><W> महाद्वीप </W><W> है। </W><W> यह </W><W> पूरा </W><W> वर्ष </W><W> बर्फ </W><W> से </W><W> ढंका </W><W> रहता </W><W> है। </W><W> इस </W><W> वजह </W><W> से </W><W> इसे </W><W> 'ठंडा </W><W> रेगिस्तान' </W><W> के </W><W> रूप </W><W> में </W><W> भी </W><W> जाना </W><W> जाता </W><W> है। </W><W> यूनाइटेड </W><W> स्टेट </W><W> जूलॉजिकल </W><W> सर्वे </W><W> (यूएसजीएस) </W><W> के </W><W> अनुसार- </W><W> इस </W><W> भूकंप </W><W> के </W><W> बाद </W><W> कुछ </W><W> स्थानों </W><W> पर </W><W> बर्फ </W><W> के </W><W> कुछ </W><W> पड़ाहों </W><W> में </W><W> हलचल </W><W> देखने </W><W> को </W><W> मिली </W><W> है। </W><W> इस </W><W> तेज </W><W> भूकंप </W><W> के </W><W> असर </W><W> का </W><W> आकलन </W><W> किया </W><W> जा </W><W> रहा </W><W> है। </W></P><P><W> टाइमजोन </W><W> को </W><W> परिभाषित </W><W> करने </W><W> वाली </W><W> सभी </W><W> देशांतर </W><W> रेखाएं </W><W> इस </W><W> महाद्वीप </W><W> के </W><W> दोनों </W><W> ध्रुवों </W><W> पर </W><W> मिलती </W><W> हैं। </W><W> बता </W><W> दें, </W><W> अंटार्कटिका </W><W> का </W><W> 99 </W><W> फीसदी </W><W> हिस्सा </W><W> बर्फ </W><W> से </W><W> ढंका </W><W> रहता </W><W> है। </W><W> यहां </W><W> जीवन </W><W> मुश्किलों </W><W> से </W><W> भरा </W><W> हुआ </W><W> है। </W><W> जानकारी </W><W> के </W><W> अनुसार- </W><W> यहां </W><W> पर </W><W> एक </W><W> न्यूक्लियर </W><W> पावर </W><W> स्टेशन </W><W> और </W><W> एक </W><W> फायर </W><W> स्टेशन </W><W> है। </W><W> हालांकि </W><W> यहां </W><W> पर </W><W> स्थाई </W><W> आबादी </W><W> नहीं </W><W> है। </W></P></DOCUMENT>