<?xml version="1.0" encoding="UTF-8"?>
<DOCUMENT><DESC/><DESC/><DESC/><TIME>3075</TIME><P><PLACE-ARG ID="0"><LINK EVENT_ARG="2" ID="16" TYPE_REL="EVENT_ARG"/><W> दिल्ली-एनसीआर </W><W> सहित </W><W> उत्तर </W><W> भारत </W></PLACE-ARG><W> में </W><NATURAL_EVENT ID="2" TYPE="EARTHQUAKE"><W> भूकंप </W><W> के </W><W> झटके, </W></NATURAL_EVENT><W> लोगों </W><W> में </W><W> दहशत </W></P><P><PLACE-ARG ID="1"><LINK EVENT_ARG="3" ID="17" TYPE_REL="EVENT_ARG"/><W> दिल्ली-एनसीआर </W><W> सहित </W><W> पूरे </W><W> उत्तर </W><W> भारत </W></PLACE-ARG><W> में </W><NATURAL_EVENT ID="3" TYPE="EARTHQUAKE"><EVENT-COREF-LINK EVENT_ID="2" ID="31" TYPE_REL="EVENT_COREF"/><W> भूकंप </W><W> के </W><W> झटके </W></NATURAL_EVENT><W> महसूस </W><W> किए </W><W> गए। </W><W> समाचार </W><W> एजेंसी </W><W> एएनआई </W><W> के </W><W> मुताबिक, </W><W> रिक्टर </W><W> स्केल </W><W> पर </W><NATURAL_EVENT ID="4" TYPE="EARTHQUAKE"><EVENT-COREF-LINK EVENT_ID="2" ID="30" TYPE_REL="EVENT_COREF"/><W> भूंकप </W></NATURAL_EVENT><W> की </W><W> तीव्रता </W><MAGNITUDE-ARG ID="7"><LINK EVENT_ARG="4" ID="18" TYPE_REL="EVENT_ARG"/><W> 4.0 </W></MAGNITUDE-ARG><W> मापी </W><W> गई </W><W> है। </W><TIME-ARG ID="19"><LINK EVENT_ARG="4" ID="20" TYPE_REL="EVENT_ARG"/><W> रविवार </W><W> दोपहर </W><W> करीब </W><W> 3 </W><W> बजकर </W><W> 37 </W><W> मिनट </W></TIME-ARG><W> पर </W><NATURAL_EVENT ID="5" TYPE="EARTHQUAKE"><EVENT-COREF-LINK EVENT_ID="2" ID="29" TYPE_REL="EVENT_COREF"/><W> झटके </W></NATURAL_EVENT><W> महसूस </W><W> किए </W><W> गए। </W></P><P><NATURAL_EVENT ID="9" TYPE="EARTHQUAKE"><EVENT-COREF-LINK EVENT_ID="2" ID="26" TYPE_REL="EVENT_COREF"/><W>  भूकंप </W></NATURAL_EVENT><W> का </W><W> केंद्र </W><EPICENTRE-ARG ID="10"><LINK EVENT_ARG="9" ID="21" TYPE_REL="EVENT_ARG"/><W> हरियाणा </W><W> के </W><W> सोनीपत </W></EPICENTRE-ARG><W> में </W><W> था। </W><PLACE-ARG ID="13"><LINK EVENT_ARG="6" ID="22" TYPE_REL="EVENT_ARG"/><W> सोनीपत, </W><W> झज्जर, </W><W> रोहतक, </W><W> नारनौल </W></PLACE-ARG><W> में </W><NATURAL_EVENT ID="6" TYPE="EARTHQUAKE"><EVENT-COREF-LINK EVENT_ID="2" ID="27" TYPE_REL="EVENT_COREF"/><W> भूकंप </W></NATURAL_EVENT><W> ने </W><AFTER_EFFECTS-ARG ID="14"><LINK EVENT_ARG="6" ID="23" TYPE_REL="EVENT_ARG"/><W> लोगों </W><W> ने </W><W> डराया। </W></AFTER_EFFECTS-ARG><NATURAL_EVENT ID="11" TYPE="EARTHQUAKE"><EVENT-COREF-LINK EVENT_ID="2" ID="28" TYPE_REL="EVENT_COREF"/><W> झटके </W></NATURAL_EVENT><W> आने </W><W> पर </W><AFTER_EFFECTS-ARG ID="12"><LINK EVENT_ARG="11" ID="24" TYPE_REL="EVENT_ARG"/><W> लोग </W><W> घर-ऑफिस </W><W> से </W><W> आनन-फानन </W><W> में </W><W> बाहर </W><W> आ </W><W> गए। </W></AFTER_EFFECTS-ARG></P><P><W> हालांकि </W><NATURAL_EVENT ID="15" TYPE="EARTHQUAKE"><EVENT-COREF-LINK EVENT_ID="2" ID="25" TYPE_REL="EVENT_COREF"/><W> भूकंप </W><W> के </W><W> झटके </W></NATURAL_EVENT><W> को </W><W> बहुत </W><W> लोगों </W><W> ने </W><W> महसूस </W><W> किया </W><W> और </W><W> कुछ </W><W> लोगों </W><W> को </W><W> पता </W><W> भी </W><W> नहीं </W><W> चला। फिलहाल </W><W> किसी </W><W> के </W><W> हताहत </W><W> होने </W><W> की </W><W> कोई </W><W> खबर </W><W> नहीं </W><W> है।  </W></P></DOCUMENT>