<?xml version="1.0" encoding="UTF-8"?>
<DOCUMENT><P><W> navbharat_2002_12_3_31941877 </W></P><P><W> तूफान </W><W> के </W><W> कारण </W><W> मिस्र </W><W> में </W><W> 14 </W><W> लोगों </W><W> की </W><W> मौत, </W><W> कई </W><W> घायल </W></P><P><W> निकोसिया </W><W> (एएफपी): </W><PLACE-ARG ID="4"><LINK EVENT_ARG="0" ID="14" TYPE_REL="EVENT_ARG"/><W> पश्चिम </W><W> एशिया </W><W> के </W><W> देशों </W></PLACE-ARG><W> में </W><W> आये </W><NATURAL_EVENT ID="0" TYPE="STORM"><EVENT-COREF-LINK EVENT_ID="6" ID="23" TYPE_REL="EVENT_COREF"/><W> तूफान </W></NATURAL_EVENT><W> और </W><W> भारी </W><W> बारिश </W><W> के </W><W> बाद </W><PLACE-ARG ID="5"><LINK EVENT_ARG="0" ID="15" TYPE_REL="EVENT_ARG"/><W> मिस्र </W></PLACE-ARG><W> में </W><W> हुई </W><AFTER_EFFECTS-ARG ID="9"><LINK EVENT_ARG="0" ID="16" TYPE_REL="EVENT_ARG"/><MAN_MADE_EVENT ID="1" TYPE="TRANSPORT_HAZARDS"><W> सड़क </W><W> दुर्घटनाओं </W></MAN_MADE_EVENT><W> में </W><CASUALTIES-ARG ID="2"><W> 14 </W><W> लोग </W><W> मारे </W><W> गये </W></CASUALTIES-ARG></AFTER_EFFECTS-ARG><W> हैं </W><W> जबकि </W><W> करीब </W><CASUALTIES-ARG ID="3"><LINK EVENT_ARG="1" ID="17" TYPE_REL="EVENT_ARG"/><W> 70 </W><W> लोग </W><W> घायल </W></CASUALTIES-ARG><W> हुये </W><W> हैं। </W><NATURAL_EVENT ID="6" TYPE="STORM"><W> तूफान </W></NATURAL_EVENT><W> के </W><W> कारण </W><PLACE-ARG ID="7"><LINK EVENT_ARG="6" ID="18" TYPE_REL="EVENT_ARG"/><W> लेबनान </W></PLACE-ARG><W> सबसे </W><AFTER_EFFECTS-ARG ID="8"><LINK EVENT_ARG="6" ID="19" TYPE_REL="EVENT_ARG"/><W> बुरी </W><W> तरह </W><W> से </W><W> प्रभावित </W><W> हुआ </W></AFTER_EFFECTS-ARG><W> है। </W><W> भारी </W><W> बारिश </W><W> के </W><W> कारण </W><AFTER_EFFECTS-ARG ID="10"><LINK EVENT_ARG="6" ID="20" TYPE_REL="EVENT_ARG"/><W> कई </W><W> कस्बों </W><W> में </W><W> बा़ढ़ </W><W> आ </W><W> गयी </W></AFTER_EFFECTS-ARG><W> है </W><W> , </W><AFTER_EFFECTS-ARG ID="11"><LINK EVENT_ARG="6" ID="21" TYPE_REL="EVENT_ARG"/><W> दर्जनों </W><W> पेड़ </W><W> गिर </W><W> गये </W></AFTER_EFFECTS-ARG><W> हैं </W><W> और </W><AFTER_EFFECTS-ARG ID="12"><LINK EVENT_ARG="6" ID="22" TYPE_REL="EVENT_ARG"/><W> बुनियादी </W><W> चीजों </W><W> को </W><W> काफी </W><W> नुकसान </W><W> हुआ </W></AFTER_EFFECTS-ARG><W> है। </W><W> मिस्र </W><W> की </W><W> पुलिस </W><W> ने </W><W> बताया </W><W> है </W><W> कि </W><W> पूर्वी </W><W> कायरो </W><W> के </W><W> पास </W><W> ऐन </W><W> शाम्स </W><W> जिले </W><W> में </W><W> भारी </W><W> बर्षा </W><W> के </W><W> दौरान </W><W> एक </W><W> मिनीबस </W><W> के </W><W> पलट </W><W> जाने </W><W> से </W><W> 13 </W><W> लोग </W><W> मारे </W><W> गये </W><W> जबकि </W><W> 16 </W><W> लोग </W><W> घायल </W><W> हो </W><W> गये। </W><W> एक </W><W> अन्य </W><W> घटना </W><W> में </W><W> पश्चिमी </W><W> कायरो </W><W> के </W><W> पास </W><W> कार </W><W> भिड़ंत </W><W> में </W><W> एक </W><W> व्यक्ति </W><W> मारा </W><W> गया </W><W> जबकि </W><W> 39 </W><W> स्कूली </W><W> लड़कियां </W><W> घायल </W><W> हो </W><W> गयीं। </W><W> पूर्वी </W><W> शहर </W><W> एलेक्जेंड्रियां </W><W> में </W><W> दो </W><W> पत्तनों </W><W> को </W><W> बंद </W><W> कर </W><W> दिया </W><W> गया </W><W> है। </W><W> मौसम </W><W> के </W><W> और </W><W> अधिक </W><W> खराब </W><W> होने </W><W> की </W><W> आंशका </W><W> को </W><W> देखते </W><W> हुये </W><W> मछली </W><W> पकड़ने </W><W> का </W><W> काम </W><W> भी </W><W> रोक </W><W> दिया </W><W> गया </W><W> है। </W><W> लेबनान </W><W> में </W><W> राहत </W><W> का </W><W> काम </W><W> जारी </W><W> है </W><W> और </W><W> बचाव </W><W> दल </W><W> ने </W><NATURAL_EVENT ID="13" TYPE="FLOODS"><W> बाढ़ </W></NATURAL_EVENT><W> प्रभावित </W><W> इलाकों </W><W> से </W><W> सैकड़ों </W><W> लोगों </W><W> को </W><W> बाहर </W><W> निकाला </W><W> है। </W><W> भारी </W><W> बारिश </W><W> और </W><W> पेड़ </W><W> टूट </W><W> कर </W><W> गिरने </W><W> के </W><W> कारण </W><W> सड़कें </W><W> भी </W><W> कट </W><W> गयी </W><W> हैं। </W></P></DOCUMENT>