<?xml version="1.0" encoding="UTF-8"?>
<DOCUMENT><DESC/><TIME>661</TIME><P><PLACE-ARG ID="0"><LINK EVENT_ARG="8" ID="41" TYPE_REL="EVENT_ARG"/><W> रिहायशी </W><W> इलाके </W></PLACE-ARG><W> में </W><W> हुआ </W><MAN_MADE_EVENT ID="8" TYPE="FIRE"><W> अग्निकांड </W></MAN_MADE_EVENT><W> ।  </W></P><P><PLACE-ARG ID="1"><LINK EVENT_ARG="9" ID="42" TYPE_REL="EVENT_ARG"/><W> सिविल </W><W> लाइंस </W><W> के </W><W> घने </W><W> रिहायशी </W><W> इलाके </W><W> में </W><W> एक </W><W> घर </W><W> में </W><W> चल </W><W> रही </W><W> वेलडन </W><W> इंडस्ट्री </W><W> नाम </W><W> की </W><W> पेंटिंग </W><W> ब्रश </W><W> फैक्ट्री </W></PLACE-ARG><W> में </W><TIME-ARG ID="16"><LINK EVENT_ARG="9" ID="43" TYPE_REL="EVENT_ARG"/><W> मंगलवार </W><W> दोहर </W></TIME-ARG><MAN_MADE_EVENT ID="9" TYPE="FIRE"><EVENT-COREF-LINK EVENT_ID="8" ID="33" TYPE_REL="EVENT_COREF"/><W> भीषण </W><W> आग </W></MAN_MADE_EVENT><W> लग </W><W> गई। </W><MAN_MADE_EVENT ID="10" TYPE="FIRE"><EVENT-COREF-LINK EVENT_ID="8" ID="34" TYPE_REL="EVENT_COREF"/><W> आग </W></MAN_MADE_EVENT><W> से </W><AFTER_EFFECTS-ARG ID="21"><LINK EVENT_ARG="10" ID="44" TYPE_REL="EVENT_ARG"/><W> फैक्ट्री </W><W> में </W><W> मौजूद </W><W> कर्मचारियों </W><W> में </W><W> चीख </W><W> पुकार </W><W> मच </W><W> गई। </W></AFTER_EFFECTS-ARG><W> फैक्ट्री </W><W> से </W><MAN_MADE_EVENT ID="11" TYPE="FIRE"><EVENT-COREF-LINK EVENT_ID="8" ID="35" TYPE_REL="EVENT_COREF"/><W> आग </W><W> की </W><W> लपटें </W></MAN_MADE_EVENT><W> उठता </W><W> देख </W><AFTER_EFFECTS-ARG ID="22"><LINK EVENT_ARG="11" ID="45" TYPE_REL="EVENT_ARG"/><W> आसपास </W><W> के </W><W> लोग </W><W> भी </W><W> थर्रा </W><W> उठे। </W></AFTER_EFFECTS-ARG></P><P><AFTER_EFFECTS-ARG ID="23"><LINK EVENT_ARG="11" ID="46" TYPE_REL="EVENT_ARG"/><W> पुलिस </W><W> और </W><W> फायर </W><W> ब्रिगेड </W><W> की </W><W> छह </W><W> गाड़ियां </W><W> मौके </W><W> पर </W><W> पहुंचीं </W><W> और </W><W> घंटों </W><W> की </W><W> मशक्कत </W><W> के </W><W> बाद </W><W> देर </W><W> शाम </W><W> तक </W><W> किसी </W><W> तरह </W><W> आग </W><W> पर </W><W> काबू </W><W> पाया </W><W> जा </W><W> सका। </W></AFTER_EFFECTS-ARG><W> इस </W><W> बीच </W><W> फैक्ट्री </W><W> के </W><W> आसपास </W><W> के </W><W> घरों </W><W> में </W><W> मौजूद </W><W> लोग </W><W> सांसंे </W><W> थामें </W><W> आग </W><W> के </W><W> बुझने </W><W> का </W><W> इंतजार </W><W> करते </W><W> रहे। </W><W> फैक्ट्री </W><W> मालिक </W><W> का </W><W> दावा </W><W> है </W><W> कि </W><REASON-ARG ID="31"><LINK EVENT_ARG="11" ID="47" TYPE_REL="EVENT_ARG"/><W> दूसरी </W><W> मंजिल </W><W> पर </W><W> एक </W><W> कर्मचारी </W><W> चाय </W><W> बना </W><W> रहा </W><W> था। </W></REASON-ARG></P><P><W> इसी </W><W> दौरान </W><REASON-ARG ID="32"><LINK EVENT_ARG="11" ID="48" TYPE_REL="EVENT_ARG"/><W> पास </W><W> रखे </W><W> केमिकल </W><W> के </W><W> डिब्बों </W><W> ने </W><W> आग </W><W> पकड़ </W><W> ली। </W></REASON-ARG><W> हालांकि </W><W> पुुलिस-फायर </W><W> ब्रिगेड </W><W> इंश्योरेंस </W><W> क्लेम </W><W> समेत </W><W> तमाम </W><W> पहलू </W><W> जांच </W><W> रहे </W><W> हैं। </W><PLACE-ARG ID="36"><LINK EVENT_ARG="11" ID="49" TYPE_REL="EVENT_ARG"/><W> सिविल </W><W> लाइंस </W><W> में </W><W> जैन </W><W> मंदिर </W><W> के </W><W> पास </W><W> आलोक </W><W>  कुमार </W><W> जैन </W><W> का </W><W> आवास </W></PLACE-ARG><W> है। </W><PLACE-ARG ID="3"><LINK EVENT_ARG="11" ID="50" TYPE_REL="EVENT_ARG"/><W> आवास </W><W> के </W><W> पिछले </W><W> हिस्से </W><W> में </W><W> ही </W><W> वह </W><W> वेलडन </W><W> इंडस्ट्री </W><W> नाम </W><W> से </W><W> पेंटिंग </W><W> ब्रश </W><W> की </W><W> फैक्ट्री </W></PLACE-ARG><W> चलाते </W><W> हैं। </W></P><P><PLACE-ARG ID="4"><LINK EVENT_ARG="12" ID="51" TYPE_REL="EVENT_ARG"/><W> दो </W><W> मंजिला </W><W> इस </W><W> फैक्ट्री </W></PLACE-ARG><W> में </W><MAN_MADE_EVENT ID="12" TYPE="FIRE"><EVENT-COREF-LINK EVENT_ID="8" ID="37" TYPE_REL="EVENT_COREF"/><W> घटना </W></MAN_MADE_EVENT><W> के </W><W> वक्त </W><TIME-ARG ID="17"><LINK EVENT_ARG="12" ID="52" TYPE_REL="EVENT_ARG"/><W> मंगलवार </W><W> दोपहर </W></TIME-ARG><W> करीब </W><W> 90 </W><W> कर्मचारी </W><W> काम </W><W> कर </W><W> रहे </W><W> थे। </W><TIME-ARG ID="18"><LINK EVENT_ARG="13" ID="53" TYPE_REL="EVENT_ARG"/><W> दोपहर </W><W> करीब </W><W> तीन </W><W> बजे </W></TIME-ARG><W> अचानक </W><W> फैक्ट्री </W><W> से </W><MAN_MADE_EVENT ID="13" TYPE="FIRE"><EVENT-COREF-LINK EVENT_ID="8" ID="38" TYPE_REL="EVENT_COREF"/><W> आग </W><W> की </W><W> लपटें </W></MAN_MADE_EVENT><W> उठने </W><W> लगीं। </W><W> जिससे </W><AFTER_EFFECTS-ARG ID="24"><LINK EVENT_ARG="13" ID="54" TYPE_REL="EVENT_ARG"/><W> फैक्ट्री </W><W> कर्मियों </W><W> में </W><W> चीख </W><W> पुकार </W><W> मच </W><W> गई। </W></AFTER_EFFECTS-ARG><W> ये </W><W> फैक्ट्री </W><PLACE-ARG ID="5"><LINK EVENT_ARG="14" ID="55" TYPE_REL="EVENT_ARG"/><W> घनी </W><W> आबादी </W></PLACE-ARG><W> में </W><W> है। </W><W> लिहाजा </W><PLACE-ARG ID="15"><LINK EVENT_ARG="14" ID="56" TYPE_REL="EVENT_ARG"/><W> फैक्ट्री </W></PLACE-ARG><W> में </W><MAN_MADE_EVENT ID="14" TYPE="FIRE"><EVENT-COREF-LINK EVENT_ID="8" ID="39" TYPE_REL="EVENT_COREF"/><W> आग </W><W> लगने </W></MAN_MADE_EVENT><W> से </W><AFTER_EFFECTS-ARG ID="25"><LINK EVENT_ARG="14" ID="57" TYPE_REL="EVENT_ARG"/><W> आसपास </W><W> के </W><W> लोग </W><W> भी </W><W> सहम </W><W> गए। </W></AFTER_EFFECTS-ARG></P><P><W> तुरंत </W><AFTER_EFFECTS-ARG ID="26"><LINK EVENT_ARG="14" ID="58" TYPE_REL="EVENT_ARG"/><W> पुलिस </W><W> व </W><W> फायर </W><W> ब्रिगेड </W><W> को </W><W> घटना </W><W> की </W><W> जानकारी </W><W> दी। </W></AFTER_EFFECTS-ARG><AFTER_EFFECTS-ARG ID="27"><LINK EVENT_ARG="14" ID="59" TYPE_REL="EVENT_ARG"/><W> फायर </W><W> ब्रिगेड </W><W> की </W><W> छह </W><W> गाड़ियां </W><W> मौके </W><W> पर </W><W> पहुंच </W><W> गई। </W><W> फैक्ट्री </W><W> अंदर </W><W> गली </W><W> में </W><W> होने </W><W> के </W><W> कारण </W><W> आग </W><W> पर </W><W> काबू </W><W> पाने </W><W> में </W><W> दमकल </W><W> को </W><W> मशक्कत </W><W> करनी </W><W> पड़ी। </W></AFTER_EFFECTS-ARG><PLACE-ARG ID="6"><LINK EVENT_ARG="14" ID="60" TYPE_REL="EVENT_ARG"/><W> जैन </W><W> मंदिर </W><W> के </W><W> पास </W></PLACE-ARG><AFTER_EFFECTS-ARG ID="28"><LINK EVENT_ARG="14" ID="61" TYPE_REL="EVENT_ARG"/><W> गाड़ी </W><W> खड़ी </W><W> करके </W><W> पाइप </W><W> से </W><W> पानी </W><W> अंदर </W><W> तक </W><W> पहुंचा </W><W> गया। </W></AFTER_EFFECTS-ARG></P><P><TIME-ARG ID="19"><LINK EVENT_ARG="20" ID="64" TYPE_REL="EVENT_ARG"/><W> देर </W><W> शाम </W></TIME-ARG><AFTER_EFFECTS-ARG ID="29"><LINK EVENT_ARG="14" ID="62" TYPE_REL="EVENT_ARG"/><W> आग </W><W> पर </W><W> काबू </W><W> पाया </W><W> गया। </W></AFTER_EFFECTS-ARG><W> फैक्ट्री </W><W> मालिक </W><W> आलोक </W><W> जैन </W><W> ने </W><W> बताया </W><W> कि </W><REASON-ARG ID="30"><LINK EVENT_ARG="20" ID="63" TYPE_REL="EVENT_ARG"/><W> राज </W><W> ुमार </W><W> नाम </W><W> का </W><W> कर्मचारी </W><W> दूसरी </W><W> मंजिल </W><W> पर </W><W> चाय </W><W> बनाने </W><W> गया </W><W> था। </W><W> पास </W><W> रखे </W><W> केमिकल </W><W> और </W><W> थिनर </W><W> के </W><W> डिब्बे </W><W> रखे </W><W> हुए </W><W> थे। </W></REASON-ARG><W> अचानक </W><MAN_MADE_EVENT ID="20" TYPE="FIRE"><EVENT-COREF-LINK EVENT_ID="8" ID="40" TYPE_REL="EVENT_COREF"/><W> आग </W><W> लग </W><W> गई। </W></MAN_MADE_EVENT></P></DOCUMENT>