<?xml version="1.0" encoding="UTF-8"?>
<DOCUMENT><DESC/><TIME>1158</TIME><P><PLACE-ARG ID="6"><LINK EVENT_ARG="0" ID="30" TYPE_REL="EVENT_ARG"/><W> मुलुंड </W><W> के </W><W> शांति </W><W> इंडस्ट्रियल </W><W> एस्टेट </W></PLACE-ARG><W> में </W><MAN_MADE_EVENT ID="0" TYPE="FIRE"><W> लगी </W><W> आग, </W></MAN_MADE_EVENT><CASUALTIES-ARG ID="18"><LINK EVENT_ARG="0" ID="31" TYPE_REL="EVENT_ARG"/><W> कोई </W><W> हताहत </W><W> नहीं </W></CASUALTIES-ARG><W> ।  </W></P><P><PLACE-ARG ID="7"><LINK EVENT_ARG="1" ID="32" TYPE_REL="EVENT_ARG"/><W> मुंबई </W><W> के </W><W> मुलुंड क्षेत्र </W><W> में </W><W> बने </W><W> शांति </W><W> इंडस्ट्रियल </W><W> एस्टेट </W></PLACE-ARG><W> में </W><TIME-ARG ID="13"><LINK EVENT_ARG="1" ID="33" TYPE_REL="EVENT_ARG"/><W> शनिवार </W><W> रात </W></TIME-ARG><W> को </W><MAN_MADE_EVENT ID="1" TYPE="FIRE"><EVENT-COREF-LINK EVENT_ID="0" ID="25" TYPE_REL="EVENT_COREF"/><W> आग </W><W> लग </W><W> गई। </W></MAN_MADE_EVENT><PLACE-ARG ID="35"><LINK EVENT_ARG="2" ID="36" TYPE_REL="EVENT_ARG"/><W> इंडस्ट्री </W><W> के </W><W> पहले </W><W> फ्लोर </W></PLACE-ARG><W> पर </W><MAN_MADE_EVENT ID="2" TYPE="FIRE"><EVENT-COREF-LINK EVENT_ID="0" ID="26" TYPE_REL="EVENT_COREF"/><W> लगी </W><W> आग </W></MAN_MADE_EVENT><W> अब </W><PLACE-ARG ID="9"><LINK EVENT_ARG="2" ID="37" TYPE_REL="EVENT_ARG"/><W> दूसरे </W><W> फ्लोर </W></PLACE-ARG><W> तक </W><W> फैल </W><W> चुकी </W><W> है। </W><W> बीएमसी </W><W> के </W><W> आपदा </W><W> नियंत्रण </W><W> विभाग </W><W> के </W><W> अधिकारी </W><W> ने </W><W> बताया </W><W> कि </W><MAN_MADE_EVENT ID="24" TYPE="FIRE"><EVENT-COREF-LINK EVENT_ID="0" ID="27" TYPE_REL="EVENT_COREF"/><W> मामले </W></MAN_MADE_EVENT><W> में </W><CASUALTIES-ARG ID="19"><LINK EVENT_ARG="24" ID="38" TYPE_REL="EVENT_ARG"/><W> कोई </W><W> हताहत </W><W> नहीं </W></CASUALTIES-ARG><W> हुआ </W><W> है। </W><AFTER_EFFECTS-ARG ID="21"><LINK EVENT_ARG="24" ID="39" TYPE_REL="EVENT_ARG"/><W> घटनास्थल </W><W> पर </W><W> दमकल </W><W> की </W><W> आठ </W><W> गाड़ियों </W><W> सहित </W><W> आठ </W><W> पानी </W><W> के </W><W> टैंकर </W><W> भेजे </W><W> जा </W><W> चुके </W></AFTER_EFFECTS-ARG><W> हैं। </W></P><P><W> अधिकारी </W><W> ने </W><W> कहा- </W><TIME-ARG ID="15"><LINK EVENT_ARG="3" ID="40" TYPE_REL="EVENT_ARG"/><W> रात </W><W> 9 </W><W> बजे </W><W> के </W><W> करीब </W></TIME-ARG><PLACE-ARG ID="16"><LINK EVENT_ARG="3" ID="41" TYPE_REL="EVENT_ARG"/><W> मुलुंड के </W><W> शांति </W><W> एजेंसी </W><W> और </W><W> कुछ </W><W> औद्योगिक </W><W> दुकानों </W></PLACE-ARG><W> में </W><MAN_MADE_EVENT ID="3" TYPE="FIRE"><EVENT-COREF-LINK EVENT_ID="0" ID="28" TYPE_REL="EVENT_COREF"/><W> आग </W><W> लग </W><W> गई </W></MAN_MADE_EVENT><W> थी। </W><MAN_MADE_EVENT ID="4" TYPE="FIRE"><EVENT-COREF-LINK EVENT_ID="0" ID="29" TYPE_REL="EVENT_COREF"/><W> आग </W><W> लगने </W></MAN_MADE_EVENT><W> का </W><W> कारण </W><W> अभी </W><W> तक </W><W> पता </W><W> नहीं </W><W> चल </W><W> पाया </W><W> है। </W><W> वहीं </W><W> दूसरी </W><W> ओर </W><PLACE-ARG ID="11"><LINK EVENT_ARG="5" ID="42" TYPE_REL="EVENT_ARG"/><W> ठाणे </W><W> के </W><W> पास </W><W> भिवंडी </W><W> के </W><W> मंकोली </W><W> नाका </W><W> क्षेत्र </W><W> के </W><W> एक </W><W> गोडाउन </W></PLACE-ARG><W> पर </W><MAN_MADE_EVENT ID="5" TYPE="FIRE"><W> आग </W><W> लग </W><W> गई </W></MAN_MADE_EVENT><W> है। </W><AFTER_EFFECTS-ARG ID="22"><LINK EVENT_ARG="5" ID="43" TYPE_REL="EVENT_ARG"/><W> दमकलकर्मी </W><W> आग </W><W> पर </W><W> काबू </W><W> पाने </W><W> की </W><W> लगातार </W><W> कोशिश </W><W> कर </W><W> रहे </W><W> हैं। </W></AFTER_EFFECTS-ARG></P><P><W> अधिकारियों </W><W> ने </W><W> बताया </W><W> कि </W><AFTER_EFFECTS-ARG ID="23"><LINK EVENT_ARG="5" ID="44" TYPE_REL="EVENT_ARG"/><W> भिवंडी, </W><W> उल्हासनगर, </W><W> बदलापुर </W><W> और </W><W> कल्याण </W><W> की </W><W> दमकल </W><W> टीम </W><W> सुबह </W><W> तीन </W><W> बजे </W><W> से </W><W> आग </W><W> बुझाने </W><W> के </W><W> ऑपरेशन </W><W> में </W><W> लगीं </W><W> हुई </W><W> है। </W></AFTER_EFFECTS-ARG><W> अभी </W><CASUALTIES-ARG ID="20"><LINK EVENT_ARG="5" ID="45" TYPE_REL="EVENT_ARG"/><W> तक </W><W> किसी </W><W> के </W><W> हताहत </W><W> होने </W><W> की </W><W> सूचना </W><W> नहीं </W></CASUALTIES-ARG><W> मिली </W><W> है। </W><W> अधिकारियों </W><W> ने </W><W> बताया </W><W> कि </W><W> आग </W><W> पर </W><W> पूरी </W><W> तरह </W><W> से </W><W> काबू </W><W> पाने </W><W> में </W><W> अभी </W><W> थोड़ा </W><W> समय </W><W> और </W><W> लग </W><W> सकता </W><W> है। </W></P></DOCUMENT>