<?xml version="1.0" encoding="UTF-8"?>
<DOCUMENT><DESC/><TIME>1293</TIME><P><PLACE-ARG ID="0"><LINK EVENT_ARG="10" ID="39" TYPE_REL="EVENT_ARG"/><W> लुधियाना </W><W> में </W><W> फैक्ट्री </W></PLACE-ARG><W> में </W><MAN_MADE_EVENT ID="10" TYPE="FIRE"><W> लगी </W><W> भीषण </W><W> आग, </W></MAN_MADE_EVENT><CASUALTIES-ARG ID="30"><LINK EVENT_ARG="10" ID="40" TYPE_REL="EVENT_ARG"/><W> दो </W><W> फायरकर्मी </W><W> घायल, </W></CASUALTIES-ARG><AFTER_EFFECTS-ARG ID="17"><LINK EVENT_ARG="10" ID="41" TYPE_REL="EVENT_ARG"/><W> 45 </W><W> गाड़ियों </W><W> ने </W><W> आग </W><W> पर </W><W> पाया </W><W> काबू </W></AFTER_EFFECTS-ARG><W> ।  </W></P><P><PLACE-ARG ID="1"><LINK EVENT_ARG="11" ID="42" TYPE_REL="EVENT_ARG"/><W> लुधियाना </W><W> के </W><W> फोकल </W><W> प्वाइंट </W><W> के </W><W> फेज </W><W> सात </W><W> स्थित </W><W> साइकिल </W><W> पार्ट्स </W><W> की </W><W> फैक्टरी </W></PLACE-ARG><W> में </W><TIME-ARG ID="7"><LINK EVENT_ARG="12" ID="43" TYPE_REL="EVENT_ARG"/><W> मंगलवार </W><W> की </W><W> सुबह </W></TIME-ARG><W> अचानक </W><MAN_MADE_EVENT ID="11" TYPE="FIRE"><EVENT-COREF-LINK EVENT_ID="10" ID="31" TYPE_REL="EVENT_COREF"/><W> आग </W><W> लग </W><W> गई। </W></MAN_MADE_EVENT><W> जिस </W><W> समय </W><PLACE-ARG ID="45"><LINK EVENT_ARG="12" ID="46" TYPE_REL="EVENT_ARG"/><W> फैक्टरी </W></PLACE-ARG><W> में </W><MAN_MADE_EVENT ID="12" TYPE="FIRE"><EVENT-COREF-LINK EVENT_ID="10" ID="32" TYPE_REL="EVENT_COREF"/><W> आग </W><W> लगी </W></MAN_MADE_EVENT><W> उस </W><W> समय </W><PLACE-ARG ID="4"><LINK EVENT_ARG="12" ID="47" TYPE_REL="EVENT_ARG"/><W> फैक्टरी </W></PLACE-ARG><W> में </W><W> कई </W><W> वर्कर </W><W> काम </W><W> कर </W><W> रहे </W><W> थे। </W><MAN_MADE_EVENT ID="13" TYPE="FIRE"><EVENT-COREF-LINK EVENT_ID="10" ID="33" TYPE_REL="EVENT_COREF"/><W> आग </W></MAN_MADE_EVENT><W> की </W><W> सूचना </W><W> मिलते </W><W> ही </W><AFTER_EFFECTS-ARG ID="18"><LINK EVENT_ARG="13" ID="48" TYPE_REL="EVENT_ARG"/><W> सभी </W><W> लोग </W><W> बाहर </W><W> आ </W><W> गए। </W></AFTER_EFFECTS-ARG><W> सूचना </W><W> मिलने </W><W> के </W><W> बाद </W><AFTER_EFFECTS-ARG ID="19"><LINK EVENT_ARG="13" ID="49" TYPE_REL="EVENT_ARG"/><W> फायर </W><W> कर्मचारी </W><W> मौके </W><W> पर </W><W> पहुंच </W><W> गए। </W></AFTER_EFFECTS-ARG><AFTER_EFFECTS-ARG ID="20"><LINK EVENT_ARG="13" ID="50" TYPE_REL="EVENT_ARG"/><W> सभी </W><W> स्टेशनों </W><W> से </W><W> फायर </W><W> ब्रिगेड </W><W> की </W><W> गाड़ियां </W><W> मंगवा </W><W> ली </W><W> गई। </W><W> लगभग </W><W> 45 </W><W> गाड़ियों </W><W> ने </W><W> मिलकर </W><W> आग </W><W> पर </W><W> काबू </W><W> पाया। </W></AFTER_EFFECTS-ARG></P><P><TIME-ARG ID="8"><LINK EVENT_ARG="13" ID="51" TYPE_REL="EVENT_ARG"/><W>  पांच </W><W> घंटे </W></TIME-ARG><W> की </W><AFTER_EFFECTS-ARG ID="21"><LINK EVENT_ARG="13" ID="52" TYPE_REL="EVENT_ARG"/><W> कड़ी </W><W> मशक्कत </W><W> के </W><W> बाद </W><W> आग </W><W> पर </W><W> काबू </W><W> पा </W><W> लिया </W><W> गया। </W></AFTER_EFFECTS-ARG><AFTER_EFFECTS-ARG ID="22"><LINK EVENT_ARG="13" ID="53" TYPE_REL="EVENT_ARG"/><W> आग </W><W> पर </W><W> काबू </W><W> पाने </W><W> के </W><W> लिए </W><W> दो </W><W> फायर </W><W> कर्मचारी </W><W> शेड </W><W> पर </W><W> चढ़ </W><W> गए। </W><W> लेकिन </W><W> पैर </W><W> फिसलने </W><W> की </W><W> वजह </W><W> से </W><W> दोनों </W><W> शेड </W><W> से </W><W> नीचे </W><W> गिरकर </W><W> घायल </W><W> हो </W><W> गए। </W><W> जिन्हें </W><W> इलाज </W><W> के </W><W> लिए </W><W> पास </W><W> के </W><W> निजी </W><W> अस्पताल </W><W> में </W><W> दाखिल </W><W> कराया </W><W> गया </W><W> है। </W></AFTER_EFFECTS-ARG><W> दोनों </W><W> की </W><W> हालत </W><W> खतरे </W><W> से </W><W> बाहर </W><W> बताई </W><W> जा </W><W> रही </W><W> है। </W><W> अभी </W><W> तक </W><MAN_MADE_EVENT ID="14" TYPE="FIRE"><EVENT-COREF-LINK EVENT_ID="10" ID="34" TYPE_REL="EVENT_COREF"/><W> आग </W><W> लगने </W></MAN_MADE_EVENT><W> का </W><W> पुख्ता </W><W> कारण </W><W> नहीं </W><W> पता </W><W> चल </W><W> पाया </W><W> है।  </W></P><P><W> बताया </W><W> जा </W><W> रहा </W><W> है </W><W> कि </W><REASON-ARG ID="28"><LINK EVENT_ARG="35" ID="54" TYPE_REL="EVENT_ARG"/><W> अंदर </W><W> केमिकल </W><W> पड़ा </W><W> था </W><W> और </W><W> पास </W><W> से </W><W> गुजर </W><W> रही </W><W> तार </W><W> से </W><W> स्पार्किंग </W><W> की </W><W> वजह </W><W> से </W></REASON-ARG><MAN_MADE_EVENT ID="35" TYPE="FIRE"><EVENT-COREF-LINK EVENT_ID="10" ID="36" TYPE_REL="EVENT_COREF"/><W> आग </W><W> लगी </W></MAN_MADE_EVENT><W> है। </W><REASON-ARG ID="29"><LINK EVENT_ARG="35" ID="55" TYPE_REL="EVENT_ARG"/><W> आग </W><W> लगने </W><W> की </W><W> वजह </W><W> से </W></REASON-ARG><W> फैक्टरी </W><W> में </W><W> पड़ा </W><AFTER_EFFECTS-ARG ID="23"><LINK EVENT_ARG="35" ID="56" TYPE_REL="EVENT_ARG"/><W> काफी </W><W> सामान </W><W> जलकर </W><W> राख </W><W> हो </W><W> गया। </W></AFTER_EFFECTS-ARG><PLACE-ARG ID="5"><LINK EVENT_ARG="35" ID="57" TYPE_REL="EVENT_ARG"/><W> फोकल </W><W> प्वाइंट </W><W> के </W><W> सात </W><W> फेस </W><W> में </W><W> चोपड़ा </W><W> इंडस्ट्री </W></PLACE-ARG><W> है। </W><PLACE-ARG ID="6"><LINK EVENT_ARG="35" ID="58" TYPE_REL="EVENT_ARG"/><W> दो </W><W> मंजिला </W><W> फैक्टरी </W><W> के </W><W> नीचे </W><W> फ्लोर </W></PLACE-ARG><W> में </W><W> मोटरसाइकिल </W><W> के </W><W> पार्ट्स </W><W> बनते </W><W> हैं </W><W> और </W><W> ऊपर </W><W> वाली </W><W> मंजिल </W><W> पर </W><W> साइकिल </W><W> के </W><W> पार्ट्स </W><W> तैयार </W><W> किए </W><W> जाते </W><W> हैं।  </W></P><P><W> फैक्टरी </W><W> के </W><W> अंदर </W><W> गद्दी </W><W> तैयार </W><W> करने </W><W> के </W><W> लिए </W><W> कॉटन </W><W> और </W><W> केमिकल </W><W> पड़ा </W><W> था। </W><W> फैक्टरी </W><W> की </W><W> ऊपर </W><W> वाली </W><W> मंजिल </W><W> में </W><W> कैमिकल </W><W> में </W><MAN_MADE_EVENT ID="15" TYPE="NORMAL_BOMBING"><EVENT-COREF-LINK EVENT_ID="10" ID="37" TYPE_REL="EVENT_COREF"/><W> आग </W><W> लग </W><W> गई। </W></MAN_MADE_EVENT><W> देखते </W><W> ही </W><W> देखते </W><W> आग </W><W> फैल </W><W> गई। </W><W> फैक्टरी </W><W> में </W><MAN_MADE_EVENT ID="16" TYPE="FIRE"><EVENT-COREF-LINK EVENT_ID="10" ID="38" TYPE_REL="EVENT_COREF"/><W> आग </W><W> लगने </W></MAN_MADE_EVENT><W> की </W><AFTER_EFFECTS-ARG ID="24"><LINK EVENT_ARG="16" ID="59" TYPE_REL="EVENT_ARG"/><W> सूचना </W><W> मिलते </W><W> ही </W><W> फैक्टरी </W><W> वर्कर </W><W> बाहर </W><W> की </W><W> तरफ </W><W> भागे। </W><W> किसी </W><W> ने </W><W> इसकी </W><W> जानकारी </W><W> फायर </W><W> ब्रिगेड </W><W> को </W><W> दी </W><W> और </W><W> आग </W><W> पर </W><W> काबू </W><W> पाया </W><W> गया। </W></AFTER_EFFECTS-ARG></P><P><W> फायर </W><W> अफसर </W><W> सृष्टि </W><W> शर्मा </W><W> ने </W><W> बताया </W><W> कि </W><TIME-ARG ID="9"><LINK EVENT_ARG="16" ID="60" TYPE_REL="EVENT_ARG"/><W> सुबह </W><W> 11 </W><W> बजे </W><W> के </W><W> करीब </W></TIME-ARG><W> सूचना </W><W> मिली </W><AFTER_EFFECTS-ARG ID="25"><LINK EVENT_ARG="16" ID="61" TYPE_REL="EVENT_ARG"/><W> तो </W><W> फायर </W><W> ब्रिगेड </W><W> की </W><W> गाड़ियां </W><W> तुरंत </W><W> पहुंच </W><W> गई। </W><W> लेकिन </W><W> आग </W><W> ज्यादा </W><W> होने </W><W> के </W><W> कारण </W><W> सभी </W><W> स्टेशनों </W><W> से </W><W> गाड़ियां </W><W> मंगवाई </W><W> गई। </W><W> पांच </W><W> घंटे </W><W> तक </W><W> आग </W><W> पर </W><W> काबू </W><W> पाने </W><W> के </W><W> लिए </W><W> पानी </W><W> की </W><W> 45 </W><W> के </W><W> करीब </W><W> गाड़ियां </W><W> लगी </W><W> है। </W></AFTER_EFFECTS-ARG><W> उन्होंने </W><W> कहा </W><W> कि </W><AFTER_EFFECTS-ARG ID="26"><LINK EVENT_ARG="16" ID="62" TYPE_REL="EVENT_ARG"/><W> कांट्रेक्ट </W><W> पर </W><W> फायर </W><W> विभाग </W><W> में </W><W> काम </W><W> करने </W><W> वाले </W><W> कर्मचारी </W><W> हरिंदर </W><W> और </W><W> सुरिंदर </W><W> फैक्टरी </W><W> के </W><W> बाहर </W><W> बने </W><W> एक </W><W> शेड </W><W> से </W><W> आग </W><W> पर </W><W> काबू </W><W> पा </W><W> रहे </W><W> थे।  </W></AFTER_EFFECTS-ARG></P><P><AFTER_EFFECTS-ARG ID="27"><LINK EVENT_ARG="16" ID="63" TYPE_REL="EVENT_ARG"/><W> इसी </W><W> दौरान </W><W> शेड </W><W> से </W><W> पैर </W><W> फिसल </W><W> गया </W><W> और </W><W> शेड </W><W> के </W><W> साथ </W><W> दोनों </W><W> मुलाजिम </W><W> भी </W><W> नीचे </W><W> गिर </W><W> गए। </W><W> वहां </W><W> मौजूद </W><W> सभी </W><W> लोगों </W><W> ने </W><W> गिरे </W><W> शेड </W><W> को </W><W> पीछे </W><W> कर </W><W> दोनों </W><W> मुलाजिमों </W><W> को </W><W> बाहर </W><W> निकाला </W><W> और </W><W> पास </W><W> के </W><W> निजी </W><W> अस्पताल </W><W> में </W><W> उपचार </W><W> के </W><W> लिए </W><W> पहुंचाया। </W></AFTER_EFFECTS-ARG><W> फायर </W><W> अफसर </W><W> सृष्टि </W><W> ने </W><W> बताया </W><W> कि </W><W> फैक्टरी </W><W> के </W><W> अंदर </W><W> कोई </W><W> फायर </W><W> सेफ्टी </W><W> सिस्टम </W><W> नहीं </W><W> है। </W><W> इसकी </W><W> रिपोर्ट </W><W> बना </W><W> अधिकारियों </W><W> को </W><W> दे </W><W> दी </W><W> जाएगी। </W><W> जिसके </W><W> बाद </W><W> आगे </W><W> की </W><W> कार्रवाई </W><W> होगी। </W><W>   </W></P></DOCUMENT>