<?xml version="1.0" encoding="UTF-8"?>
<DOCUMENT><DESC/><TIME>610</TIME><P><PLACE-ARG ID="0"><LINK EVENT_ARG="1" ID="36" TYPE_REL="EVENT_ARG"/><W> कोलकाता </W><W> के </W><W> स्ट्रीट </W><W> पार्क </W></PLACE-ARG><W> में </W><MAN_MADE_EVENT ID="1" TYPE="FIRE"><W> लगी </W><W> आग, </W></MAN_MADE_EVENT><AFTER_EFFECTS-ARG ID="2"><LINK EVENT_ARG="1" ID="37" TYPE_REL="EVENT_ARG"/><W> मौके </W><W> पर </W><W> पहुंची </W><W> दमकल </W><W> की </W><W> 10 </W><W> गाड़ियां </W></AFTER_EFFECTS-ARG><W> ।  </W></P><P><PLACE-ARG ID="3"><LINK EVENT_ARG="18" ID="38" TYPE_REL="EVENT_ARG"/><W> कोलकाता </W><W> के </W><W> पॉश </W><W> पार्क </W><W> स्ट्रीट </W><W> इलाके </W></PLACE-ARG><W> में </W><TIME-ARG ID="11"><LINK EVENT_ARG="18" ID="39" TYPE_REL="EVENT_ARG"/><W> सोमवार </W></TIME-ARG><W> को </W><PLACE-ARG ID="4"><LINK EVENT_ARG="18" ID="40" TYPE_REL="EVENT_ARG"/><W> एक </W><W> बहुमंजिला </W><W> इमारत </W><W> की </W><W> पांचवीं </W><W> मंजिल </W></PLACE-ARG><W> पर </W><MAN_MADE_EVENT ID="18" TYPE="FIRE"><EVENT-COREF-LINK EVENT_ID="1" ID="30" TYPE_REL="EVENT_COREF"/><W> आग </W><W> लग </W><W> गई। </W></MAN_MADE_EVENT><W> इस </W><W> इमारत </W><W> में </W><W> कई </W><W> कॉर्पोरेट </W><W> कार्यालय </W><W> हैं। </W><W> एक </W><W> दमकल </W><W> अधिकारी </W><W> ने </W><W> बताया </W><W> कि </W><PLACE-ARG ID="5"><LINK EVENT_ARG="19" ID="41" TYPE_REL="EVENT_ARG"/><W> बहुमंजिला </W><W> इमारत </W><W> की </W><W> पांचवीं </W><W> मंजिल </W></PLACE-ARG><W> पर </W><TIME-ARG ID="12"><LINK EVENT_ARG="19" ID="42" TYPE_REL="EVENT_ARG"/><W> सुबह </W><W> करीब </W><W> 11.10 </W><W> बजे </W></TIME-ARG><W> लगी </W><MAN_MADE_EVENT ID="19" TYPE="FIRE"><EVENT-COREF-LINK EVENT_ID="1" ID="31" TYPE_REL="EVENT_COREF"/><W> आग </W></MAN_MADE_EVENT><W> में </W><CASUALTIES-ARG ID="25"><LINK EVENT_ARG="19" ID="43" TYPE_REL="EVENT_ARG"/><W> किसी </W><W> के </W><W> भी </W><W> घायल </W><W> होने </W><W> की </W><W> खबर </W><W> नहीं </W></CASUALTIES-ARG><W> है। </W><W> इस </W><PLACE-ARG ID="6"><LINK EVENT_ARG="19" ID="44" TYPE_REL="EVENT_ARG"/><W> इमारत </W></PLACE-ARG><W> का </W><W> नाम </W><PLACE-ARG ID="7"><LINK EVENT_ARG="19" ID="45" TYPE_REL="EVENT_ARG"/><W> एपीजे </W><W> हाउस </W></PLACE-ARG><W> है। </W></P><P><W> उन्होंने </W><W> बताया, </W><AFTER_EFFECTS-ARG ID="32"><LINK EVENT_ARG="19" ID="46" TYPE_REL="EVENT_ARG"/><W> ‘‘कई </W><W> दमकल </W><W> गाड़ियां </W><W> आग </W><W> पर </W><W> काबू </W><W> पाने </W><W> के </W><W> काम </W><W> में </W><W> लगी </W><W> हुई </W><W> हैं। </W></AFTER_EFFECTS-ARG><AFTER_EFFECTS-ARG ID="27"><LINK EVENT_ARG="19" ID="47" TYPE_REL="EVENT_ARG"/><W> इमारत </W><W> को </W><W> खाली </W><W> करने </W><W> का </W><W> प्रयास </W><W> किया </W><W> जा </W><W> रहा </W><W> है। </W></AFTER_EFFECTS-ARG><W> इस </W><W> इमारत </W><W> में </W><W> कई </W><W> कॉरपोरेट </W><W> कार्यालय </W><W> और </W><W> एपीजे </W><W> सुरेन्द्र </W><W> ग्रुप </W><W> का </W><W> मुख्यालय </W><W> है। </W></P><P><W> प्रत्यक्षदर्शियों </W><W> ने </W><W> बताया, </W><W> ‘‘शुरूआत </W><W> में, </W><TIME-ARG ID="13"><LINK EVENT_ARG="20" ID="48" TYPE_REL="EVENT_ARG"/><W> सुबह </W><W> करीब </W><W> 11 </W><W> बजे </W></TIME-ARG><W> हल्का </W><W> धुंआ </W><W> देखने </W><W> को </W><W> मिला </W><W> लेकिन </W><TIME-ARG ID="14"><LINK EVENT_ARG="20" ID="49" TYPE_REL="EVENT_ARG"/><W> साढ़े </W><W> ग्यारह </W><W> बजे </W></TIME-ARG><W> खिड़कियों </W><W> से </W><MAN_MADE_EVENT ID="20" TYPE="FIRE"><EVENT-COREF-LINK EVENT_ID="1" ID="33" TYPE_REL="EVENT_COREF"/><W> आग </W></MAN_MADE_EVENT><W> की </W><W> लपट </W><W> और </W><W> धुआं </W><W> बाहर </W><W> निकलने </W><W> लगा।’’ </W></P><P><MAN_MADE_EVENT ID="21" TYPE="FIRE"><EVENT-COREF-LINK EVENT_ID="1" ID="50" TYPE_REL="EVENT_COREF"/><W> घटना </W></MAN_MADE_EVENT><W> की </W><W> पुष्टि </W><W> शहर </W><W> के </W><W> महापौर </W><W> और </W><W> अग्नि </W><W> सेवा </W><W> मंत्री </W><W> सोवन </W><W> चट्टोपाध्याय </W><W> ने </W><W> की। </W><W> उन्होंने </W><W> कहा, </W><W> 'अभी </W><W> तक </W><MAN_MADE_EVENT ID="22" TYPE="FIRE"><EVENT-COREF-LINK EVENT_ID="1" ID="51" TYPE_REL="EVENT_COREF"/><W> आग </W><W> लगने </W></MAN_MADE_EVENT><W> की </W><W> वजह </W><W> का </W><W> पता </W><W> नहीं </W><W> चला </W><W> है।'  </W></P><P><W> प्रत्यक्षदर्शी </W><W> ने </W><W> कहा, </W><AFTER_EFFECTS-ARG ID="28"><LINK EVENT_ARG="22" ID="52" TYPE_REL="EVENT_ARG"/><W> 'स्थानीय </W><W> लोगों </W><W> ने </W><W> दमकलकर्मियों </W><W> की </W><W> मदद </W><W> की </W></AFTER_EFFECTS-ARG><W> ताकि </W><W> किसी </W><W> और </W><W> इमारत </W><W> में </W><W> आग </W><W> न </W><W> लगे।' </W><W> दमकलकर्मी </W><W> यह </W><W> देख </W><W> रहे </W><W> हैं </W><W> कि </W><W> कोई </W><W> इमारत </W><W> के </W><W> अंदर </W><W> फंसा </W><W> हुआ </W><W> तो </W><W> नहीं </W><W> है। </W><W> प्रत्यक्षदर्शियों </W><W> के </W><W> अनुसार </W><MAN_MADE_EVENT ID="34" TYPE="FIRE"><EVENT-COREF-LINK EVENT_ID="1" ID="35" TYPE_REL="EVENT_COREF"/><W> आग </W></MAN_MADE_EVENT><PLACE-ARG ID="17"><LINK EVENT_ARG="34" ID="53" TYPE_REL="EVENT_ARG"/><W> एपीजे </W><W> बिल्डिंग </W><W> के </W><W> सर्वर </W><W> रूम </W></PLACE-ARG><W> में </W><TIME-ARG ID="15"><LINK EVENT_ARG="34" ID="54" TYPE_REL="EVENT_ARG"/><W> सुबह </W><W> 11 </W><W> बजे </W></TIME-ARG><W> लगी। </W><PLACE-ARG ID="8"><LINK EVENT_ARG="34" ID="55" TYPE_REL="EVENT_ARG"/><W> इमारत </W><W> के </W><W> अंदर </W><W> विभिन्न </W><W> तलों </W></PLACE-ARG><W> पर </W><AFTER_EFFECTS-ARG ID="29"><LINK EVENT_ARG="34" ID="56" TYPE_REL="EVENT_ARG"/><W> मौजूद </W><W> लोगों </W><W> को </W><W> तुरंत </W><W> बाहर </W><W> निकाला </W><W> गया। </W></AFTER_EFFECTS-ARG><PLACE-ARG ID="9"><LINK EVENT_ARG="34" ID="57" TYPE_REL="EVENT_ARG"/><W> एपीजे </W><W> बिल्डिंग </W></PLACE-ARG><PLACE-ARG ID="10"><LINK EVENT_ARG="34" ID="58" TYPE_REL="EVENT_ARG"/><W> स्टीफन </W><W> कोर्ट </W><W> बिल्डिंग </W><W> से </W><W> 100 </W><W> मीटर </W><W> दूर </W></PLACE-ARG><W> है। </W><W> यहां </W><TIME-ARG ID="16"><LINK EVENT_ARG="23" ID="59" TYPE_REL="EVENT_ARG"/><W> 23 </W><W> मार्च, </W><W> 2010 </W></TIME-ARG><W> को </W><W> भयंकर </W><MAN_MADE_EVENT ID="23" TYPE="FIRE"><W> आग </W><W> लगी </W></MAN_MADE_EVENT><W> थी। </W><W> जिसमें </W><CASUALTIES-ARG ID="24"><LINK EVENT_ARG="23" ID="60" TYPE_REL="EVENT_ARG"/><W> 40 </W><W> लोगों </W><W> की </W><W> मौत </W></CASUALTIES-ARG><W> हुई </W><W> थी। </W></P><P><W>   </W></P></DOCUMENT>