<?xml version="1.0" encoding="UTF-8"?>
<DOCUMENT><P><W> खरड़ः </W><PLACE-ARG ID="10"><LINK EVENT_ARG="0" ID="21" TYPE_REL="EVENT_ARG"/><W> हाईवे </W></PLACE-ARG><W> पर </W><MAN_MADE_EVENT ID="0" TYPE="FIRE"><EVENT-COREF-LINK EVENT_ID="1" ID="33" TYPE_REL="EVENT_COREF"/><W> आग </W></MAN_MADE_EVENT><W> का </W><W> गोला </W><W> बनी </W><PARTICIPANT-ARG ID="11"><LINK EVENT_ARG="0" ID="20" TYPE_REL="EVENT_ARG"/><W> कार, </W></PARTICIPANT-ARG><W> 4 </W><W> छात्रों </W><W> ने </W><W> कूदकर </W><W> बचाई </W><W> जान, </W><W> सहमे </W><W> चारों </W><W> नौजवान </W></P><P><PLACE-ARG ID="7"><LINK EVENT_ARG="1" ID="24" TYPE_REL="EVENT_ARG"/><W> चंडीगढ़-खरड़ </W><W> हाईवे </W></PLACE-ARG><W> पर </W><PLACE-ARG ID="8"><LINK EVENT_ARG="1" ID="23" TYPE_REL="EVENT_ARG"/><W> टेलीफोन </W><W> एक्सचेंज </W><W> के </W><W> पास </W></PLACE-ARG><PARTICIPANT-ARG ID="12"><LINK EVENT_ARG="1" ID="22" TYPE_REL="EVENT_ARG"/><W> एक </W><W> चलती </W><W> कार </W><W> (इंडिका </W><W> विस्ता) </W></PARTICIPANT-ARG><W> में </W><MAN_MADE_EVENT ID="1" TYPE="FIRE"><W> आग </W><W> लग </W><W> गई। </W></MAN_MADE_EVENT><MAN_MADE_EVENT ID="2" TYPE="FIRE"><EVENT-COREF-LINK EVENT_ID="1" ID="34" TYPE_REL="EVENT_COREF"/><W> आग </W></MAN_MADE_EVENT><W> लगने </W><W> पर </W><PARTICIPANT-ARG ID="13"><LINK EVENT_ARG="2" ID="25" TYPE_REL="EVENT_ARG"/><W> कार </W></PARTICIPANT-ARG><W> सवार </W><PARTICIPANT-ARG ID="14"><LINK EVENT_ARG="2" ID="26" TYPE_REL="EVENT_ARG"/><W> 4 </W><W> स्टूडेंट्स </W></PARTICIPANT-ARG><W> ने </W><PARTICIPANT-ARG ID="15"><LINK EVENT_ARG="2" ID="27" TYPE_REL="EVENT_ARG"/><W> कार </W></PARTICIPANT-ARG><W> से </W><W> कूदकर </W><W> अपनी </W><W> जान </W><W> बचाई। </W><MAN_MADE_EVENT ID="3" TYPE="FIRE"><EVENT-COREF-LINK EVENT_ID="1" ID="35" TYPE_REL="EVENT_COREF"/><W> आग </W></MAN_MADE_EVENT><W> इतनी </W><W> जबरदस्त </W><W> थी </W><W> कि </W><W> कुछ </W><W> ही </W><W> देर </W><W> में </W><PARTICIPANT-ARG ID="16"><LINK EVENT_ARG="4" ID="29" TYPE_REL="EVENT_ARG"/><W> कार </W></PARTICIPANT-ARG><W> पूरी </W><W> तरह </W><MAN_MADE_EVENT ID="4" TYPE="FIRE"><EVENT-COREF-LINK EVENT_ID="1" ID="36" TYPE_REL="EVENT_COREF"/><W> जल </W><W> गई। </W></MAN_MADE_EVENT><W> फायर </W><W> विभाग </W><W> के </W><W> नंबर </W><W> पर </W><W> काल  </W><W> नहीं </W><W> लगने </W><W> पर </W><W> पुलिस </W><W> को </W><W> सूचना </W><W> दी </W><W> गई। </W><W> हालांकि </W><W> जब </W><W> तक </W><W> पुलिस </W><W> पहुंची </W><PARTICIPANT-ARG ID="17"><LINK EVENT_ARG="5" ID="30" TYPE_REL="EVENT_ARG"/><W> कार </W></PARTICIPANT-ARG><W> पूरी </W><W> तरह </W><MAN_MADE_EVENT ID="5" TYPE="FIRE"><EVENT-COREF-LINK EVENT_ID="1" ID="37" TYPE_REL="EVENT_COREF"/><W> जल </W><W> गई </W></MAN_MADE_EVENT><W> थी। </W></P><P><W> जानकारी </W><W> के </W><W> मुताबिक, </W><W> मोहाली </W><W> से </W><W> खरड़ </W><W> की </W><W> तरफ </W><PARTICIPANT-ARG ID="18"><LINK EVENT_ARG="6" ID="31" TYPE_REL="EVENT_ARG"/><W> इंडिका </W><W> विस्ता </W><W> कार </W></PARTICIPANT-ARG><W> में </W><W> सवार </W><W> होकर </W><PARTICIPANT-ARG ID="19"><LINK EVENT_ARG="6" ID="32" TYPE_REL="EVENT_ARG"/><W> चार </W><W> युवक </W></PARTICIPANT-ARG><W> जा </W><W> रहे </W><W> थे। </W><W> चारों </W><W> स्टूडेंट्स </W><W> बताए </W><W> जा </W><W> रहे </W><W> हैं। </W><W> सभी </W><W> खरड़ </W><W> के </W><W> ही </W><W> रहने </W><W> वाले </W><W> हैं।  </W><W> कार </W><W> को </W><W> परमीश </W><W> नाम </W><W> का </W><W> युवक </W><W> चला </W><W> रहा </W><W> था </W><W> जबकि </W><W> उसके </W><W> साथ </W><W> युवराज, </W><W> गुड्डू </W><W> और </W><W> एक </W><W> अन्य </W><W> युवक </W><W> बैठा </W><W> था। </W><W> युवकों </W><W> ने </W><W> बताया </W><W> कि </W><W> वे </W><W> लोग </W><W> जब </W><W> टेलीफोन </W><W> एक्सचेंज </W><W> के </W><W> पास </W><W> पहुंचे </W><W> तो </W><W> कार </W><W> के </W><W> डैशबोर्ड </W><W> से </W><W> अचानक </W><W> धुआं </W><W> उठने </W><W> लगा। </W><W> देखते-देखते </W><MAN_MADE_EVENT ID="6" TYPE="FIRE"><EVENT-COREF-LINK EVENT_ID="1" ID="38" TYPE_REL="EVENT_COREF"/><W> आग </W><W> लग </W><W> गई </W></MAN_MADE_EVENT><W> आैर </W><W> उन्होंने </W><W> कूदकर </W><W> जान </W><W> बचाई। </W></P></DOCUMENT>