<?xml version="1.0" encoding="UTF-8"?>
<DOCUMENT><DESC/><TIME>2182</TIME><P><PLACE-ARG ID="7"><LINK EVENT_ARG="0" ID="38" TYPE_REL="EVENT_ARG"/><W> दो </W><W> उद्योगों </W></PLACE-ARG><W> में </W><MAN_MADE_EVENT ID="0" TYPE="FIRE"><W> आग </W></MAN_MADE_EVENT><W> से </W><AFTER_EFFECTS-ARG ID="20"><LINK EVENT_ARG="0" ID="39" TYPE_REL="EVENT_ARG"/><W> डेढ़ </W><W> करोड़ </W><W> राख </W></AFTER_EFFECTS-ARG><W> ।  </W></P><P><TIME-ARG ID="15"><LINK EVENT_ARG="1" ID="40" TYPE_REL="EVENT_ARG"/><W> शनिवार </W><W> देर </W><W> रात </W><W> करीब </W><W> दो </W><W> बजे </W></TIME-ARG><PLACE-ARG ID="8"><LINK EVENT_ARG="1" ID="41" TYPE_REL="EVENT_ARG"/><W> परवाणू </W><W> के </W><W> सेक्टर-1 </W><W> स्थित </W><W> दो </W><W> उद्योगों </W></PLACE-ARG><W> में </W><MAN_MADE_EVENT ID="1" TYPE="FIRE"><EVENT-COREF-LINK EVENT_ID="0" ID="32" TYPE_REL="EVENT_COREF"/><W> आग </W><W> लगने </W></MAN_MADE_EVENT><W> से </W><AFTER_EFFECTS-ARG ID="21"><LINK EVENT_ARG="1" ID="42" TYPE_REL="EVENT_ARG"/><W> करीब </W><W> डेढ़ </W><W> करोड़ </W><W> का </W><W> सामान </W><W> जल </W><W> गया। </W></AFTER_EFFECTS-ARG><W> दोनों </W><PLACE-ARG ID="9"><LINK EVENT_ARG="1" ID="43" TYPE_REL="EVENT_ARG"/><W> उद्योग </W><W> एक </W><W> ही </W><W> भवन </W></PLACE-ARG><W> में </W><W> लगाए </W><W> गए </W><W> थे। </W><W> इसकी </W><W> सूचना </W><TIME-ARG ID="16"><LINK EVENT_ARG="1" ID="44" TYPE_REL="EVENT_ARG"/><W> रात </W><W> करीब </W><W> 2:30 </W><W> बजे </W></TIME-ARG><AFTER_EFFECTS-ARG ID="46"><LINK EVENT_ARG="1" ID="47" TYPE_REL="EVENT_ARG"/><W> पड़ोस </W><W> में </W><W> रहने </W><W> वाली </W><W> एक </W><W> महिला </W><W> ने </W><W> फायर </W><W> ब्रिगेड </W><W> को </W><W> दी। </W><W> सूचना </W><W> पर </W><W> टीम </W><W> मौके </W><W> पर </W><W> पहुंची। </W></AFTER_EFFECTS-ARG><TIME-ARG ID="17"><LINK EVENT_ARG="1" ID="48" TYPE_REL="EVENT_ARG"/><W> सुबह </W><W> करीब </W><W> 10:30 </W><W> बजे </W></TIME-ARG><W> तक </W><AFTER_EFFECTS-ARG ID="49"><LINK EVENT_ARG="1" ID="50" TYPE_REL="EVENT_ARG"/><W> आग </W><W> पर </W><W> काबू </W><W> पाया </W><W> जा </W><W> सका। </W></AFTER_EFFECTS-ARG><W> जानकारी </W><W> के </W><W> मुताबिक </W><PLACE-ARG ID="10"><LINK EVENT_ARG="1" ID="51" TYPE_REL="EVENT_ARG"/><W> परवाणू </W><W> के </W><W> सेक्टर-1 </W></PLACE-ARG><W> में </W><W> रहने </W><W> वाली </W><W> परिणीता </W><W> शर्मा </W><W> अपने </W><W> घर </W><W> में </W><W> सो </W><W> रही </W><W> थीं। </W><W> इस </W><W> बीच, </W><W> उन्हें </W><W> घर </W><W> के </W><W> बाहर </W><W> रोशनी </W><W> दिखाई </W><W> पड़ी। </W><W> उठकर </W><W> देखा </W><W> तो </W><W> उनका </W><W> घर </W><W> धुएं </W><W> से </W><W> भरा </W><W> था। </W><W> एक </W><W> भवन </W><W> से </W><MAN_MADE_EVENT ID="2" TYPE="FIRE"><EVENT-COREF-LINK EVENT_ID="0" ID="33" TYPE_REL="EVENT_COREF"/><W> आग </W><W> की </W><W> लपटें </W></MAN_MADE_EVENT><W> निकल </W><W> रही </W><W> थीं। </W><W> उन्होंने </W><W> 101 </W><W> नंबर </W><W> डायल </W><W> कर </W><W> इसकी </W><W> सूचना </W><W> अग्निशमन </W><W> विभाग </W><W> के </W><W> सोलन </W><W> कार्यालय </W><W> में </W><W> दी। </W><W> वहां </W><W> से </W><W> परवाणू </W><W> कार्यालय </W><W> में </W><W> सूचना </W><W> दी </W><W> गई। </W><W> महिला </W><W> के </W><W> अनुसार </W><W> आग </W><W> से </W><W> उनके </W><AFTER_EFFECTS-ARG ID="24"><LINK EVENT_ARG="2" ID="52" TYPE_REL="EVENT_ARG"/><W> घर </W><W> के </W><W> शीशे </W><W> टूट </W><W> चुके </W><W> हैं। </W><W> दीवारों </W><W> को </W><W> भी </W><W> नुकसान </W><W> पहुंचा </W><W> है। </W></AFTER_EFFECTS-ARG><W> अग्निशमन </W><W> विभाग </W><W> परवाणू </W><W> के </W><W> अधिकारी </W><W> हंसराज </W><W> ने </W><W> बताया </W><W> कि </W><TIME-ARG ID="18"><LINK EVENT_ARG="2" ID="53" TYPE_REL="EVENT_ARG"/><W> शनिवार </W><W> रात </W><W> करीब </W><W> 2:30 </W><W> बजे </W></TIME-ARG><W> सूचना </W><W> मिली </W><W> कि </W><PLACE-ARG ID="11"><LINK EVENT_ARG="3" ID="54" TYPE_REL="EVENT_ARG"/><W> सेक्टर-01 </W><W> स्थित </W><W> चंचल </W><W> पैकर </W><W> गत्ता </W><W> उद्योग </W><W> तथा </W><W> वर्धमान </W><W> पाउडर </W><W> कोटिंग </W><W> उद्योग </W></PLACE-ARG><W> में </W><MAN_MADE_EVENT ID="3" TYPE="FIRE"><EVENT-COREF-LINK EVENT_ID="0" ID="34" TYPE_REL="EVENT_COREF"/><W> आग </W><W> लगी </W><W> है। </W></MAN_MADE_EVENT><AFTER_EFFECTS-ARG ID="25"><LINK EVENT_ARG="3" ID="55" TYPE_REL="EVENT_ARG"/><W> सूचना </W><W> पर </W><W> टीम </W><W> मौके </W><W> पर </W><W> पहुंची। </W></AFTER_EFFECTS-ARG><W> उन्होंने </W><W> कहा </W><W> कि </W><AFTER_EFFECTS-ARG ID="26"><LINK EVENT_ARG="3" ID="56" TYPE_REL="EVENT_ARG"/><W> आग </W><W> को </W><W> बुझाने </W><W> में </W><W> करीब </W><W> आठ </W><W> घंटे </W><W> लगे। </W></AFTER_EFFECTS-ARG><TIME-ARG ID="19"><LINK EVENT_ARG="3" ID="57" TYPE_REL="EVENT_ARG"/><W> रविवार </W><W> सुबह </W><W> 10:30 </W><W> बजे </W></TIME-ARG><AFTER_EFFECTS-ARG ID="27"><LINK EVENT_ARG="3" ID="58" TYPE_REL="EVENT_ARG"/><W> आग </W><W> पर </W><W> काबू </W><W> पाया </W><W> गया। </W></AFTER_EFFECTS-ARG><W> उन्होंने </W><W> बताया </W><W> कि </W><REASON-ARG ID="31"><LINK EVENT_ARG="3" ID="59" TYPE_REL="EVENT_ARG"/><W> आग </W><W> से </W></REASON-ARG><PLACE-ARG ID="12"><LINK EVENT_ARG="3" ID="60" TYPE_REL="EVENT_ARG"/><W> गत्ता </W><W> उद्योग </W></PLACE-ARG><W> मेें </W><AFTER_EFFECTS-ARG ID="28"><LINK EVENT_ARG="3" ID="61" TYPE_REL="EVENT_ARG"/><W> करीब </W><W> एक </W><W> करोड़ </W><W> का </W><W> गत्ता, </W><W> अन्य </W><W> सामान </W></AFTER_EFFECTS-ARG><W> तथा </W><PLACE-ARG ID="13"><LINK EVENT_ARG="3" ID="62" TYPE_REL="EVENT_ARG"/><W> पाउडर </W><W> कोटिंग </W><W> उद्योग </W></PLACE-ARG><W> में </W><AFTER_EFFECTS-ARG ID="29"><LINK EVENT_ARG="3" ID="63" TYPE_REL="EVENT_ARG"/><W> 50 </W><W> लाख </W><W> का </W><W> सामान </W><W> जलकर </W><W> राख </W><W> हो </W><W> गया। </W></AFTER_EFFECTS-ARG><MAN_MADE_EVENT ID="4" TYPE="FIRE"><EVENT-COREF-LINK EVENT_ID="0" ID="35" TYPE_REL="EVENT_COREF"/><W> आग </W><W> लगने </W></MAN_MADE_EVENT><W> का </W><W> कारण </W><REASON-ARG ID="5"><LINK EVENT_ARG="4" ID="64" TYPE_REL="EVENT_ARG"/><W> शार्ट-सर्किट </W></REASON-ARG><W> माना </W><W> जा </W><W> रहा </W><W> है। </W><W> वहीं, </W><W> थाना </W><W> प्रभारी </W><W> परवाणू </W><W> प्रीतम </W><W> सिंह </W><W> ने </W><W> कहा </W><W> कि </W><W> पुलिस </W><W> ने </W><MAN_MADE_EVENT ID="14" TYPE="FIRE"><EVENT-COREF-LINK EVENT_ID="0" ID="36" TYPE_REL="EVENT_COREF"/><W> मामला </W></MAN_MADE_EVENT><W> दर्ज </W><W> कर </W><W> लिया </W><W> है। </W><MAN_MADE_EVENT ID="6" TYPE="FIRE"><EVENT-COREF-LINK EVENT_ID="0" ID="37" TYPE_REL="EVENT_COREF"/><W> घटना </W></MAN_MADE_EVENT><W> की </W><AFTER_EFFECTS-ARG ID="30"><LINK EVENT_ARG="6" ID="65" TYPE_REL="EVENT_ARG"/><W> छानबीन </W><W> की </W><W> जा </W><W> रही </W><W> है। </W></AFTER_EFFECTS-ARG></P></DOCUMENT>