<?xml version="1.0" encoding="UTF-8"?>
<DOCUMENT><DESC/><TIME>3822</TIME><P><INTENSITY-ARG ID="0"><LINK EVENT_ARG="1" ID="42" TYPE_REL="EVENT_ARG"/><W> भीषण </W></INTENSITY-ARG><MAN_MADE_EVENT ID="1" TYPE="TRANSPORT_HAZARDS"><W> सड़क </W><W> हादसे </W></MAN_MADE_EVENT><W> में </W><CASUALTIES-ARG ID="2"><LINK EVENT_ARG="1" ID="43" TYPE_REL="EVENT_ARG"/><W> 5 </W><W> की </W><W> मौत, </W><W> 16 </W><W> गंभीर </W></CASUALTIES-ARG><W> । </W></P><P><PLACE-ARG ID="3"><LINK EVENT_ARG="7" ID="44" TYPE_REL="EVENT_ARG"/><W> देवरिया </W><W> से </W><W> गोरखपुर </W></PLACE-ARG><W> आ </W><W> रही </W><PARTICIPANT-ARG ID="4"><LINK EVENT_ARG="7" ID="45" TYPE_REL="EVENT_ARG"/><W> प्राइवेट </W><W> बस </W></PARTICIPANT-ARG><PLACE-ARG ID="5"><LINK EVENT_ARG="7" ID="46" TYPE_REL="EVENT_ARG"/><W> मोतीराम </W><W> अड्डे </W><W> के </W><W> पास </W><W> अंसारी </W><W> टोला </W></PLACE-ARG><W> में </W><W> एक </W><PARTICIPANT-ARG ID="6"><LINK EVENT_ARG="7" ID="47" TYPE_REL="EVENT_ARG"/><W> ट्रैक्टर-ट्राली </W></PARTICIPANT-ARG><W> से </W><MAN_MADE_EVENT ID="7" TYPE="VEHICULAR_COLLISION"><EVENT-COREF-LINK EVENT_ID="1" ID="36" TYPE_REL="EVENT_COREF"/><W> टकराने </W></MAN_MADE_EVENT><W> के </W><W> बाद </W><PARTICIPANT-ARG ID="8"><LINK EVENT_ARG="9" ID="48" TYPE_REL="EVENT_ARG"/><W> सामने </W><W> से </W><W> आ </W><W> रही </W><W> रोडवेज </W><W> की </W><W> अनुबंधित </W><W> बस </W></PARTICIPANT-ARG><W> से </W><MAN_MADE_EVENT ID="9" TYPE="VEHICULAR_COLLISION"><EVENT-COREF-LINK EVENT_ID="1" ID="37" TYPE_REL="EVENT_COREF"/><W> जा </W><W> भिड़ी। </W></MAN_MADE_EVENT><MAN_MADE_EVENT ID="10" TYPE="VEHICULAR_COLLISION"><EVENT-COREF-LINK EVENT_ID="1" ID="39" TYPE_REL="EVENT_COREF"/><W> हादसे </W></MAN_MADE_EVENT><W> में </W><CASUALTIES-ARG ID="11"><LINK EVENT_ARG="10" ID="49" TYPE_REL="EVENT_ARG"/><W> पांच </W><W> लोगों </W><W> की </W><W> जान </W><W> चली </W><W> गई, </W><W> जबकि </W><W> 16 </W><W> लोग </W><W> गंभीर </W><W> हालत </W><W> में </W></CASUALTIES-ARG><W> हैं। </W><MAN_MADE_EVENT ID="16" TYPE="VEHICULAR_COLLISION"><EVENT-COREF-LINK EVENT_ID="1" ID="38" TYPE_REL="EVENT_COREF"/><W> हादसे </W></MAN_MADE_EVENT><W> से </W><PLACE-ARG ID="21"><LINK EVENT_ARG="16" ID="50" TYPE_REL="EVENT_ARG"/><W> गोरखपुर-देवरिया </W><W> मार्ग </W></PLACE-ARG><W> पर </W><TIME-ARG ID="22"><LINK EVENT_ARG="16" ID="54" TYPE_REL="EVENT_ARG"/><W> दो </W><W> घंटे </W><W> तक </W></TIME-ARG><AFTER_EFFECTS-ARG ID="52"><LINK EVENT_ARG="16" ID="53" TYPE_REL="EVENT_ARG"/><W> गाड़ियों </W><W> की </W><W> आवाजाही </W><W> बंद </W><W> रही। </W></AFTER_EFFECTS-ARG><MAN_MADE_EVENT ID="17" TYPE="VEHICULAR_COLLISION"><EVENT-COREF-LINK EVENT_ID="1" ID="51" TYPE_REL="EVENT_COREF"/><W> हादसा </W></MAN_MADE_EVENT><TIME-ARG ID="23"><LINK EVENT_ARG="17" ID="55" TYPE_REL="EVENT_ARG"/><W> मंगलवार </W><W> की </W><W> सुबह </W><W> करीब </W><W> 10 </W><W> बजे </W></TIME-ARG><W> हुआ। </W><PARTICIPANT-ARG ID="34"><LINK EVENT_ARG="17" ID="56" TYPE_REL="EVENT_ARG"/><W> देवरिया </W><W> से </W><W> आ </W><W> रही </W><W> बस </W></PARTICIPANT-ARG><W> में </W><W> लगभग </W><W> 40 </W><W> लोग </W><W> सवार </W><W> थे। </W><W> मुसाफिरों </W><W> ने </W><W> बताया </W><W> कि </W><REASON-ARG ID="24"><LINK EVENT_ARG="17" ID="57" TYPE_REL="EVENT_ARG"/><W> देवरिया </W><W> से </W><W> ही </W><W> तेज </W><W> रफ्तार </W><W> में </W><W> बस </W><W> दौड़ा </W><W> रहे </W><W> ड्राइवर </W><W> ने </W><W> टोकने </W><W> पर </W><W> भी </W><W> स्पीड </W><W> कम </W><W> नहीं </W><W> की। </W></REASON-ARG><PLACE-ARG ID="26"><LINK EVENT_ARG="17" ID="58" TYPE_REL="EVENT_ARG"/><W> फुटहवां </W><W> के </W><W> पास </W></PLACE-ARG><W> से </W><W> गुजरते </W><W> समय </W><PARTICIPANT-ARG ID="35"><LINK EVENT_ARG="17" ID="59" TYPE_REL="EVENT_ARG"/><W> बस </W></PARTICIPANT-ARG><W> की </W><W> चपेट </W><W> में </W><W> आया </W><W> एक </W><W> बाइक </W><W> सवार </W><W> बाल-बाल </W><W> बचा। </W><PLACE-ARG ID="27"><LINK EVENT_ARG="18" ID="60" TYPE_REL="EVENT_ARG"/><W> करीब </W><W> एक </W><W> किलोमीटर </W><W> आगे </W><W> दुबियारी </W><W> पुल </W><W> के </W><W> पास </W></PLACE-ARG><REASON-ARG ID="29"><LINK EVENT_ARG="18" ID="61" TYPE_REL="EVENT_ARG"/><W> एक </W><W> और </W><W> बाइक </W><W> सवार </W><W> को </W><W> चपेट </W><W> में </W><W> लेने </W><W> के </W><W> बाद </W><W> बस </W><W> बेकाबू </W><W> हो </W><W> गई </W></REASON-ARG><W> और </W><W> थोड़ा </W><W> आगे </W><W> बढ़ने </W><W> के </W><PLACE-ARG ID="28"><LINK EVENT_ARG="18" ID="62" TYPE_REL="EVENT_ARG"/><W> बाद </W><W> मोतीराम </W><W> अड्डे </W><W> के </W><W> पास </W><W> अंसारी </W><W> टोला </W></PLACE-ARG><W> पार </W><W> करते </W><W> समय </W><W> सामने </W><W> से </W><W> आ </W><W> रही </W><PARTICIPANT-ARG ID="30"><LINK EVENT_ARG="18" ID="63" TYPE_REL="EVENT_ARG"/><W> ट्रैक्टर-ट्रॉली </W></PARTICIPANT-ARG><W> से </W><MAN_MADE_EVENT ID="18" TYPE="VEHICULAR_COLLISION"><EVENT-COREF-LINK EVENT_ID="1" ID="40" TYPE_REL="EVENT_COREF"/><W> टकरा </W><W> गई। </W></MAN_MADE_EVENT><W> मुसाफिरों </W><W> ने </W><W> बताया </W><W> कि </W><W> रफ्तार </W><W> इतनी </W><W> तेज </W><W> थी </W><W> कि </W><PARTICIPANT-ARG ID="31"><LINK EVENT_ARG="18" ID="64" TYPE_REL="EVENT_ARG"/><W> ट्राली </W></PARTICIPANT-ARG><W> से </W><W> टकराने </W><W> के </W><W> बाद </W><W> भी </W><PARTICIPANT-ARG ID="32"><LINK EVENT_ARG="18" ID="65" TYPE_REL="EVENT_ARG"/><W> बस </W></PARTICIPANT-ARG><W> रुकी </W><W> नहीं </W><W> और </W><W> सामने </W><W> से </W><W> आ </W><W> रही </W><PARTICIPANT-ARG ID="33"><LINK EVENT_ARG="19" ID="66" TYPE_REL="EVENT_ARG"/><W> रोडवेज </W><W> की </W><W> अनुबंधित </W><W> बस </W></PARTICIPANT-ARG><W> से </W><MAN_MADE_EVENT ID="19" TYPE="VEHICULAR_COLLISION"><EVENT-COREF-LINK EVENT_ID="1" ID="41" TYPE_REL="EVENT_COREF"/><W> भिड़ </W><W> गई। </W></MAN_MADE_EVENT><W> हादसे </W><W> से </W><CASUALTIES-ARG ID="12"><LINK EVENT_ARG="19" ID="67" TYPE_REL="EVENT_ARG"/><W> निजी </W><W> बस </W><W> में </W><W> बैठे </W><W> 26वीं </W><W> वाहिनी </W><W> गोरखपुर </W><W> में </W><W> पीएसी </W><W> के </W><W> जवान </W><W> और </W><W> पुरैना </W><W> (देवरिया) </W><W> के </W><W> रहने </W><W> वाले </W><W> प्रदीप </W><W> शुक्ला </W><W> (45), </W><W> चौरीचौरा </W><W> के </W><W> धर्मेंद्र </W><W> कुमार </W><W> (29) </W><W> और </W><W> एक </W><W> किशोर </W><W> की </W><W> मौके </W><W> पर </W><W> ही </W><W> मौत </W></CASUALTIES-ARG><W> हो </W><W> गई। </W><CASUALTIES-ARG ID="14"><LINK EVENT_ARG="19" ID="68" TYPE_REL="EVENT_ARG"/><W> ट्रॉली </W><W> पर </W><W> सवार </W><W> गहिरा </W><W> गांव </W><W> निवासी </W><W> राजकिशोर </W><W> (30) </W><W> व </W><W> एक </W><W> अन्य </W><W> की </W><W> इलाज </W><W> की </W><W> कोशिशों </W><W> के </W><W> बीच </W><W> जान </W><W> चली </W><W> गई। </W></CASUALTIES-ARG><CASUALTIES-ARG ID="15"><LINK EVENT_ARG="19" ID="69" TYPE_REL="EVENT_ARG"/><W> निजी </W><W> बस </W><W> में </W><W> सवार </W><W> गोरखपुर </W><W> के </W><W> नौ, </W><W> देवरिया </W><W> के </W><W> सात </W><W> लोग </W><W> घायल </W></CASUALTIES-ARG><W> हुए </W><W> हैं। </W><AFTER_EFFECTS-ARG ID="20"><LINK EVENT_ARG="19" ID="70" TYPE_REL="EVENT_ARG"/><W> जिला </W><W> प्रशासन </W><W> ने </W><W> शासन </W><W> के </W><W> हवाले </W><W> से </W><W> मरने </W><W> वालों </W><W> के </W><W> परिवार </W><W> को </W><W> दो </W><W> लाख, </W><W> गंभीर </W><W> घायल </W><W> को </W><W> 50 </W><W> हजार </W><W> और </W><W> कम </W><W> जख्मी </W><W> को </W><W> 20 </W><W> हजार </W><W> मुआवजा </W><W> देने </W><W> की </W><W> घोषणा </W><W> की </W><W> है। </W></AFTER_EFFECTS-ARG></P><P><W> - </W><W> सरिता </W><W> श्रीवास्तव </W><W> (40) </W><W> पत्नी </W><W> सुशील, </W><W> रोनियारी </W><W> (देवरिया) </W><W> - </W><W> अजय </W><W> बघेल </W><W> (35), </W><W> अहिरौली, </W><W> भाटपार </W><W> (देवरिया)- </W><W> मोहनलाल </W><W> गुप्ता </W><W> (28), </W><W> रनिहवा, </W><W> रुद्रपुर </W><W> (देवरिया) </W><W> - </W><W> भोलू </W><W> यादव </W><W> (16), </W><W> लक्ष्मीपुर </W><W> (देवरिया)- </W><W> हरिशंकर </W><W> तिवारी </W><W> (50), </W><W> भटनी </W><W> (देवरिया)- </W><W> सुरेंद्र </W><W> चौहान </W><W> (30), </W><W> रामपुर </W><W> कारखाना </W><W> (देवरिया)- </W><W> मुन्नी </W><W> (35) </W><W> पत्नी </W><W> पारस, </W><W> भासकराली </W><W> (देवरिया)- </W><W> श्रीकांत </W><W> जायसवाल </W><W> (28), </W><W> रानीडीहा, </W><W> खोराबार </W><W> - </W><W> संजय </W><W> यादव </W><W> (26), </W><W> डुमरी </W><W> खुर्द </W><W> (चौरी </W><W> चौरा)- </W><W> अशोक </W><W> (22), </W><W> दुबियारी, </W><W> मोतीराम </W><W> अड्डा- </W><W> श्रवण </W><W> कुमार </W><W> (30), </W><W> गहिरा, </W><W> भूमिहारी </W><W> टोला, </W><W> झंगहा- </W><W> पन्नेलाल </W><W> (28), </W><W> कुसम्ही, </W><W> खोराबार </W><W> - </W><W> संतोष </W><W> (28), </W><W> गुलरिहा </W><W> बाजार </W><W> - </W><W> रितु </W><W> तिवारी </W><W> (16), </W><W> बहादुरपुर, </W><W> बेलघाट </W><W> - </W><W> सत्यभामा </W><W> (40), </W><W> पत्नी </W><W> प्रदीप, </W><W> बहादुरपुर, </W><W> बेलघाट </W><W> - </W><W> रामशब्द </W><W> (62), </W><W> कुसम्ही </W><W> बाजार </W></P><P><REASON-ARG ID="75"><LINK EVENT_ARG="76" ID="94" TYPE_REL="EVENT_ARG"/><W> मुरादाबाद-आगरा </W><W> हाईवे </W><W> की </W><W> सड़क </W><W> अब </W><W> तो </W><W> पूरी </W><W> तरह </W><W> से </W><W> गड्ढों </W><W> में </W><W> तब्दील </W><W> हो </W><W> गई। </W></REASON-ARG><W> इसके </W><W> चलते </W><MAN_MADE_EVENT ID="76" TYPE="TRANSPORT_HAZARDS"><W> दुर्घटनाएं </W></MAN_MADE_EVENT><W> बढ़ती </W><W> जा </W><W> रही </W><W> हैं </W><W> लेकिन </W><W> विभागीय </W><W> अधिकारी </W><W> ध्यान </W><W> नहीं </W><W> दे </W><W> रहे। </W><TIME-ARG ID="77"><LINK EVENT_ARG="82" ID="95" TYPE_REL="EVENT_ARG"/><W> मंगलवार </W><W> सुबह </W></TIME-ARG><W> में </W><PLACE-ARG ID="72"><LINK EVENT_ARG="82" ID="96" TYPE_REL="EVENT_ARG"/><W> मुरादाबाद </W><W> से </W><W> कुंदरकी </W></PLACE-ARG><W> आ </W><W> रही </W><PARTICIPANT-ARG ID="78"><LINK EVENT_ARG="82" ID="97" TYPE_REL="EVENT_ARG"/><W> सवारियां </W><W> से </W><W> खचाखच </W><W> भरी </W><W> मिनी </W><W> बस </W></PARTICIPANT-ARG><REASON-ARG ID="79"><LINK EVENT_ARG="82" ID="98" TYPE_REL="EVENT_ARG"/><W> हाईवे </W><W> पर </W><W> गड्ढों </W><W> के </W><W> चलते </W></REASON-ARG><PLACE-ARG ID="74"><LINK EVENT_ARG="82" ID="99" TYPE_REL="EVENT_ARG"/><W> हुसैनपुर </W><W> गांव </W><W> के </W><W> पास </W></PLACE-ARG><REASON-ARG ID="80"><LINK EVENT_ARG="81" ID="100" TYPE_REL="EVENT_ARG"/><W> अनियंत्रित </W><W> हो </W><W> गई। </W></REASON-ARG><W> इस </W><W> पर </W><REASON-ARG ID="81"><LINK EVENT_ARG="82" ID="101" TYPE_REL="EVENT_ARG"/><W> चालक </W><W> बस </W><W> से </W><W> नियंत्रण </W><W> खो </W><W> बैठा </W></REASON-ARG><W> और </W><MAN_MADE_EVENT ID="82" TYPE="VEHICULAR_COLLISION"><EVENT-COREF-LINK EVENT_ID="76" ID="91" TYPE_REL="EVENT_COREF"/><W> बस </W><W> पेड़ </W><W> से </W><W> टकरा </W><W> गई। </W></MAN_MADE_EVENT><AFTER_EFFECTS-ARG ID="83"><LINK EVENT_ARG="82" ID="102" TYPE_REL="EVENT_ARG"/><W> आसपास </W><W> के </W><W> ग्रामीणों </W><W> और </W><W> राहगीरों </W><W> ने </W><W> यात्रियों </W><W> को </W><W> सुरक्षित </W><W> बाहर </W><W> निकाला। </W></AFTER_EFFECTS-ARG><W> इसमें </W><CASUALTIES-ARG ID="84"><LINK EVENT_ARG="82" ID="103" TYPE_REL="EVENT_ARG"/><W> महिलाओं </W><W> समेत </W><W> 30 </W><W> यात्री </W><W> घायल </W></CASUALTIES-ARG><W> हो </W><W> गए। </W><AFTER_EFFECTS-ARG ID="85"><LINK EVENT_ARG="82" ID="104" TYPE_REL="EVENT_ARG"/><W> पुलिस </W><W> के </W><W> पहुंचने </W><W> से </W><W> पहले </W><W> घायलों </W><W> को </W><W> अस्पताल </W><W> भेज </W><W> दिया </W><W> था। </W></AFTER_EFFECTS-ARG><MAN_MADE_EVENT ID="86" TYPE="VEHICULAR_COLLISION"><EVENT-COREF-LINK EVENT_ID="76" ID="92" TYPE_REL="EVENT_COREF"/><W> दुर्घटना </W></MAN_MADE_EVENT><W> में </W><AFTER_EFFECTS-ARG ID="87"><LINK EVENT_ARG="86" ID="105" TYPE_REL="EVENT_ARG"/><W> गंभीर </W><W> रूप </W><W> से </W><W> घायल </W><W> हसीन </W><W> निवासी </W><W> सैजना </W><W> थाना </W><W> मूंढापांडे, </W><W> जुल्फेकार </W><W> निवासी </W><W> चित्तूपुर </W><W> और </W><W> जासमीन </W><W> निवासी </W><W> चकफाजलपुर </W><W> थाना </W><W> कुंदरकी </W><W> को </W><W> पुलिस </W><W> ने </W><W> उपचार </W><W> के </W><W> लिए </W><W> सरकारी </W><W> अस्पताल </W><W> पहुंचाया। </W></AFTER_EFFECTS-ARG><W> घायल </W><W> हसीन </W><W> ने </W><W> बताया </W><W> कि </W><AFTER_EFFECTS-ARG ID="88"><LINK EVENT_ARG="86" ID="106" TYPE_REL="EVENT_ARG"/><W> चालक </W><W> तो </W><W> शीशा </W><W> तोड़कर </W><W> कूद </W><W> गया, </W></AFTER_EFFECTS-ARG><W> जबकि </W><MAN_MADE_EVENT ID="89" TYPE="VEHICULAR_COLLISION"><EVENT-COREF-LINK EVENT_ID="76" ID="93" TYPE_REL="EVENT_COREF"/><W> हादसे </W></MAN_MADE_EVENT><W> के </W><W> बाद </W><AFTER_EFFECTS-ARG ID="90"><LINK EVENT_ARG="89" ID="107" TYPE_REL="EVENT_ARG"/><W> बस </W><W> में </W><W> सवार </W><W> लोगों </W><W> में </W><W> चीख </W><W> पुकार </W><W> मच </W><W> गई </W></AFTER_EFFECTS-ARG><W> थी।उधर </W><PLACE-ARG ID="108"><W> गांगन </W><W> तिराहे </W><W> के </W><W> पास </W></PLACE-ARG><W> ही </W><W> एक </W><REASON-ARG ID="109"><W> रोडवेज </W><W> बस </W><W> का </W><W> पिछला </W><W> टायर </W><W> फटने </W><W> से </W></REASON-ARG><AFTER_EFFECTS-ARG ID="110"><W> यात्रियों </W><W> में </W><W> खलबली </W><W> मच </W><W> गई। </W></AFTER_EFFECTS-ARG><W> बस </W><W> में </W><W> सवार </W><W> छात्र </W><W> ईशान </W><W> सैफी </W><W> और </W><W> इकराम </W><W> ने </W><W> बताया </W><AFTER_EFFECTS-ARG ID="111"><W> टायर </W><W> फटने </W><W> की </W><W> आवाज </W><W> के </W><W> साथ </W><W> यात्रियों </W><W> में </W><W> बस </W><W> उतरने </W><W> को </W><W> लेकर </W><W> आपाधापी </W><W> मच </W><W> गई </W><W> थी। </W></AFTER_EFFECTS-ARG><W> खस्ताहाल </W><W> हाईवे </W><W> के </W><W> चलते </W><W> बदला </W><W> रूटहाईवे </W><W> पर </W><W> बने </W><W> गड्ढों </W><W> के </W><W> चलते </W><W> अधिकतर </W><W> वाहन </W><W> सड़क </W><W> के </W><W> किनारे </W><W> कच्चे </W><W> रास्ते </W><W> में </W><W> चल </W><W> रहे </W><W> हैं, </W><W> जिसके </W><W> चलते </W><W> धूल </W><W> से </W><W> दो </W><W> पहिया </W><W> वाहन </W><W> चालक </W><W> परेशान </W><W> है। </W><W> कुछ </W><W> वाहन </W><W> चालकों </W><W> ने </W><W> तो </W><W> रूट </W><W> ही </W><W> बदल </W><W> दिया, </W><W> जिसके </W><W> चलते </W><W> कुंदरकी </W><W> से </W><W> वाया </W><W> डींगरपुर </W><W> होते </W><W> हुए </W><W> मुरादाबाद-संभल </W><W> रोड </W><W> से </W><W> होकर </W><W> मुरादाबाद </W><W> में </W><W> अधिक </W><W> दूरी </W><W> तय </W><W> करके </W><W> पहुंच </W><W> रहे </W><W> हैं। </W><PARTICIPANT-ARG ID="112"><LINK EVENT_ARG="113" ID="121" TYPE_REL="EVENT_ARG"/><W> दो </W><W> बाइकों </W></PARTICIPANT-ARG><W> में </W><MAN_MADE_EVENT ID="113" TYPE="VEHICULAR_COLLISION"><W> टक्कर, </W></MAN_MADE_EVENT><CASUALTIES-ARG ID="114"><LINK EVENT_ARG="113" ID="122" TYPE_REL="EVENT_ARG"/><W> तीन </W><W> घायलक्षेत्र </W></CASUALTIES-ARG><W> में </W><PLACE-ARG ID="115"><LINK EVENT_ARG="117" ID="123" TYPE_REL="EVENT_ARG"/><W> मैनाठेर-बघी </W><W> गोर्वधनपुर </W><W> गांव </W><W> के </W><W> संपर्क </W><W> मार्ग </W></PLACE-ARG><W> पर </W><PARTICIPANT-ARG ID="116"><LINK EVENT_ARG="117" ID="124" TYPE_REL="EVENT_ARG"/><W> दो </W><W> बाइक </W></PARTICIPANT-ARG><W> की </W><MAN_MADE_EVENT ID="117" TYPE="VEHICULAR_COLLISION"><EVENT-COREF-LINK EVENT_ID="113" ID="120" TYPE_REL="EVENT_COREF"/><W> आमने-सामने </W><W> टक्कर </W><W> हो </W><W> गई। </W></MAN_MADE_EVENT><W> इसमें </W><CASUALTIES-ARG ID="118"><LINK EVENT_ARG="117" ID="125" TYPE_REL="EVENT_ARG"/><W> एक </W><W> बाइक </W><W> पर </W><W> सवार </W><W> विनीत </W><W> और </W><W> विकास </W><W> निवासी </W><W> बघी </W><W> गोर्वधनपुर </W><W> और </W><W> दूसरे </W><W> बाइक </W><W> पर </W><W> सवार </W><W> वेदप्रकाश </W><W> निवासी </W><W> मोहम्मपुर </W><W> बस्तौर </W><W> थाना </W><W> मैनाठेर </W><W> घायल </W></CASUALTIES-ARG><W> हो </W><W> गए, </W><AFTER_EFFECTS-ARG ID="119"><LINK EVENT_ARG="117" ID="126" TYPE_REL="EVENT_ARG"/><W> जिनको </W><W> 108 </W><W> एंबुलेंस </W><W> से </W><W> पीएचसी </W><W> पहुंचाया </W><W> गया। </W></AFTER_EFFECTS-ARG><W> विनीत </W><W> ने </W><W> बताया </W><W> वह </W><W> मैनाठेर </W><W> से </W><W> वेल्डिंग </W><W> काम </W><W> करने </W><W> के </W><W> बाद </W><W> लौट </W><W> रहे </W><W> थे। </W></P></DOCUMENT>