<?xml version="1.0" encoding="UTF-8"?>
<DOCUMENT><DESC/><DESC/><DESC/><DESC/><DESC/><DESC/><TIME>16497</TIME><P><PLACE-ARG ID="0"><LINK EVENT_ARG="1" ID="19" TYPE_REL="EVENT_ARG"/><W> वियतनाम </W></PLACE-ARG><W> में </W><NATURAL_EVENT ID="1" TYPE="FLOODS"><W> बाढ़ </W></NATURAL_EVENT><W> और </W><NATURAL_EVENT ID="2" TYPE="LAND_SLIDE"><W> भूस्खलन </W></NATURAL_EVENT><W> ने </W><W> मचाई </W><W> तबाही, </W><CASUALTIES-ARG ID="3"><LINK EVENT_ARG="1" ID="20" TYPE_REL="EVENT_ARG"/><W> 68 </W><W> लोगों </W><W> की </W><W> मौत, </W><W> 34 </W><W> लापता </W></CASUALTIES-ARG><W> । </W></P><P><PLACE-ARG ID="4"><LINK EVENT_ARG="5" ID="21" TYPE_REL="EVENT_ARG"/><W> वियतनाम </W></PLACE-ARG><W> में </W><W> आई </W><NATURAL_EVENT ID="5" TYPE="FLOODS"><EVENT-COREF-LINK EVENT_ID="1" ID="33" TYPE_REL="EVENT_COREF"/><W> बाढ़ </W></NATURAL_EVENT><W> और </W><NATURAL_EVENT ID="6" TYPE="LAND_SLIDE"><EVENT-COREF-LINK EVENT_ID="2" ID="34" TYPE_REL="EVENT_COREF"/><W> भूस्खलन </W></NATURAL_EVENT><W> ने </W><AFTER_EFFECTS-ARG ID="7"><LINK EVENT_ARG="5" ID="22" TYPE_REL="EVENT_ARG"/><W> भारी </W><W> तबाही </W><W> मचाई </W></AFTER_EFFECTS-ARG><W> है। </W><W> इस </W><W> भीषण </W><W> तबाही </W><W> में </W><W> अबतक </W><CASUALTIES-ARG ID="8"><LINK EVENT_ARG="5" ID="23" TYPE_REL="EVENT_ARG"/><W> 68 </W><W> लोगों </W><W> की </W><W> मौत </W></CASUALTIES-ARG><W> हो </W><W> चुकी </W><W> है </W><W> और </W><CASUALTIES-ARG ID="9"><LINK EVENT_ARG="5" ID="24" TYPE_REL="EVENT_ARG"/><W> 34 </W><W> लोग </W><W> लापता </W></CASUALTIES-ARG><W> हैं। </W><W> वियतनाम </W><W> डिजास्टर </W><W> मैनेजमेंट </W><W> अथॉरिटी </W><W> ने </W><W> रविवार </W><W> को </W><W> बताया </W><W> कि </W><W> इस </W><W> आपदा </W><W> से </W><CASUALTIES-ARG ID="10"><LINK EVENT_ARG="5" ID="25" TYPE_REL="EVENT_ARG"/><W> 32 </W><W> लोग </W><W> घायल </W></CASUALTIES-ARG><W> हुए </W><W> हैं </W><W> और </W><AFTER_EFFECTS-ARG ID="11"><LINK EVENT_ARG="5" ID="26" TYPE_REL="EVENT_ARG"/><W> भारी </W><W> मात्रा </W><W> में </W><W> संपत्ति </W><W> को </W><W> नुकसान </W></AFTER_EFFECTS-ARG><W> पहुंचा </W><W> है। </W></P><P><W> केंद्रीय </W><W> और </W><W> उत्तरी </W><W> क्षेत्रों </W><W> में </W><CASUALTIES-ARG ID="12"><LINK EVENT_ARG="5" ID="27" TYPE_REL="EVENT_ARG"/><W> 2 </W><W> लाख </W><W> 30 </W><W> हजार </W><W> से </W><W> ज्यादा </W><W> पशुओं </W><W> की </W><W> मौत </W></CASUALTIES-ARG><W> हो </W><W> चुकी </W><W> है। </W><W> रिपोर्टस </W><W> के </W><W> मुताबिक </W><CASUALTIES-ARG ID="14"><LINK EVENT_ARG="5" ID="28" TYPE_REL="EVENT_ARG"/><W> 300 </W><W> से </W><W> ज्यादा </W><W> सैनिक </W><W> लापता </W><W> लोगों </W><W> की </W><W> तलाश </W><W> कर </W><W> रहे </W></CASUALTIES-ARG><W> हैं। </W><W> इस </W><W> प्राकृतिक </W><W> आपदा </W><W> से </W><AFTER_EFFECTS-ARG ID="15"><LINK EVENT_ARG="5" ID="29" TYPE_REL="EVENT_ARG"/><W> 1000 </W><W> से </W><W> ज्यादा </W><W> घर </W><W> तबाह </W><W> हो </W><W> चुके </W></AFTER_EFFECTS-ARG><W> हैं </W><W> और </W><AFTER_EFFECTS-ARG ID="16"><LINK EVENT_ARG="5" ID="30" TYPE_REL="EVENT_ARG"/><W> 6 </W><W> प्रांत </W><W> पूरी </W><W> तरह </W><W> प्रभावित </W></AFTER_EFFECTS-ARG><W> हुए </W><W> हैं। </W></P><P><PLACE-ARG ID="18"><LINK EVENT_ARG="5" ID="31" TYPE_REL="EVENT_ARG"/><W> उत्तरी </W><W> और </W><W> मध्य </W><W> क्षेत्र </W></PLACE-ARG><W> में </W><REASON-ARG ID="17"><LINK EVENT_ARG="5" ID="32" TYPE_REL="EVENT_ARG"/><W> भारी </W><W> बारिश </W></REASON-ARG><W> हुई </W><W> है। </W><W> कृषि </W><W> मंत्री </W><W> नागुएन </W><W> जुआन </W><W> ने </W><W> कहा </W><W> कि </W><W> ऐसा </W><W> पहली </W><W> बार </W><W> हुआ </W><W> है </W><W> जब </W><W> इतनी </W><W> भारी </W><W> मात्रा </W><W> में </W><W> बारिश </W><W> हुई </W><W> हो।  </W></P></DOCUMENT>