<?xml version="1.0" encoding="UTF-8"?>
<DOCUMENT><DESC/><DESC/><DESC/><TIME>2318</TIME><P><PLACE-ARG ID="0"><LINK EVENT_ARG="7" ID="35" TYPE_REL="EVENT_ARG"/><W> पाकिस्तान </W></PLACE-ARG><W> और </W><PLACE-ARG ID="2"><LINK EVENT_ARG="7" ID="36" TYPE_REL="EVENT_ARG"/><W> अफगानिस्तान </W></PLACE-ARG><W> में </W><W> भीषण </W><NATURAL_EVENT ID="7" TYPE="FLOODS"><W> बाढ़, </W></NATURAL_EVENT><CASUALTIES-ARG ID="8"><LINK EVENT_ARG="7" ID="37" TYPE_REL="EVENT_ARG"/><W> 26 </W><W> लोगों </W><W> की </W><W> मौत </W></CASUALTIES-ARG><W> | </W></P><P><PLACE-ARG ID="5"><LINK EVENT_ARG="7" ID="38" TYPE_REL="EVENT_ARG"/><W> पाकिस्तान </W><W> के </W><W> बलूचिस्तान </W></PLACE-ARG><W> में </W><REASON-ARG ID="6"><LINK EVENT_ARG="7" ID="39" TYPE_REL="EVENT_ARG"/><W> मूसलाधार </W><W> बारिश </W></REASON-ARG><W> से </W><CASUALTIES-ARG ID="9"><LINK EVENT_ARG="7" ID="40" TYPE_REL="EVENT_ARG"/><W> 6 </W><W> लोगों </W><W> की </W><W> मौत। </W></CASUALTIES-ARG></P><P><PLACE-ARG ID="4"><LINK EVENT_ARG="7" ID="41" TYPE_REL="EVENT_ARG"/><W> पाकिस्तान </W><W> के </W><W> कई </W><W> जिलों </W></PLACE-ARG><W> में </W><W> बाढ़ </W><W> की </W><W> चेतावनी </W><W> जारी। </W></P><P><PLACE-ARG ID="11"><LINK EVENT_ARG="12" ID="42" TYPE_REL="EVENT_ARG"/><W> अफगानिस्तान </W></PLACE-ARG><W> में </W><NATURAL_EVENT ID="12" TYPE="FLOODS"><EVENT-COREF-LINK EVENT_ID="7" ID="62" TYPE_REL="EVENT_COREF"/><W> बाढ़ </W></NATURAL_EVENT><W> के </W><W> कारण </W><CASUALTIES-ARG ID="10"><LINK EVENT_ARG="12" ID="43" TYPE_REL="EVENT_ARG"/><W> 20 </W><W> लोगों </W><W> की </W><W> मौत। </W></CASUALTIES-ARG></P><P><W> इस्लामाबाद। </W><PLACE-ARG ID="13"><LINK EVENT_ARG="7" ID="44" TYPE_REL="EVENT_ARG"/><W> पाकिस्तान </W></PLACE-ARG><W> और </W><PLACE-ARG ID="14"><LINK EVENT_ARG="7" ID="45" TYPE_REL="EVENT_ARG"/><W> अफगानिस्तान </W></PLACE-ARG><W> में </W><W> भारी </W><W> बारिश </W><W> के </W><W> कारण </W><CASUALTIES-ARG ID="15"><LINK EVENT_ARG="7" ID="46" TYPE_REL="EVENT_ARG"/><W> 26 </W><W> लोगों </W><W> की </W><W> मौत </W></CASUALTIES-ARG><W> हो </W><W> गई। </W><PLACE-ARG ID="18"><LINK EVENT_ARG="7" ID="47" TYPE_REL="EVENT_ARG"/><W> पाक </W><W> के </W><W> दक्षिण-पश्चिमी </W><W> प्रांत </W><W> बलूचिस्तान </W><W> के </W><W> कुछ </W><W> हिस्सों </W></PLACE-ARG><W> में </W><W> मूसलाधार </W><W> बारिश </W><W> और </W><W> बर्फवारी </W><W> होने </W><W> से </W><CASUALTIES-ARG ID="16"><LINK EVENT_ARG="7" ID="48" TYPE_REL="EVENT_ARG"/><W> छह </W><W> लोगों </W><W> की </W><W> मौत </W></CASUALTIES-ARG><W> हो </W><W> गई </W><W> और </W><CASUALTIES-ARG ID="17"><LINK EVENT_ARG="7" ID="49" TYPE_REL="EVENT_ARG"/><W> दर्जनभर </W><W> लोग </W><W> घायल </W></CASUALTIES-ARG><W> हो </W><W> गए। </W><W> तो </W><W> वहीं </W><PLACE-ARG ID="19"><LINK EVENT_ARG="20" ID="50" TYPE_REL="EVENT_ARG"/><W> अफगानिस्तान </W><W> के </W><W> कंधार </W><W> प्रांत </W></PLACE-ARG><W> में </W><W> अचानक </W><W> आई </W><NATURAL_EVENT ID="20" TYPE="FLOODS"><EVENT-COREF-LINK EVENT_ID="7" ID="63" TYPE_REL="EVENT_COREF"/><W> बाढ़ </W></NATURAL_EVENT><W> की </W><W> चपेट </W><W> में </W><W> आने </W><W> से </W><W> कम </W><W> से </W><W> कम </W><CASUALTIES-ARG ID="21"><LINK EVENT_ARG="20" ID="51" TYPE_REL="EVENT_ARG"/><W> 20 </W><W> लोगों </W><W> की </W><W> मौत </W><W> हो </W><W> गई </W><W> और </W><W> 10 </W><W> अन्य </W><W> लापता </W></CASUALTIES-ARG><W> हैं। </W><W> समाचार </W><W> एजेंसी </W><W> सिन्हुआ </W><W> ने </W><W> रविवार </W><W> को </W><W> यह </W><W> जानकारी </W><W> दी </W><W> है </W><W> कि </W><W> प्रांत </W><W> में </W><W> मरने </W><W> वालों </W><W> में </W><W> ज्यादातर </W><W> महिला </W><W> एवं </W><W> बच्चे </W><W> हैं। </W><W> ये </W><W> सभी </W><W> बारिश </W><W> के </W><W> कारण </W><AFTER_EFFECTS-ARG ID="22"><LINK EVENT_ARG="20" ID="52" TYPE_REL="EVENT_ARG"/><W> ढहे </W><W> घरों </W></AFTER_EFFECTS-ARG><W> के </W><W> मलबे </W><W> में </W><W> फंसने </W><W> के </W><W> बाद </W><W> या </W><W> तो </W><W> बिजली </W><W> की </W><W> चपेट </W><W> में </W><W> आने </W><W> के </W><W> कारण </W><CASUALTIES-ARG ID="23"><LINK EVENT_ARG="20" ID="53" TYPE_REL="EVENT_ARG"/><W> मर </W><W> गए, </W></CASUALTIES-ARG><W> जबकि </W><CASUALTIES-ARG ID="24"><LINK EVENT_ARG="20" ID="54" TYPE_REL="EVENT_ARG"/><W> कई </W><W> घायल </W></CASUALTIES-ARG><W> हो </W><W> गए </W><W> हैं। </W></P><P><W> बता </W><W> दें </W><W> कि </W><PLACE-ARG ID="25"><LINK EVENT_ARG="26" ID="56" TYPE_REL="EVENT_ARG"/><W> पाकिस्तान </W></PLACE-ARG><W> में </W><W> बारिश </W><W> के </W><W> पानी </W><W> से </W><W> शहरों </W><W> और </W><W> गावों </W><W> से </W><W> गुजरने </W><W> वाले </W><W> नालों </W><W> में </W><NATURAL_EVENT ID="26" TYPE="FLOODS"><EVENT-COREF-LINK EVENT_ID="7" ID="65" TYPE_REL="EVENT_COREF"/><W> बाढ़ </W></NATURAL_EVENT><W> आ </W><W> गई, </W><W> जिससे </W><W> इसके </W><AFTER_EFFECTS-ARG ID="27"><LINK EVENT_ARG="26" ID="55" TYPE_REL="EVENT_ARG"/><W> रास्ते </W><W> में </W><W> आने </W><W> वाले </W><W> घर </W><W> और </W><W> दुकानें </W><W> ढह </W><W> गईं। </W></AFTER_EFFECTS-ARG><NATURAL_EVENT ID="29" TYPE="FLOODS"><EVENT-COREF-LINK EVENT_ID="7" ID="64" TYPE_REL="EVENT_COREF"/><W> बाढ़ </W></NATURAL_EVENT><W> ने </W><AFTER_EFFECTS-ARG ID="28"><LINK EVENT_ARG="26" ID="57" TYPE_REL="EVENT_ARG"/><W> कई </W><W> सड़क </W><W> एवं </W><W> रेल </W><W> मार्गो </W><W> को </W><W> पाट </W><W> दिया </W><W> जिससे </W><W> सड़क </W><W> और </W><W> रेल </W><W> मार्ग </W><W> बाधित </W></AFTER_EFFECTS-ARG><W> हो </W><W> गया। </W><W> साथ </W><W> ही </W><NATURAL_EVENT ID="30" TYPE="FLOODS"><EVENT-COREF-LINK EVENT_ID="7" ID="66" TYPE_REL="EVENT_COREF"/><W> बाढ़ </W></NATURAL_EVENT><W> से </W><AFTER_EFFECTS-ARG ID="31"><LINK EVENT_ARG="26" ID="58" TYPE_REL="EVENT_ARG"/><W> कई </W><W> लोगों </W><W> के </W><W> घर </W><W> ढह </W><W> गए, </W></AFTER_EFFECTS-ARG><W> जिनके </W><W> कारण </W><W> उन्हें </W><W> खुले </W><W> आसमान </W><W> में </W><W> रुकना </W><W> पड़ा, </W><W> वहीं </W><W> प्रशासन </W><W> ने </W><W> प्रांत </W><W> के </W><W> कई </W><W> जिलों </W><W> में </W><W> बाढ़ </W><W> की </W><W> चेतावनी </W><W> जारी </W><W> कर </W><W> दी </W><W> है। </W><W> राजकीय </W><W> इमारतों </W><W> को </W><W> आश्रय </W><W> गृहों </W><W> में </W><W> बदलने </W><W> के </W><W> निर्देश </W><W> जारी </W><W> कर </W><W> दिए </W><W> गए </W><W> हैं, </W><W> जिससे </W><W> बाढ़ </W><W> पीढ़ित </W><W> लोग </W><W> आश्रय </W><W> पा </W><W> सकें। </W><W> प्रांतीय </W><W> सरकार </W><W> ने </W><W> बारिश </W><W> और </W><W> बर्फवारी </W><W> प्रभावित </W><W> क्षेत्र </W><W> के </W><W> निवासियों </W><W> से </W><W> भी </W><W> उनके </W><W> घरों </W><W> में </W><W> असुविधा </W><W> होने </W><W> की </W><W> स्थिति </W><W> में </W><W> आश्रय </W><W> गृहों </W><W> में </W><W> रुकने </W><W> की </W><W> अपील </W><W> की </W><W> है। </W><W> इस </W><W> दौरान </W><W> देश </W><W> के </W><W> मौसम </W><W> विभाग </W><W> पाकिस्तान </W><W> मौसम </W><W> विभाग </W><W> ने </W><W> प्रांत </W><W> में </W><W> सोमवार </W><W> को </W><W> भी </W><W> बारिश </W><W> और </W><W> बर्फवारी </W><W> होने </W><W> की </W><W> संभावना </W><W> जताई </W><W> है। </W><W> आपको </W><W> बता </W><W> दें </W><W> कि </W><W> अफगानिस्तान </W><W> में </W><W> संयुक्त </W><W> राष्ट्र </W><W> के </W><W> मानवीय </W><W> मामलों </W><W> के </W><W> समन्वय </W><W> कार्यालय </W><W> (ओसीएचए) </W><W> ने </W><W> एक </W><W> बयान </W><W> में </W><W> कहा </W><W> कि </W><TIME-ARG ID="33"><LINK EVENT_ARG="32" ID="60" TYPE_REL="EVENT_ARG"/><W> शुक्रवार </W></TIME-ARG><W> को </W><W> भारी </W><W> बारिश </W><W> से </W><W> आई </W><NATURAL_EVENT ID="32" TYPE="FLOODS"><EVENT-COREF-LINK EVENT_ID="7" ID="61" TYPE_REL="EVENT_COREF"/><W> बाढ़ </W></NATURAL_EVENT><W> ने </W><AFTER_EFFECTS-ARG ID="34"><LINK EVENT_ARG="29" ID="59" TYPE_REL="EVENT_ARG"/><W> घरों </W><W> को </W><W> तबाह </W><W> कर </W><W> दिया </W><W> है </W><W> और </W><W> कई </W><W> वाहन </W><W> बह </W><W> गए </W></AFTER_EFFECTS-ARG><W> हैं। </W><W> समाचार </W><W> एजेंसी </W><W> सिन्हुआ </W><W> के </W><W> अनुसार, </W><W> "प्रांतीय </W><W> आपदा </W><W> प्रबंधन </W><W> समिति </W><W> ने </W><W> एक </W><W> प्रारंभिक </W><W> बैठक </W><W> बुलाई </W><W> है </W><W> और </W><W> त्वरित </W><W> मूल्यांकन </W><W> करने </W><W> वाली </W><W> टीमों </W><W> को </W><W> तैनात </W><W> किया </W><W> गया </W><W> है।" </W></P></DOCUMENT>