<?xml version="1.0" encoding="UTF-8"?>
<DOCUMENT><DESC/><DESC/><DESC/><DESC/><TIME>2584</TIME><P><PLACE-ARG ID="0"><LINK EVENT_ARG="1" ID="26" TYPE_REL="EVENT_ARG"/><W> यूपी </W></PLACE-ARG><W> में </W><NATURAL_EVENT ID="1" TYPE="FLOODS"><W> बाढ़ </W></NATURAL_EVENT><W> ने </W><AFTER_EFFECTS-ARG ID="2"><LINK EVENT_ARG="1" ID="27" TYPE_REL="EVENT_ARG"/><W> मचायी </W><W> भारी </W><W> तबाही, </W></AFTER_EFFECTS-ARG><CASUALTIES-ARG ID="3"><LINK EVENT_ARG="1" ID="28" TYPE_REL="EVENT_ARG"/><W> 260 </W><W> लोगों </W><W> की </W><W> मौत </W></CASUALTIES-ARG><W> । </W></P><P><PLACE-ARG ID="5"><LINK EVENT_ARG="4" ID="29" TYPE_REL="EVENT_ARG"/><W> उत्तर </W><W> प्रदेश </W></PLACE-ARG><W> में </W><W> इस </W><W> बार </W><W> नदियों </W><W> की </W><NATURAL_EVENT ID="4" TYPE="FLOODS"><EVENT-COREF-LINK EVENT_ID="1" ID="44" TYPE_REL="EVENT_COREF"/><W> बाढ़ </W></NATURAL_EVENT><W> ने </W><AFTER_EFFECTS-ARG ID="6"><LINK EVENT_ARG="4" ID="30" TYPE_REL="EVENT_ARG"/><W> भारी </W><W> तबाही </W><W> मचायी </W></AFTER_EFFECTS-ARG><W> है। </W><PLACE-ARG ID="7"><LINK EVENT_ARG="4" ID="31" TYPE_REL="EVENT_ARG"/><W> प्रदेश </W><W> के </W><W> 14 </W><W> जिले </W><W> बलिया, </W><W> गाजीपुर, </W><W> वाराणसी, </W><W> इलाहाबाद, </W><W> मिर्जापुर, </W><W> संत </W><W> कबीरनगर, </W><W> गोरखपुर, </W><W> गोंडा, </W><W> बाराबंकी, </W><W> हमीरपुर, </W><W> बांदा, </W><W> बहराइच, </W><W> लखीमपुर </W><W> खीरी </W><W> और </W><W> बहराइच </W></PLACE-ARG><NATURAL_EVENT ID="8" TYPE="FLOODS"><EVENT-COREF-LINK EVENT_ID="1" ID="45" TYPE_REL="EVENT_COREF"/><W> बाढ़ </W></NATURAL_EVENT><W> की </W><W> मार </W><W> सबसे </W><W> ज्यादा </W><W> झेल </W><W> रहे </W><W> हैं। </W><NATURAL_EVENT ID="11" TYPE="FLOODS"><EVENT-COREF-LINK EVENT_ID="1" ID="46" TYPE_REL="EVENT_COREF"/><W> बाढ़ </W></NATURAL_EVENT><W> की </W><W> विभीषिका </W><W> ने </W><AFTER_EFFECTS-ARG ID="9"><LINK EVENT_ARG="11" ID="32" TYPE_REL="EVENT_ARG"/><W> फसलों </W><W> को </W><W> जहां </W><W> भारी </W><W> नुकसान </W><W> पहुंचाया </W></AFTER_EFFECTS-ARG><W> है </W><W> वहीं </W><AFTER_EFFECTS-ARG ID="10"><LINK EVENT_ARG="11" ID="33" TYPE_REL="EVENT_ARG"/><W> जनजीवन </W><W> भी </W><W> बुरी </W><W> तरह </W><W> प्रभावित </W></AFTER_EFFECTS-ARG><W> हुआ </W><W> है। </W><W> मानसून </W><W> की </W><W> शुरुआत </W><W> से </W><W> अब </W><W> तक </W><W> प्रदेश </W><W> के </W><W> बाढ़ग्रस्त </W><W> इलाकों </W><W> में </W><W> विभिन्न </W><W> कारणों </W><W> से </W><CASUALTIES-ARG ID="12"><LINK EVENT_ARG="11" ID="34" TYPE_REL="EVENT_ARG"/><W> 260 </W><W> लोगों </W><W> की </W><W> मौतें </W></CASUALTIES-ARG><W> हो </W><W> चुकी </W><W> हैं।बाढ़ </W><W> प्रभावित </W><W> क्षेत्रों </W><W> में </W><W> राहत </W><W> व </W><W> बचाव </W><W> के </W><W> लिए </W><W> एनडीआरएफ </W><W> व </W><W> पीएसी </W><W> की </W><W> टीमों </W><W> की </W><W> मदद </W><W> ली </W><W> जा </W><W> रही </W><W> है।गंगा </W><W> का </W><AFTER_EFFECTS-ARG ID="15"><LINK EVENT_ARG="11" ID="35" TYPE_REL="EVENT_ARG"/><W> जलस्तर </W><W> फाफामऊ </W><W> व </W><W> छतनाग </W><W> इलाहाबाद, </W><W> मिर्जापुर, </W><W> वाराणसी, </W><W> गाजीपुर </W><W> व </W><W> बलिया </W><W> में </W><W> खतरे </W><W> के </W><W> निशान </W><W> के </W><W> ऊपर </W></AFTER_EFFECTS-ARG><W> है। </W><AFTER_EFFECTS-ARG ID="16"><LINK EVENT_ARG="11" ID="36" TYPE_REL="EVENT_ARG"/><W> यमुना </W><W> इलाहाबाद, </W><W> शारदा </W><W> नदी </W><W> पलियाकला, </W><W> घाघरा </W><W> नदी </W><W> एल्गिनब्रिज </W><W> व </W><W> तुर्तीपार </W><W> में </W><W> खतरे </W><W> के </W><W> निशान </W><W> के </W><W> ऊपर </W><W> बह </W><W> रही </W></AFTER_EFFECTS-ARG><W> है।इलाहाबाद </W><W> में </W><W> इतनी </W><W> विकराल </W><W> बाढ़ </W><W> दस </W><W> वर्ष </W><W> बाद </W><W> आई </W><W> है। </W><W> जलस्तर </W><W> घटने </W><W> के </W><W> बावजूद </W><W> अब </W><W> तक </W><AFTER_EFFECTS-ARG ID="13"><LINK EVENT_ARG="11" ID="37" TYPE_REL="EVENT_ARG"/><W> 103 </W><W> गांव </W><W> और </W><W> शहर </W><W> के </W><W> दो </W><W> दर्जन </W><W> से </W><W> अधिक </W><W> मोहल्ले </W><NATURAL_EVENT ID="14" TYPE="FLOODS"><W> बाढ़ </W></NATURAL_EVENT><W> से </W><W> प्रभावित </W></AFTER_EFFECTS-ARG><W> हैं।संतकबीरनगर </W><W> में </W><W> घाघरा </W><W> के </W><W> कहर </W><W> से </W><W> धनघटा </W><W> तहसील </W><W> केहैंसर </W><W> इलाके </W><W> के </W><W> लगभग </W><W> सभी </W><W> गांव </W><W> बाढ़ </W><W> में </W><W> डूब </W><W> गए </W><W> हैं। </W><W> बलरामपुर </W><W> जिले </W><W> में </W><W> राप्ती </W><W> ने </W><W> पिछले </W><W> एक </W><W> दशक </W><W> की </W><W> बाढ़ </W><W> का </W><W> रिकार्ड </W><W> तोड़ </W><W> दिया </W><W> है।प्रदेश </W><W> में </W><W> अब </W><W> तक </W><W> हुईं </W><CASUALTIES-ARG ID="17"><LINK EVENT_ARG="18" ID="38" TYPE_REL="EVENT_ARG"/><W> 260 </W><W> मौतों </W></CASUALTIES-ARG><W> में </W><W> 107 </W><NATURAL_EVENT ID="18" TYPE="FLOODS"><EVENT-COREF-LINK EVENT_ID="1" ID="47" TYPE_REL="EVENT_COREF"/><W> बाढ़ </W></NATURAL_EVENT><W> से, </W><W> 105 </W><W> अतिवृष्टि </W><W> या </W><W> दीवार </W><W> गिरने </W><W> से </W><W> और </W><W> 48 </W><W> मौतें </W><W> बिजली </W><W> गिरने </W><W> से </W><W> हुई </W><W> हैं। </W><W> इस </W><W> बीच </W><CASUALTIES-ARG ID="20"><LINK EVENT_ARG="18" ID="39" TYPE_REL="EVENT_ARG"/><W> 311 </W><W> पशु </W><W> भी </W><W> मरे </W></CASUALTIES-ARG><W> हैं।वाराणसी, </W><W> बलिया, </W><W> गाजीपुर, </W><W> मिर्जापुर, </W><W> भदोही, </W><W> चंदौली, </W><W> मऊ, </W><W> आजमगढ़ </W><W> में </W><W> गंगा </W><W> और </W><W> घाघरा </W><W> ने </W><W> करीब </W><W> तीस </W><W> साल </W><W> बाद </W><W> इतना </W><W> रौद्र </W><W> रूप </W><W> दिखाया। </W><W> इन </W><W> सभी </W><W> जिलों </W><W> में </W><W> 10 </W><W> लाख </W><W> से </W><W> अधिक </W><W> आबादी </W><W> बाढ़ </W><W> से </W><W> प्रभावित </W><W> है। </W><PLACE-ARG ID="21"><LINK EVENT_ARG="23" ID="40" TYPE_REL="EVENT_ARG"/><W> वाराणसी </W></PLACE-ARG><W> शहर </W><W> में </W><TIME-ARG ID="22"><LINK EVENT_ARG="23" ID="41" TYPE_REL="EVENT_ARG"/><W> 1978 </W></TIME-ARG><W> के </W><W> बाद </W><W> इतनी </W><W> भीषण </W><NATURAL_EVENT ID="23" TYPE="FLOODS"><W> बाढ़ </W></NATURAL_EVENT><W> आई </W><W> है।बुंदेलखंड </W><W> और </W><W> सेंट्रल </W><W> यूपी </W><W> में </W><W> कई </W><W> दिनो </W><W> से </W><W> लगातार </W><W> बारिश </W><W> होने </W><W> से </W><W> बड़ी </W><W> संख्या </W><W> में </W><W> कच्चे </W><W> मकान </W><W> ढह </W><W> रहे </W><W> हैं। </W><W> सबसे </W><W> ज्यादा </W><W> बांदा, </W><W> जालौन, </W><W> हमीरपुर </W><W> में </W><W> मकान </W><W> गिरने </W><W> की </W><W> घटनाएं </W><W> हुई </W><W> हैं।हमीरपुर </W><W> में </W><W> कानपुर-सागर </W><W> राष्ट्रीय </W><W> राजमार्ग </W><W> पर </W><W> निर्माणाधीन </W><W> पुल </W><W> का </W><W> एप्रोच </W><W> बह </W><W> जाने </W><W> से </W><W> पिछले </W><W> 15 </W><W> घंटे </W><W> से </W><AFTER_EFFECTS-ARG ID="24"><LINK EVENT_ARG="1" ID="42" TYPE_REL="EVENT_ARG"/><W> महोबा </W><W> सहित </W><W> मध्यप्रदेश </W><W> से </W><W> जिले </W><W> का </W><W> संपर्क </W><W> कट </W><W> गया </W></AFTER_EFFECTS-ARG><W> है।झांसी </W><W> में </W><W> लगातार </W><W> दो </W><W> दिन </W><W> हुई </W><W> बारिश </W><W> से </W><W> मोंठ, </W><W> चिरगांव, </W><W> मऊरानीपुर, </W><W> समथर, </W><W> शाहजहांपुर, </W><W> एरच, </W><W> लोहागढ़, </W><W> पूंछ, </W><W> रानीपुर, </W><W> गुरसरांय, </W><W> बंगरा, </W><W> बामौर </W><W> के </W><W> दर्जनों </W><AFTER_EFFECTS-ARG ID="25"><LINK EVENT_ARG="1" ID="43" TYPE_REL="EVENT_ARG"/><W> गांवों </W><W> में </W><W> फसल </W><W> चौपट </W></AFTER_EFFECTS-ARG><W> हो </W><W> गई। </W></P></DOCUMENT>