<?xml version="1.0" encoding="UTF-8"?>
<DOCUMENT><DESC/><TIME>851</TIME><P><PLACE-ARG ID="1"><LINK EVENT_ARG="0" ID="50" TYPE_REL="EVENT_ARG"/><W> यूपी: </W></PLACE-ARG><PARTICIPANT-ARG ID="4"><LINK EVENT_ARG="0" ID="51" TYPE_REL="EVENT_ARG"/><W> एक्सप्रेस </W></PARTICIPANT-ARG><W> से </W><MAN_MADE_EVENT ID="0" TYPE="VEHICULAR_COLLISION"><W> टकराया </W></MAN_MADE_EVENT><PARTICIPANT-ARG ID="5"><LINK EVENT_ARG="0" ID="54" TYPE_REL="EVENT_ARG"/><W> ट्रक, </W></PARTICIPANT-ARG><CASUALTIES-ARG ID="55"><LINK EVENT_ARG="0" ID="56" TYPE_REL="EVENT_ARG"/><W> चार </W><W> की </W><W> मौत </W></CASUALTIES-ARG><W> । </W></P><P><PLACE-ARG ID="2"><LINK EVENT_ARG="8" ID="57" TYPE_REL="EVENT_ARG"/><W> यूपी </W><W> के </W><W> पिहानी </W><W> में </W><W> मनिकापुर </W><W> रेलवे </W><W> क्रासिंग </W></PLACE-ARG><W> पर </W><PARTICIPANT-ARG ID="6"><LINK EVENT_ARG="8" ID="58" TYPE_REL="EVENT_ARG"/><W> मोरध्वज </W><W> एक्सप्रेस </W></PARTICIPANT-ARG><W> की </W><MAN_MADE_EVENT ID="8" TYPE="VEHICULAR_COLLISION"><EVENT-COREF-LINK EVENT_ID="0" ID="38" TYPE_REL="EVENT_COREF"/><W> चपेट </W></MAN_MADE_EVENT><W> में </W><W> आकर </W><PARTICIPANT-ARG ID="7"><LINK EVENT_ARG="8" ID="59" TYPE_REL="EVENT_ARG"/><W> प्लाईवुड </W><W> से </W><W> भरे </W><W> एक </W><W> ट्रक </W></PARTICIPANT-ARG><W> के </W><W> परखचे </W><W> उड़ </W><W> गए। </W><MAN_MADE_EVENT ID="9" TYPE="VEHICULAR_COLLISION"><EVENT-COREF-LINK EVENT_ID="0" ID="39" TYPE_REL="EVENT_COREF"/><W> हादसे </W></MAN_MADE_EVENT><W> में </W><AFTER_EFFECTS-ARG ID="20"><LINK EVENT_ARG="9" ID="60" TYPE_REL="EVENT_ARG"/><W> ट्रेन </W><W> के </W><W> इंजन </W><W> को </W><W> भी </W><W> भारी </W><W> क्षति </W><W> हुई। </W></AFTER_EFFECTS-ARG><AFTER_EFFECTS-ARG ID="21"><LINK EVENT_ARG="9" ID="61" TYPE_REL="EVENT_ARG"/><W> ट्रेन </W><W> दो </W><W> घंटे </W><W> तक </W><W> ट्रैक </W><W> पर </W><W> खड़ी </W><W> रही। </W><W> इससे </W><W> दो </W><W> घंटे </W><W> तक </W><W> ट्रेनों </W><W> का </W><W> संचालन </W><W> ठप </W><W> रहा। </W></AFTER_EFFECTS-ARG><MAN_MADE_EVENT ID="10" TYPE="VEHICULAR_COLLISION"><EVENT-COREF-LINK EVENT_ID="0" ID="40" TYPE_REL="EVENT_COREF"/><W> हादसे </W></MAN_MADE_EVENT><W> में </W><CASUALTIES-ARG ID="22"><LINK EVENT_ARG="10" ID="62" TYPE_REL="EVENT_ARG"/><W> ट्रक </W><W> सवार </W><W> चार </W><W> लोग </W><W> घायल </W></CASUALTIES-ARG><W> हो </W><W> गए </W><W> थे। </W><W> इसमें </W><W> से </W><AFTER_EFFECTS-ARG ID="23"><LINK EVENT_ARG="10" ID="63" TYPE_REL="EVENT_ARG"/><W> तीन </W><W> की </W><W> अस्पताल </W><W> ले </W><W> जाते </W><W> वक्त </W><W> मौत </W><W> हो </W><W> गई, </W><W> जबकि </W><W> एक </W><W> की </W><W> अस्पताल </W><W> से </W><W> लखनऊ </W><W> रेफर </W><W> के </W><W> दौरान </W><W> मौत </W></AFTER_EFFECTS-ARG><W> हो </W><W> गई। </W><TIME-ARG ID="24"><LINK EVENT_ARG="10" ID="64" TYPE_REL="EVENT_ARG"/><W> शनिवार </W><W> की </W><W> सुबह </W><W> पौने </W><W> ग्यारह </W><W> बजे </W></TIME-ARG><PLACE-ARG ID="3"><LINK EVENT_ARG="13" ID="65" TYPE_REL="EVENT_ARG"/><W> जहानीखेड़ा </W><W> स्टेशन </W><W> के </W><W> करीब </W><W> मानवरहित </W><W> मनिकापुर </W><W> रेलवे </W><W> क्रासिंग </W></PLACE-ARG><W> से </W><W> गुजर </W><W> रहा </W><PARTICIPANT-ARG ID="11"><LINK EVENT_ARG="13" ID="66" TYPE_REL="EVENT_ARG"/><W> ट्रक </W></PARTICIPANT-ARG><PARTICIPANT-ARG ID="12"><LINK EVENT_ARG="15" ID="67" TYPE_REL="EVENT_ARG"/><W> जम्मूतवी </W><W> से </W><W> मुजफ्फरपुर </W><W> जा </W><W> रही </W><W> मोरध्वज </W><W> एक्सप्रेस </W></PARTICIPANT-ARG><W> की </W><MAN_MADE_EVENT ID="13" TYPE="VEHICULAR_COLLISION"><EVENT-COREF-LINK EVENT_ID="0" ID="41" TYPE_REL="EVENT_COREF"/><W> चपेट </W><W> में </W><W> आ </W><W> गया। </W></MAN_MADE_EVENT><INTENSITY-ARG ID="15"><LINK EVENT_ARG="14" ID="68" TYPE_REL="EVENT_ARG"/><W> जबरदस्त </W></INTENSITY-ARG><MAN_MADE_EVENT ID="14" TYPE="VEHICULAR_COLLISION"><EVENT-COREF-LINK EVENT_ID="0" ID="42" TYPE_REL="EVENT_COREF"/><W> टक्कर </W></MAN_MADE_EVENT><W> से </W><PARTICIPANT-ARG ID="17"><LINK EVENT_ARG="14" ID="69" TYPE_REL="EVENT_ARG"/><W> ट्रक </W></PARTICIPANT-ARG><AFTER_EFFECTS-ARG ID="18"><LINK EVENT_ARG="14" ID="70" TYPE_REL="EVENT_ARG"/><W> बीच </W><W> से </W><W> दो </W><W> टुकड़ों </W><W> में </W><W> बंट </W><W> गया </W><W> और </W><W> एक </W><W> हिस्सा </W><W> क्रासिंग </W><W> पर </W><W> तो </W><W> दूसरा </W><W> हिस्सा </W><W> चेंचिस </W><W> समेत </W><W> इंजन </W><W> में </W><W> फंस </W><W> कर </W><W> तकरीबन </W><W> सौ </W><W> मीटर </W><W> तक </W><W> घिसटता </W><W> चला </W><W> गया, </W></AFTER_EFFECTS-ARG><W> जिससे </W><CASUALTIES-ARG ID="19"><LINK EVENT_ARG="14" ID="71" TYPE_REL="EVENT_ARG"/><W> चालक </W><W> समेत </W><W> ट्रक </W><W> पर </W><W> सवार </W><W> चार </W><W> लोग </W><W> गंभीर </W><W> रूप </W><W> से </W><W> घायल </W></CASUALTIES-ARG><W> हो </W><W> गए। </W></P><P><AFTER_EFFECTS-ARG ID="25"><LINK EVENT_ARG="14" ID="72" TYPE_REL="EVENT_ARG"/><W> आनन </W><W> फानन </W><W> में </W><W> घायलों </W><W> को </W><W> सीएचसी </W><W> लाया </W><W> गया, </W><W> जहां </W><W> से </W><W> जिला </W><W> अस्पताल </W><W> रेफर </W><W> कर </W><W> दिया </W><W> गया। </W></AFTER_EFFECTS-ARG><AFTER_EFFECTS-ARG ID="26"><LINK EVENT_ARG="14" ID="73" TYPE_REL="EVENT_ARG"/><W> रास्ते </W><W> में </W><W> उदय </W><W> नारायण </W><W> पुत्र </W><W> मोती </W><W> लाल </W><W> निवासी </W><W> बरीना </W><W> (जालौन) </W><W> व </W><W> दो </W><W> अन्य </W><W> की </W><W> मौत </W><W> हो </W><W> गई। </W><W> इसके </W><W> अलावा </W><W> ट्रक </W><W> चालक </W><W> शमशेर </W><W> अंसारी </W><W> पुत्र </W><W> नूर </W><W> अहमद </W><W> निवासी </W><W> बड़रिया </W><W> सीवान </W><W> (मध्यप्रदेश) </W><W> को </W><W> लखनऊ </W><W> रेफर </W><W> कर </W><W> दिया </W><W> गया। </W><W> उसे </W><W> ले </W><W> जाने </W><W> की </W><W> तैयारी </W><W> हो </W><W> रही </W><W> थी, </W><W> इसी </W><W> बीच </W><W> उसने </W><W> भी </W><W> अस्पताल </W><W> में </W><W> दम </W><W> तोड़ </W><W> दिया। </W></AFTER_EFFECTS-ARG><MAN_MADE_EVENT ID="27" TYPE="VEHICULAR_COLLISION"><EVENT-COREF-LINK EVENT_ID="0" ID="43" TYPE_REL="EVENT_COREF"/><W> हादसे </W></MAN_MADE_EVENT><W> के </W><W> बाद </W><AFTER_EFFECTS-ARG ID="28"><LINK EVENT_ARG="27" ID="74" TYPE_REL="EVENT_ARG"/><W> मौके </W><W> पर </W><W> काफी </W><W> भीड़ </W><W> जमा </W><W> हो </W><W> गई। </W><W> इंजन </W><W> क्षतिग्रस्त </W><W> होने </W><W> से </W><W> ट्रेन </W><W> दो </W><W> घंटे </W><W> तक </W><W> घटनास्थल </W><W> पर </W><W> ही </W><W> खड़ी </W><W> रही। </W></AFTER_EFFECTS-ARG><W> इससे </W><W> यात्रियों </W><W> को </W><W> काफी </W><W> परेशान </W><W> होना </W><W> पड़ा। </W><AFTER_EFFECTS-ARG ID="29"><LINK EVENT_ARG="27" ID="75" TYPE_REL="EVENT_ARG"/><W> ट्रैक </W><W> पर </W><W> दो </W><W> घंटे </W><W> तक  </W><W> ट्रेनों </W><W> का </W><W> संचालन </W><W> ठप </W><W> रहा। </W><W> बाद </W><W> में </W><W> जेसीबी </W><W> के </W><W> जरिए </W><W> क्षतिग्रस्त </W><W> इंजन </W><W> में </W><W> फंसी </W><W> ट्रक </W><W> चेंचिस </W><W> को </W><W> निकाल </W><W> कर </W><W> दूसरे </W><W> इंजन </W><W> से </W><W> ट्रेन </W><W> को </W><W> वापस </W><W> जहानीखेड़ा </W><W> स्टेशन </W><W> पर </W><W> लाया </W><W> गया। </W><W> ढाई </W><W> घंटे </W><W> तक </W><W> ट्रेन </W><W> जहानीखेड़ा </W><W> स्टेशन </W><W> पर </W><W> खड़ी </W><W> थी।</W><W> इस </W><W> बीच </W><W> रेलवे </W><W> के </W><W> बड़े </W><W> अफसरों </W><W> समेत </W><W> एसडीएम, </W><W> सीओ </W><W> और </W><W> थाना </W><W> इंचार्ज </W><W> पिहानी </W><W> मौके </W><W> पर </W><W> पहुंचे। </W><W> अफसरों </W><W> के </W><W> अनुसार </W><W> हादसे </W><W> में </W><W> ट्रेन </W><W> के </W><W> यात्री </W><W> सुरक्षित </W><W> रहे। </W></AFTER_EFFECTS-ARG></P><P><W> तेज </W><MAN_MADE_EVENT ID="30" TYPE="VEHICULAR_COLLISION"><EVENT-COREF-LINK EVENT_ID="0" ID="44" TYPE_REL="EVENT_COREF"/><W> टक्कर </W></MAN_MADE_EVENT><W> के </W><W> बाद </W><AFTER_EFFECTS-ARG ID="33"><LINK EVENT_ARG="30" ID="76" TYPE_REL="EVENT_ARG"/><W> उछल </W><W> कर </W><W> ट्रैक </W><W> पर </W><W> गिरा </W><W> ट्रक </W><W> इंजन </W><W> के </W><W> आगे </W><W> फुटबाल </W><W> बन </W><W> गया </W><W> था। </W></AFTER_EFFECTS-ARG><W> ग्रामीणों </W><W> ने </W><W> बताया </W><W> कि </W><MAN_MADE_EVENT ID="31" TYPE="VEHICULAR_COLLISION"><EVENT-COREF-LINK EVENT_ID="0" ID="45" TYPE_REL="EVENT_COREF"/><W> हादसे </W></MAN_MADE_EVENT><W> के </W><W> दौरान </W><W> तेज </W><W> धमाका </W><W> हुआ। </W><W> उन </W><W> लोगों </W><W> की </W><W> नजंरे </W><W> जब </W><W> ट्रैक् </W><W> पर </W><W> गईं </W><W> तो </W><W> वहां </W><W> का </W><W> मंजर </W><W> देख </W><W> रोंगटे </W><W> खड़े </W><W> हो </W><W> गए। </W><W> उछल </W><W> कर </W><W> ट्रेन </W><W> के </W><W> इंजन </W><W> के </W><W> आगे </W><W> गिरे </W><W> ट्रक </W><W> को </W><W> इंजन </W><W> ने </W><MAN_MADE_EVENT ID="32" TYPE="VEHICULAR_COLLISION"><EVENT-COREF-LINK EVENT_ID="0" ID="46" TYPE_REL="EVENT_COREF"/><W> दोबारा </W><W> टक्कर </W><W> मारी, </W></MAN_MADE_EVENT><AFTER_EFFECTS-ARG ID="34"><LINK EVENT_ARG="32" ID="77" TYPE_REL="EVENT_ARG"/><W> फिर </W><W> वह </W><W> उछल </W><W> कर </W><W> कुछ </W><W> दूरी </W><W> पर </W><W> ट्रैक </W><W> पर </W><W> गिरा </W><W> और </W><W> फिर </W><W> इंजन </W><W> की </W><W> तेज </W><W> टक्कर। </W><W> ऐसा </W><W> कई </W><W> बार </W><W> हुआ। </W></AFTER_EFFECTS-ARG><W> जहानीखेड़ा </W><W> के </W><W> संदीप </W><W> के </W><W> अनुसार, </W><W> हर </W><MAN_MADE_EVENT ID="47" TYPE="VEHICULAR_COLLISION"><EVENT-COREF-LINK EVENT_ID="0" ID="49" TYPE_REL="EVENT_COREF"/><W> टक्कर </W></MAN_MADE_EVENT><W> पर </W><AFTER_EFFECTS-ARG ID="48"><LINK EVENT_ARG="47" ID="78" TYPE_REL="EVENT_ARG"/><W> ट्रक </W><W> काफी </W><W> ऊंचाई </W><W> तक </W><W> उछल </W><W> जाता </W><W> था </W><W> और </W><W> फिर </W><W> ट्रैक </W><W> पर </W><W> आकर </W><W> इंजन </W><W> का </W><W> शिकार </W><W> बनता </W><W> रहा। </W></AFTER_EFFECTS-ARG><W> इससे </W><W> न </W><W> केवल </W><AFTER_EFFECTS-ARG ID="35"><LINK EVENT_ARG="47" ID="79" TYPE_REL="EVENT_ARG"/><W> ट्रक </W><W> कबाड़ </W><W> बन </W><W> गया, </W><W> बल्कि </W><W> ट्रेन </W><W> का </W><W> इंजन </W><W> भी </W><W> क्षतिग्रस्त </W><W> हो </W><W> गया। </W></AFTER_EFFECTS-ARG><W> चालक </W><W> की </W><W> होशियारी </W><W> से </W><W> बचीं </W><W> सैकड़ों </W><W> जानेंट्रक </W><W> की </W><W> टक्कर </W><W> से </W><W> पहले </W><W> ट्रेन </W><W> चालक </W><W> ने </W><W> काफी </W><W> होशियारी </W><W> दिखाते </W><W> हुए </W><W> ट्रेन </W><W> को </W><W> काबू </W><W> किया </W><W> और </W><W> सैकड़ों </W><W> यात्रियों </W><W> की </W><W> जानें </W><W> बचाईं। </W><W> ट्रेन </W><W> चालक </W><W> वीके </W><W> मिश्रा </W><W> ने </W><W> बताया </W><W> कि </W><W> टक्कर </W><W> के </W><W> बाद </W><AFTER_EFFECTS-ARG ID="36"><LINK EVENT_ARG="47" ID="80" TYPE_REL="EVENT_ARG"/><W> ट्रेन </W><W> बुरी </W><W> तरह </W><W> से </W><W> बेकाबू </W><W> हो </W><W> गई </W><W> थी। </W></AFTER_EFFECTS-ARG><W> बार-बार </W><W> इंजन </W><W> के </W><W> सामने </W><W> गिरते </W><W> ट्रक </W><W> और </W><W> इससे </W><W> होने </W><W> वाली </W><W> कई </W><W> टक्करों </W><W> से </W><W> इंजन </W><W> और </W><W> बोगी </W><W> पटरी </W><W> से </W><W> उतरने </W><W> की </W><W> स्थिति </W><W> में </W><W> थे। </W><AFTER_EFFECTS-ARG ID="37"><LINK EVENT_ARG="47" ID="81" TYPE_REL="EVENT_ARG"/><W> धीरे-धीरे </W><W> उन्होंने </W><W> गाड़ी </W><W> को </W><W> काबू </W><W> करते </W><W> हुए </W><W> पटरी </W><W> से </W><W> उतरने </W><W> से </W><W> बचाया। </W></AFTER_EFFECTS-ARG></P></DOCUMENT>