<?xml version="1.0" encoding="UTF-8"?>
<DOCUMENT><P><W> fullnews_id_4435329_date_2_10_2006.utf8 </W></P><P><W> फिलीपींस </W><W> में </W><W> तूफान </W><W> से </W><W> मरने </W><W> वालों </W><W> की </W><W> संख्या </W><W> २१९ </W><W> हुई </W></P><P><W> मनीला। </W></P><P><PLACE-ARG ID="8"><LINK EVENT_ARG="0" ID="38" TYPE_REL="EVENT_ARG"/><W> फिलीपींस </W></PLACE-ARG><W> में </W><NAME-ARG ID="9"><LINK EVENT_ARG="0" ID="39" TYPE_REL="EVENT_ARG"/><W> जांगसेन </W></NAME-ARG><NATURAL_EVENT ID="0" TYPE="STORM"><EVENT-COREF-LINK EVENT_ID="1" ID="73" TYPE_REL="EVENT_COREF"/><W> तूफान </W></NATURAL_EVENT><W> से </W><W> जान-माल </W><W> की </W><W> क्षति </W><W> का </W><W> सिलसिला </W><W> जारी </W><W> है। </W><W> इस </W><W> भयावह </W><NATURAL_EVENT ID="1" TYPE="STORM"><W> तूफान </W></NATURAL_EVENT><W> से </W><W> अब </W><W> तक </W><W> कम </W><W> से </W><W> कम </W><CASUALTIES-ARG ID="2"><LINK EVENT_ARG="1" ID="40" TYPE_REL="EVENT_ARG"/><W> २१९ </W><W> लोगों </W><W> की </W><W> मौत </W></CASUALTIES-ARG><W> हो </W><W> चुकी </W><W> है। </W><W> अब </W><W> तक </W><CASUALTIES-ARG ID="3"><LINK EVENT_ARG="1" ID="41" TYPE_REL="EVENT_ARG"/><W> करोड़ों </W><W> डॅलर </W><W> की </W><W> संपत्ति </W><W> को </W><W> नुकसान </W></CASUALTIES-ARG><W> हो </W><W> चुका </W><W> है।सूत्रों </W><W> के </W><W> मुताबिक </W><PLACE-ARG ID="4"><LINK EVENT_ARG="5" ID="44" TYPE_REL="EVENT_ARG"/><W> कैविटे, </W><W> लगुना, </W><W> बतनगास, </W><W> रिजाल </W><W> और </W><W> क्विजन </W><W> जैसे </W><W> प्रांतों </W></PLACE-ARG><W> में </W><NATURAL_EVENT ID="5" TYPE="LAND_SLIDE"><W> भूस्खलन </W></NATURAL_EVENT><W> से </W><CASUALTIES-ARG ID="6"><LINK EVENT_ARG="5" ID="43" TYPE_REL="EVENT_ARG"/><W> दर्जनों </W><W> लोगों </W><W> की </W><W> मौत </W></CASUALTIES-ARG><W> हुई </W><W> है </W><W> और </W><W> अभी </W><W> भी </W><CASUALTIES-ARG ID="7"><LINK EVENT_ARG="5" ID="45" TYPE_REL="EVENT_ARG"/><W> ७२ </W><W> लोग </W><W> लापता </W></CASUALTIES-ARG><W> हैं। </W><W> ये </W><W> इलाके </W><W> राजधानी </W><W> मनीला </W><W> से </W><W> सटे </W><W> हुए </W><W> हैं। </W><W> इन </W><W> इलाकों </W><W> को </W><W> सामूहिक </W><W> रूप </W><W> से </W><W> कालाबरजोन </W><W> कहा </W><W> जाता </W><W> है। </W><W> सबसे </W><W> अधिक </W><W> मौतें </W><PLACE-ARG ID="12"><LINK EVENT_ARG="5" ID="46" TYPE_REL="EVENT_ARG"/><W> कालाबरजोन </W></PLACE-ARG><W> इलाके </W><W> में </W><W> ही </W><W> हुई </W><W> हैं। </W><W> इस </W><W> इलाके </W><W> में </W><CASUALTIES-ARG ID="11"><LINK EVENT_ARG="10" ID="48" TYPE_REL="EVENT_ARG"/><W> १४७ </W><W> लोगां </W></CASUALTIES-ARG><W> की </W><NATURAL_EVENT ID="10" TYPE="STORM"><EVENT-COREF-LINK EVENT_ID="0" ID="72" TYPE_REL="EVENT_COREF"/><W> तूफान </W></NATURAL_EVENT><W> से </W><W> मौत </W><W> हो </W><W> चुकी </W><W> है। </W><PLACE-ARG ID="18"><LINK EVENT_ARG="10" ID="49" TYPE_REL="EVENT_ARG"/><W> एंटीपोलो </W><W> इलाके </W></PLACE-ARG><W> में </W><W> मूसलाधार </W><W> बारिश </W><W> और </W><NATURAL_EVENT ID="13" TYPE="LAND_SLIDE"><EVENT-COREF-LINK EVENT_ID="5" ID="74" TYPE_REL="EVENT_COREF"/><W> भूस्खलन </W></NATURAL_EVENT><W> के </W><W> कारण </W><CASUALTIES-ARG ID="14"><LINK EVENT_ARG="13" ID="50" TYPE_REL="EVENT_ARG"/><W> ६ </W><W> लोगों </W><W> की </W><W> मौत </W></CASUALTIES-ARG><W> हुई </W><W> है। </W><PLACE-ARG ID="15"><LINK EVENT_ARG="13" ID="51" TYPE_REL="EVENT_ARG"/><W> टेरेसा </W><W> शहर </W></PLACE-ARG><W> में </W><W> भी </W><NATURAL_EVENT ID="16" TYPE="STORM"><EVENT-COREF-LINK EVENT_ID="10" ID="71" TYPE_REL="EVENT_COREF"/><W> तूफान </W></NATURAL_EVENT><W> से </W><AFTER_EFFECTS-ARG ID="17"><LINK EVENT_ARG="16" ID="52" TYPE_REL="EVENT_ARG"/><W> काफी </W><W> बर्बादी </W></AFTER_EFFECTS-ARG><W> हुई </W><W> है। </W><W> एक </W><W> वरिष्ठ </W><W> आपदा </W><W> प्रबंधन </W><W> अधिकारी </W><W> ने </W><W> बताया </W><W> कि </W><CASUALTIES-ARG ID="19"><LINK EVENT_ARG="20" ID="54" TYPE_REL="EVENT_ARG"/><W> २३ </W><W> लोगों </W><W> की </W><W> मौत </W></CASUALTIES-ARG><W> उस </W><W> वक्त </W><W> हो </W><W> गयी </W><W> जब </W><MAN_MADE_EVENT ID="20" TYPE="TRANSPORT_HAZARDS"><W> एक </W><W> मिनी </W><W> बस </W><W> नदी </W><W> में </W><W> जा </W><W> गिरी। </W></MAN_MADE_EVENT><W> यह </W><W> घटना </W><PLACE-ARG ID="21"><LINK EVENT_ARG="20" ID="55" TYPE_REL="EVENT_ARG"/><W> इलोइलो </W></PLACE-ARG><W> प्रांत </W><W> में </W><W> हुई। </W><W> एक </W><W> वरिष्ठ </W><W> पुलिस </W><W> अधिकारी </W><W> ने </W><W> बताया </W><W> कि </W><W> इस </W><W> बस </W><W> में </W><W> सवार </W><W> लोगों </W><W> में </W><W> से </W><CASUALTIES-ARG ID="22"><LINK EVENT_ARG="20" ID="56" TYPE_REL="EVENT_ARG"/><W> १७ </W><W> लापता </W></CASUALTIES-ARG><W> हैं। </W><W> मूसलाधार </W><W> बारिश </W><W> और </W><NATURAL_EVENT ID="23" TYPE="STORM"><EVENT-COREF-LINK EVENT_ID="16" ID="70" TYPE_REL="EVENT_COREF"/><W> तूफान </W></NATURAL_EVENT><W> के </W><W> कारण </W><W> अचानक </W><AFTER_EFFECTS-ARG ID="24"><LINK EVENT_ARG="23" ID="57" TYPE_REL="EVENT_ARG"/><W> इस </W><W> नदी </W><W> का </W><W> जलस्तर </W><W> खतरनाक </W><W> रूप </W><W> से </W><W> बढ़ </W><W> गया </W></AFTER_EFFECTS-ARG><W> है। </W></P><P><W> इधर </W><W> मौसम </W><W> विज्ञानियों </W><W> ने </W><W> कहा </W><W> है </W><W> कि </W><NAME-ARG ID="25"><LINK EVENT_ARG="26" ID="58" TYPE_REL="EVENT_ARG"/><W> जांगसेन </W></NAME-ARG><NATURAL_EVENT ID="26" TYPE="STORM"><EVENT-COREF-LINK EVENT_ID="23" ID="75" TYPE_REL="EVENT_COREF"/><W> तूफान </W></NATURAL_EVENT><W> भले </W><W> ही </W><W> फिलीपींस </W><W> से </W><W> लगभग </W><W> विदा </W><W> हो </W><W> गया </W><W> है, </W><W> लेकिन </W><W> खराब </W><W> मौसम </W><W> के </W><W> कारण </W><W> एक </W><W> और </W><W> नए </W><W> तूफान </W><W> ने </W><W> कहर </W><W> बरपाना </W><W> शुरू </W><W> कर </W><W> दिया </W><W> है। </W><W> यह </W><NATURAL_EVENT ID="27" TYPE="STORM"><EVENT-COREF-LINK EVENT_ID="26" ID="69" TYPE_REL="EVENT_COREF"/><W> तूफान </W></NATURAL_EVENT><W> फिलहाल </W><W> उत्तरी </W><W> और </W><W> दक्षिण </W><W> पूर्व </W><W> इलाके </W><W> में </W><W> सीमित </W><W> है। </W><W> पिछले </W><W> एक </W><W> दशक </W><W> में </W><W> मनीला </W><W> में </W><W> यह </W><W> सबसे </W><W> भयावह </W><NATURAL_EVENT ID="28" TYPE="STORM"><EVENT-COREF-LINK EVENT_ID="27" ID="68" TYPE_REL="EVENT_COREF"/><W> तूफान </W></NATURAL_EVENT><W> माना </W><W> जाता </W><W> है। </W><W> मनीला </W><W> में </W><W> भी </W><NATURAL_EVENT ID="29" TYPE="STORM"><EVENT-COREF-LINK EVENT_ID="28" ID="67" TYPE_REL="EVENT_COREF"/><W> तूफान </W></NATURAL_EVENT><W> से </W><CASUALTIES-ARG ID="30"><LINK EVENT_ARG="29" ID="59" TYPE_REL="EVENT_ARG"/><W> कई </W><W> लोगों </W><W> की </W><W> मौत </W></CASUALTIES-ARG><W> हुई </W><W> है। </W><PLACE-ARG ID="32"><LINK EVENT_ARG="29" ID="61" TYPE_REL="EVENT_ARG"/><W> बिकॅल </W></PLACE-ARG><W> इलाके </W><W> में </W><W> कम </W><W> से </W><W> कम </W><CASUALTIES-ARG ID="31"><LINK EVENT_ARG="29" ID="60" TYPE_REL="EVENT_ARG"/><W> २५ </W><W> लोगों </W><W> की </W><W> मौत </W></CASUALTIES-ARG><W> हुई </W><W> है </W><W> वहीं </W><PLACE-ARG ID="33"><LINK EVENT_ARG="29" ID="62" TYPE_REL="EVENT_ARG"/><W> राजधानी </W><W> मनीला </W></PLACE-ARG><W> में </W><CASUALTIES-ARG ID="36"><LINK EVENT_ARG="29" ID="63" TYPE_REL="EVENT_ARG"/><W> ९ </W><W> लोगों </W></CASUALTIES-ARG><W> के </W><W> मारे </W><W> जाने </W><W> की </W><W> पुष्टि </W><W> हुई </W><W> है। </W><PLACE-ARG ID="34"><LINK EVENT_ARG="29" ID="64" TYPE_REL="EVENT_ARG"/><W> मध्य </W><W> क्षेत्र </W><W> बिसायास </W></PLACE-ARG><W> में </W><CASUALTIES-ARG ID="35"><LINK EVENT_ARG="29" ID="65" TYPE_REL="EVENT_ARG"/><W> ११ </W><W> लोगों </W><W> की </W><W> मौत </W></CASUALTIES-ARG><W> हुई </W><W> है </W><W> वहीं </W><W> उत्तरी </W><W> प्रांतों </W><W> में </W><W> भी </W><W> भारी </W><W> तबाही </W><W> हुई </W><W> है। </W><W> अब </W><W> तक </W><AFTER_EFFECTS-ARG ID="37"><LINK EVENT_ARG="29" ID="66" TYPE_REL="EVENT_ARG"/><W> १.३३ </W><W> अरब </W><W> पेसो </W><W> की </W><W> संपत्ति </W><W> और </W><W> फसल </W><W> को </W><W> नुकसान </W></AFTER_EFFECTS-ARG><W> हुआ </W><W> है। </W><W> वहीं </W><W> करीब </W><W> एक </W><W> लाख </W><W> लोग </W><W> शरणार्थी </W><W> शिविरों </W><W> में </W><W> शरण </W><W> लिए </W><W> हुए </W><W> हैं। </W></P></DOCUMENT>