<?xml version="1.0" encoding="UTF-8"?>
<DOCUMENT><P><W> fullnews_id_4098415_date_12_4_2006.utf8 </W></P><P><W> 'साओमी' </W><W> तूफान </W><W> का </W><W> कहर, </W><W> ८३ </W><W> मरे </W></P><P><W> बीजिंग। </W></P><P><PLACE-ARG ID="8"><LINK EVENT_ARG="0" ID="20" TYPE_REL="EVENT_ARG"/><W> चीन </W></PLACE-ARG><W> में </W><W> आए </W><W> भयंकर </W><NATURAL_EVENT ID="0" TYPE="STORM"><W> तूफान </W></NATURAL_EVENT><NAME-ARG ID="2"><LINK EVENT_ARG="0" ID="21" TYPE_REL="EVENT_ARG"/><W> 'साओमी' </W></NAME-ARG><W> के </W><W> कारण </W><CASUALTIES-ARG ID="4"><LINK EVENT_ARG="0" ID="22" TYPE_REL="EVENT_ARG"/><W> ८३ </W><W> लोग </W><W> मारे </W><W> गए </W><W> हैं </W><W> और </W><W> ११ </W><W> लोग </W><W> लापता </W></CASUALTIES-ARG><W> हैं। </W><W> बताया </W><W> जा </W><W> रहा </W><W> है </W><W> कि </W><W> तूफान </W><W> पिछले </W><W> ५० </W><W> साल </W><W> में </W><W> आए </W><W> तूफानों </W><W> में </W><W> सबसे </W><W> भयानक </W><W> है। </W><W> इस </W><NATURAL_EVENT ID="1" TYPE="STORM"><EVENT-COREF-LINK EVENT_ID="0" ID="38" TYPE_REL="EVENT_COREF"/><W> तूफान </W></NATURAL_EVENT><W> के </W><W> कारण </W><AFTER_EFFECTS-ARG ID="5"><LINK EVENT_ARG="1" ID="23" TYPE_REL="EVENT_ARG"/><W> १८,००० </W><W> घर </W><W> तबाह </W></AFTER_EFFECTS-ARG><W> हो </W><W> गए </W><W> हैं। </W></P><P><W> आर्थिक </W><W> नुकसान </W><W> ज्यादा </W></P><P><W> बताया </W><W> जा </W><W> रहा </W><W> है </W><W> कि </W><NATURAL_EVENT ID="7" TYPE="STORM"><EVENT-COREF-LINK EVENT_ID="1" ID="37" TYPE_REL="EVENT_COREF"/><W> तूफान </W></NATURAL_EVENT><W> के </W><W> कारण </W><AFTER_EFFECTS-ARG ID="6"><LINK EVENT_ARG="7" ID="24" TYPE_REL="EVENT_ARG"/><W> काफी </W><W> आर्थिक </W><W> नुकसान </W></AFTER_EFFECTS-ARG><W> हुआ </W><W> है। </W><W> इससे </W><W> पहले </W><W> भी </W><PLACE-ARG ID="9"><LINK EVENT_ARG="7" ID="25" TYPE_REL="EVENT_ARG"/><W> चीन </W></PLACE-ARG><W> में </W><W> आए </W><W> भीषण </W><W> तूफानो </W><W> मे </W><W> काफी </W><W> लोग </W><W> मारे </W><W> जा </W><W> चुके </W><W> हैं। </W></P><P><W> समाचार </W><W> एजेंसी </W><W> शिन्हुआ </W><W> ने </W><W> बताया </W><W> कि </W><PLACE-ARG ID="10"><LINK EVENT_ARG="7" ID="26" TYPE_REL="EVENT_ARG"/><W> इस </W><W> प्रांत </W><W> की </W><W> कांगनान </W><W> काउंटी </W><W> और </W><W> वेनझोऊ </W><W> क्षेत्र </W></PLACE-ARG><W> मे </W><CASUALTIES-ARG ID="11"><LINK EVENT_ARG="7" ID="27" TYPE_REL="EVENT_ARG"/><W> ८१ </W><W> लोग </W><W> मारे </W><W> गए </W></CASUALTIES-ARG><W> और </W><CASUALTIES-ARG ID="12"><LINK EVENT_ARG="13" ID="28" TYPE_REL="EVENT_ARG"/><W> ११ </W><W> लापता </W></CASUALTIES-ARG><W> है। </W><PLACE-ARG ID="13"><LINK EVENT_ARG="7" ID="29" TYPE_REL="EVENT_ARG"/><W> समीपवर्ती </W><W> फूजियान </W><W> प्रांत </W></PLACE-ARG><W> मे </W><CASUALTIES-ARG ID="14"><LINK EVENT_ARG="7" ID="30" TYPE_REL="EVENT_ARG"/><W> दो </W><W> लोगो </W><W> के </W><W> मरने </W><W> की </W><W> खबर </W></CASUALTIES-ARG><W> है। </W><W> यहां </W><W> से </W><W> ६,२०,००० </W><W> लोगां </W><W> को </W><W> निकाल </W><W> कर </W><W> सुरक्षित </W><W> स्थानों </W><W> पर </W><W> ले </W><W> जाया </W><W> गया </W><W> है। </W><PLACE-ARG ID="15"><LINK EVENT_ARG="7" ID="31" TYPE_REL="EVENT_ARG"/><W> कांगनान </W><W> प्रांत </W></PLACE-ARG><W> मे </W><AFTER_EFFECTS-ARG ID="16"><LINK EVENT_ARG="7" ID="32" TYPE_REL="EVENT_ARG"/><W> एक </W><W> हजार </W><W> मकान </W><W> नष्ट </W></AFTER_EFFECTS-ARG><W> हो </W><W> गए </W><W> है </W><W> और </W><CASUALTIES-ARG ID="19"><LINK EVENT_ARG="7" ID="33" TYPE_REL="EVENT_ARG"/><W> ८० </W><W> लोग </W><W> घायल </W></CASUALTIES-ARG><W> हुए </W><W> है। </W><W> यहां </W><AFTER_EFFECTS-ARG ID="17"><LINK EVENT_ARG="3" ID="34" TYPE_REL="EVENT_ARG"/><W> टेलीफोन </W><W> सेवाओ </W><W> और </W><W> बिजली </W><W> आपूर्ति </W><W> पर </W><NATURAL_EVENT ID="3" TYPE="STORM"><EVENT-COREF-LINK EVENT_ID="7" ID="36" TYPE_REL="EVENT_COREF"/><W> तूफान </W></NATURAL_EVENT><W> का </W><W> जबरदस्त </W><W> असर </W></AFTER_EFFECTS-ARG><W> पड़ा </W><W> है </W><W> और </W><AFTER_EFFECTS-ARG ID="18"><LINK EVENT_ARG="3" ID="35" TYPE_REL="EVENT_ARG"/><W> अधिकतर </W><W> इलाके </W><W> अंधेरे </W><W> मे </W><W> डूब </W><W> गए </W></AFTER_EFFECTS-ARG><W> है। </W></P></DOCUMENT>