<?xml version="1.0" encoding="UTF-8"?>
<DOCUMENT><P><W> fullnews_id_2479529_date_26_5_2004.utf8 </W></P><P><W> तूफान </W><W> ने </W><W> मचाई </W><W> तबाही </W></P><P><W> जनजीवन </W><W> अस्त-व्यस्त, </W><W> कई </W><W> इलाके </W><W> अंधेरे </W><W> में </W></P><P><W> कई </W><W> जगह </W><W> पेड़ </W><W> और </W><W> होडॅग </W><W> गिरे </W></P><P><W> नई </W><W> दिल्ली। </W></P><P><PLACE-ARG ID="1"><LINK EVENT_ARG="0" ID="21" TYPE_REL="EVENT_ARG"/><W> राजधानी </W></PLACE-ARG><W> में </W><TIME-ARG ID="2"><LINK EVENT_ARG="0" ID="22" TYPE_REL="EVENT_ARG"/><W> मंगलवार </W><W> देर </W><W> रात </W></TIME-ARG><W> भीषण </W><NATURAL_EVENT ID="0" TYPE="STORM"><W> आंधी-तूफान </W></NATURAL_EVENT><W> से </W><W> जनजीवन </W><W> अस्त-व्यस्त </W><W> हो </W><W> गया। </W><W> करीब </W><SPEED-ARG ID="3"><LINK EVENT_ARG="0" ID="23" TYPE_REL="EVENT_ARG"/><W> ८० </W><W> किलोमीटर </W><W> प्रति </W><W> घंटे </W></SPEED-ARG><W> रफ्तार </W><W> की </W><REASON-ARG ID="5"><LINK EVENT_ARG="0" ID="24" TYPE_REL="EVENT_ARG"/><W> हवाओं </W><W> के </W><W> चलते </W></REASON-ARG><PLACE-ARG ID="7"><LINK EVENT_ARG="0" ID="25" TYPE_REL="EVENT_ARG"/><W> कई </W><W> जगह </W></PLACE-ARG><AFTER_EFFECTS-ARG ID="4"><LINK EVENT_ARG="0" ID="26" TYPE_REL="EVENT_ARG"/><W> बिजली </W><W> गुल </W><W> हो </W><W> गई </W><W> और </W><W> वाहन </W><W> जहां </W><W> के </W><W> तहां </W><W> खड़े </W><W> हो </W><W> गए। </W></AFTER_EFFECTS-ARG><PLACE-ARG ID="6"><LINK EVENT_ARG="0" ID="27" TYPE_REL="EVENT_ARG"/><W> कई </W><W> स्थानों </W></PLACE-ARG><W> पर </W><AFTER_EFFECTS-ARG ID="8"><LINK EVENT_ARG="0" ID="28" TYPE_REL="EVENT_ARG"/><W> पेड़ </W><W> गिर </W><W> गए </W><W> और </W><W> जगह-जगह </W><W> होडॅग </W><W> व </W><W> घरों, </W><W> दुकानों </W><W> के </W><W> टीन </W><W> उड़ </W><W> गए। </W></AFTER_EFFECTS-ARG><W> प्रचंड </W><W> हवाओं </W><W> का </W><W> जोर </W><W> रात </W><W> करीब </W><W> पौने </W><W> एक </W><W> बजे </W><W> शुरू </W><W> हुआ </W><W> जो </W><W> देर </W><W> रात </W><W> तक </W><W> रहा। </W><W> इससे </W><W> किसी </W><W> जानमाल </W><W> की </W><W> आधिकारिक </W><W> पुष्टि </W><W> तो </W><W> नहीं </W><W> हो </W><W> पाई </W><W> लेकिन </W><W> व्यापक </W><W> क्षति </W><W> की </W><W> आशंका </W><W> जताई </W><W> जा </W><W> रही </W><W> है। </W><PLACE-ARG ID="10"><LINK EVENT_ARG="0" ID="29" TYPE_REL="EVENT_ARG"/><W> निर्माणाधीन </W><W> इलाकों </W></PLACE-ARG><W> में </W><AFTER_EFFECTS-ARG ID="9"><LINK EVENT_ARG="0" ID="30" TYPE_REL="EVENT_ARG"/><W> झुग्गी-झोपड़ियों </W><W> में </W><W> रहने </W><W> वाले </W><W> बाल-बच्चों </W><W> समेत </W><W> खुले </W><W> मैदान </W><W> में </W><W> थे, </W><W> उनकी </W><W> झुग्गियां </W><W> उड़ </W><W> गइ। </W></AFTER_EFFECTS-ARG><REASON-ARG ID="11"><LINK EVENT_ARG="0" ID="31" TYPE_REL="EVENT_ARG"/><W> पेड़ </W><W> व </W><W> होडॅग </W><W> गिर </W><W> जाने </W></REASON-ARG><W> से </W><AFTER_EFFECTS-ARG ID="12"><LINK EVENT_ARG="0" ID="32" TYPE_REL="EVENT_ARG"/><W> कुछ </W><W> स्थानों </W><W> पर </W><W> सड़कें </W><W> अवरुद्ध </W></AFTER_EFFECTS-ARG><W> हो </W><W> गइहालांकि </W><W> मंगलवार </W><W> दोपहर </W><W> राजधानी </W><W> का </W><W> मौसम </W><W> सुहाना </W><W> हो </W><W> गया </W><W> था। </W><W> बादल </W><W> छा </W><W> गए </W><W> थे </W><W> और </W><W> देखते </W><W> ही </W><W> देखते </W><W> बारिश </W><W> शुरू </W><W> हो </W><W> गई। </W><W> शाम </W><W> साढ़े </W><W> आठ </W><W> बजे </W><W> तक </W><W> ३.२ </W><W> मिलीमीटर </W><W> बरसात </W><W> हुई। </W><W> कुछ </W><W> इलाकों </W><W> में </W><W> मामूली </W><W> पानी </W><W> ही </W><W> गिरा। </W><W> मौसम </W><W> विभाग </W><W> की </W><W> भविष्यवाणी </W><W> के </W><W> अनुसार </W><W> अगले </W><W> चौबीस </W><W> घंटों </W><W> में </W><W> बारिश </W><W> होने </W><W> की </W><W> उम्मीद </W><W> है। </W><W> आंशिक </W><W> रूप </W><W> से </W><W> बादल </W><W> छाये </W><W> रहेंगे </W><W> और </W><W> दिन </W><W> के </W><W> तापमान </W><W> में </W><W> गिरावट </W><W> होगी। </W><W> अधिकतम </W><W> तापमान </W><W> ३७ </W><W> डिग्री </W><W> सेल्सियस </W><W> रहने </W><W> का </W><W> अनुमान </W><W> है। </W></P><P><W> उधर, </W><W> राजधानी </W><W> के </W><W> आसपास </W><W> गुड़गांव </W><W> और </W><W> फरीदाबाद </W><W> इलाकों </W><W> में </W><W> भी </W><W> फुहार </W><W> से </W><W> मौसम </W><W> खुशनुमा </W><W> जरूर </W><W> हो </W><W> गया, </W><W> लेकिन </W><W> कई </W><W> इलाकों </W><W> में </W><W> जलभराव, </W><W> सीवर </W><W> उफनाने </W><W> से </W><W> प्रशासन </W><W> की </W><W> पोल </W><W> भी </W><W> खुल </W><W> गई। </W><W> मौसम </W><W> विभाग </W><W> के </W><W> एक </W><W> अधिकारी </W><W> ने </W><W> कहा </W><W> कि </W><W> पंजाब </W><W> और </W><W> हरियाणा </W><W> पर </W><W> हवा </W><W> के </W><W> ऊपरी </W><W> चक्रवाती </W><W> दबाव </W><W> के </W><W> परिणामस्वरूप </W><W> यह </W><W> बारिश </W><W> हुई </W><W> है। </W><W> राजस्थान </W><W> में </W><W> भी </W><W> अब </W><W> लू </W><W> से </W><W> लोगों </W><W> को </W><W> राहत </W><W> मिली </W><W> है। </W></P><P><W> उत्तर-पशिचमी </W><W> अफगानिस्तान, </W><W> उत्तरी </W><W> पाकिस्तान, </W><W> जम्मू-कशमीर </W><W> व </W><W> हरियाणा </W><W> के </W><W> ऊपर </W><W> बने </W><W> पशिचमी </W><W> विक्षोभ </W><W> के </W><W> कारण </W><W> दिल्ली </W><W> में </W><W> बारिश </W><W> हुई। </W><W> एक </W><W> दिन </W><W> पहले </W><W> तक </W><W> पूर्व </W><W> से </W><W> ठंडी </W><W> हवाएं </W><W> आ </W><W> रही </W><W> थीं। </W><W> इससे </W><W> लोगों </W><W> को </W><W> गर्मी </W><W> से </W><W> राहत </W><W> मिली </W><W> हुई </W><W> थी। </W><W> लेकिन </W><W> मंगलवार </W><W> को </W><W> पशिचमी </W><W> विक्षोभ </W><W> ने </W><W> पानी </W><W> बरसा </W><W> कर </W><W> लोगों </W><W> को </W><W> खुश </W><W> कर </W><W> दिया। </W><W> रिमझिम </W><W> बारिश </W><W> से </W><W> लोग </W><W> उत्साहित </W><W> दिख </W><W> रहे </W><W> थे। </W></P><P><W> मौसम </W><W> विभाग </W><W> के </W><W> अनुसार </W><W> मंगलवार </W><W> को </W><W> अधिकतम </W><W> तापमान </W><W> ३९.२ </W><W> व </W><W> न्यूनतम </W><W> २६.४ </W><W> डिग्री </W><W> सेल्सियस </W><W> दर्ज </W><W> किया </W><W> गया। </W><W> गर्म </W><W> हवाओं </W><W> के </W><W> स्थान </W><W> पर </W><W> ठंडी </W><W> हवाएं </W><W> बह </W><W> रही </W><W> थीं। </W><W> मौसम </W><W> विभाग </W><W> केमुताबिक </W><W> रात </W><W> में </W><W> ठंड </W><W> होने </W><W> के </W><W> साथ </W><W> दिन </W><W> के </W><W> समय </W><W> भी </W><W> तापमान </W><W> कम </W><W> रहेगा। </W><W> एक-दो </W><W> दिन </W><W> में </W><W> मौसम </W><W> साफ </W><W> होने </W><W> की </W><W> उम्मीद </W><W> है। </W><W> मौसम </W><W> में </W><W> अधिकतम </W><W> आर्द्रता </W><W> ६३ </W><W> फीसदी </W><W> व </W><W> न्यूनतम </W><W> ३४ </W><W> फीसदी </W><W> रही। </W></P><P><W> गुड़गांव, </W><W> बादशाहपुर </W><W> एवं </W><PLACE-ARG ID="33"><LINK EVENT_ARG="13" ID="34" TYPE_REL="EVENT_ARG"/><W> कुछ </W><W> अन्य </W><W> इलाकों </W></PLACE-ARG><W> में </W><NATURAL_EVENT ID="13" TYPE="HAIL_STORMS"><W> ओले </W></NATURAL_EVENT><W> भी </W><W> पड़े। </W><REASON-ARG ID="19"><LINK EVENT_ARG="13" ID="35" TYPE_REL="EVENT_ARG"/><W> तेज </W><W> हवा </W></REASON-ARG><W> के </W><W> कारण </W><W> शहर </W><W> की </W><AFTER_EFFECTS-ARG ID="18"><LINK EVENT_ARG="13" ID="36" TYPE_REL="EVENT_ARG"/><W> विद्युत </W><W> आपूर्ति </W><W> छिन्न </W><W> भिन्न </W><W> हो </W><W> गई। </W></AFTER_EFFECTS-ARG><PLACE-ARG ID="14"><LINK EVENT_ARG="13" ID="37" TYPE_REL="EVENT_ARG"/><W> कुछ </W><W> स्थानों </W></PLACE-ARG><W> पर </W><REASON-ARG ID="16"><LINK EVENT_ARG="13" ID="38" TYPE_REL="EVENT_ARG"/><W> पेड़ </W><W> टूटकर </W><W> सड़कों </W><W> पर </W><W> गिर </W><W> गए, </W></REASON-ARG><W> जिससे </W><AFTER_EFFECTS-ARG ID="17"><LINK EVENT_ARG="13" ID="39" TYPE_REL="EVENT_ARG"/><W> यातायात </W><W> बाधित </W><W> हुआ। </W></AFTER_EFFECTS-ARG><W> अंधड़ </W><W> और </W><W> बारिश </W><W> होने </W><W> के </W><W> साथ </W><W> ही </W><W> दक्षिण </W><W> हरियाणा </W><W> बिजली </W><W> वितरण </W><W> निगम </W><W> ने </W><W> लगभग </W><AFTER_EFFECTS-ARG ID="20"><LINK EVENT_ARG="13" ID="40" TYPE_REL="EVENT_ARG"/><W> पूरे </W><W> शहर </W><W> की </W><W> बत्ती </W><W> गुल </W></AFTER_EFFECTS-ARG><W> कर </W><W> दी। </W><W> निगम </W><W> अधिकारियों </W><W> ने </W><W> बताया </W><W> कि </W><W> ऐसा </W><W> एहतियातन </W><W> किया </W><W> गया </W><W> है। </W><W> पांच </W><W> बजे </W><W> के </W><W> बाद </W><W> ही </W><W> बारिश </W><W> बूंदाबांदी </W><W> में </W><W> बदल </W><W> गई </W><W> थी, </W><W> लेकिन </W><W> देर </W><W> रात </W><W> तक </W><W> निगम </W><W> ने </W><W> बिजली </W><W> आपूर्ति </W><W> बहाल </W><W> नहीं </W><W> की। </W></P></DOCUMENT>