<?xml version="1.0" encoding="UTF-8"?>
<DOCUMENT><P><W> गृहस्थी </W><W> बचाने </W><W> में </W><W> जुटे </W><W> रहे </W><W> परिजन, </W><MAN_MADE_EVENT ID="0" TYPE="FIRE"><EVENT-COREF-LINK EVENT_ID="2" ID="65" TYPE_REL="EVENT_COREF"/><W> आग </W></MAN_MADE_EVENT><W> में </W><CASUALTIES-ARG ID="25"><LINK EVENT_ARG="0" ID="40" TYPE_REL="EVENT_ARG"/><W> जिंदा </W><W> जल </W><W> गई </W><W> बच्ची </W></CASUALTIES-ARG></P><P><MAN_MADE_EVENT ID="1" TYPE="FIRE"><W> आग </W><W> की </W><W> लपटों </W><W> का </W><W> कहर </W></MAN_MADE_EVENT><W> जिले </W><W> में </W><W> बदस्तूर </W><W> जारी </W><W> है। </W><TIME-ARG ID="12"><LINK EVENT_ARG="2" ID="41" TYPE_REL="EVENT_ARG"/><W> गुरुवार </W></TIME-ARG><W> को </W><W> भी </W><W> अलग-अलग </W><W> स्थानों </W><W> पर </W><MAN_MADE_EVENT ID="2" TYPE="FIRE"><W> अग्निकांड </W></MAN_MADE_EVENT><W> में </W><CASUALTIES-ARG ID="26"><LINK EVENT_ARG="2" ID="42" TYPE_REL="EVENT_ARG"/><W> एक </W><W> बालिका </W><MAN_MADE_EVENT ID="27" TYPE="FIRE"><W> आग </W></MAN_MADE_EVENT><W> की </W><W> लपटों </W><W> में </W><W> जिंदा </W><W> जल </W><W> गई। </W></CASUALTIES-ARG><W> जबकि </W><W> घर </W><W> के </W><W> बरामदे </W><W> में </W><W> बंधे </W><W> मवेशियों </W><W> को </W><W> लपटों </W><W> से </W><W> बचाने </W><W> के </W><W> प्रयास </W><W> में </W><CASUALTIES-ARG ID="28"><LINK EVENT_ARG="2" ID="43" TYPE_REL="EVENT_ARG"/><W> एक </W><W> युवक </W><W> झुलस </W><W> गया।  </W></CASUALTIES-ARG></P><P><MAN_MADE_EVENT ID="4" TYPE="FIRE"><EVENT-COREF-LINK EVENT_ID="2" ID="66" TYPE_REL="EVENT_COREF"/><W> आग </W><W> की </W><W> चपेट </W></MAN_MADE_EVENT><W> में </W><W> आने </W><W> से </W><AFTER_EFFECTS-ARG ID="39"><LINK EVENT_ARG="4" ID="44" TYPE_REL="EVENT_ARG"/><W> 26 </W><W> मकान </W><W> व </W><W> 60 </W><W> बीघा </W><W> फसल </W><W> जलकर </W><W> राख </W></AFTER_EFFECTS-ARG><W> हो </W><W> गई। </W><CASUALTIES-ARG ID="29"><LINK EVENT_ARG="4" ID="46" TYPE_REL="EVENT_ARG"/><W> दो </W><W> मवेशी </W><W> भी </W><W> जिंदा </W><W> जल </W><W> गए </W></CASUALTIES-ARG><W> जबकि </W><CASUALTIES-ARG ID="30"><LINK EVENT_ARG="4" ID="45" TYPE_REL="EVENT_ARG"/><W> तीन </W><W> झुलस </W><W> गए </W></CASUALTIES-ARG><W> हैं। </W><W> पुलिस </W><W> ने </W><W> मृत </W><W> बालिका </W><W> के </W><W> शव </W><W> को </W><W> पोस्टमार्टम </W><W> के </W><W> लिए </W><W> भेज </W><W> दिया </W><W> है। </W><W>   </W></P><P><PLACE-ARG ID="16"><LINK EVENT_ARG="5" ID="47" TYPE_REL="EVENT_ARG"/><W> तराई </W></PLACE-ARG><W> में </W><MAN_MADE_EVENT ID="5" TYPE="FIRE"><EVENT-COREF-LINK EVENT_ID="2" ID="68" TYPE_REL="EVENT_COREF"/><W> आग </W></MAN_MADE_EVENT><W> की </W><W> लपटें </W><W> मुसीबत </W><W> बनी </W><W> हुई </W><W> हैं। </W><TIME-ARG ID="13"><LINK EVENT_ARG="6" ID="48" TYPE_REL="EVENT_ARG"/><W> गुरुवार </W></TIME-ARG><TIME-ARG ID="14"><LINK EVENT_ARG="6" ID="52" TYPE_REL="EVENT_ARG"/><W> दोपहर </W><W> में </W><W> दो </W><W> बजे </W></TIME-ARG><W> के </W><W> आसपास </W><PLACE-ARG ID="17"><LINK EVENT_ARG="6" ID="51" TYPE_REL="EVENT_ARG"/><W> महसी </W><W> तहसील </W></PLACE-ARG><W> अंतर्गत </W><PLACE-ARG ID="18"><LINK EVENT_ARG="6" ID="50" TYPE_REL="EVENT_ARG"/><W> परसोहना </W><W> गांव </W></PLACE-ARG><W> निवासी </W><PLACE-ARG ID="19"><LINK EVENT_ARG="6" ID="49" TYPE_REL="EVENT_ARG"/><W> ननकऊ </W><W> के </W><W> घर </W></PLACE-ARG><W> में </W><W> उस </W><W> समय </W><MAN_MADE_EVENT ID="6" TYPE="FIRE"><EVENT-COREF-LINK EVENT_ID="2" ID="67" TYPE_REL="EVENT_COREF"/><W> आग </W><W> लग </W><W> गई, </W></MAN_MADE_EVENT><W> जब </W><W> परिवार </W><W> के </W><W> लोग </W><W> दोपहर </W><W> में </W><W> खाना </W><W> खाने </W><W> के </W><W> बाद </W><W> घर </W><W> में </W><W> आराम </W><W> कर </W><W> रहे </W><W> थे।  </W></P><P><MAN_MADE_EVENT ID="7" TYPE="FIRE"><EVENT-COREF-LINK EVENT_ID="2" ID="69" TYPE_REL="EVENT_COREF"/><W> आग </W><W> लगने </W></MAN_MADE_EVENT><W> की </W><W> जानकारी </W><W> होते </W><W> परिवार </W><W> के </W><W> लोग </W><W> तो </W><W> भाग </W><W> खड़े </W><W> हुए। </W><W> लेकिन </W><W> घर </W><W> में </W><W> सो </W><W> रही </W><W> ननकऊ </W><W> की </W><W> बेटी </W><W> फूलन </W><W> (7) </W><W> का </W><W> ख्याल </W><W> परिवार </W><W> के </W><W> सदस्यों </W><W> को </W><W> नहीं </W><W> रहा। </W><W> परिवारीजन </W><W> गृहस्थी </W><W> निकालने </W><W> में </W><W> जुट </W><W> गए। </W><W> इसी </W><W> दौरान </W><W> घर </W><W> में </W><W> सो </W><W> रही </W><W> फूलन </W><W> का </W><W> ख्याल </W><W> पिता </W><W> ननकऊ </W><W> व </W><W> मां </W><W> जुगरा </W><W> को </W><W> आया </W><W> तो </W><W> सभी </W><W> बिलख </W><W> पड़े।  </W></P><P><W> पिता </W><W> ने </W><W> घर </W><W> में </W><W> घुसने </W><W> की </W><W> कोशिश </W><W> की </W><W> तो </W><W> उन्हें </W><W> ग्रामीणों </W><W> ने </W><W> रोक </W><W> लिया। </W><W> इस </W><W> दौरान </W><W> गांव </W><W> के </W><W> लोग </W><MAN_MADE_EVENT ID="8" TYPE="FIRE"><W> आग </W></MAN_MADE_EVENT><W> बुझाने </W><W> में </W><W> जुटे </W><W> रहे। </W><W> तभी </W><W> लपटों </W><W> ने </W><W> पड़ोसी </W><AFTER_EFFECTS-ARG ID="31"><LINK EVENT_ARG="8" ID="53" TYPE_REL="EVENT_ARG"/><W> मेवालाल </W><W> और </W><W> राम </W><W> खेलावन </W><W> के </W><W> मकान </W><W> को </W><W> भी </W><W> आगोश </W><W> में </W><W> ले </W><W> लिया।  </W></AFTER_EFFECTS-ARG></P><P><W> इन </W><W> दोनों </W><W> के </W><W> मकान </W><W> भी </W><W> जल </W><W> गए। </W><W> सूचना </W><W> पाकर </W><W> तहसीलदार </W><W> नागेंद्र </W><W> कुमार, </W><W> रामगांव </W><W> थानाध्यक्ष </W><W> संजय </W><W> मिश्रा </W><W> मौके </W><W> पर </W><W> पहुंचे </W><W> हैं। </W><W> बालिका </W><W> के </W><W> शव </W><W> का </W><W> पंचनामा </W><W> कर </W><W> पोस्टमार्टम </W><W> के </W><W> लिए </W><W> भेजा </W><W> गया </W><W> है। </W><W> उधर </W><W> इसी </W><W> थाना </W><W> क्षेत्र </W><W> में </W><PLACE-ARG ID="20"><LINK EVENT_ARG="9" ID="55" TYPE_REL="EVENT_ARG"/><W> बेलहा-बेहरौली </W><W> तटबंध </W></PLACE-ARG><W> पर </W><W> रह </W><W> रहे </W><AFTER_EFFECTS-ARG ID="32"><LINK EVENT_ARG="9" ID="54" TYPE_REL="EVENT_ARG"/><W> गांव </W><W> निवासी </W><W> रामनरेश, </W><W> बाबू, </W><W> दीनू, </W><W> सुरेश </W><W> समेत </W><W> 19 </W><W> लोगों </W><W> के </W><W> मकान </W><W> भी </W><W> अचानक </W><W> लगी </W><MAN_MADE_EVENT ID="9" TYPE="FIRE"><W> आग </W></MAN_MADE_EVENT><W> से </W><W> जलकर </W><W> राख </W></AFTER_EFFECTS-ARG><W> हो </W><W> गए।  </W></P><P><W> झोपड़ियों </W><W> में </W><W> रह </W><W> रहे </W><W> बाढ़ </W><W> और </W><W> कटान </W><W> पीड़ितों </W><W> की </W><W> गृहस्थी </W><W> का </W><W> सामान </W><W> राख </W><W> के </W><W> ढेर </W><W> में </W><W> तब्दील </W><W> हो </W><W> गया। </W><W> पयागपुर </W><W> संवाददाता </W><W> ने </W><W> बताया </W><W> कि </W><W> थाना </W><W> क्षेत्र </W><W> के </W><PLACE-ARG ID="21"><LINK EVENT_ARG="15" ID="57" TYPE_REL="EVENT_ARG"/><W> अमदापुर </W></PLACE-ARG><W> के </W><PLACE-ARG ID="22"><LINK EVENT_ARG="15" ID="56" TYPE_REL="EVENT_ARG"/><W> अहिरनपुरवा </W></PLACE-ARG><W> में </W><W> लगी </W><MAN_MADE_EVENT ID="15" TYPE="FIRE"><W> आग </W></MAN_MADE_EVENT><W> में </W><W> गांव </W><W> निवासी </W><AFTER_EFFECTS-ARG ID="33"><LINK EVENT_ARG="15" ID="58" TYPE_REL="EVENT_ARG"/><W> मेवालाल </W><W> व </W><W> भगवानदास </W><W> के </W><W> मकान </W><W> जल </W><W> गए।  </W></AFTER_EFFECTS-ARG></P><P><W> दोनों </W><W> ग्रामीणों </W><W> के </W><CASUALTIES-ARG ID="37"><LINK EVENT_ARG="10" ID="59" TYPE_REL="EVENT_ARG"/><W> तीन </W><W> मवेशी </W><W> भी </W><W> झुलस </W><W> गए। </W></CASUALTIES-ARG><W> बरामदे </W><W> में </W><W> बंधे </W><W> मवेशियों </W><W> को </W><MAN_MADE_EVENT ID="10" TYPE="FIRE"><W> आग </W><W> की </W><W> लपटों </W></MAN_MADE_EVENT><W> से </W><W> बचाने </W><W> के </W><W> लिए </W><W> भगवानदास </W><W> का </W><W> पुत्र </W><CASUALTIES-ARG ID="36"><LINK EVENT_ARG="10" ID="60" TYPE_REL="EVENT_ARG"/><W> गुड्डू </W><W> (18) </W><W> लपटों </W><W> की </W><W> चपेट </W><W> में </W><W> आकर </W><W> झुलस </W><W> गया। </W></CASUALTIES-ARG><W> उसे </W><W> पयागपुर </W><W> सीएचसी </W><W> में </W><W> भर्ती </W><W> कराया </W><W> गया </W><W> है।  </W></P><P><W> सूचना </W><W> तहसील </W><W> को </W><W> दी </W><W> गई। </W><W> लेखपाल </W><W> श्यामबाबू </W><W> ने </W><W> पहुंचकर </W><W> रिपोर्ट </W><W> उच्चाधिकारियों </W><W> को </W><W> भेज </W><W> दिया। </W><W> वहीं </W><PLACE-ARG ID="23"><LINK EVENT_ARG="11" ID="61" TYPE_REL="EVENT_ARG"/><W> पयागपुर </W><W> गांव </W></PLACE-ARG><W> में </W><W> अज्ञात </W><W> कारणों </W><W> से </W><W> लगी </W><MAN_MADE_EVENT ID="11" TYPE="FIRE"><W> आग </W></MAN_MADE_EVENT><W> में </W><W> घनश्याम </W><W> मिश्र </W><W> के </W><CASUALTIES-ARG ID="38"><LINK EVENT_ARG="11" ID="62" TYPE_REL="EVENT_ARG"/><W> दो </W><W> मवेशियों </W><W> की </W><W> जिंदा </W><W> जलकर </W><W> मौत </W></CASUALTIES-ARG><W> हो </W><W> गई। </W><W> जबकि </W><W> पूरा </W><AFTER_EFFECTS-ARG ID="35"><LINK EVENT_ARG="11" ID="63" TYPE_REL="EVENT_ARG"/><W> मकान </W><W> राख </W></AFTER_EFFECTS-ARG><W> हो </W><W> गया। </W><W> सभी </W><W> स्थानों </W><W> पर </W><MAN_MADE_EVENT ID="24" TYPE="FIRE"><W> आग </W></MAN_MADE_EVENT><W> की </W><W> घटनाओं </W><W> से </W><AFTER_EFFECTS-ARG ID="34"><LINK EVENT_ARG="24" ID="64" TYPE_REL="EVENT_ARG"/><W> 12 </W><W> लाख </W><W> से </W><W> अधिक </W><W> का </W><W> नुकसान </W></AFTER_EFFECTS-ARG><W> हुआ </W><W> है।  </W></P></DOCUMENT>