<?xml version="1.0" encoding="UTF-8"?>
<DOCUMENT><DESC/><TIME>1087</TIME><P><W> रामनवमी </W><W> की </W><W> शोभायात्रा </W><W> में </W><MAN_MADE_EVENT ID="0" TYPE="RIOTS"><W> पथराव, </W></MAN_MADE_EVENT><MAN_MADE_EVENT ID="1" TYPE="RIOTS"><EVENT-COREF-LINK EVENT_ID="0" ID="38" TYPE_REL="EVENT_COREF"/><W> दंगे </W></MAN_MADE_EVENT><W> में </W><CASUALTIES-ARG ID="24"><LINK EVENT_ARG="1" ID="47" TYPE_REL="EVENT_ARG"/><W> अनेक </W><W> घायल </W></CASUALTIES-ARG></P><P><PLACE-ARG ID="15"><LINK EVENT_ARG="2" ID="48" TYPE_REL="EVENT_ARG"/><W> वडोदरा। </W></PLACE-ARG><W> काफी </W><W> समय </W><W> से </W><W> शांत </W><PLACE-ARG ID="16"><LINK EVENT_ARG="2" ID="49" TYPE_REL="EVENT_ARG"/><W> वडोदरा </W><W> शहर </W></PLACE-ARG><W> में </W><TIME-ARG ID="13"><LINK EVENT_ARG="2" ID="50" TYPE_REL="EVENT_ARG"/><W> रविवार </W><W> की </W><W> रात </W></TIME-ARG><W> को </W><PLACE-ARG ID="17"><LINK EVENT_ARG="2" ID="51" TYPE_REL="EVENT_ARG"/><W> हाथीखाना </W><W> इलाके </W></PLACE-ARG><W> में </W><W> अचानक </W><PARTICIPANT-ARG ID="26"><LINK EVENT_ARG="2" ID="52" TYPE_REL="EVENT_ARG"/><W> दो </W><W> गुटों </W></PARTICIPANT-ARG><W> के </W><W> बीच </W><MAN_MADE_EVENT ID="2" TYPE="RIOTS"><EVENT-COREF-LINK EVENT_ID="0" ID="39" TYPE_REL="EVENT_COREF"/><W> पत्थरबाजी </W></MAN_MADE_EVENT><W> हुई। </W><W> रामनवमी </W><W> के </W><W> दौरान </W><W> आयोजित </W><W> शोभायात्रा </W><W> के </W><W> दौरान </W><W> दोनों </W><W> गुट </W><MAN_MADE_EVENT ID="3" TYPE="RIOTS"><EVENT-COREF-LINK EVENT_ID="0" ID="40" TYPE_REL="EVENT_COREF"/><W> आमने-सामने </W><W> आ </W><W> गए। </W></MAN_MADE_EVENT><W> इससे </W><CASUALTIES-ARG ID="25"><LINK EVENT_ARG="3" ID="53" TYPE_REL="EVENT_ARG"/><W> कई </W><W> लोग </W><W> घायल </W></CASUALTIES-ARG><W> हुए। </W><MAN_MADE_EVENT ID="5" TYPE="RIOTS"><EVENT-COREF-LINK EVENT_ID="0" ID="41" TYPE_REL="EVENT_COREF"/><W> कुछ </W><W> वाहनों </W><W> पर </W><W> तोडफोड़ </W></MAN_MADE_EVENT><W> की </W><W> गई। </W><W> इसके </W><W> अलावा </W><MAN_MADE_EVENT ID="6" TYPE="RIOTS"><EVENT-COREF-LINK EVENT_ID="0" ID="42" TYPE_REL="EVENT_COREF"/><W> दो-तीन </W><W> दुकानों </W><W> के </W><W> सामान </W><W> को </W><W> बिखेर </W><W> दिया </W></MAN_MADE_EVENT><W> गया। </W><AFTER_EFFECTS-ARG ID="28"><LINK EVENT_ARG="6" ID="54" TYPE_REL="EVENT_ARG"/><W> पुलिस </W><W> ने </W><W> टीयर </W><W> गैस </W><W> के </W><W> 14 </W><W> गोले </W><W> छोड़े… </W></AFTER_EFFECTS-ARG></P><P><PARTICIPANT-ARG ID="27"><LINK EVENT_ARG="6" ID="55" TYPE_REL="EVENT_ARG"/><W> दंगाइयों </W></PARTICIPANT-ARG><W> को </W><W> काबू </W><W> में </W><W> करने </W><W> के </W><W> लिए </W><AFTER_EFFECTS-ARG ID="29"><LINK EVENT_ARG="6" ID="56" TYPE_REL="EVENT_ARG"/><W> पुलिस </W><W> ने </W><W> आंसू </W><W> गैस </W><W> के </W><W> 14 </W><W> गोले </W><W> छोड़े। </W></AFTER_EFFECTS-ARG><W> कुछ </W><W> ही </W><W> देर </W><W> में </W><AFTER_EFFECTS-ARG ID="30"><LINK EVENT_ARG="6" ID="57" TYPE_REL="EVENT_ARG"/><W> घटनास्थल </W><W> पर </W><W> पुलिस </W><W> बल </W><W> तैनात </W><W> कर </W><W> दिया </W><W> गया। </W><W> पूरा </W><W> इलाके </W><W> ने </W><W> छावनी </W><W> का </W><W> रूप </W><W> ले </W><W> लिया। </W></AFTER_EFFECTS-ARG><W> उधर </W><TIME-ARG ID="19"><LINK EVENT_ARG="7" ID="58" TYPE_REL="EVENT_ARG"/><W> रात </W></TIME-ARG><W> में </W><PLACE-ARG ID="18"><LINK EVENT_ARG="7" ID="59" TYPE_REL="EVENT_ARG"/><W> मच्छीपीठ </W><W> और </W><W> न्यायमंदिर </W><W> इलाके </W></PLACE-ARG><W> में </W><W> भी </W><W> कुछ </W><MAN_MADE_EVENT ID="7" TYPE="RIOTS"><EVENT-COREF-LINK EVENT_ID="0" ID="43" TYPE_REL="EVENT_COREF"/><W> झड़पों </W></MAN_MADE_EVENT><W> की </W><W> खबर </W><W> मिली। </W><REASON-ARG ID="37"><LINK EVENT_ARG="7" ID="60" TYPE_REL="EVENT_ARG"/><W> हालात </W><W> को </W><W> काबू </W><W> में </W><W> लाने </W></REASON-ARG><W> के </W><W> लिए </W><W> पुलिस </W><W> ने </W><PLACE-ARG ID="20"><LINK EVENT_ARG="7" ID="61" TYPE_REL="EVENT_ARG"/><W> चार </W><W> दरवाजा </W><W> इलाके </W></PLACE-ARG><W> में </W><AFTER_EFFECTS-ARG ID="31"><LINK EVENT_ARG="7" ID="62" TYPE_REL="EVENT_ARG"/><W> सघन </W><W> पेट्रोलिंग </W><W> शुरू </W></AFTER_EFFECTS-ARG><W> कर </W><W> दी </W><W> है। </W><AFTER_EFFECTS-ARG ID="32"><LINK EVENT_ARG="7" ID="63" TYPE_REL="EVENT_ARG"/><W> पुलिस </W><W> के </W><W> उच्च </W><W> अधिकारी </W><W> भी </W><W> फूट </W><W> पेट्रोलिंग </W><W> करते </W><W> हुए </W><W> दिखाई </W><W> दिए। </W></AFTER_EFFECTS-ARG></P><P><PLACE-ARG ID="21"><LINK EVENT_ARG="7" ID="64" TYPE_REL="EVENT_ARG"/><W> चांपानेर </W><W> दरवाजे </W><W> के </W><W> पास </W></PLACE-ARG><AFTER_EFFECTS-ARG ID="34"><LINK EVENT_ARG="7" ID="65" TYPE_REL="EVENT_ARG"/><W> पत्थरों </W><W> की </W><W> चादर </W><W> बिछ </W><W> गई </W></AFTER_EFFECTS-ARG></P><P><PLACE-ARG ID="22"><LINK EVENT_ARG="10" ID="66" TYPE_REL="EVENT_ARG"/><W> फतेपुरा </W><W> इलाके </W></PLACE-ARG><W> में </W><TIME-ARG ID="14"><LINK EVENT_ARG="10" ID="67" TYPE_REL="EVENT_ARG"/><W> शाम </W></TIME-ARG><W> को </W><W> रामनवमी </W><W> पर </W><W> शोभायात्रा </W><W> निकली। </W><W> इस </W><W> दौरान </W><W> अचानक </W><W> ही </W><PARTICIPANT-ARG ID="33"><LINK EVENT_ARG="10" ID="68" TYPE_REL="EVENT_ARG"/><W> दो </W><W> गुट </W></PARTICIPANT-ARG><MAN_MADE_EVENT ID="10" TYPE="RIOTS"><EVENT-COREF-LINK EVENT_ID="0" ID="44" TYPE_REL="EVENT_COREF"/><W> आमने-सामने </W><W> आ </W></MAN_MADE_EVENT><W> गए। </W><W> दोनों </W><W> के </W><W> बीच </W><MAN_MADE_EVENT ID="11" TYPE="RIOTS"><EVENT-COREF-LINK EVENT_ID="0" ID="45" TYPE_REL="EVENT_COREF"/><W> पत्थरबाजी </W></MAN_MADE_EVENT><W> शुरू </W><W> हो </W><W> गई। </W><W> अचानक </W><W> हुई </W><W> इस </W><MAN_MADE_EVENT ID="12" TYPE="RIOTS"><EVENT-COREF-LINK EVENT_ID="0" ID="46" TYPE_REL="EVENT_COREF"/><W> पत्थरबाजी </W></MAN_MADE_EVENT><W> से </W><PLACE-ARG ID="23"><LINK EVENT_ARG="12" ID="69" TYPE_REL="EVENT_ARG"/><W> चांपानेर </W><W> दरवाजे </W><W> के </W><W> पास </W></PLACE-ARG><AFTER_EFFECTS-ARG ID="35"><LINK EVENT_ARG="12" ID="70" TYPE_REL="EVENT_ARG"/><W> पत्थरों </W><W> की </W><W> चादर </W><W> बिछ </W><W> गई। </W></AFTER_EFFECTS-ARG><AFTER_EFFECTS-ARG ID="36"><LINK EVENT_ARG="12" ID="71" TYPE_REL="EVENT_ARG"/><W> कुछ </W><W> ही </W><W> देर </W><W> में </W><W> पुलिस </W><W> ने </W><W> वहां </W><W> पहुुंचकर </W><W> हालात </W><W> को </W><W> काबू </W><W> में </W><W> लिया। </W></AFTER_EFFECTS-ARG></P></DOCUMENT>