<?xml version="1.0" encoding="UTF-8"?>
<DOCUMENT><DESC/><TIME>3144</TIME><P><PLACE-ARG ID="1"><LINK EVENT_ARG="0" ID="2" TYPE_REL="EVENT_ARG"/><W> जेल </W><W> के </W><W> बाहर </W></PLACE-ARG><W> हुआ </W><MAN_MADE_EVENT ID="0" TYPE="SHOOT_OUT"><W> SHOOTOUT, </W></MAN_MADE_EVENT><W> कानों </W><W> ने </W><W> गूंजती </W><W> रही </W><W> गोलियों </W><W> की </W><W> तड़तड़ाहट </W></P><P><PLACE-ARG ID="3"><LINK EVENT_ARG="7" ID="15" TYPE_REL="EVENT_ARG"/><W> सोनीपत. </W></PLACE-ARG><PLACE-ARG ID="4"><LINK EVENT_ARG="7" ID="16" TYPE_REL="EVENT_ARG"/><W> सोनीपत </W><W> जिला </W><W> कारागार </W><W> के </W><W> मुख्य </W><W> गेट </W><W> के </W><W> सामने </W></PLACE-ARG><PLACE-ARG ID="5"><LINK EVENT_ARG="7" ID="17" TYPE_REL="EVENT_ARG"/><W> खरखौदा </W></PLACE-ARG><W> के </W><CASUALTIES-ARG ID="8"><LINK EVENT_ARG="7" ID="18" TYPE_REL="EVENT_ARG"/><W> एक </W><W> युवक </W></CASUALTIES-ARG><W> की </W><W> घात </W><W> लगाए </W><W> बैठे </W><PARTICIPANT-ARG ID="6"><LINK EVENT_ARG="7" ID="19" TYPE_REL="EVENT_ARG"/><W> हथियार </W><W> बंद </W><W> तीन </W><W> युवकों </W></PARTICIPANT-ARG><W> ने </W><MAN_MADE_EVENT ID="7" TYPE="SHOOT_OUT"><EVENT-COREF-LINK EVENT_ID="0" ID="13" TYPE_REL="EVENT_COREF"/><W> गोली </W><W> मारकर </W></MAN_MADE_EVENT><W> हत्या </W><W> कर </W><W> दी। </W><W> मृतक </W><PLACE-ARG ID="9"><LINK EVENT_ARG="7" ID="20" TYPE_REL="EVENT_ARG"/><W> जेल </W></PLACE-ARG><W> में </W><W> अपनी </W><W> बुआ </W><W> के </W><W> लड़के </W><W> से </W><W> मिलने </W><W> के </W><W> लिए </W><W> आया </W><W> था। </W><AFTER_EFFECTS-ARG ID="10"><LINK EVENT_ARG="7" ID="21" TYPE_REL="EVENT_ARG"/><W> सिक्योरिटी </W><W> शाखा </W><W> के </W><W> एक </W><W> एसए </W><W> व </W><W> पुलिस </W><W> पीसीआर </W><W> पर </W><W> तैनात </W><W> जवानों </W><W> ने </W><W> दो </W><W> हमलावरों </W><W> को </W><W> मौके </W><W> पर </W><W> ही </W><W> दबोच </W><W> लिया, </W><W> जबकि </W><W> 1 </W><W> फरार </W><W> हो </W><W> गया। </W></AFTER_EFFECTS-ARG><W> घटना </W><W> स्थल </W><W> से </W><W> पुलिस </W><W> ने </W><MAN_MADE_EVENT ID="11" TYPE="SHOOT_OUT"><EVENT-COREF-LINK EVENT_ID="0" ID="14" TYPE_REL="EVENT_COREF"/><W> वारदात </W></MAN_MADE_EVENT><W> में </W><W> इस्तेमाल </W><AFTER_EFFECTS-ARG ID="12"><LINK EVENT_ARG="11" ID="22" TYPE_REL="EVENT_ARG"/><W> एक </W><W> नाइन </W><W> एमएम </W><W> की </W><W> पिस्टल </W><W> व </W><W> दो </W><W> देशी </W><W> पिस्तौल </W><W> बरामद </W><W> किए </W><W> हैं। </W></AFTER_EFFECTS-ARG></P><P><MAN_MADE_EVENT ID="23" TYPE="SHOOT_OUT"><EVENT-COREF-LINK EVENT_ID="0" ID="29" TYPE_REL="EVENT_COREF"/><W> वारदात </W></MAN_MADE_EVENT><W> के </W><W> बाद </W><AFTER_EFFECTS-ARG ID="24"><LINK EVENT_ARG="23" ID="30" TYPE_REL="EVENT_ARG"/><W> मौके </W><W> पर </W><W> पुलिस </W><W> अधीक्षक </W><W> अरुण </W><W> सिंह, </W><W> डीएसपी </W><W> दर्शनलाल, </W><W> डीएसपी </W><W> अजीत, </W><W> डीएसपी </W><W> वीरेंद्र </W><W> व </W><W> सभी </W><W> थानों </W><W> के </W><W> प्रभारी </W><W> पहुंचे </W><W> और </W><W> घटना </W><W> स्थल </W><W> का </W><W> से </W><W> निरीक्षण </W><W> किया। </W></AFTER_EFFECTS-ARG><AFTER_EFFECTS-ARG ID="25"><LINK EVENT_ARG="23" ID="31" TYPE_REL="EVENT_ARG"/><W> पुलिस </W><W> ने </W><W> मृतक </W><W> के </W><W> पिता </W><W> हरिकिशन </W><W> की </W><W> शिकायत </W><W> पर </W><W> तीन </W><W> युवकों </W><W> पर </W><W> हत्या </W><W> व </W><W> तीन </W><W> पर </W><W> हत्या </W><W> की </W><W> साजिश </W><W> का </W><W> मामला </W><W> दर्ज </W><W> किया </W><W> है। </W></AFTER_EFFECTS-ARG><W> राजीव </W><W> (32) </W><W> पुत्र </W><W> हरिकिशन </W><W> निवासी </W><PLACE-ARG ID="26"><LINK EVENT_ARG="23" ID="32" TYPE_REL="EVENT_ARG"/><W> शास्त्री </W><W> नगर </W><W> खरखौदा </W><W> सोनीपत </W></PLACE-ARG><W> का </W><W> रहने </W><W> वाला </W><W> था। </W><W> राजीव </W><TIME-ARG ID="27"><LINK EVENT_ARG="23" ID="33" TYPE_REL="EVENT_ARG"/><W> सोमवार </W><W> को </W><W> साढ़े </W><W> 10 </W><W> बजे </W></TIME-ARG><W> अपने </W><W> परिचित </W><W> राजवीर </W><W> पुत्र </W><W> रामेश्वर </W><W> व </W><W> सूरजभान </W><W> के </W><W> साथ </W><PLACE-ARG ID="28"><LINK EVENT_ARG="23" ID="34" TYPE_REL="EVENT_ARG"/><W> सोनीपत </W><W> जिला </W><W> कारागार </W></PLACE-ARG><W> में </W><W> गुरदीप </W><W> निवासी </W><W> खानपुर </W><W> की </W><W> हत्या </W><W> करने </W><W> के </W><W> मामले </W><W> में </W><W> बंद </W><W> मौसी </W><W> के </W><W> लड़के </W><W> राहुल </W><W> से </W><W> मिलने </W><W> आया </W><W> था। </W></P><P><W> मिलने </W><W> के </W><W> बाद </W><W> जब </W><W> वह </W><TIME-ARG ID="35"><LINK EVENT_ARG="23" ID="69" TYPE_REL="EVENT_ARG"/><W> 11 </W><W> बजे </W></TIME-ARG><W> वापस </W><PLACE-ARG ID="36"><LINK EVENT_ARG="23" ID="70" TYPE_REL="EVENT_ARG"/><W> घर </W></PLACE-ARG><W> के </W><W> लिए </W><PLACE-ARG ID="37"><LINK EVENT_ARG="23" ID="71" TYPE_REL="EVENT_ARG"/><W> जिला </W><W> कारागार </W></PLACE-ARG><W> से </W><W> चला </W><W> तो </W><PLACE-ARG ID="38"><LINK EVENT_ARG="23" ID="72" TYPE_REL="EVENT_ARG"/><W> कारागार </W><W> के </W><W> मुख्य </W><W> गेट </W><W> के </W><W> पास </W></PLACE-ARG><W> कार </W><W> सवार </W><W> सिक्योरिटी </W><W> शाखा </W><W> के </W><W> एसए </W><W> कुलदीप </W><W> ने </W><W> उसे </W><W> सड़क </W><W> की </W><W> साइड </W><W> में </W><W> चलने </W><W> को </W><W> कहा। </W><W> जैसे </W><W> ही </W><W> राजीव </W><W> मुख्य </W><W> गेट </W><W> के </W><W> पास </W><W> साइड </W><W> में </W><W> हुआ, </W><W> इतने </W><W> में </W><W> घातक </W><W> लगाए </W><W> बैठे </W><W> तीन </W><W> बदमाशों </W><W> ने </W><W> उस </W><W> पर </W><W> ताबड़तोड़ </W><MAN_MADE_EVENT ID="39" TYPE="SHOOT_OUT"><EVENT-COREF-LINK EVENT_ID="0" ID="64" TYPE_REL="EVENT_COREF"/><W> फायरिंग </W></MAN_MADE_EVENT><W> शुरू </W><W> कर </W><W> दी। </W><MAN_MADE_EVENT ID="40" TYPE="SHOOT_OUT"><EVENT-COREF-LINK EVENT_ID="0" ID="65" TYPE_REL="EVENT_COREF"/><W> फायरिंग </W></MAN_MADE_EVENT><W> की </W><W> आवाज </W><W> सुनकर </W><W> पुलिस </W><W> ने </W><W> भी </W><W> बदमाशों </W><W> को </W><W> रोकने </W><W> के </W><W> इरादे </W><W> से </W><MAN_MADE_EVENT ID="75" TYPE="SHOOT_OUT"><W> हवाई </W><W> फायरिंग </W></MAN_MADE_EVENT><W> की। </W><CASUALTIES-ARG ID="42"><LINK EVENT_ARG="40" ID="73" TYPE_REL="EVENT_ARG"/><W> राजीव </W></CASUALTIES-ARG><W> को </W><W> करीब </W><W> 6 </W><W> गोलियां </W><W> लगी। </W><W> जिससे </W><W> उसकी </W><CASUALTIES-ARG ID="43"><LINK EVENT_ARG="40" ID="74" TYPE_REL="EVENT_ARG"/><W> मौके </W><W> पर </W><W> ही </W><W> मौत </W></CASUALTIES-ARG><W> हो </W><W> गई। </W><W> करीब </W><W> दस </W><W> मिनट </W><W> तक </W><W> गोलियों </W><W> की </W><W> तड़तड़ाहट </W><W> जेल </W><W> के </W><W> बाहर </W><W> गूंजती </W><W> रही। </W><W> मौके </W><W> पर </W><W> मौजूद </W><W> लोगों </W><W> ने </W><W> इधर-उधर </W><W> भागना </W><W> शुरू </W><W> कर </W><W> दिया। </W></P><P><MAN_MADE_EVENT ID="44" TYPE="SHOOT_OUT"><EVENT-COREF-LINK EVENT_ID="0" ID="67" TYPE_REL="EVENT_COREF"/><W> वारदात </W></MAN_MADE_EVENT><W> को </W><W> देख </W><W> सिक्योरिटी </W><W> शाखा </W><W> के </W><W> एएसआई </W><W> कुलदीप </W><W> ने </W><W> हमलावरों </W><W> का </W><W> पीछा </W><W> किया। </W><PLACE-ARG ID="45"><LINK EVENT_ARG="44" ID="76" TYPE_REL="EVENT_ARG"/><W> हनुमान </W><W> मंदिर </W><W> के </W><W> सामने </W></PLACE-ARG><W> खड़ी </W><W> पीसीआर </W><W> पर </W><W> तैनात </W><W> अजीत </W><W> व </W><W> उसके </W><W> साथी </W><W> अलर्ट </W><W> हो </W><W> गए </W><W> और </W><W> उन्होंने </W><PARTICIPANT-ARG ID="46"><LINK EVENT_ARG="44" ID="77" TYPE_REL="EVENT_ARG"/><W> हमलावरों </W></PARTICIPANT-ARG><W> को </W><W> घेर </W><W> लिया। </W><W> दोनों </W><W> आरोपियों </W><W> की </W><W> पहचान </W><PARTICIPANT-ARG ID="47"><LINK EVENT_ARG="44" ID="78" TYPE_REL="EVENT_ARG"/><W> पवन </W><W> पुत्र </W><W> सहदेव </W><W> व </W><W> सुमीत </W><W> उर्फ </W><W> लीलू </W><W> निवासी </W><W> भैंसवाल </W><W> कलां </W></PARTICIPANT-ARG><W> के </W><W> रूप </W><W> में </W><W> हुई </W><W> है। </W></P><P><W> सीसीटीवी </W><W> कैमरे </W><W> की </W><W> कमी </W><W> खली </W><W> जेल </W><W> के </W><W> मुख्य </W><W> द्वार </W><W> पर: </W><PLACE-ARG ID="48"><LINK EVENT_ARG="44" ID="79" TYPE_REL="EVENT_ARG"/><W> जेल </W><W> के </W><W> मुख्य </W><W> द्वार </W></PLACE-ARG><W> पर </W><TIME-ARG ID="49"><LINK EVENT_ARG="44" ID="80" TYPE_REL="EVENT_ARG"/><W> सोमवार </W></TIME-ARG><W> को </W></P><P><W> की </W><W> गई </W><W> हत्या </W><W> के </W><W> मामले </W><W> सीसीटीवी </W><W> कैमरे </W><W> की </W><W> कमी </W><W> खली। </W><PLACE-ARG ID="50"><LINK EVENT_ARG="44" ID="81" TYPE_REL="EVENT_ARG"/><W> मुख्य </W><W> द्वार </W></PLACE-ARG><W> पर </W><W> कैमरे </W><W> न </W><W> होने </W><W> से </W><W> हर </W><W> साक्ष्य </W><W> के </W><W> लिए </W><W> पुलिस </W><W> को </W><W> करीब </W><W> डेढ़ </W><W> घंटा </W><W> सर्च </W><W> अभियान </W><W> चलाना </W><W> पड़ा। </W></P><P><TIME-ARG ID="51"><LINK EVENT_ARG="84" ID="85" TYPE_REL="EVENT_ARG"/><W> 12 </W><W> जनवरी </W></TIME-ARG><W> को </W><W> शुरू </W><W> हुई </W><W> थी </W><W> दोनों </W><W> गुटों </W><W> में </W><W> रंजिश </W><W> की </W><W> शुरुआत </W></P><P><W> नों </W><W> गुटों </W><W> में </W><W> रंजिश </W><TIME-ARG ID="52"><LINK EVENT_ARG="84" ID="86" TYPE_REL="EVENT_ARG"/><W> 12 </W><W> जनवरी </W><W> 2014 </W></TIME-ARG><W> को </W><W> शुरू </W><W> हुई </W><W> थी। </W><W> गुरदीप </W><W> निवासी </W><PLACE-ARG ID="53"><LINK EVENT_ARG="84" ID="87" TYPE_REL="EVENT_ARG"/><W> खानपुर, </W></PLACE-ARG><W> नवीन </W><W> व </W><W> प्रवीण </W><W> निवासी </W><PLACE-ARG ID="55"><LINK EVENT_ARG="84" ID="88" TYPE_REL="EVENT_ARG"/><W> भैंसवाल </W></PLACE-ARG><W> के </W><W> साथ </W><W> किसी </W><W> काम </W><W> से </W><PLACE-ARG ID="54"><LINK EVENT_ARG="84" ID="89" TYPE_REL="EVENT_ARG"/><W> खरखौदा </W></PLACE-ARG><W> आया </W><W> था। </W><PLACE-ARG ID="56"><LINK EVENT_ARG="84" ID="90" TYPE_REL="EVENT_ARG"/><W> खरखौदा </W><W> में </W><W> गली </W></PLACE-ARG><W> में </W><W> कार </W><W> को </W><W> साइड </W><W> देने </W><W> पर </W><W> गुरदीप </W><W> का </W><W> राहुल </W><W> निवासी </W><PLACE-ARG ID="57"><LINK EVENT_ARG="84" ID="91" TYPE_REL="EVENT_ARG"/><W> खरखौदा </W></PLACE-ARG><W> से </W><W> झगड़ा </W><W> हो </W><W> गया। </W><W> इसी </W><W> दौरान </W><W> राहुल </W><W> निवासी </W><PLACE-ARG ID="58"><W> खरखौदा </W></PLACE-ARG><W> ने </W><W> गुरदीप </W><W> की </W><W> अपनी </W><W> लाइसेंसी </W><W> पिस्तौल </W><W> से </W><MAN_MADE_EVENT ID="84" TYPE="SHOOT_OUT"><W> गोली </W><W> मारकर </W></MAN_MADE_EVENT><W> हत्या </W><W> कर </W><W> दी </W><W> थी। </W><W> पुलिस </W><W> ने </W><MAN_MADE_EVENT ID="60" TYPE="SHOOT_OUT"><EVENT-COREF-LINK EVENT_ID="84" ID="92" TYPE_REL="EVENT_COREF"/><W> घटना </W></MAN_MADE_EVENT><W> के </W><W> बाद </W><AFTER_EFFECTS-ARG ID="61"><LINK EVENT_ARG="60" ID="93" TYPE_REL="EVENT_ARG"/><W> राहुल </W><W> को </W><W> गिरफ्तार </W><W> कर </W><W> लिया </W><W> था। </W></AFTER_EFFECTS-ARG><W> ऐसे </W><W> में </W><W> अब </W><W> गुरदीप </W><W> की </W><W> मौसी </W><W> का </W><W> लड़का </W><W> पंकज </W><W> उर्फ </W><W> पिंकू </W><W> निवासी </W><W> भैंसवाल </W><W> राहुल </W><W> से </W><W> गुरदीप </W><W> की </W><W> हत्या </W><W> का </W><W> बदला </W><W> लेना </W><W> चाहता </W><W> था। </W></P><P><W> आगे </W><W> की </W><W> स्लाइड </W><W> में </W><W> देखिए </W><W> जेल </W><W> के </W><W> बाहर </W><W> हुई </W><MAN_MADE_EVENT ID="62" TYPE="SHOOT_OUT"><EVENT-COREF-LINK EVENT_ID="0" ID="63" TYPE_REL="EVENT_COREF"/><W> घटना </W></MAN_MADE_EVENT><W> की </W><W> तस्वीरें। </W></P></DOCUMENT>