<?xml version="1.0" encoding="UTF-8"?>
<DOCUMENT><P><W> जेएनएन, </W><W> हिसार। </W><PLACE-ARG ID="1"><LINK EVENT_ARG="0" ID="38" TYPE_REL="EVENT_ARG"/><W> बरवाला </W></PLACE-ARG><W> के </W><W> पास </W><W> स्थित </W><PLACE-ARG ID="2"><LINK EVENT_ARG="0" ID="37" TYPE_REL="EVENT_ARG"/><W> खेदड़ </W><W> पॉवर </W><W> प्लांट </W></PLACE-ARG><W> में </W><TIME-ARG ID="4"><LINK EVENT_ARG="0" ID="36" TYPE_REL="EVENT_ARG"/><W> मंगलवार </W></TIME-ARG><W> को </W><W> बड़ा </W><MAN_MADE_EVENT ID="0" TYPE="INDUSTRIAL_ACCIDENT"><W> हादसा </W></MAN_MADE_EVENT><W> हो </W><W> गया। </W><W> इससे </W><PLACE-ARG ID="3"><LINK EVENT_ARG="0" ID="40" TYPE_REL="EVENT_ARG"/><W> प्लांट </W></PLACE-ARG><W> में </W><W> काम </W><W> कर </W><W> रहे </W><CASUALTIES-ARG ID="5"><LINK EVENT_ARG="0" ID="39" TYPE_REL="EVENT_ARG"/><W> छह </W><W> श्रमिक </W><W> गंभीर </W><W> रूप </W><W> से </W><W> झुलस </W><W> गए। </W></CASUALTIES-ARG><W> सभी </W><W> घायलों </W><W> को </W><W> हिसार </W><W> के </W><W> निजी </W><W> अस्पताल </W><W> में </W><W> भर्ती </W><W> करवाया </W><W> गया। </W><W> जानकारी </W><W> के </W><W> मुताबिक </W><REASON-ARG ID="6"><LINK EVENT_ARG="0" ID="41" TYPE_REL="EVENT_ARG"/><W> प्लांट </W><W> में </W><W> बॉयलर </W><W> का </W><W> क्लिंकर </W><W> फटने </W><W> के </W><W> बाद </W><W> गिर </W><W> गया। </W></REASON-ARG><W> इस </W><W> क्लिंकर </W><W> में </W><W> गर्म </W><W> राख </W><W> और </W><W> जलते </W><W> हुए </W><W> कोयले </W><W> के </W><W> कण </W><W> होते </W><W> हैं। </W></P><P><MAN_MADE_EVENT ID="65" TYPE="INDUSTRIAL_ACCIDENT"><EVENT-COREF-LINK EVENT_ID="0" ID="67" TYPE_REL="EVENT_COREF"/><W> हादसा </W></MAN_MADE_EVENT><W> करीब </W><TIME-ARG ID="7"><LINK EVENT_ARG="9" ID="43" TYPE_REL="EVENT_ARG"/><W> दोपहर </W></TIME-ARG><W> के </W><TIME-ARG ID="8"><LINK EVENT_ARG="9" ID="42" TYPE_REL="EVENT_ARG"/><W> तीन </W><W> बजे </W></TIME-ARG><W> हुआ। </W><MAN_MADE_EVENT ID="9" TYPE="INDUSTRIAL_ACCIDENT"><EVENT-COREF-LINK EVENT_ID="0" ID="57" TYPE_REL="EVENT_COREF"/><W> हादसे </W></MAN_MADE_EVENT><W> में </W><W> झुलसने </W><W> वाले </W><W> श्रमिकों </W><W> की </W><W> पहचान </W><PARTICIPANT-ARG ID="34"><LINK EVENT_ARG="9" ID="44" TYPE_REL="EVENT_ARG"/><W> विक्रम, </W><W> अमित, </W><W> सतबीर, </W><W> जगदीप </W><W> सभी </W><W> खेदड़ </W><W> निवासी </W><W> और </W><W> मनोज </W><W> पाबड़ा </W><W> और </W><W> छोटेलाल </W></PARTICIPANT-ARG><W> के </W><W> तौर </W><W> पर </W><W> हुई </W><W> है। </W><W> बताया </W><W> जाता </W><W> है </W><W> कि </W><W> श्रमिक </W><W> उस </W><W> समय </W><W> अंदर </W><W> पानी </W><W> की </W><W> लीकेज </W><W> को </W><W> ठीक </W><W> करने </W><W> गए </W><W> थे </W><W> कि </W><W> ऊपर </W><W> से </W><REASON-ARG ID="45"><LINK EVENT_ARG="10" ID="46" TYPE_REL="EVENT_ARG"/><W> यह </W><W> क्लिंकर </W><W> गिर </W><W> गया। </W></REASON-ARG><MAN_MADE_EVENT ID="10" TYPE="INDUSTRIAL_ACCIDENT"><EVENT-COREF-LINK EVENT_ID="0" ID="58" TYPE_REL="EVENT_COREF"/><W> हादसे </W></MAN_MADE_EVENT><W> के </W><W> बाद </W><W> तुरंत </W><W> श्रमिकों </W><W> को </W><W> वहां </W><W> से </W><W> निकाल </W><W> कर </W><W> हिसार </W><W> के </W><W> शहर </W><W> के </W><W> निजी </W><W> अस्पताल </W><W> में </W><W> भेजा </W><W> गया। </W></P><P><PLACE-ARG ID="11"><LINK EVENT_ARG="15" ID="47" TYPE_REL="EVENT_ARG"/><W> खेद़ड़ </W><W> पॉवर </W><W> प्‍लांट </W></PLACE-ARG><W> में </W><MAN_MADE_EVENT ID="15" TYPE="INDUSTRIAL_ACCIDENT"><EVENT-COREF-LINK EVENT_ID="0" ID="59" TYPE_REL="EVENT_COREF"/><W> फटने </W><W> के </W><W> बाद </W><W> गिरा </W><W> बॉयलर </W><W> का </W><W> क्लिंकर। </W></MAN_MADE_EVENT></P><P><W> जानकारी </W><W> के </W><W> अनुसार </W><W> यूनिट </W><W> नंबर </W><W> एक </W><W> को </W><W> रात </W><W> 12 </W><W> बजे </W><W> नो </W><W> डिमांड </W><W> के </W><W> चलते </W><W> बंद </W><W> कर </W><W> दिया </W><W> गया </W><W> था। </W><W> यूनिट  </W><W> बंद </W><W> होने </W><W> के </W><W> बाद </W><REASON-ARG ID="12"><LINK EVENT_ARG="14" ID="49" TYPE_REL="EVENT_ARG"/><W> बोटल </W><W> सील </W><W> ट्रफ </W><W> में </W><W> लीकेज </W><W> की </W><W> शिकायत </W><W> मिली </W></REASON-ARG><W> थी। </W><W> श्रमिक </W><W> उस </W><W> लीकेज </W><W> को </W><W> ठीक </W><W> कर </W><W> रहे </W><W> थे </W><W> तो </W><W> इसी </W><W> दौरान </W><W> ऊपर </W><W> से </W><MAN_MADE_EVENT ID="14" TYPE="INDUSTRIAL_ACCIDENT"><EVENT-COREF-LINK EVENT_ID="0" ID="60" TYPE_REL="EVENT_COREF"/><W> क्लिंकर </W><W> आकर </W><W> गिरा। </W></MAN_MADE_EVENT><W> उसके </W><W> नीचे </W><CASUALTIES-ARG ID="13"><LINK EVENT_ARG="14" ID="48" TYPE_REL="EVENT_ARG"/><W> छह </W><W> श्रमिक </W><W> दब </W><W> गए।  </W></CASUALTIES-ARG><W> उनको </W><W> वहां </W><W> से </W><W> निकाल </W><W> कर </W><W> एंबुलेंस </W><W> से </W><W> निजी </W><W> अस्पताल </W><W> में </W><W> भर्ती </W><W> करवाया </W><W> गया। </W></P><P><W> प्लांट </W><W> के </W><W> एसई </W><W> मोहम्मत </W><W> इकबाल </W><W> ने </W><W> बताया </W><W> कि </W><W> यूनिट </W><W> के </W><W> बंद </W><W> होने </W><W> के </W><W> कारण </W><W> सुबह </W><W> इनको </W><W> लीकेज </W><W> ठीक </W><W> करने </W><W> के </W><W> लिए </W><W> भेजा </W><W> गया </W><W> था। </W><MAN_MADE_EVENT ID="16" TYPE="INDUSTRIAL_ACCIDENT"><EVENT-COREF-LINK EVENT_ID="0" ID="61" TYPE_REL="EVENT_COREF"/><W> हादसे </W></MAN_MADE_EVENT><W> की </W><W> सूचना </W><W> मिलने </W><W> के </W><W> बाद </W><W> डीएसपी </W><W> बरवाला </W><W> जयपाल </W><W> सिंह, </W><W> इंस्पेक्टर </W><W> देवेंद्र </W><W> सिंह </W><W> आदि </W><W> अधिकारी </W><W> मौके </W><W> पर </W><W> पहुंचे। </W><W> उधर </W><W> कर्मचारियों </W><W> का </W><W> आरोप </W><W> है </W><W> कि </W><MAN_MADE_EVENT ID="17" TYPE="INDUSTRIAL_ACCIDENT"><EVENT-COREF-LINK EVENT_ID="0" ID="62" TYPE_REL="EVENT_COREF"/><W> हादसा </W></MAN_MADE_EVENT><W> लापरवाही </W><W> के </W><W> कारण </W><W> हुआ </W><W> है। </W><W> उन्‍होंने </W><MAN_MADE_EVENT ID="18" TYPE="INDUSTRIAL_ACCIDENT"><EVENT-COREF-LINK EVENT_ID="0" ID="63" TYPE_REL="EVENT_COREF"/><W> हादसे </W></MAN_MADE_EVENT><W> के </W><W> विरोध </W><W> में </W><W> प्रदर्शन </W><W> किया। </W></P><P><MAN_MADE_EVENT ID="19" TYPE="INDUSTRIAL_ACCIDENT"><W> हादसे </W></MAN_MADE_EVENT><W> के </W><W> बाद </W><W> जांच </W><W> करते </W><W> अधिकारी। </W></P><P><W> कर्मचारियों </W><W> का </W><W> कहना </W><W> है </W><W> कि </W><W> यूनिट </W><W> को </W><W> बंद </W><W> करने </W><W> के </W><W> बाद </W><W> ईंधन </W><W> गर्म </W><W> होने </W><W> की </W><W> स्थिति </W><W> में </W><W> अगले </W><W> 48 </W><W> घंटे </W><W> तक </W><W> यूनिट </W><W> के </W><W> अंदर </W><W> नहीं </W><W> जाना </W><W> होता, </W><W> लेकिन </W><TIME-ARG ID="25"><LINK EVENT_ARG="20" ID="50" TYPE_REL="EVENT_ARG"/><W> मंगलवार </W></TIME-ARG><W> की </W><TIME-ARG ID="26"><LINK EVENT_ARG="20" ID="51" TYPE_REL="EVENT_ARG"/><W> दोपहर </W></TIME-ARG><W> ही </W><W> एक </W><W> अधिकारी </W><W> के </W><W> कहने </W><W> पर </W><W> श्रमिकों </W><W> को </W><W> बॉटम </W><W> एस </W><W> की </W><W> सफाई </W><W> के </W><W> लिए </W><W> यूनिट </W><W> एक </W><W> के </W><W> अंदर </W><W> भेज </W><W> दिया </W><W> गया। </W><W> कर्मचारियों </W><W> का </W><W> आरोप </W><W> है </W><W> कि </W><MAN_MADE_EVENT ID="20" TYPE="INDUSTRIAL_ACCIDENT"><EVENT-COREF-LINK EVENT_ID="19" ID="64" TYPE_REL="EVENT_COREF"/><W> हादसे </W></MAN_MADE_EVENT><W> के </W><W> बाद </W><CASUALTIES-ARG ID="30"><LINK EVENT_ARG="20" ID="52" TYPE_REL="EVENT_ARG"/><W> झुलसे </W><W> कर्मियों </W></CASUALTIES-ARG><W> को </W><W> प्राथमिक </W><W> उपचार </W><W> सहायता </W><W> भी </W><W> नहीं </W><W> जा </W><W> सकी, </W><W> क्योंकि </W><W> प्लांट </W><W> में </W><W> इसके </W><W> लिए </W><W> सामान </W><W> ही </W><W> उपलब्ध </W><W> नहीं </W><W> था। </W></P><P><W> बता </W><W> दें, </W><PLACE-ARG ID="27"><LINK EVENT_ARG="21" ID="53" TYPE_REL="EVENT_ARG"/><W> खेदड़ </W><W> पॉवर </W><W> प्लांट </W></PLACE-ARG><W> में </W><W> पहले </W><W> भी </W><W> कई </W><W> बड़े </W><MAN_MADE_EVENT ID="21" TYPE="INDUSTRIAL_ACCIDENT"><W> हादसे </W></MAN_MADE_EVENT><W> हो </W><W> चुके </W><W> हैं। </W><MAN_MADE_EVENT ID="22" TYPE="INDUSTRIAL_ACCIDENT"><W> लोहे </W><W> की </W><W> प्लेट </W><W> गिरने </W></MAN_MADE_EVENT><W> से </W><CASUALTIES-ARG ID="31"><LINK EVENT_ARG="22" ID="54" TYPE_REL="EVENT_ARG"/><W> एक </W><W> कर्मचारी </W><W> की </W><W> मौत </W></CASUALTIES-ARG><W> हो </W><W> चुकी </W><W> है। </W><W> तो </W><W> वहीं </W><W> एक </W><W> बार </W><W> चिमनी </W><W> का </W><W> गिरने </W><W> से </W><CASUALTIES-ARG ID="32"><LINK EVENT_ARG="21" ID="56" TYPE_REL="EVENT_ARG"/><W> कई </W><W> श्रमिक </W><W> शिकार </W><W> हो </W><W> चुके </W><W> हैं। </W></CASUALTIES-ARG><W> अब </W><W> एक </W><W> फिर </W><W> से </W><MAN_MADE_EVENT ID="24" TYPE="INDUSTRIAL_ACCIDENT"><W> बड़ा </W><W> हादसा </W></MAN_MADE_EVENT><PLACE-ARG ID="29"><LINK EVENT_ARG="24" ID="55" TYPE_REL="EVENT_ARG"/><W> प्लांट </W></PLACE-ARG><W> में </W><W> हुआ </W><W> है। </W></P></DOCUMENT>