<?xml version="1.0" encoding="UTF-8"?>
<DOCUMENT><P><W> जागरण </W><W> संवाददाता, </W><W> फतेहाबाद </W><W> : </W><PLACE-ARG ID="2"><LINK EVENT_ARG="0" ID="9" TYPE_REL="EVENT_ARG"/><W> गांव </W><W> अयाल्की </W><W> के </W><W> पास </W></PLACE-ARG><TIME-ARG ID="1"><LINK EVENT_ARG="0" ID="10" TYPE_REL="EVENT_ARG"/><W> शनिवार </W><W> देर </W><W> रात </W></TIME-ARG><W> को </W><MAN_MADE_EVENT ID="0" TYPE="TRANSPORT_HAZARDS"><W> सड़क </W><W> हादसा </W></MAN_MADE_EVENT><W> हो </W><W> गया। </W><W> जिसमें </W><W> अलीकां </W><W> निवासी </W><CASUALTIES-ARG ID="3"><LINK EVENT_ARG="0" ID="11" TYPE_REL="EVENT_ARG"/><W> दर्शन </W><W> ¨सह </W></CASUALTIES-ARG><W> की </W><W> मौत </W><W> हो </W><W> गई। </W><W> दर्शन </W><W> ¨सह </W><W> तूड़े </W><W> की </W><W> ट्राली </W><W> की </W><W> पल्ली </W><W> बांधने </W><W> के </W><W> लिए </W><W> नीचे </W><W> उतरा </W><W> था </W><W> और </W><W> पास </W><W> से </W><W> गुजर </W><W> रहे </W><REASON-ARG ID="4"><LINK EVENT_ARG="0" ID="12" TYPE_REL="EVENT_ARG"/><W> अज्ञात </W><W> वाहन </W><W> ने </W><W> टक्कर </W><W> मार </W></REASON-ARG><W> दी। </W><W> सूचना </W><W> मिलने </W><W> पर </W><W> सदर </W><W> पुलिस </W><W> ने </W><W> शव </W><W> को </W><W> कब्जे </W><W> में </W><W> ले </W><W> लिया </W><W> और </W><W> पोस्टमार्टम </W><W> के </W><W> बाद </W><W> परिवार </W><W> को </W><W> सौंप </W><W> दिया </W><W> है। </W></P><P><W> मामले </W><W> के </W><W> अनुसार </W><W> अलीकां </W><W> निवासी </W><W> दर्शन </W><W> ¨सह </W><W> ट्रैक्टर-ट्रॉली </W><W> में </W><W> तूड़ी </W><W> लेकर </W><W> फतेहाबाद </W><W> की </W><W> तरफ </W><W> आ </W><W> रहे </W><W> थे। </W><W> गांव </W><W> अयाल्की </W><W> के </W><W> पास </W><W> पल्ली </W><W> खुल </W><W> गई। </W><W> इसे </W><W> बांधने </W><W> के </W><W> लिए </W><W> दर्शन </W><W> ¨सह </W><W> नीचे </W><W> उतरा </W><W> तो </W><W> रतिया </W><W> की </W><W> तरफ </W><W> से </W><W> आ </W><W> रहे </W><W> अज्ञात </W><W> वाहन </W><W> ने </W><W> टक्कर </W><W> मार </W><W> दी। </W><MAN_MADE_EVENT ID="7" TYPE="TRANSPORT_HAZARDS"><EVENT-COREF-LINK EVENT_ID="0" ID="8" TYPE_REL="EVENT_COREF"/><W> घटना </W></MAN_MADE_EVENT><W> के </W><W> बाद </W><W> राहगीरों </W><W> ने </W><W> घायल </W><W> दर्शन </W><W> ¨सह </W><W> को </W><W> फतेहाबाद </W><W> के </W><AFTER_EFFECTS-ARG ID="5"><LINK EVENT_ARG="7" ID="13" TYPE_REL="EVENT_ARG"/><W> सिविल </W><W> अस्पताल </W><W> में </W><W> दाखिल </W></AFTER_EFFECTS-ARG><W> करवाया। </W><W> यहां </W><W> से </W><W> प्राथमिक </W><W> उपचार </W><W> के </W><W> बाद </W><W> अग्रोहा </W><W> मेडिकल </W><W> रेफर </W><W> कर </W><W> दिया </W><W> गया। </W><W> अग्रोहा </W><W> में </W><AFTER_EFFECTS-ARG ID="6"><LINK EVENT_ARG="7" ID="14" TYPE_REL="EVENT_ARG"/><W> उपचार </W><W> के </W><W> दौरान </W><W> दर्शन </W><W> ¨सह </W><W> की </W><W> मौत </W></AFTER_EFFECTS-ARG><W> हो </W><W> गई। </W></P></DOCUMENT>