<?xml version="1.0" encoding="UTF-8"?>
<DOCUMENT><DESC/><TIME>508</TIME><P><PLACE-ARG ID="0"><LINK EVENT_ARG="1" ID="3" TYPE_REL="EVENT_ARG"/><W> पहाड़ों </W></PLACE-ARG><W> में </W><W> पड़ने </W><W> लगी </W><NATURAL_EVENT ID="1" TYPE="HEAT_WAVE"><W> चिलचिलाती </W><W> गर्मी, </W></NATURAL_EVENT><W> 37 </W><W> डिग्री </W><W> तक </W><W> पहुंचा </W><W> पारा </W></P><P><PLACE-ARG ID="5"><LINK EVENT_ARG="6" ID="19" TYPE_REL="EVENT_ARG"/><W> हिमाचल </W></PLACE-ARG><W> में </W><NATURAL_EVENT ID="6" TYPE="HEAT_WAVE"><EVENT-COREF-LINK EVENT_ID="1" ID="16" TYPE_REL="EVENT_COREF"/><W> पारा </W><W> चढ़ने </W></NATURAL_EVENT><W> के </W><W> साथ </W><W> ही </W><AFTER_EFFECTS-ARG ID="7"><LINK EVENT_ARG="6" ID="20" TYPE_REL="EVENT_ARG"/><W> पहाड़ </W><W> तपना </W><W> शुरू </W></AFTER_EFFECTS-ARG><W> हो </W><W> गए </W><W> हैं। </W><TIME-ARG ID="8"><LINK EVENT_ARG="10" ID="21" TYPE_REL="EVENT_ARG"/><W> सोमवार </W></TIME-ARG><W> को </W><PLACE-ARG ID="9"><LINK EVENT_ARG="10" ID="22" TYPE_REL="EVENT_ARG"/><W> ऊना </W></PLACE-ARG><W> में </W><NATURAL_EVENT ID="10" TYPE="HEAT_WAVE"><EVENT-COREF-LINK EVENT_ID="1" ID="17" TYPE_REL="EVENT_COREF"/><W> अधिकतम </W><W> तापमान </W><W> 37.0 </W><W> डिग्री </W><W> सेल्सियस </W><W> रिकॉर्ड </W></NATURAL_EVENT><W> किया </W><W> गया। </W><TIME-ARG ID="11"><LINK EVENT_ARG="14" ID="23" TYPE_REL="EVENT_ARG"/><W> मार्च </W><W> महीने </W></TIME-ARG><W> में </W><W> अभी </W><W> तक </W><W> का </W><TIME-ARG ID="12"><LINK EVENT_ARG="14" ID="26" TYPE_REL="EVENT_ARG"/><W> सोमवार </W></TIME-ARG><W> को </W><W> सबसे </W><W> अधिक </W><W> तापमान </W><W> रिकार्ड </W><W> किया </W><W> गया। </W><PLACE-ARG ID="25"><LINK EVENT_ARG="14" ID="27" TYPE_REL="EVENT_ARG"/><W> मैदानी </W><W> क्षेत्रों </W></PLACE-ARG><W> में </W><NATURAL_EVENT ID="14" TYPE="HEAT_WAVE"><EVENT-COREF-LINK EVENT_ID="1" ID="18" TYPE_REL="EVENT_COREF"/><W> गर्मी </W></NATURAL_EVENT><W> बढ़ने </W><W> से </W><AFTER_EFFECTS-ARG ID="15"><LINK EVENT_ARG="14" ID="28" TYPE_REL="EVENT_ARG"/><W> लोगों </W><W> के </W><W> पसीने </W><W> छूटने </W><W> शुरू </W><W> हो </W><W> गए </W><W> हैं। </W></AFTER_EFFECTS-ARG></P><P><PLACE-ARG ID="29"><LINK EVENT_ARG="35" ID="37" TYPE_REL="EVENT_ARG"/><W> मौसम </W><W> केंद्र </W><W> शिमला </W></PLACE-ARG><W> ने </W><W> प्रदेश </W><W> में </W><TIME-ARG ID="30"><LINK EVENT_ARG="35" ID="38" TYPE_REL="EVENT_ARG"/><W> आगामी </W><W> तीन </W><W> दिनों </W></TIME-ARG><W> तक </W><W> मौसम </W><W> साफ </W><W> रहने </W><W> के </W><W> साथ </W><NATURAL_EVENT ID="35" TYPE="HEAT_WAVE"><EVENT-COREF-LINK EVENT_ID="1" ID="36" TYPE_REL="EVENT_COREF"/><W> तापमान </W><W> और </W><W> अधिक </W><W> बढ़ने </W></NATURAL_EVENT><W> की </W><W> संभावना </W><W> जताई </W><W> है। </W><TIME-ARG ID="32"><W> 31 </W><W> मार्च </W><W> से </W><W> दो </W><W> अप्रैल </W></TIME-ARG><W> तक </W><PLACE-ARG ID="33"><W> प्रदेश </W></PLACE-ARG><W> में </W><W> बारिश </W><W> और </W><W> बर्फबारी </W><W> होने </W><W> के </W><W> आसार </W><W> भी </W><W> हैं। </W></P><P><TIME-ARG ID="39"><W> सोमवार </W></TIME-ARG><W> को </W><PLACE-ARG ID="40"><W> सुंदरनगर </W></PLACE-ARG><W> में </W><W> 33.0, </W><PLACE-ARG ID="41"><W> बिलासपुर-हमीरपुर </W></PLACE-ARG><W> में </W><W> 32.6, </W><PLACE-ARG ID="42"><W> सोलन </W></PLACE-ARG><W> में </W><W> 31.5, </W><PLACE-ARG ID="43"><W> नाहन-कांगड़ा </W></PLACE-ARG><W> में </W><W> 31.3, </W><PLACE-ARG ID="44"><W> भुंतर </W></PLACE-ARG><W> में </W><W> 31.0, </W><PLACE-ARG ID="45"><W> मंडी </W></PLACE-ARG><W> में </W><W> 29.6, </W><PLACE-ARG ID="46"><W> धर्मशाला </W></PLACE-ARG><W> में </W><W> 26.6, </W><PLACE-ARG ID="47"><W> मनाली </W></PLACE-ARG><W> में </W><W> 23.6, </W><PLACE-ARG ID="48"><W> शिमला </W></PLACE-ARG><W> में </W><W> 23.5, </W><PLACE-ARG ID="49"><W> कल्पा </W></PLACE-ARG><W> में </W><W> 21.4 </W><W> और </W><PLACE-ARG ID="50"><W> केलांग </W></PLACE-ARG><W> में </W><W> 9.4 </W><W> डिग्री </W><W> सेल्सियस </W><W> तापमान </W><W> रिकॉर्ड </W><W> किया </W><W> गया। </W><W> प्रदेश </W><W> के </W><W> न्यूनतम </W><W> तापमान </W><W> में </W><W> भी </W><W> बढ़ोतरी </W><W> होना </W><W> शुरू </W><W> हो </W><W> गई </W><W> है।  </W></P><P><PLACE-ARG ID="51"><W> शिमला </W></PLACE-ARG><W> में </W><W> न्यूनतम </W><W> तापमान </W><W> 13.2, </W><PLACE-ARG ID="52"><W> ऊना </W></PLACE-ARG><W> में </W><W> 14.3, </W><PLACE-ARG ID="53"><W> नाहन </W></PLACE-ARG><W> में </W><W> 19.4, </W><PLACE-ARG ID="54"><W> धर्मशाला </W></PLACE-ARG><W> में </W><W> 12.2 </W><W> डिग्री </W><W> सेल्सियस </W><W> दर्ज </W><W> किया </W><W> गया। </W><W> मौसम </W><W> केंद्र </W><W> के </W><W> अनुसार </W><W> 28 </W><W> से </W><W> 30 </W><W> मार्च </W><W> तक </W><PLACE-ARG ID="55"><W> प्रदेश </W></PLACE-ARG><W> के </W><PLACE-ARG ID="56"><W> ऊंचाई </W><W> वाले </W><W> क्षेत्रों </W><W> किन्नौर, </W><W> लाहौल </W><W> स्पीति </W><W> और </W><W> कुल्लू, </W><W> मंडी, </W><W> चंबा </W><W> के </W><W> कुछ </W><W> क्षेत्रों </W></PLACE-ARG><W> में </W><W> मौसम </W><W> खराब </W><W> रहने </W><W> का </W><W> पूर्वानुमान </W><W> है। </W><W> कुछ </W><W> क्षेत्रों </W><W> में </W><W> हल्की </W><W> बारिश-बर्फबारी </W><W> हो </W><W> सकती </W><W> है। </W></P></DOCUMENT>