<?xml version="1.0" encoding="UTF-8"?>
<DOCUMENT><DESC/><TIME>344</TIME><P><PLACE-ARG ID="0"><LINK EVENT_ARG="8" ID="25" TYPE_REL="EVENT_ARG"/><W> तेलंगाना </W></PLACE-ARG><W> के </W><W> राज्य </W><W> आपदा </W><W> प्रबंधन </W><W> ने </W><TIME-ARG ID="1"><LINK EVENT_ARG="8" ID="26" TYPE_REL="EVENT_ARG"/><W> मंगलवार </W></TIME-ARG><W> को </W><W> यहां </W><W> बताया </W><W> कि </W><PLACE-ARG ID="2"><LINK EVENT_ARG="8" ID="27" TYPE_REL="EVENT_ARG"/><W> राज्य </W></PLACE-ARG><W> में </W><TIME-ARG ID="3"><LINK EVENT_ARG="8" ID="28" TYPE_REL="EVENT_ARG"/><W> इस </W><W> साल </W><W> गर्मियों </W><W> के </W><W> मौसम </W></TIME-ARG><W> में </W><W> अभी </W><W> तक </W><CASUALTIES-ARG ID="4"><LINK EVENT_ARG="8" ID="29" TYPE_REL="EVENT_ARG"/><W> कुल </W><W> 317 </W><W> व्यक्तियों </W></CASUALTIES-ARG><W> की </W><NATURAL_EVENT ID="8" TYPE="HEAT_WAVE"><EVENT-COREF-LINK EVENT_ID="9" ID="20" TYPE_REL="EVENT_COREF"/><W> लू </W></NATURAL_EVENT><W> लगने </W><W> या </W><NATURAL_EVENT ID="9" TYPE="HEAT_WAVE"><W> गर्मी </W></NATURAL_EVENT><W> के </W><W> कारण </W><CASUALTIES-ARG ID="6"><LINK EVENT_ARG="9" ID="30" TYPE_REL="EVENT_ARG"/><W> मौत </W></CASUALTIES-ARG><W> हुई </W><W> हैं। </W><W> आपदा </W><W> प्रबंधन </W><W> विभाग </W><W> के </W><W> नियंत्रण </W><W> कक्ष </W><W> के </W><W> अधिकारी </W><W> ने </W><W> बताया </W><W> कि </W><NATURAL_EVENT ID="7" TYPE="HEAT_WAVE"><EVENT-COREF-LINK EVENT_ID="9" ID="21" TYPE_REL="EVENT_COREF"/><W> गर्मी </W></NATURAL_EVENT><W> से </W><W> मरने </W><W> वालों </W><W> के </W><W> अनुमान </W><W> के </W><W> लिए </W><W> गठित </W><W> तीन </W><W> सदस्यीय </W><W> समिति </W><W> ने </W><NATURAL_EVENT ID="10" TYPE="HEAT_WAVE"><EVENT-COREF-LINK EVENT_ID="9" ID="22" TYPE_REL="EVENT_COREF"/><W> गर्मी </W></NATURAL_EVENT><W> या </W><NATURAL_EVENT ID="11" TYPE="HEAT_WAVE"><EVENT-COREF-LINK EVENT_ID="9" ID="23" TYPE_REL="EVENT_COREF"/><W> लू </W></NATURAL_EVENT><W> लगने </W><W> के </W><W> कारण </W><CASUALTIES-ARG ID="12"><LINK EVENT_ARG="10" ID="31" TYPE_REL="EVENT_ARG"/><W> 317 </W><W> मौतों </W></CASUALTIES-ARG><W> की </W><W> पुष्टि </W><W> की </W><W> है। </W><PLACE-ARG ID="13"><LINK EVENT_ARG="10" ID="32" TYPE_REL="EVENT_ARG"/><W> नालगोंडा </W><W> जिले </W></PLACE-ARG><W> में </W><W> सबसे </W><W> ज्यादा </W><CASUALTIES-ARG ID="14"><LINK EVENT_ARG="10" ID="33" TYPE_REL="EVENT_ARG"/><W> 91 </W><W> मौतें </W></CASUALTIES-ARG><W> दर्ज </W><W> की </W><W> गई </W><W> हैं </W><W> जबकि </W><PLACE-ARG ID="16"><LINK EVENT_ARG="11" ID="34" TYPE_REL="EVENT_ARG"/><W> महबूबनगर </W></PLACE-ARG><W> में </W><CASUALTIES-ARG ID="15"><LINK EVENT_ARG="11" ID="35" TYPE_REL="EVENT_ARG"/><W> 44 </W><W> लोगों </W><W> की </W><W> मौत </W></CASUALTIES-ARG><W> हुई </W><W> है। </W></P><P><W> भारतीय </W><W> मौसम </W><W> विभाग </W><W> के </W><W> जारी </W><W> मौसम </W><W> बुलेटिन </W><W> में </W><PLACE-ARG ID="17"><LINK EVENT_ARG="18" ID="36" TYPE_REL="EVENT_ARG"/><W> तेलंगाना </W><W> के </W><W> आदिलाबाद, </W><W> निजामाबाद, </W><W> करीमनगर, </W><W> मेडक, </W><W> नालगोंडा, </W><W> वारंगल </W><W> और </W><W> खम्मम </W><W> इलाकों </W></PLACE-ARG><W> में </W><TIME-ARG ID="18"><LINK EVENT_ARG="19" ID="37" TYPE_REL="EVENT_ARG"/><W> अगले </W><W> 24 </W><W> घंटों </W><W> के </W><W> दौरान </W></TIME-ARG><NATURAL_EVENT ID="19" TYPE="HEAT_WAVE"><EVENT-COREF-LINK EVENT_ID="9" ID="24" TYPE_REL="EVENT_COREF"/><W> गर्म </W><W> हवाओं </W><W> में </W><W> और </W><W> तेजी </W><W> आने </W></NATURAL_EVENT><W> का </W><W> अंदेशा </W><W> जताया </W><W> गया </W><W> है। </W></P></DOCUMENT>