<?xml version="1.0" encoding="UTF-8"?>
<DOCUMENT><DESC/><TIME>489</TIME><P><PLACE-ARG ID="0"><LINK EVENT_ARG="4" ID="19" TYPE_REL="EVENT_ARG"/><W> अफगानिस्तानः </W></PLACE-ARG><PLACE-ARG ID="13"><LINK EVENT_ARG="4" ID="20" TYPE_REL="EVENT_ARG"/><W> लश्कर </W><W> गाह </W><W> में </W><W> पुलिस </W><W> स्टेशन </W><W> के </W><W> पास </W><W> कार </W></PLACE-ARG><W> में </W><MAN_MADE_EVENT ID="4" TYPE="SUICIDE_ATTACK"><W> बम </W><W> ब्लास्ट, </W></MAN_MADE_EVENT><CASUALTIES-ARG ID="9"><LINK EVENT_ARG="4" ID="21" TYPE_REL="EVENT_ARG"/><W> 1 </W><W> पुलिसकर्मी </W><W> की </W><W> मौत </W></CASUALTIES-ARG><W> ।  </W></P><P><PLACE-ARG ID="2"><LINK EVENT_ARG="5" ID="22" TYPE_REL="EVENT_ARG"/><W> अफगानिस्तान </W><W> के </W><W> हेलमंड </W><W> शहर </W></PLACE-ARG><W> में </W><W> जोरदार </W><MAN_MADE_EVENT ID="5" TYPE="SUICIDE_ATTACK"><EVENT-COREF-LINK EVENT_ID="4" ID="14" TYPE_REL="EVENT_COREF"/><W> बम </W><W> धमाका </W></MAN_MADE_EVENT><W> हुआ </W><W> है। </W><W> मीडिया </W><W> रिपोर्ट्स </W><W> के </W><W> मुताबिक </W><W> यह </W><MAN_MADE_EVENT ID="6" TYPE="SUICIDE_ATTACK"><EVENT-COREF-LINK EVENT_ID="4" ID="15" TYPE_REL="EVENT_COREF"/><W> धमाका </W></MAN_MADE_EVENT><PLACE-ARG ID="3"><LINK EVENT_ARG="6" ID="23" TYPE_REL="EVENT_ARG"/><W> हेलमंड </W><W> शहर </W><W> के </W><W> लश्कर </W><W> गाह </W><W> के </W><W> बोलंद </W><W> इलाके </W></PLACE-ARG><W> में </W><W> हुआ </W><W> है। </W><W> प्रांतीय </W><W> गवर्नर </W><W> के </W><W> प्रवक्ता </W><W> उमर </W><W> ज्वाक </W><W> ने </W><W> बताया </W><W> है </W><W> कि </W><W> यह </W><MAN_MADE_EVENT ID="7" TYPE="SUICIDE_ATTACK"><EVENT-COREF-LINK EVENT_ID="4" ID="16" TYPE_REL="EVENT_COREF"/><W> धमाका </W></MAN_MADE_EVENT><PLACE-ARG ID="12"><LINK EVENT_ARG="7" ID="24" TYPE_REL="EVENT_ARG"/><W> पुलिस </W><W> स्टेशन </W><W> के </W><W> पास </W><W> खड़ी </W><W> एक </W><W> कार </W></PLACE-ARG><W> में </W><W> हुआ </W><W> है। </W></P><P><W> वहीं </W><W> स्थानीय </W><W> मीडिया </W><W> खामा </W><W> प्रेस </W><W> ने </W><W> अपनी </W><W> रिपोर्ट </W><W> में </W><W> इसे </W><MAN_MADE_EVENT ID="8" TYPE="SUICIDE_ATTACK"><EVENT-COREF-LINK EVENT_ID="4" ID="17" TYPE_REL="EVENT_COREF"/><W> सुसाइड </W><W> अटैक </W></MAN_MADE_EVENT><W> बतलाया </W><W> है। </W><W> बॉर्डर </W><W> पुलिस </W><W> कमांडर </W><W> जहीरगुल </W><W> मुकाबिल </W><W> का </W><W> कहना </W><W> है </W><W> कि </W><W> इस </W><MAN_MADE_EVENT ID="11" TYPE="SUICIDE_ATTACK"><EVENT-COREF-LINK EVENT_ID="4" ID="18" TYPE_REL="EVENT_COREF"/><W> धमाके </W></MAN_MADE_EVENT><W> में </W><CASUALTIES-ARG ID="10"><LINK EVENT_ARG="11" ID="25" TYPE_REL="EVENT_ARG"/><W> एक </W><W> पुलिसकर्मी </W><W> की </W><W> मौत </W><W> हो </W><W> गई </W><W> और </W><W> पांच </W><W> अन्य </W><W> घायल </W></CASUALTIES-ARG><W> हो </W><W> गए। </W></P></DOCUMENT>