<?xml version="1.0" encoding="UTF-8"?>
<DOCUMENT><DESC/><TIME>1378</TIME><P><W> प्रभावित </W><W> क्षेत्रों </W><W> में </W><W> रह </W><W> रहे </W><W> लोगों </W><W> को </W><W> शरण </W><W> लेने </W><W> के </W><W> लिए </W><W> ऊंचे </W><W> स्थानों </W><W> पर </W><W> जाने </W><W> की </W><W> हिदायत </W><W> दे </W><W> दी </W><W> गई </W><W> है </W></P><P><W> लागोस। </W><PLACE-ARG ID="2"><LINK EVENT_ARG="0" ID="29" TYPE_REL="EVENT_ARG"/><W> नाइजीरिया </W></PLACE-ARG><W> में </W><W> भीषण </W><NATURAL_EVENT ID="0" TYPE="FLOODS"><W> बाढ़ </W></NATURAL_EVENT><W> के </W><W> प्रकोप </W><W> से </W><CASUALTIES-ARG ID="1"><LINK EVENT_ARG="0" ID="30" TYPE_REL="EVENT_ARG"/><W> 30 </W><W> हजार </W><W> से </W><W> अधिक </W><W> लोग </W><W> बेघर </W></CASUALTIES-ARG><W> हो </W><W> गए </W><W> हैं। </W><W> नाइजीरिया </W><W> के </W><W> दक्षिणी </W><W> राज्य </W><W> एडो </W><W> के </W><W> पूर्वी </W><W> और </W><W> मध्य </W><W> भाग </W><W> के </W><W> 35 </W><W> से </W><W> अधिक </W><W> समुदायों </W><W> के </W><W> 30,000 </W><W> लोगों </W><W> को </W><W> विस्थापित </W><W> किया </W><W> गया </W><W> है। </W><W> इन </W><W> लोगों </W><W> को </W><W> बाढ़ग्रस्त </W><W> क्षेत्रों </W><W> से </W><W> निकालकर </W><W> सुरक्षित </W><W> स्थान </W><W> पर </W><W> पहुंचाया </W><W> गया </W><W> है।सरकारी </W><W> प्रवक्ता </W><W> ने </W><W> बताया </W><W> है </W><W> कि </W><W> बताया </W><W> कि </W><W> इस </W><W> आपदा </W><W> का </W><W> प्रकोप </W><W> बढ़ता </W><W> जा </W><W> रहा </W><W> है। </W></P><P><W> वीडियो: </W><W> अमरीका </W><W> में </W><W> चोर </W><W> उठा </W><W> रहे </W><W> हैं </W><W> तूफान </W><W> फ्लोरेंस </W><W> का </W><W> फायदा, </W><W> कई </W><W> जगहों </W><W> पर </W><W> लूट </W></P><P><W> बाढ़ </W><W> की </W><W> विभीषिका </W></P><P><PLACE-ARG ID="5"><LINK EVENT_ARG="3" ID="31" TYPE_REL="EVENT_ARG"/><W> नाइजीरिया </W></PLACE-ARG><W> एटसाको </W><W> मध्य </W><W> के </W><W> चेयरमैन </W><W> जॉन </W><W> अखिगबे </W><W> ने </W><W> स्थिति </W><W> को </W><W> देखते </W><W> हुए </W><W> दोनों </W><W> राज्यों </W><W> के </W><W> साथ </W><W> देश </W><W> की </W><W> संघीय </W><W> सरकार </W><W> से </W><W> से </W><W> तुरंत </W><W> आवश्यक </W><W> कदम </W><W> उठाने </W><W> को </W><W> कहा </W><W> है। </W><W> विस्थापितों </W><W> के </W><W> लिए </W><W> बड़ी </W><W> संख्या </W><W> में </W><W> शिविर </W><W> बनाए </W><W> गए </W><W> हैं। </W><W> भारी </W><W> बारिश </W><W> के </W><W> बाद </W><NATURAL_EVENT ID="3" TYPE="FLOODS"><EVENT-COREF-LINK EVENT_ID="0" ID="48" TYPE_REL="EVENT_COREF"/><W> बाढ़ </W></NATURAL_EVENT><W> की </W><W> वजह </W><W> से </W><AFTER_EFFECTS-ARG ID="4"><LINK EVENT_ARG="3" ID="32" TYPE_REL="EVENT_ARG"/><W> खेतों </W><W> सहित </W><W> लगभग </W><W> 700 </W><W> घर </W><W> प्रभावित </W></AFTER_EFFECTS-ARG><W> हुए </W><W> हैं। </W><W> राष्ट्रीय </W><W> आपात </W><W> प्रबंधन </W><W> एजेंसी </W><W> (एनईएमए) </W><W> के </W><W> समन्वयक </W><W> मार्टिन्स </W><W> इजीके </W><W> ने </W><W> पॉर्ट </W><W> हारकोर्ट </W><W> ने </W><W> बताया </W><W> कि </W><W> अगस्त </W><W> महीने </W><W> से </W><W> ही </W><NATURAL_EVENT ID="6" TYPE="FLOODS"><EVENT-COREF-LINK EVENT_ID="0" ID="49" TYPE_REL="EVENT_COREF"/><W> बाढ़ </W></NATURAL_EVENT><W> ने </W><AFTER_EFFECTS-ARG ID="7"><LINK EVENT_ARG="6" ID="33" TYPE_REL="EVENT_ARG"/><W> भारी </W><W> तबाही </W><W> मचाई </W></AFTER_EFFECTS-ARG><W> हुई </W><W> है। </W><W> प्रभावित </W><W> क्षेत्रों </W><W> में </W><W> रह </W><W> रहे </W><W> लोगों </W><W> को </W><W> शरण </W><W> लेने </W><W> के </W><W> लिए </W><W> ऊंचे </W><W> स्थानों </W><W> पर </W><W> जाने </W><W> की </W><W> हिदायत </W><W> दे </W><W> दी </W><W> गई </W><W> है। </W><W> पीड़ितों </W><W> के </W><W> लिए </W><W> बढ़ </W><W> प्रभावित </W><W> इलाकों </W><W> में </W><W> 28 </W><W> शिविर </W><W> बनाए </W><W> गए </W><W> हैं। </W></P><P><AFTER_EFFECTS-ARG ID="8"><LINK EVENT_ARG="9" ID="34" TYPE_REL="EVENT_ARG"/><W> हजारों </W><W> हेक्टेयर </W><W> फसल </W><W> बर्बाद </W></AFTER_EFFECTS-ARG></P><P><W> 30,000 </W><W> से </W><W> अधिक </W><W> लोगों </W><W> को </W><W> विस्थापित </W><W> करने </W><W> वाली </W><NATURAL_EVENT ID="9" TYPE="FLOODS"><EVENT-COREF-LINK EVENT_ID="0" ID="50" TYPE_REL="EVENT_COREF"/><W> बाढ़ </W></NATURAL_EVENT><W> ने </W><PLACE-ARG ID="10"><LINK EVENT_ARG="9" ID="35" TYPE_REL="EVENT_ARG"/><W> दोनों </W><W> राज्य </W><W> क्षेत्रों </W></PLACE-ARG><W> में </W><AFTER_EFFECTS-ARG ID="11"><LINK EVENT_ARG="9" ID="36" TYPE_REL="EVENT_ARG"/><W> सैकड़ों </W><W> हेक्टेयर </W><W> कृषि </W><W> भूमि </W><W> को </W><W> भी </W><W> नुकसान </W><W> पहुंचाया </W></AFTER_EFFECTS-ARG><W> है </W><W> । </W><PLACE-ARG ID="12"><LINK EVENT_ARG="13" ID="37" TYPE_REL="EVENT_ARG"/><W> उडाबा, </W><W> एनेबेट, </W><W> यूसोमेग्बे, </W><W> उडुचिज़ </W></PLACE-ARG><W> जैसे </W><W> समुदाय </W><W> इस </W><NATURAL_EVENT ID="13" TYPE="FLOODS"><EVENT-COREF-LINK EVENT_ID="0" ID="52" TYPE_REL="EVENT_COREF"/><W> बढ़ </W></NATURAL_EVENT><W> से </W><AFTER_EFFECTS-ARG ID="14"><LINK EVENT_ARG="13" ID="38" TYPE_REL="EVENT_ARG"/><W> बुरी </W><W> तरह </W><W> प्रभावित </W></AFTER_EFFECTS-ARG><W> हुए </W><W> हैं। </W><NATURAL_EVENT ID="15" TYPE="FLOODS"><EVENT-COREF-LINK EVENT_ID="0" ID="51" TYPE_REL="EVENT_COREF"/><W> बाढ़ </W></NATURAL_EVENT><W> ने </W><PLACE-ARG ID="16"><LINK EVENT_ARG="15" ID="39" TYPE_REL="EVENT_ARG"/><W> दक्षिण </W><W> क्षेत्र </W></PLACE-ARG><W> को </W><W> भी </W><AFTER_EFFECTS-ARG ID="17"><LINK EVENT_ARG="15" ID="40" TYPE_REL="EVENT_ARG"/><W> भारी </W><W> नुकसान </W><W> पहुंचाया </W></AFTER_EFFECTS-ARG><W> है। </W><W> इस </W><W> मामले </W><W> में </W><W> केंद्र </W><W> सरकार </W><W> के </W><W> अधिकारियों </W><W> ली </W><W> भूमिका </W><W> पर </W><W> खासा </W><W> रोष </W><W> व्याप्त </W><W> है। </W><W> लोगों </W><W> का </W><W> कहना </W><W> है </W><W> कि </W><W> अभी </W><W> तक </W><W> बाढ़ </W><W> पीड़ितों </W><W> को </W><W> कोई </W><W> मदद </W><W> नहीं </W><W> मिली </W><W> है। </W><W> उधर </W><W> स्वास्थ्य </W><W> देखभाल, </W><W> खाद्य </W><W> पदार्थ, </W><W> दवा </W><W> की </W><W> कमी </W><W> के </W><W> कारण </W><W> गर्भवती </W><W> महिलाओं, </W><W> बच्चो </W><W> और </W><W> वृद्धों </W><W> की </W><W> स्थिति </W><W> सबसे </W><W> दयनीय </W><W> है। </W></P><P><W> अमरीका: </W><W> बॉर्डर </W><W> पेट्रोल </W><W> एजेंट </W><W> पर </W><W> चार </W><W> महिलाओं </W><W> की </W><W> हत्या </W><W> का </W><W> आरोप, </W><W> टेक्सास </W><W> पुलिस </W><W> ने </W><W> किया </W><W> गिरफ्तार </W></P><P><W> बता </W><W> दें </W><W> कि </W><PLACE-ARG ID="22"><LINK EVENT_ARG="21" ID="41" TYPE_REL="EVENT_ARG"/><W> नाइजीरिया </W></PLACE-ARG><W> में </W><W> बाढ़ </W><W> से </W><W> हर </W><W> साल </W><W> सैकड़ों </W><W> लोगों </W><W> की </W><W> जान </W><W> चली </W><W> जाती </W><W> है। </W><W> साल </W><TIME-ARG ID="20"><LINK EVENT_ARG="21" ID="42" TYPE_REL="EVENT_ARG"/><W> 2012 </W></TIME-ARG><W> में </W><W> आई </W><NATURAL_EVENT ID="21" TYPE="FLOODS"><W> बाढ़ </W></NATURAL_EVENT><W> में </W><CASUALTIES-ARG ID="23"><LINK EVENT_ARG="21" ID="43" TYPE_REL="EVENT_ARG"/><W> 363 </W><W> लोगों </W><W> की </W><W> मौत </W><W> हो </W><W> गई </W><W> थी </W><W> और </W><W> 21 </W><W> लाख </W><W> से </W><W> अधिक </W><W> लोग </W><W> बेघर </W></CASUALTIES-ARG><W> हो </W><W> गए </W><W> थे। </W><W> बता </W><W> दें </W><W> कि </W><W> कुछ </W><W> दिन </W><W> पहले </W><W> ही </W><PLACE-ARG ID="24"><LINK EVENT_ARG="26" ID="44" TYPE_REL="EVENT_ARG"/><W> नाइजीरिया </W></PLACE-ARG><W> की </W><W> सीमा </W><W> पर </W><REASON-ARG ID="25"><LINK EVENT_ARG="26" ID="45" TYPE_REL="EVENT_ARG"/><W> मूसलाधार </W><W> बारिश </W></REASON-ARG><W> के </W><W> चलते </W><W> आई </W><NATURAL_EVENT ID="26" TYPE="FLOODS"><W> बाढ़ </W></NATURAL_EVENT><W> के </W><W> कारण </W><CASUALTIES-ARG ID="27"><LINK EVENT_ARG="26" ID="46" TYPE_REL="EVENT_ARG"/><W> 49 </W><W> लोगों </W><W> की </W><W> मौत </W></CASUALTIES-ARG><W> हो </W><W> गई </W><W> थी। </W><W> कत्सिना </W><W> राज्य </W><W> आपातकालीन </W><W> प्रबंधन </W><W> एजेंसी </W><W> के </W><W> प्रमुख </W><W> अमीनू </W><W> वाज़ीरी </W><W> ने </W><W> बताया </W><W> था </W><W> कि </W><W> बाद </W><W> के </W><W> चलते </W><AFTER_EFFECTS-ARG ID="28"><LINK EVENT_ARG="26" ID="47" TYPE_REL="EVENT_ARG"/><W> जिबिया </W><W> का </W><W> पूरा </W><W> इलाका </W><W> बर्बाद </W></AFTER_EFFECTS-ARG><W> हो </W><W> गया </W><W> था। </W></P></DOCUMENT>