<?xml version="1.0" encoding="UTF-8"?>
<DOCUMENT><DESC/><DESC/><DESC/><TIME>5469</TIME><P><W> भारी </W><W> बारिश </W><W> और </W><NATURAL_EVENT ID="0" TYPE="LAND_SLIDE"><W> भूस्खलन </W></NATURAL_EVENT><W> ने </W><W> मचाई </W><W> तबाही, </W><W> कार </W><W> पर </W><NATURAL_EVENT ID="9" TYPE="LAND_SLIDE"><EVENT-COREF-LINK EVENT_ID="0" ID="34" TYPE_REL="EVENT_COREF"/><W> गिरा </W><W> पत्थर, </W></NATURAL_EVENT><CASUALTIES-ARG ID="7"><LINK EVENT_ARG="9" ID="21" TYPE_REL="EVENT_ARG"/><W> डॉक्टर </W><W> की </W><W> मौत </W></CASUALTIES-ARG></P><P><PLACE-ARG ID="10"><LINK EVENT_ARG="1" ID="22" TYPE_REL="EVENT_ARG"/><W> हिमाचल </W></PLACE-ARG><W> में </W><W> तीन </W><W> दिन </W><W> तक </W><W> भारी </W><W> बारिश </W><W> और </W><NATURAL_EVENT ID="1" TYPE="LAND_SLIDE"><EVENT-COREF-LINK EVENT_ID="0" ID="35" TYPE_REL="EVENT_COREF"/><W> भूस्खलन </W></NATURAL_EVENT><W> से </W><AFTER_EFFECTS-ARG ID="43"><LINK EVENT_ARG="1" ID="44" TYPE_REL="EVENT_ARG"/><W> जानमाल </W><W> का </W><W> भारी </W><W> नुकसान </W><W> हुआ </W><W> है। </W></AFTER_EFFECTS-ARG><PLACE-ARG ID="11"><LINK EVENT_ARG="1" ID="23" TYPE_REL="EVENT_ARG"/><W> शिमला </W><W> के </W><W> कुमारसैन </W></PLACE-ARG><W> में </W><AFTER_EFFECTS-ARG ID="12"><LINK EVENT_ARG="1" ID="24" TYPE_REL="EVENT_ARG"/><W> पांच </W><W> मंजिला </W><W> निर्माणाधीन </W><W> भवन </W><W> गिर </W><W> गया। </W></AFTER_EFFECTS-ARG><PLACE-ARG ID="51"><LINK EVENT_ARG="14" ID="45" TYPE_REL="EVENT_ARG"/><W> आनी </W></PLACE-ARG><W> में </W><W> चलती </W><W> कार </W><W> पर </W><NATURAL_EVENT ID="14" TYPE="LAND_SLIDE"><EVENT-COREF-LINK EVENT_ID="9" ID="25" TYPE_REL="EVENT_COREF"/><W> पत्थर </W><W> गिरने </W></NATURAL_EVENT><W> से </W><CASUALTIES-ARG ID="13"><LINK EVENT_ARG="14" ID="26" TYPE_REL="EVENT_ARG"/><W> डॉक्टर </W><W> की </W><W> मौत </W></CASUALTIES-ARG><W> हो </W><W> गई। </W><PLACE-ARG ID="46"><LINK EVENT_ARG="2" ID="47" TYPE_REL="EVENT_ARG"/><W> शिमला </W><W> शहर </W></PLACE-ARG><W> में </W><NATURAL_EVENT ID="2" TYPE="LAND_SLIDE"><EVENT-COREF-LINK EVENT_ID="0" ID="36" TYPE_REL="EVENT_COREF"/><W> भूस्खलन </W></NATURAL_EVENT><W> से </W><W> करीब </W><AFTER_EFFECTS-ARG ID="15"><LINK EVENT_ARG="2" ID="27" TYPE_REL="EVENT_ARG"/><W> एक </W><W> दर्जन </W><W> गाडि़यां </W><W> क्षतिग्रस्त </W></AFTER_EFFECTS-ARG><W> हो </W><W> गई </W><W> हैं। </W><W> खराब </W><W> मौसम </W><W> ने </W><W> तीन </W><W> दिन </W><W> में </W><W> सात </W><W> लोगों </W><W> की </W><W> जान </W><W> ले </W><W> ली </W><W> है। </W></P><P><W> सरकारी </W><W> और </W><W> निजी </W><W> संपत्ति </W><W> को </W><AFTER_EFFECTS-ARG ID="16"><LINK EVENT_ARG="1" ID="28" TYPE_REL="EVENT_ARG"/><W> करोड़ों </W><W> को </W><W> नुकसान </W></AFTER_EFFECTS-ARG><W> हुआ </W><W> है।जिला </W><W> शिमला </W><W> के </W><W> कुमारसैन </W><W> के </W><W> नजदीक </W><W> जाबली </W><W> में </W><W> शनिवार </W><W> आधी </W><W> रात </W><W> को </W><AFTER_EFFECTS-ARG ID="17"><LINK EVENT_ARG="1" ID="29" TYPE_REL="EVENT_ARG"/><W> पांच </W><W> मंजिला </W><W> निर्माणाधीन </W><W> भवन </W><W> भरभराकर </W><W> गिर </W><W> गया। </W></AFTER_EFFECTS-ARG><W> एनएच- </W><W> 5 </W><W> किनारे </W><W> खाई </W><W> की </W><W> तरफ </W><W> बने </W><W> इस </W><W> भवन </W><W> में </W><W> कोई </W><W> नहीं </W><W> था। </W><W> घटना </W><W> के </W><W> बाद </W><W> जैसे </W><W> ही </W><W> पुलिस </W><W> को </W><W> सूचना </W><W> मिली </W><W> तुरंत </W><W> तलाशी </W><W> अभियान </W><W> चलाया </W><W> गया। </W></P><P><W> किसी </W><W> के </W><W> हताहत </W><W> होने </W><W> की </W><W> कोई </W><W> सूचना </W><W> नहीं </W><W> है। </W><W> करसोग </W><W> निवासी </W><W> हेम </W><W> प्रकाश </W><W> ने </W><W> बताया </W><W> कि </W><NATURAL_EVENT ID="3" TYPE="LAND_SLIDE"><EVENT-COREF-LINK EVENT_ID="0" ID="37" TYPE_REL="EVENT_COREF"/><W> भूस्खलन </W></NATURAL_EVENT><W> के </W><W> कारण </W><AFTER_EFFECTS-ARG ID="18"><LINK EVENT_ARG="3" ID="30" TYPE_REL="EVENT_ARG"/><W> भवन </W><W> गिरने </W></AFTER_EFFECTS-ARG><W> से </W><W> उसे </W><AFTER_EFFECTS-ARG ID="19"><LINK EVENT_ARG="3" ID="31" TYPE_REL="EVENT_ARG"/><W> 50 </W><W> लाख </W><W> रुपये </W><W> का </W><W> नुकसान </W></AFTER_EFFECTS-ARG><W> हुआ </W><W> है। </W><W> डीएसपी </W><W> रामपुर </W><W> अभिमन्यु </W><W> ने </W><W> बताया </W><W> कि </W><W> मकान </W><W> निर्माणाधीन </W><W> था। </W><W> इसमें </W><W> कोई </W><W> नहीं </W><W> रहता </W><W> था। </W><W> मामला </W><W> दर्ज </W><W> कर </W><W> छानबीन </W><W> शुरू </W><W> कर </W><W> दी </W><W> है। </W></P><P><W> उधर, </W><PLACE-ARG ID="48"><LINK EVENT_ARG="4" ID="49" TYPE_REL="EVENT_ARG"/><W> निरमंड </W><W> के </W><W> जाओ </W></PLACE-ARG><W> में </W><W> चलती </W><W> कार </W><W> पर </W><NATURAL_EVENT ID="4" TYPE="LAND_SLIDE"><EVENT-COREF-LINK EVENT_ID="9" ID="32" TYPE_REL="EVENT_COREF"/><W> पहाड़ी </W><W> से </W><W> पत्थर </W><W> गिरने </W></NATURAL_EVENT><W> से </W><CASUALTIES-ARG ID="6"><LINK EVENT_ARG="4" ID="33" TYPE_REL="EVENT_ARG"/><W> डॉक्टर </W><W> की </W><W> मौके </W><W> पर </W><W> ही </W><W> मौत </W></CASUALTIES-ARG><W> हो </W><W> गई। </W><W> शिमला </W><W> के </W><W> सुन्नी </W><W> के </W><W> जलोग </W><W> गांव </W><W> के </W><W> डॉक्टर </W><W> रोहित </W><W> (28) </W><W> सुबह </W><W> 11 </W><W> जाओ </W><W> से </W><W> रामपुर </W><W> की </W><W> तरफ </W><W> जा </W><W> रहे </W><W> थे </W><W> कि </W><NATURAL_EVENT ID="5" TYPE="LAND_SLIDE"><EVENT-COREF-LINK EVENT_ID="0" ID="38" TYPE_REL="EVENT_COREF"/><W> हादसे </W></NATURAL_EVENT><W> का </W><W> शिकार </W><W> हो </W><W> गए। </W><W> कार </W><W> बुरी </W><W> तरह </W><W> क्षतिग्रस्त </W><W> हो </W><W> गई </W><W> है। </W></P><P><W> एसआई </W><W> रंजीत </W><W> टीम </W><W> के </W><W> साथ </W><W> मौके </W><W> पर </W><W> पहुंचे </W><W> और </W><W> गाड़ी </W><W> में </W><W> फंसे </W><W> शव </W><W> को </W><W> निकालकर </W><W> पोस्टमार्टम </W><W> के </W><W> बाद </W><W> परिजनों </W><W> को </W><W> सौंपा। </W><W> रोहित </W><W> जाओ </W><W> अस्पताल </W><W> में </W><W> सेवारत </W><W> थे। </W><W> हिमाचल </W><W> मेडिकल </W><W> ऑफिसर्स </W><W> एसोसिएशन </W><W> के </W><W> अध्यक्ष </W><W> डा. </W><W> जीवानंद </W><W> चौहान, </W><W> महासचिव </W><W> डा. </W><W> पुष्पेंद्र </W><W> और </W><W> कोषाध्यक्ष </W><W> डा. </W><W> प्रवीन </W><W> चौहान </W><W> ने </W><W> बताया </W><W> कि </W><W> शोक </W><W> ग्रस्त </W><W> परिवार </W><W> को </W><W> एक </W><W> लाख </W><W> रुपये </W><W> की </W><W> फौरी </W><W> राहत </W><W> दी </W><W> गई </W><W> है।  </W></P><P><W> सोलन </W><W> के </W><W> ओच्छघाट </W><W> में </W><W> शनिवार </W><W> रात </W><W> को </W><W> पहाड़ </W><W> दरकने </W><W> से </W><W> निर्माणाधीन </W><W> मकान </W><W> की </W><W> एक </W><W> मंजिल </W><W> पूरी </W><W> तरह </W><W> से </W><W> क्षतिग्रस्त </W><W> हो </W><W> गई। </W><W> साथ </W><W> लगते </W><W> मकान </W><W> में </W><W> भी </W><W> मलबा </W><W> जा </W><W> गिरा। </W><W> शिमला </W><W> के </W><W> तकलेच </W><W> में </W><W> भूस्खलन </W><W> के </W><W> बाद </W><W> चार </W><W> परिवारों </W><W> को </W><W> दूसरी </W><W> जगह </W><W> शिफ्ट </W><W> कर </W><W> दिया </W><W> है। </W></P><P><AFTER_EFFECTS-ARG ID="39"><LINK EVENT_ARG="3" ID="41" TYPE_REL="EVENT_ARG"/><W> नेरवा </W><W> में </W><W> स्कूल </W><W> का </W><W> असुरक्षित </W><W> भवन </W><W> और </W><W> चंबा </W><W> में </W><W> एक </W><W> कच्चा </W><W> घर </W><W> गिर </W><W> गया </W></AFTER_EFFECTS-ARG><W> है। </W><W> वहीं, </W><AFTER_EFFECTS-ARG ID="40"><LINK EVENT_ARG="2" ID="42" TYPE_REL="EVENT_ARG"/><W> मंडी </W><W> के </W><W> कोटरोपी </W><W> में </W><W> अभी </W><W> भी </W><W> मंडी-पठानकोट </W><W> एनएच </W><W> बाधित </W></AFTER_EFFECTS-ARG><W> है। </W><W> प्रशासन </W><W> ने </W><W> 31 </W><W> जुलाई </W><W> तक </W><W> मार्ग </W><W> खोलने </W><W> का </W><W> दावा </W><W> किया </W><W> है।  </W></P></DOCUMENT>