<?xml version="1.0" encoding="UTF-8"?>
<DOCUMENT><DESC/><TIME>3482</TIME><P><W> जम्मू </W><W> कश्मीर: </W><W> हिमस्खलन </W><W> में </W><W> फंसने </W><W> से </W><W> 11 </W><W> की </W><W> मौत, </W><W> Ndrf </W><W> के </W><W> रेस्क्यू </W><W> ऑपरेशन </W><W> में </W><W> शव </W><W> बरामद </W></P><P><PLACE-ARG ID="0"><LINK EVENT_ARG="1" ID="13" TYPE_REL="EVENT_ARG"/><W> उत्तरी </W><W> कश्मीर </W><W> के </W><W> सीमांत </W><W> जिले </W><W> कुपवाड़ा </W><W> के </W><W> तंगधार </W><W> सेक्टर </W><W> के </W><W> करीब </W><W> साधना </W><W> टॉप </W></PLACE-ARG><W> पर </W><NATURAL_EVENT ID="1" TYPE="AVALANCHES"><W> हिमस्खलन </W></NATURAL_EVENT><W> की </W><CASUALTIES-ARG ID="2"><LINK EVENT_ARG="1" ID="14" TYPE_REL="EVENT_ARG"/><W> चपेट </W><W> में </W><W> आए </W><W> 11 </W><W> लोगों </W><W> के </W><W> शव </W><W> बरामद </W><W> कर </W></CASUALTIES-ARG><W> लिए </W><W> गए </W><W> हैं। </W><W> रेस्क्यू </W><W> आपरेशन </W><W> में </W><W> दो </W><W> लोगों </W><W> को </W><W> बचाया </W><W> गया </W><W> है, </W><W> जिसमें </W><W> एक </W><W> आठ </W><W> साल </W><W> का </W><W> बच्चा </W><W> है। </W></P><P><W>  कुपवाड़ा </W><W> को </W><W> करनाह </W><W> के </W><W> साथ </W><W> जोड़ने </W><W> वाला </W><W> 75 </W><W> किलोमीटर </W><W> लंबा </W><W> यह </W><W> रास्ता </W><W> बर्फबारी </W><W> के </W><W> बाद </W><W> अधिकतर </W><W> बंद </W><W> रहता </W><W> है </W><W> लेकिन </W><W> इस </W><W> बार </W><W> दिसंबर </W><W> में </W><W> कुछ </W><W> दिन </W><W> बंद </W><W> रहने </W><W> के </W><W> बाद </W><W> इसे </W><W> क्लीयर </W><W> कर </W><W> खोल </W><W> दिया </W><W> गया </W><W> था। </W></P><P><PLACE-ARG ID="3"><LINK EVENT_ARG="5" ID="15" TYPE_REL="EVENT_ARG"/><W> साधना </W><W> टॉप </W><W> के </W><W> करीब </W><W> खूनी </W><W> नाला </W><W> इलाके </W></PLACE-ARG><W> में </W><TIME-ARG ID="4"><LINK EVENT_ARG="5" ID="16" TYPE_REL="EVENT_ARG"/><W> शुक्रवार </W><W> दोपहर </W></TIME-ARG><NATURAL_EVENT ID="5" TYPE="AVALANCHES"><W> दो </W><W> हिमस्खलन </W></NATURAL_EVENT><W> की </W><W> घटनाएं </W><W> सामने </W><W> आई। </W><W> पहली </W><W> घटना </W><W> में </W><W> बॉर्डर </W><W> रोड </W><W> आर्गेनाईजेशन </W><W> (बीआरओ) </W><W> के </W><CASUALTIES-ARG ID="6"><LINK EVENT_ARG="5" ID="17" TYPE_REL="EVENT_ARG"/><W> दो </W><W> अधिकारी </W><W> हिमस्खलन </W><W> की </W><W> चपेट </W><W> में </W></CASUALTIES-ARG><W> आ </W><W> गए। </W></P><P><NATURAL_EVENT ID="8" TYPE="AVALANCHES"><EVENT-COREF-LINK EVENT_ID="5" ID="23" TYPE_REL="EVENT_COREF"/><W> इस </W><W> दौरान </W></NATURAL_EVENT><CASUALTIES-ARG ID="7"><LINK EVENT_ARG="8" ID="18" TYPE_REL="EVENT_ARG"/><W> एक </W><W> अधिकारी </W><W> घायल </W><W> हो </W><W> गया </W><W> जबकि </W><W> एक </W><W> सेक्टर </W><W> कमांडर </W><W> बर्फ </W><W> के </W><W> साथ </W><W> बह </W><W> गया, </W></CASUALTIES-ARG><W> जिसकी </W><W> शिनाख्त </W><W> 109 </W><W> आरसीसी </W><W> के </W><W> एमपी </W><W> सिंह </W><W> के </W><W> तौर </W><W> पर </W><W> हुई </W><W> थी। </W><W> दूसरी </W><W> घटना </W><W> में </W><CASUALTIES-ARG ID="9"><LINK EVENT_ARG="8" ID="19" TYPE_REL="EVENT_ARG"/><W> एक </W><W> पैसेंजर </W><W> सूमो </W><W> (जेके09-3249) </W><PLACE-ARG ID="12"><W> साधना </W><W> टॉप </W><W> के </W><W> पास </W><W> खूनी </W><W> नाले </W><W> इलाके </W></PLACE-ARG><W> में </W><NATURAL_EVENT ID="11" TYPE="AVALANCHES"><EVENT-COREF-LINK EVENT_ID="5" ID="22" TYPE_REL="EVENT_COREF"/><W> हिमस्खलन </W></NATURAL_EVENT><W> की </W><W> चपेट </W><W> में </W></CASUALTIES-ARG><W> आ </W><W> गई। </W></P><P><W> इस </W><W> गाड़ी </W><W> के </W><W> ड्राईवर </W><W> जहूर </W><W> अहमद </W><W> ने </W><W> कूदकर </W><W> जान </W><W> बचाई। </W><W> घटना </W><W> के </W><W> तुरंत </W><W> बाद </W><W> सेना </W><W> की </W><W> एवलांच </W><W> रेस्क्यू </W><W> टीम, </W><W> एसडीआरएफ, </W><W> पुलिस, </W><W> बॉर्डर </W><W> रोड </W><W> आर्गेनाईजेशन </W><W> के </W><W> जवानों </W><W> के </W><W> साथ-साथ </W><W> स्थानीय </W><W> लोगों </W><W> द्वारा </W><W> बड़े </W><W> पैमाने </W><W> पर </W><W> रेस्क्यू </W><W> ऑपरेशन </W><W> शुरू </W><W> किया </W><W> गया। </W></P><P><W> इस </W><W> दौरान </W><W> 11 </W><W> साल </W><W> के </W><W> अब्दुल </W><W> वाहिद </W><W> पर्रे </W><W> को </W><W> जिंदा </W><W> रेस्क्यू </W><W> किया </W><W> गया, </W><W> जिसे </W><W> तुरंत </W><W> श्रीनगर </W><W> के </W><W> एसएमएचएस </W><W> अस्पताल </W><W> रेफर </W><W> किया </W><W> गया। </W><W> रात </W><W> में </W><W> अंधेरा </W><W> और </W><W> खराब </W><W> मौसम </W><W> के </W><W> चलते </W><W> रेस्क्यू </W><W> ऑपरेशन </W><W> स्थगित </W><W> किया </W><W> गया </W><W> था, </W><W> जिसे </W><W> शनिवार </W><W> तड़के </W><W> फिर </W><W> से </W><W> शुरू </W><W> किया </W><W> गया। </W></P><P><W> इस </W><W> दौरान </W><W> गुलाम </W><W> नबी </W><W> भट </W><W> को </W><W> जिंदा </W><W> निकाला </W><W> गया </W><W> और </W><W> उसे </W><W> श्रीनगर </W><W> के </W><W> स्किम्स </W><W> अस्पताल </W><W> रेफर </W><W> किया </W><W> गया। </W><W> करीब </W><W> 24 </W><W> घंटे </W><W> तक </W><W> चले </W><W> ऑपरेशन </W><W> में </W><W> 11 </W><W> शव </W><W> भी </W><W> बरामद </W><W> हुए। </W></P><P><W> जिले </W><W> के </W><W> डिप्टी </W><W> कमिश्नर </W><W> खालिद </W><W> जहांगीर </W><W> ने </W><W> फोन </W><W> पर </W><W> बताया </W><W> कि </W><W> इन </W><W> घटनाओं </W><W> के </W><W> बाद </W><W> तुरंत </W><W> सेना, </W><W> एसडीआरएफ, </W><W> बीआरओ, </W><W> पुलिस </W><W> आदि </W><W> की </W><W> विशेष </W><W> टीमें </W><W> तुरंत </W><W> मौके </W><W> पर </W><W> पहुंचीं </W><W> और </W><W> बचाव </W><W> कार्य </W><W> शुरू </W><W> कर </W><W> दिया।  </W></P><P><W> पवाड़ा </W><W> के </W><W> एसएसपी </W><W> शमशेर </W><W> हुसैन </W><W> ने </W><W> बताया </W><W> कि </W><W> ऑपरेशन </W><W> ख़त्म </W><W> हो </W><W> चुका </W><W> है। </W><W> इस </W><W> दौरान </W><W> 11 </W><W> शव </W><W> बरामद </W><W> किए </W><W> गए </W><W> हैं। </W><W> दो </W><W> लोगों </W><W> को </W><W> जिंदा </W><W> बचाया </W><W> गया </W><W> है, </W><W> जो </W><W> श्रीनगर </W><W> रेफर </W><W> किए </W><W> गए </W><W> हैं </W><W> और </W><W> उनकी </W><W> हालत </W><W> खतरे </W><W> से </W><W> बाहर </W><W> हैं।  </W></P><P><W> इस </W><W> घटना </W><W> को </W><W> लेकर </W><W> शनिवार </W><W> को </W><W> करनाह </W><W> में </W><W> स्थानीय </W><W> लोगों </W><W> द्वारा </W><W> जमकर </W><W> प्रदर्शन </W><W> किया। </W><W> लोगों </W><W> में </W><W> सरकार </W><W> के </W><W> प्रति </W><W> रोष </W><W> था। </W><W> उनका </W><W> कहना </W><W> था </W><W> कि </W><W> सरकार </W><W> केवल </W><W> 10 </W><W> किलोमीटर </W><W> का </W><W> एक </W><W> टनल </W><W> का </W><W> निर्माण </W><W> नहीं </W><W> करवा </W><W> रही </W><W> जो </W><W> हमें </W><W> साल </W><W> भर </W><W> घाटी </W><W> के </W><W> साथ </W><W> जोड़े </W><W> रखेगा।  </W></P></DOCUMENT>