<?xml version="1.0" encoding="UTF-8"?>
<DOCUMENT><DESC/><TIME>2272</TIME><P><W> संवाद </W><W> सहयोगी, </W><PLACE-ARG ID="0"><LINK EVENT_ARG="39" ID="63" TYPE_REL="EVENT_ARG"/><W> चनेड़ </W></PLACE-ARG><W> : </W><PLACE-ARG ID="1"><LINK EVENT_ARG="39" ID="64" TYPE_REL="EVENT_ARG"/><W> पंचायत </W><W> चनेड़ </W></PLACE-ARG><W> में </W><TIME-ARG ID="2"><LINK EVENT_ARG="39" ID="65" TYPE_REL="EVENT_ARG"/><W> रविवार </W><W> दोपहर </W></TIME-ARG><PLACE-ARG ID="40"><LINK EVENT_ARG="39" ID="66" TYPE_REL="EVENT_ARG"/><W> जंगल </W></PLACE-ARG><W> में </W><W> लगी </W><MAN_MADE_EVENT ID="39" TYPE="FIRE"><W> आग </W></MAN_MADE_EVENT><W> से </W><CASUALTIES-ARG ID="4"><LINK EVENT_ARG="39" ID="67" TYPE_REL="EVENT_ARG"/><W> दुकान </W><W> राख </W><W> हो </W><W> गई। </W></CASUALTIES-ARG><MAN_MADE_EVENT ID="27" TYPE="FIRE"><EVENT-COREF-LINK EVENT_ID="39" ID="51" TYPE_REL="EVENT_COREF"/><W> आगजनी </W></MAN_MADE_EVENT><W> में </W><CASUALTIES-ARG ID="6"><LINK EVENT_ARG="27" ID="68" TYPE_REL="EVENT_ARG"/><W> दुकान </W><W> में </W><W> रखा </W><W> सामान </W><W> राख </W><W> हो </W><W> गया। </W></CASUALTIES-ARG></P><P><PLACE-ARG ID="13"><LINK EVENT_ARG="28" ID="69" TYPE_REL="EVENT_ARG"/><W> चनेड़ </W></PLACE-ARG><W> निवासी </W><W> पवन </W><W> पुत्र </W><W> ज्ञानचंद </W><W> ने </W><PLACE-ARG ID="14"><LINK EVENT_ARG="28" ID="70" TYPE_REL="EVENT_ARG"/><W> दुकान </W></PLACE-ARG><W> में </W><W> मकान </W><W> निर्माण </W><W> के </W><W> लिए </W><W> लकड़ी </W><W> रखा </W><W> थी </W><W> लेकिन </W><PLACE-ARG ID="41"><LINK EVENT_ARG="28" ID="71" TYPE_REL="EVENT_ARG"/><W> जंगल </W></PLACE-ARG><W> की </W><MAN_MADE_EVENT ID="28" TYPE="FIRE"><EVENT-COREF-LINK EVENT_ID="39" ID="52" TYPE_REL="EVENT_COREF"/><W> आग </W></MAN_MADE_EVENT><W> ने </W><W> पल </W><W> भर </W><W> में </W><W> पवन </W><W> की </W><W> मेहनत </W><W> पर </W><W> आग </W><W> लगा </W><W> दी। </W><W> लकड़ी </W><W> की </W><W> कीमत </W><W> करीब </W><W> 60 </W><W> हजार </W><W> रुपये </W><W> बताई </W><W> जा </W><W> रही </W><W> है। </W><AFTER_EFFECTS-ARG ID="16"><LINK EVENT_ARG="29" ID="72" TYPE_REL="EVENT_ARG"/><W> अग्निशमन </W><W> विभाग </W><W> की </W><W> टीम </W><W> ने </W><W> मौके </W><W> पर </W><W> पहुंचकर </W><W> आग </W><W> बुझाने </W><W> का </W><W> प्रयास </W><W> किया </W></AFTER_EFFECTS-ARG><W> लेकिन </W><PLACE-ARG ID="42"><LINK EVENT_ARG="29" ID="73" TYPE_REL="EVENT_ARG"/><W> सूखे </W><W> जंगल </W></PLACE-ARG><W> में </W><MAN_MADE_EVENT ID="29" TYPE="FIRE"><EVENT-COREF-LINK EVENT_ID="39" ID="53" TYPE_REL="EVENT_COREF"/><W> आग </W></MAN_MADE_EVENT><W> इतनी </W><W> तेजी </W><W> से </W><W> लगी </W><W> हुई </W><W> थी </W><W> उस </W><W> पर </W><W> काबू </W><W> पाना </W><W> मुश्किल </W><W> हो </W><W> गया। </W></P><P><TIME-ARG ID="17"><LINK EVENT_ARG="30" ID="74" TYPE_REL="EVENT_ARG"/><W> रविवार </W><W> सुबह </W></TIME-ARG><W> जब </W><W> लोग </W><W> उठे </W><W> तो </W><PLACE-ARG ID="43"><LINK EVENT_ARG="30" ID="75" TYPE_REL="EVENT_ARG"/><W> जंगल </W></PLACE-ARG><W> में </W><MAN_MADE_EVENT ID="30" TYPE="FIRE"><EVENT-COREF-LINK EVENT_ID="39" ID="54" TYPE_REL="EVENT_COREF"/><W> आग </W></MAN_MADE_EVENT><W> लगी </W><W> हुई </W><W> थी। </W><W> इस </W><W> पर </W><W> लोगों </W><W> ने </W><W> अग्निशमन </W><W> विभाग </W><W> को </W><W> सूचना </W><W> दी </W><W> लेकिन </W><W> जब </W><W> तक </W><W> अग्निशमन </W><W> वाहन </W><W> पहुंचता </W><W> तब </W><W> तक </W><CASUALTIES-ARG ID="20"><LINK EVENT_ARG="30" ID="76" TYPE_REL="EVENT_ARG"/><W> दुकान </W><W> जलकर </W><W> राख </W><W> हो </W><W> चुकी </W><W> थी। </W></CASUALTIES-ARG><W> वहीं </W><W> लोगों </W><W> ने </W><W> मुस्तैदी </W><W> दिखाते </W><W> हुए </W><PLACE-ARG ID="44"><LINK EVENT_ARG="46" ID="77" TYPE_REL="EVENT_ARG"/><W> लकड़ी </W><W> से </W><W> बने </W><W> पंचायतघर </W></PLACE-ARG><W> को </W><W> बचा </W><W> लिया। </W><W> लोगों </W><W> ने </W><PLACE-ARG ID="45"><LINK EVENT_ARG="46" ID="78" TYPE_REL="EVENT_ARG"/><W> पंचायतघर </W></PLACE-ARG><W> के </W><W> पास </W><W> पहुंची </W><MAN_MADE_EVENT ID="46" TYPE="FIRE"><EVENT-COREF-LINK EVENT_ID="39" ID="55" TYPE_REL="EVENT_COREF"/><W> आग </W></MAN_MADE_EVENT><W> पर </W><W> कड़ी </W><W> मशक्कत </W><W> के </W><W> बाद </W><W> काबू </W><W> पाया। </W></P><P><PLACE-ARG ID="21"><LINK EVENT_ARG="31" ID="79" TYPE_REL="EVENT_ARG"/><W> पंचायत </W><W> चनेड़ </W><W> व </W><W> भनोता </W></PLACE-ARG><W> में </W><PLACE-ARG ID="47"><LINK EVENT_ARG="31" ID="80" TYPE_REL="EVENT_ARG"/><W> जंगल </W></PLACE-ARG><W> की </W><MAN_MADE_EVENT ID="31" TYPE="FIRE"><EVENT-COREF-LINK EVENT_ID="39" ID="56" TYPE_REL="EVENT_COREF"/><W> आग </W></MAN_MADE_EVENT><W> लोगों </W><W> के </W><W> लिए </W><W> परेशानी </W><W> का </W><W> सबब </W><W> बन </W><W> रही </W><W> है। </W><TIME-ARG ID="23"><LINK EVENT_ARG="31" ID="81" TYPE_REL="EVENT_ARG"/><W> शनिवार </W><W> शाम </W></TIME-ARG><W> भी </W><PLACE-ARG ID="24"><LINK EVENT_ARG="31" ID="82" TYPE_REL="EVENT_ARG"/><W> पुखरी </W><W> पंचायत </W><W> के </W><W> भूमणी </W><W> गांव </W></PLACE-ARG><W> में </W><CASUALTIES-ARG ID="25"><LINK EVENT_ARG="31" ID="83" TYPE_REL="EVENT_ARG"/><W> एक </W><W> गोशाला </W><W> जल </W><W> गई </W><W> थी। </W></CASUALTIES-ARG><W> लोगों </W><W> ने </W><W> मांग </W><W> की </W><W> है </W><W> कि </W><PLACE-ARG ID="48"><LINK EVENT_ARG="32" ID="84" TYPE_REL="EVENT_ARG"/><W> जंगलों </W></PLACE-ARG><W> में </W><MAN_MADE_EVENT ID="32" TYPE="FIRE"><EVENT-COREF-LINK EVENT_ID="39" ID="57" TYPE_REL="EVENT_COREF"/><W> आग </W></MAN_MADE_EVENT><W> लगाने </W><W> वालों </W><W> के </W><W> खिलाफ </W><W> कड़ी </W><W> कार्रवाई </W><W> की </W><W> जाए। </W></P><P><PLACE-ARG ID="86"><LINK EVENT_ARG="33" ID="87" TYPE_REL="EVENT_ARG"/><W> जंगल </W></PLACE-ARG><W> में </W><MAN_MADE_EVENT ID="33" TYPE="FIRE"><EVENT-COREF-LINK EVENT_ID="39" ID="58" TYPE_REL="EVENT_COREF"/><W> आग </W></MAN_MADE_EVENT><W> लगने </W><W> की </W><W> सूचना </W><W> मिलते </W><W> ही </W><W> अग्निशमन </W><W> विभाग </W><W> को </W><W> सूचित </W><W> कर </W><W> दिया </W><W> था। </W><W> अग्निशमन </W><W> विभाग </W><W> ने </W><MAN_MADE_EVENT ID="34" TYPE="FIRE"><EVENT-COREF-LINK EVENT_ID="39" ID="59" TYPE_REL="EVENT_COREF"/><W> आग </W></MAN_MADE_EVENT><W> पर </W><W> काबू </W><W> पाने </W><W> का </W><W> प्रयास </W><W> किया </W><W> लेकिन </W><CASUALTIES-ARG ID="88"><LINK EVENT_ARG="33" ID="89" TYPE_REL="EVENT_ARG"/><W> दुकान </W><W> राख </W><W> हो </W><W> गई। </W></CASUALTIES-ARG><MAN_MADE_EVENT ID="35" TYPE="FIRE"><EVENT-COREF-LINK EVENT_ID="39" ID="61" TYPE_REL="EVENT_COREF"/><W> आगजनी </W></MAN_MADE_EVENT><W> में </W><W> हुए </W><W> नुकसान </W><W> का </W><W> आकलन </W><W> किया </W><W> जाएगा। </W></P><P><PLACE-ARG ID="50"><LINK EVENT_ARG="36" ID="85" TYPE_REL="EVENT_ARG"/><W> जंगल </W></PLACE-ARG><W> की </W><MAN_MADE_EVENT ID="36" TYPE="FIRE"><EVENT-COREF-LINK EVENT_ID="39" ID="60" TYPE_REL="EVENT_COREF"/><W> आग </W></MAN_MADE_EVENT><W> से </W><W> हुए </W><AFTER_EFFECTS-ARG ID="90"><LINK EVENT_ARG="36" ID="91" TYPE_REL="EVENT_ARG"/><W> नुकसान </W><W> का </W><W> आकलन </W><W> किया </W><W> जाएगा </W><W> तथा </W><W> प्रभावित </W><W> दुकानदार </W><W> को </W><W> राहत </W><W> राशि </W><W> दी </W><W> जाएगी </W></AFTER_EFFECTS-ARG><W> । </W><MAN_MADE_EVENT ID="37" TYPE="FIRE"><W> आग </W></MAN_MADE_EVENT><W> की </W><AFTER_EFFECTS-ARG ID="92"><LINK EVENT_ARG="37" ID="93" TYPE_REL="EVENT_ARG"/><W> घटनाओं </W><W> के </W><W> बारे </W><W> में </W><W> भी </W><W> जानकारी </W><W> जुटाई </W><W> जा </W><W> रही </W></AFTER_EFFECTS-ARG><W> कि </W><W> आखिर </W><PLACE-ARG ID="49"><W> जंगल </W></PLACE-ARG><W> में </W><MAN_MADE_EVENT ID="38" TYPE="FIRE"><EVENT-COREF-LINK EVENT_ID="39" ID="62" TYPE_REL="EVENT_COREF"/><W> आग </W></MAN_MADE_EVENT><W> लगाने </W><W> वाले </W><W> कौन </W><W> लोग </W><W> हैं, </W><W> ताकि </W><W> कार्रवाई </W><W> की </W><W> जा </W><W> सके। </W></P></DOCUMENT>