<?xml version="1.0" encoding="UTF-8"?>
<DOCUMENT><DESC/><TIME>1179</TIME><P><MAN_MADE_EVENT ID="0" TYPE="TRAIN_COLLISION"><W> 'बेपटरी' </W><W> होती </W><W> ट्रेन, </W></MAN_MADE_EVENT><AFTER_EFFECTS-ARG ID="1"><LINK EVENT_ARG="0" ID="67" TYPE_REL="EVENT_ARG"/><W> खत्म </W><W> होती </W><W> जिंदगीः </W></AFTER_EFFECTS-ARG><TIME-ARG ID="30"><LINK EVENT_ARG="0" ID="68" TYPE_REL="EVENT_ARG"/><W> 5 </W><W> साल </W></TIME-ARG><W> के </W><W> आंकड़े </W><W> चौंकाने </W><W> वाले </W><W> । </W></P><P><W> रेलवे </W><W> के </W><W> सुरक्षा </W><W> ढांचे </W><W> को </W><W> बेहतर </W><W> बनाने </W><W> के </W><W> प्रयासों </W><W> के </W><W> बावजूद </W><MAN_MADE_EVENT ID="2" TYPE="TRAIN_COLLISION"><EVENT-COREF-LINK EVENT_ID="0" ID="52" TYPE_REL="EVENT_COREF"/><W> पटरी </W><W> से </W><W> उतरने </W><W> के </W><W> कारण </W><W> होनेवाली </W><W> दुर्घटनाएं </W></MAN_MADE_EVENT><W> लगातार </W><W> हो </W><W> रही </W><TIME-ARG ID="29"><LINK EVENT_ARG="2" ID="69" TYPE_REL="EVENT_ARG"/><W> हैं। </W><W> पांच </W><W> साल </W></TIME-ARG><W> के </W><W> आकड़े </W><W> चौंकाने </W><W> वाले </W><W> हैं।  </W></P><P><W> रेलवे </W><W> के </W><W> सुरक्षा </W><W> ढांचे </W><W> को </W><W> बेहतर </W><W> बनाने </W><W> के </W><W> प्रयासों </W><W> के </W><W> बावजूद </W><MAN_MADE_EVENT ID="3" TYPE="TRAIN_COLLISION"><EVENT-COREF-LINK EVENT_ID="0" ID="53" TYPE_REL="EVENT_COREF"/><W> पटरी </W><W> से </W><W> उतरने </W><W> के </W><W> कारण </W><W> होनेवाली </W><W> दुर्घटनाएं </W></MAN_MADE_EVENT><W> लगातार </W><W> हो </W><W> रही </W><W> हैं। </W><MAN_MADE_EVENT ID="4" TYPE="TRAIN_COLLISION"><EVENT-COREF-LINK EVENT_ID="0" ID="54" TYPE_REL="EVENT_COREF"/><W> उत्कल </W><W> एक्सप्रेस </W><W> दुर्घटना </W></MAN_MADE_EVENT><W> सहित </W><TIME-ARG ID="28"><LINK EVENT_ARG="4" ID="70" TYPE_REL="EVENT_ARG"/><W> पिछले </W><W> पांच </W><W> साल </W></TIME-ARG><W> में </W><PLACE-ARG ID="36"><LINK EVENT_ARG="6" ID="71" TYPE_REL="EVENT_ARG"/><W> देश </W></PLACE-ARG><W> में </W><INTENSITY-ARG ID="47"><LINK EVENT_ARG="6" ID="72" TYPE_REL="EVENT_ARG"/><W> 586 </W></INTENSITY-ARG><MAN_MADE_EVENT ID="6" TYPE="TRAIN_COLLISION"><EVENT-COREF-LINK EVENT_ID="0" ID="55" TYPE_REL="EVENT_COREF"/><W> रेल </W><W> धुर्टनाएं </W></MAN_MADE_EVENT><W> हुई </W><W> हैं, </W><W> जिनमें </W><INTENSITY-ARG ID="48"><LINK EVENT_ARG="7" ID="73" TYPE_REL="EVENT_ARG"/><W> करीब </W><W> 53 </W><W> फीसदी </W></INTENSITY-ARG><MAN_MADE_EVENT ID="7" TYPE="TRAIN_COLLISION"><EVENT-COREF-LINK EVENT_ID="0" ID="75" TYPE_REL="EVENT_COREF"/><W> घटनाएं </W></MAN_MADE_EVENT><REASON-ARG ID="56"><LINK EVENT_ARG="7" ID="74" TYPE_REL="EVENT_ARG"/><W> ट्रेन </W><W> के </W><W> पटरी </W><W> से </W><W> उतरने </W><W> के </W><W> कारण </W></REASON-ARG><W> हुई। </W></P><P><PLACE-ARG ID="37"><LINK EVENT_ARG="9" ID="76" TYPE_REL="EVENT_ARG"/><W> पश्चिमी </W><W> उत्तर </W><W> प्रदेश </W><W> के </W><W> मुजफ्फरनगर </W><W> जिले </W></PLACE-ARG><W> में </W><TIME-ARG ID="27"><LINK EVENT_ARG="9" ID="77" TYPE_REL="EVENT_ARG"/><W> शनिवार </W><W> शाम </W></TIME-ARG><PARTICIPANT-ARG ID="40"><LINK EVENT_ARG="9" ID="78" TYPE_REL="EVENT_ARG"/><W> उत्कल </W><W> एक्सप्रेस </W><W> के </W><W> 14 </W><W> डिब्बे </W></PARTICIPANT-ARG><MAN_MADE_EVENT ID="9" TYPE="TRAIN_COLLISION"><EVENT-COREF-LINK EVENT_ID="0" ID="57" TYPE_REL="EVENT_COREF"/><W> पटरी </W><W> से </W><W> उतर </W><W> गए, </W></MAN_MADE_EVENT><W> जिसमें </W><CASUALTIES-ARG ID="22"><LINK EVENT_ARG="9" ID="79" TYPE_REL="EVENT_ARG"/><W> 20 </W><W> से </W><W> अधिक </W><W> लोगों </W><W> की </W><W> मौत </W><W> हो </W><W> गई, </W><W> जबकि </W><W> 156 </W><W> अन्य </W><W> घायल </W></CASUALTIES-ARG><W> हो </W><W> गए। </W></P><P><W> आधिकारिक </W><W> आंकड़ों </W><W> के </W><W> अनुसार </W><TIME-ARG ID="31"><LINK EVENT_ARG="10" ID="80" TYPE_REL="EVENT_ARG"/><W> पिछले </W><W> पांच </W><W> साल </W></TIME-ARG><W> में </W><INTENSITY-ARG ID="49"><LINK EVENT_ARG="10" ID="81" TYPE_REL="EVENT_ARG"/><W> 586 </W></INTENSITY-ARG><MAN_MADE_EVENT ID="10" TYPE="TRAIN_COLLISION"><EVENT-COREF-LINK EVENT_ID="0" ID="58" TYPE_REL="EVENT_COREF"/><W> रेल </W><W> दुर्घटनाएं </W></MAN_MADE_EVENT><W> हुई </W><W> हैं। </W><W> इनमें </W><INTENSITY-ARG ID="50"><LINK EVENT_ARG="10" ID="82" TYPE_REL="EVENT_ARG"/><W> से </W><W> 53 </W><W> फीसदी </W></INTENSITY-ARG><W> घटनाओं </W><W> का </W><W> कारण </W><REASON-ARG ID="21"><LINK EVENT_ARG="10" ID="83" TYPE_REL="EVENT_ARG"/><W> ट्रेन </W><W> का </W><W> पटरी </W><W> से </W><W> उतरना </W></REASON-ARG><W> रहा </W><W> है। </W><TIME-ARG ID="32"><LINK EVENT_ARG="11" ID="84" TYPE_REL="EVENT_ARG"/><W> नवंबर </W><W> 2014 </W><W> से </W><W> अभी </W><W> तक </W></TIME-ARG><INTENSITY-ARG ID="51"><LINK EVENT_ARG="11" ID="85" TYPE_REL="EVENT_ARG"/><W> 20 </W></INTENSITY-ARG><MAN_MADE_EVENT ID="11" TYPE="TRAIN_COLLISION"><EVENT-COREF-LINK EVENT_ID="0" ID="59" TYPE_REL="EVENT_COREF"/><W> रेल </W><W> दुर्घटनाएं </W></MAN_MADE_EVENT><W> हुई </W><W> हैं, </W><W> जिनमें </W><W> से </W><W> कई </W><W> साधारण </W><MAN_MADE_EVENT ID="12" TYPE="TRAIN_COLLISION"><EVENT-COREF-LINK EVENT_ID="0" ID="60" TYPE_REL="EVENT_COREF"/><W> घटनाएं </W></MAN_MADE_EVENT><W> थीं। </W></P><P><W> सबसे </W><W> भीषण </W><MAN_MADE_EVENT ID="13" TYPE="TRAIN_COLLISION"><EVENT-COREF-LINK EVENT_ID="0" ID="61" TYPE_REL="EVENT_COREF"/><W> दुर्घटना </W></MAN_MADE_EVENT><TIME-ARG ID="33"><LINK EVENT_ARG="13" ID="86" TYPE_REL="EVENT_ARG"/><W> 20 </W><W> नवंबर </W><W> 2016 </W></TIME-ARG><W> को </W><PARTICIPANT-ARG ID="42"><LINK EVENT_ARG="15" ID="87" TYPE_REL="EVENT_ARG"/><W> इंदौर-पटना </W><W> एक्सप्रेस </W></PARTICIPANT-ARG><W> के </W><PLACE-ARG ID="38"><LINK EVENT_ARG="15" ID="88" TYPE_REL="EVENT_ARG"/><W> कानपुर </W><W> के </W><W> पास </W></PLACE-ARG><MAN_MADE_EVENT ID="15" TYPE="TRAIN_COLLISION"><EVENT-COREF-LINK EVENT_ID="0" ID="62" TYPE_REL="EVENT_COREF"/><W> पटरी </W><W> से </W><W> उतरने </W></MAN_MADE_EVENT><W> की </W><W> थी, </W><CASUALTIES-ARG ID="23"><LINK EVENT_ARG="15" ID="89" TYPE_REL="EVENT_ARG"/><W> जिसमें </W><W> 150 </W><W> लोग </W><W> मारे </W><W> गए </W><W> और </W><W> 150 </W><W> से </W><W> अधिक </W><W> लोग </W><W> घायल </W></CASUALTIES-ARG><TIME-ARG ID="34"><LINK EVENT_ARG="16" ID="91" TYPE_REL="EVENT_ARG"/><W> हुए। </W><W> 12 </W><W> सितंबर </W><W> 2015 </W></TIME-ARG><W> को </W><PARTICIPANT-ARG ID="43"><LINK EVENT_ARG="16" ID="90" TYPE_REL="EVENT_ARG"/><W> कालका </W><W> से </W><W> शिमला </W><W> जाने </W><W> वाली </W><W> शिवालिक </W><W> क्वीन </W></PARTICIPANT-ARG><MAN_MADE_EVENT ID="16" TYPE="TRAIN_COLLISION"><EVENT-COREF-LINK EVENT_ID="0" ID="63" TYPE_REL="EVENT_COREF"/><W> पटरी </W><W> से </W><W> उतर </W><W> गई </W></MAN_MADE_EVENT><W> थी, </W><W> इसमें </W><CASUALTIES-ARG ID="24"><LINK EVENT_ARG="43" ID="92" TYPE_REL="EVENT_ARG"/><W> दो </W><W> पर्यटकों </W><W> की </W><W> मौत </W><W> हुई </W><W> थी </W><W> और </W><W> 15 </W><W> अन्य </W><W> घायल </W></CASUALTIES-ARG><W> हुए </W><W> थे। </W></P><P><TIME-ARG ID="35"><LINK EVENT_ARG="17" ID="93" TYPE_REL="EVENT_ARG"/><W> 4 </W><W> अगस्त </W><W> 2015 </W></TIME-ARG><W> को </W><PARTICIPANT-ARG ID="44"><LINK EVENT_ARG="17" ID="94" TYPE_REL="EVENT_ARG"/><W> कामायनी </W><W> एक्सप्रेस </W><W> और </W><W> जनता </W><W> एक्सप्रेस </W></PARTICIPANT-ARG><W> की </W><W> हुई </W><MAN_MADE_EVENT ID="17" TYPE="TRAIN_COLLISION"><EVENT-COREF-LINK EVENT_ID="0" ID="64" TYPE_REL="EVENT_COREF"/><W> दोहरी </W><W> रेल </W><W> दुर्घटना </W></MAN_MADE_EVENT><W> में </W><CASUALTIES-ARG ID="25"><LINK EVENT_ARG="24" ID="95" TYPE_REL="EVENT_ARG"/><W> 31 </W><W> लोगों </W><W> की </W><W> मौत </W></CASUALTIES-ARG><W> हुई </W><W> थी, </W><W> जबकि </W><CASUALTIES-ARG ID="26"><LINK EVENT_ARG="17" ID="96" TYPE_REL="EVENT_ARG"/><W> 100 </W><W> से </W><W> अधिक </W><W> घायल </W></CASUALTIES-ARG><W> हो </W><W> गए </W><W> थे। </W><PARTICIPANT-ARG ID="45"><LINK EVENT_ARG="18" ID="97" TYPE_REL="EVENT_ARG"/><W> दोनों </W><W> ट्रेन </W></PARTICIPANT-ARG><MAN_MADE_EVENT ID="18" TYPE="TRAIN_COLLISION"><EVENT-COREF-LINK EVENT_ID="0" ID="65" TYPE_REL="EVENT_COREF"/><W> पटरी </W><W> से </W><W> उतर </W><W> गई </W><W> थीं। </W></MAN_MADE_EVENT><W> इससे </W><W> पहले </W><W> भी </W><REASON-ARG ID="20"><LINK EVENT_ARG="19" ID="98" TYPE_REL="EVENT_ARG"/><W> पटरी </W><W> से </W><W> उतरने </W><W> की </W><W> वजह </W><W> से </W></REASON-ARG><PARTICIPANT-ARG ID="46"><LINK EVENT_ARG="19" ID="99" TYPE_REL="EVENT_ARG"/><W> कई </W><W> ट्रेन </W></PARTICIPANT-ARG><MAN_MADE_EVENT ID="19" TYPE="TRAIN_COLLISION"><EVENT-COREF-LINK EVENT_ID="0" ID="66" TYPE_REL="EVENT_COREF"/><W> दुर्घटनाग्रस्त </W></MAN_MADE_EVENT><W> हुई, </W><W> जिसमें </W><CASUALTIES-ARG ID="39"><LINK EVENT_ARG="19" ID="100" TYPE_REL="EVENT_ARG"/><W> काफी </W><W> लोगों </W><W> की </W><W> मौत </W></CASUALTIES-ARG><W> हुई। </W></P></DOCUMENT>