<?xml version="1.0" encoding="UTF-8"?>
<DOCUMENT><DESC/><TIME>2372</TIME><P><PLACE-ARG ID="0"><LINK EVENT_ARG="19" ID="43" TYPE_REL="EVENT_ARG"/><W> झारखंड </W><W> के </W><W> रामगढ़ </W></PLACE-ARG><W> में </W><W> बड़ा </W><MAN_MADE_EVENT ID="19" TYPE="VEHICULAR_COLLISION"><EVENT-COREF-LINK EVENT_ID="5" ID="33" TYPE_REL="EVENT_COREF"/><W> हादसा, </W></MAN_MADE_EVENT><CASUALTIES-ARG ID="1"><LINK EVENT_ARG="19" ID="44" TYPE_REL="EVENT_ARG"/><W> एक </W><W> ही </W><W> परिवार </W><W> के </W><W> 10 </W><W> लोगों </W><W> की </W><W> मौत </W></CASUALTIES-ARG><W> ।  </W></P><P><PLACE-ARG ID="2"><LINK EVENT_ARG="5" ID="45" TYPE_REL="EVENT_ARG"/><W> झारखंड </W><W> की </W><W> राजधानी </W><W> रांची </W><W> के </W><W> एनएच </W><W> 33 </W></PLACE-ARG><W> पर </W><W> एक </W><PARTICIPANT-ARG ID="3"><LINK EVENT_ARG="5" ID="46" TYPE_REL="EVENT_ARG"/><W> ट्रक </W></PARTICIPANT-ARG><W> और </W><PARTICIPANT-ARG ID="4"><W> इनोवा </W><W> गाड़ी </W></PARTICIPANT-ARG><MAN_MADE_EVENT ID="5" TYPE="VEHICULAR_COLLISION"><W> आपस </W><W> में </W><W> भिड़ </W><W> गई। </W></MAN_MADE_EVENT><MAN_MADE_EVENT ID="6" TYPE="VEHICULAR_COLLISION"><EVENT-COREF-LINK EVENT_ID="5" ID="34" TYPE_REL="EVENT_COREF"/><W> टक्कर </W></MAN_MADE_EVENT><W> इतनी </W><INTENSITY-ARG ID="7"><LINK EVENT_ARG="6" ID="48" TYPE_REL="EVENT_ARG"/><W> जबर्दस्त </W></INTENSITY-ARG><W> थी </W><W> कि </W><W> इसमें </W><CASUALTIES-ARG ID="8"><LINK EVENT_ARG="6" ID="49" TYPE_REL="EVENT_ARG"/><W> 10 </W><W> लोगों </W><W> की </W><W> मौत </W></CASUALTIES-ARG><W> हो </W><W> गई </W><W> है। </W><W> जानकारी </W><W> के </W><W> अनुसार </W><W> सभी </W><W> मृतक </W><W> एक </W><W> ही </W><W> परिवार </W><W> के </W><W> सदस्य </W><W> थे। </W><MAN_MADE_EVENT ID="9" TYPE="VEHICULAR_COLLISION"><EVENT-COREF-LINK EVENT_ID="5" ID="35" TYPE_REL="EVENT_COREF"/><W> हादसे </W></MAN_MADE_EVENT><W> में </W><AFTER_EFFECTS-ARG ID="11"><LINK EVENT_ARG="9" ID="50" TYPE_REL="EVENT_ARG"/><W> परिवार </W><W> के </W><W> किसी </W><W> भी </W><W> सदस्य </W><W> की </W><W> जान </W><W> नहीं </W><W> बची </W><W> है। </W></AFTER_EFFECTS-ARG><CASUALTIES-ARG ID="10"><LINK EVENT_ARG="9" ID="51" TYPE_REL="EVENT_ARG"/><W> मतृकों </W><W> में </W><W> रांची </W><W> के </W><W> हटिया </W><W> के </W><W> रेलवे </W><W> कालोनी </W><W> में </W><W> रहने </W><W> वाली </W><W> दो </W><W> महिलाएं, </W><W> तीन </W><W> बच्चे, </W><W> सेवानिवृत्त </W><W> रेलकर्मी </W><W> का </W><W> एक </W><W> बेटा, </W><W> दो </W><W> बेटी, </W><W> दामाद </W><W> और </W><W> तीन </W><W> पोता-पोती </W><W> और </W><W> चालक </W><W> शामिल </W><W> हैं। </W></CASUALTIES-ARG></P><P><AFTER_EFFECTS-ARG ID="12"><LINK EVENT_ARG="20" ID="52" TYPE_REL="EVENT_ARG"/><W> सभी </W><W> मृतकों </W><W> के </W><W> शवों </W><W> को </W><W> रामगढ़ </W><W> के </W><W> सदर </W><W> अस्पताल </W><W> में </W><W> रखा </W><W> गया </W><W> है। </W></AFTER_EFFECTS-ARG><W> बताया </W><W> जा </W><W> रहा </W><W> है </W><W> कि </W><PLACE-ARG ID="16"><LINK EVENT_ARG="20" ID="53" TYPE_REL="EVENT_ARG"/><W> पटना </W><W> के </W><W> एनएच-33 </W><W> फोरलेन </W><W> पर </W><W> कुजू </W><W> ओपी </W><W> क्षेत्र </W><W> के </W><W> पैंकी </W><W> मोड़ </W><W> के </W><W> पास </W></PLACE-ARG><TIME-ARG ID="17"><LINK EVENT_ARG="20" ID="54" TYPE_REL="EVENT_ARG"/><W> शनिवार </W><W> सुबह </W></TIME-ARG><PARTICIPANT-ARG ID="26"><LINK EVENT_ARG="20" ID="55" TYPE_REL="EVENT_ARG"/><W> इनोवा </W><W> कार </W><W> और </W><W> ट्रक </W></PARTICIPANT-ARG><W> के </W><W> बीत </W><MAN_MADE_EVENT ID="20" TYPE="VEHICULAR_COLLISION"><EVENT-COREF-LINK EVENT_ID="5" ID="36" TYPE_REL="EVENT_COREF"/><W> आमने-सामने </W><W> टक्कर </W></MAN_MADE_EVENT><W> हो </W><W> गई। </W><MAN_MADE_EVENT ID="21" TYPE="VEHICULAR_COLLISION"><EVENT-COREF-LINK EVENT_ID="5" ID="37" TYPE_REL="EVENT_COREF"/><W> हादसे </W></MAN_MADE_EVENT><W> में </W><CASUALTIES-ARG ID="32"><LINK EVENT_ARG="21" ID="56" TYPE_REL="EVENT_ARG"/><W> चालक </W><W> सहित </W><W> इनोवा </W><W> कार </W><W> में </W><W> सवार </W><W> सभी </W><W> दस </W><W> लोगों </W><W> की </W><W> घटनास्थल </W><W> पर </W><W> मौत </W></CASUALTIES-ARG><W> हो </W><W> गई। </W><W> कार </W><W> में </W><W> सवार </W><W> लोग </W><W> बिहार </W><W> के </W><W> बक्सर </W><W> के </W><W> गांव </W><W> से </W><W> बच्चे </W><W> का </W><W> मुंडन </W><W> कराकर </W><W> वापस </W><W> रांची </W><W> लौट </W><W> रहे </W><W> थे। </W></P><P><W> कार </W><W> और </W><W> ट्रक </W><W> के </W><W> बीच </W><MAN_MADE_EVENT ID="23" TYPE="VEHICULAR_COLLISION"><EVENT-COREF-LINK EVENT_ID="5" ID="38" TYPE_REL="EVENT_COREF"/><W> टक्कर </W></MAN_MADE_EVENT><W> इतनी </W><W> जबरदस्त </W><W> थी </W><W> कि </W><AFTER_EFFECTS-ARG ID="13"><LINK EVENT_ARG="23" ID="57" TYPE_REL="EVENT_ARG"/><W> इनोवा </W><W> कार </W><W> के </W><W> इंजन </W><W> सहित </W><W> परखच्चे </W><W> उड़ </W><W> गए। </W></AFTER_EFFECTS-ARG><W> यह </W><MAN_MADE_EVENT ID="22" TYPE="VEHICULAR_COLLISION"><EVENT-COREF-LINK EVENT_ID="5" ID="39" TYPE_REL="EVENT_COREF"/><W> घटना </W></MAN_MADE_EVENT><TIME-ARG ID="18"><LINK EVENT_ARG="22" ID="58" TYPE_REL="EVENT_ARG"/><W> लगभग </W><W> सुबह </W><W> साढ़े </W><W> चार </W><W> बजे </W></TIME-ARG><W> की </W><W> है। </W><PARTICIPANT-ARG ID="29"><LINK EVENT_ARG="24" ID="59" TYPE_REL="EVENT_ARG"/><W> तेज </W><W> रफ्तार </W><W> से </W><W> हजारीबाग </W><W> की </W><W> तरफ </W><W> आ </W><W> रही </W><W> इनोवा </W><W> कार </W></PARTICIPANT-ARG><W> ने </W><PARTICIPANT-ARG ID="30"><LINK EVENT_ARG="14" ID="60" TYPE_REL="EVENT_ARG"/><W> सामने </W><W> से </W><W> आ </W><W> रहे </W><W> ट्रक </W></PARTICIPANT-ARG><W> को </W><MAN_MADE_EVENT ID="24" TYPE="VEHICULAR_COLLISION"><EVENT-COREF-LINK EVENT_ID="5" ID="40" TYPE_REL="EVENT_COREF"/><W> टक्कर </W><W> मार </W><W> दी। </W></MAN_MADE_EVENT><MAN_MADE_EVENT ID="31" TYPE="VEHICULAR_COLLISION"><EVENT-COREF-LINK EVENT_ID="5" ID="41" TYPE_REL="EVENT_COREF"/><W> घटना </W></MAN_MADE_EVENT><W> के </W><W> बाद </W><AFTER_EFFECTS-ARG ID="14"><LINK EVENT_ARG="31" ID="61" TYPE_REL="EVENT_ARG"/><W> मौके </W><W> पर </W><W> पहुंची </W><W> पुलिस </W><W> ने </W><W> दबे </W><W> हुए </W><W> सभी </W><W> मृतकों </W><W> को </W><W> स्थानीय </W><W> नागरिकों </W><W> की </W><W> मदद </W><W> से </W><W> बाहर </W><W> निकाला। </W><W> सभी </W><W> के </W><W> शवों </W><W> को </W><W> पोस्टमार्टम </W><W> के </W><W> लिए </W><W> अस्पताल </W><W> भेज </W><W> दिया </W><W> गया </W><W> है। </W></AFTER_EFFECTS-ARG></P><P><AFTER_EFFECTS-ARG ID="15"><LINK EVENT_ARG="31" ID="62" TYPE_REL="EVENT_ARG"/><W> मृतक </W><W> के </W><W> पास </W><W> मिले </W><W> मोबाइल </W><W> से </W><W> संपर्क </W><W> करके </W><W> पुविस </W><W> ने </W><W> उनके </W><W> परिजनों </W><W> को </W><W> घटना </W><W> के </W><W> बारे </W><W> में </W><W> जानकारी </W><W> दी। </W></AFTER_EFFECTS-ARG><W> सेवानिवृत्त </W><W> रेलकर्मी </W><W> सत्यनारायण </W><W> सिंह </W><W> के </W><W> छोटे </W><W> बेट </W><W> ने </W><W> बताया </W><W> कि </W><W> उनके </W><W> दोनों </W><W> जीजा </W><W> और </W><W> बहनें </W><W> रांची </W><W> में </W><W> रहते </W><W> हैं। </W><W> उनके </W><W> बड़े </W><W> जीजा </W><W> मंटू </W><W> सिंह </W><W> भारतीय </W><W> सेना </W><W> में </W><W> थे। </W><W> वे </W><W> छुट्टी </W><W> लेकर </W><W> अपने </W><W> भांजे </W><W> रौनक </W><W> का </W><W> मुंडन </W><W> करवाने </W><W> के </W><W> लिए </W><W> बक्सर </W><W> आए </W><W> हुए </W><W> थे। </W><W> मुंडन </W><W> संस्कार </W><W> खत्म </W><W> होने </W><W> के </W><W> बाद </W><W> इनोवा </W><W> से </W><W> पूरा </W><W> परिवार </W><W> घर </W><W> लौट </W><W> रहा </W><W> था </W><W> तभी </W><W> यह </W><MAN_MADE_EVENT ID="25" TYPE="VEHICULAR_COLLISION"><EVENT-COREF-LINK EVENT_ID="5" ID="42" TYPE_REL="EVENT_COREF"/><W> हादसा </W></MAN_MADE_EVENT><W> हो </W><W> गया। </W></P></DOCUMENT>