<?xml version="1.0" encoding="UTF-8"?>
<DOCUMENT><DESC/><TIME>337</TIME><P><PLACE-ARG ID="0"><LINK EVENT_ARG="5" ID="31" TYPE_REL="EVENT_ARG"/><W> यमन </W><W> की </W><W> राजधानी </W><W> सना </W></PLACE-ARG><W> में </W><MAN_MADE_EVENT ID="5" TYPE="SUICIDE_ATTACK"><W> आत्मघाती </W><W> हमला, </W></MAN_MADE_EVENT><CASUALTIES-ARG ID="14"><LINK EVENT_ARG="5" ID="32" TYPE_REL="EVENT_ARG"/><W> 43 </W><W> लोगों </W><W> की </W><W> मौत </W></CASUALTIES-ARG><W> । </W></P><P><PLACE-ARG ID="1"><LINK EVENT_ARG="6" ID="33" TYPE_REL="EVENT_ARG"/><W> यमन </W><W> की </W><W> राजधानी </W><W> साना </W></PLACE-ARG><W> में </W><TIME-ARG ID="19"><LINK EVENT_ARG="6" ID="34" TYPE_REL="EVENT_ARG"/><W> गुरुवार </W></TIME-ARG><W> को </W><W> हुए </W><MAN_MADE_EVENT ID="6" TYPE="SUICIDE_ATTACK"><EVENT-COREF-LINK EVENT_ID="5" ID="23" TYPE_REL="EVENT_COREF"/><W> आत्मघाती </W><W> हमले </W></MAN_MADE_EVENT><W> में </W><CASUALTIES-ARG ID="15"><LINK EVENT_ARG="6" ID="35" TYPE_REL="EVENT_ARG"/><W> 43 </W><W> लोगों </W><W> की </W><W> मौत </W></CASUALTIES-ARG><W> हो </W><W> गई </W><W> है। </W></P><P><PLACE-ARG ID="2"><LINK EVENT_ARG="7" ID="36" TYPE_REL="EVENT_ARG"/><W> सना। </W></PLACE-ARG><PLACE-ARG ID="16"><LINK EVENT_ARG="7" ID="37" TYPE_REL="EVENT_ARG"/><W> यमन </W><W> की </W><W> राजधानी </W><W> साना </W></PLACE-ARG><W> में </W><TIME-ARG ID="20"><LINK EVENT_ARG="7" ID="38" TYPE_REL="EVENT_ARG"/><W> गुरुवार </W></TIME-ARG><W> को </W><W> हुए </W><MAN_MADE_EVENT ID="7" TYPE="SUICIDE_ATTACK"><EVENT-COREF-LINK EVENT_ID="5" ID="24" TYPE_REL="EVENT_COREF"/><W> आत्मघाती </W><W> हमले </W></MAN_MADE_EVENT><W> में </W><CASUALTIES-ARG ID="17"><LINK EVENT_ARG="7" ID="39" TYPE_REL="EVENT_ARG"/><W> 43 </W><W> लोगों </W><W> की </W><W> मौत </W></CASUALTIES-ARG><W> हो </W><W> गई </W><W> है। </W><W> इस </W><MAN_MADE_EVENT ID="8" TYPE="SUICIDE_ATTACK"><EVENT-COREF-LINK EVENT_ID="5" ID="25" TYPE_REL="EVENT_COREF"/><W> हमले </W></MAN_MADE_EVENT><W> में </W><W> शिया </W><W> विद्रोहियों </W><W> के </W><W> समर्थकों </W><W> को </W><W> निशाना </W><W> बनाया </W><W> गया </W><W> है। </W><MAN_MADE_EVENT ID="9" TYPE="SUICIDE_ATTACK"><EVENT-COREF-LINK EVENT_ID="5" ID="26" TYPE_REL="EVENT_COREF"/><W> कार </W><W> बम </W><W> धमाका </W></MAN_MADE_EVENT><PLACE-ARG ID="4"><LINK EVENT_ARG="9" ID="40" TYPE_REL="EVENT_ARG"/><W> साना </W><W> के </W><W> अल-तहरीर </W><W> चौक </W></PLACE-ARG><W> पर </W><W> उस </W><W> वक्त </W><W> हुआ, </W><W> जहां </W><W> शिया </W><W> विद्रोहियों </W><W> के </W><W> समर्थकों </W><W> के </W><W> कार्यक्रम </W><W> की </W><W> तैयारी </W><W> चल </W><W> रही </W><W> थी। </W><MAN_MADE_EVENT ID="10" TYPE="SUICIDE_ATTACK"><EVENT-COREF-LINK EVENT_ID="5" ID="27" TYPE_REL="EVENT_COREF"/><W> हमले </W></MAN_MADE_EVENT><W> में </W><CASUALTIES-ARG ID="18"><LINK EVENT_ARG="10" ID="41" TYPE_REL="EVENT_ARG"/><W> बच्चों </W><W> समेत </W><W> बड़ी </W><W> संख्या </W><W> में </W><W> लोग </W><W> घायल </W></CASUALTIES-ARG><W> भी </W><W> हुए </W><W> हैं। </W></P><P><MAN_MADE_EVENT ID="11" TYPE="SUICIDE_ATTACK"><EVENT-COREF-LINK EVENT_ID="5" ID="28" TYPE_REL="EVENT_COREF"/><W> हमले </W></MAN_MADE_EVENT><W> को </W><W> जिस </W><W> तरह </W><W> से </W><W> अंजाम </W><W> दिया </W><W> गया, </W><W> उसके </W><W> पीछे </W><PARTICIPANT-ARG ID="21"><LINK EVENT_ARG="11" ID="42" TYPE_REL="EVENT_ARG"/><W> अलकायदा </W></PARTICIPANT-ARG><W> का </W><W> हाथ </W><W> होने </W><W> का </W><W> शक </W><W> जताया </W><W> जा </W><W> रहा </W><W> है, </W><W> लेकिन </W><W> अब </W><W> किसी </W><W> भी </W><W> संगठन </W><W> ने </W><MAN_MADE_EVENT ID="12" TYPE="SUICIDE_ATTACK"><EVENT-COREF-LINK EVENT_ID="5" ID="29" TYPE_REL="EVENT_COREF"/><W> हमले </W></MAN_MADE_EVENT><W> की </W><W> जिम्मेदारी </W><W> नहीं </W><W> ली </W><W> है। </W><W> प्रत्यक्षदर्शियों </W><W> के </W><W> मुताबिक </W><PARTICIPANT-ARG ID="22"><LINK EVENT_ARG="12" ID="43" TYPE_REL="EVENT_ARG"/><W> हमलवार </W></PARTICIPANT-ARG><W> विद्रोहियों </W><W> के </W><W> समर्थक </W><W> के </W><W> तौर </W><W> पर </W><W> यहां </W><W> आए </W><W> थे </W><W> और </W><MAN_MADE_EVENT ID="13" TYPE="SUICIDE_ATTACK"><EVENT-COREF-LINK EVENT_ID="5" ID="30" TYPE_REL="EVENT_COREF"/><W> हमले </W></MAN_MADE_EVENT><W> को </W><W> अंजाम </W><W> दिया। </W></P></DOCUMENT>