<?xml version="1.0" encoding="UTF-8"?>
<DOCUMENT><DESC/><TIME>581</TIME><P><W> अमेरिका </W><W> : </W><PLACE-ARG ID="0"><LINK EVENT_ARG="3" ID="8" TYPE_REL="EVENT_ARG"/><W> कोलाराडो </W></PLACE-ARG><W> में </W><W> भारी </W><W> बर्फबारी </W><W> से </W><W> रास्ते </W><W> हुए </W><W> बंद, </W><W> हाईवे </W><W> पर </W><W> थमा </W><W> ट्रैफिक </W><W> । </W></P><P><W> कुछ </W><W> जगहों </W><W> पर </W><W> बर्फ </W><W> हटाकर </W><W> फंसी </W><W> गाड़ियों </W><W> को </W><W> निकालने </W><W> की </W><W> कोशिश </W><W> भी </W><W> की </W><W> गई। </W></P><P><W> कोलाराडो। </W><PLACE-ARG ID="1"><LINK EVENT_ARG="3" ID="5" TYPE_REL="EVENT_ARG"/><W> अमेरिका </W><W> के </W><W> कोलाराडो </W><W> के </W><W> कई </W><W> इलाकों </W></PLACE-ARG><W> में </W><W> मंगलवार </W><W> को </W><W> भारी </W><W> बर्फबारी </W><W> हुई, </W><W> जिसके </W><W> चलते </W><W> हालात </W><W> बिगड़ </W><W> से </W><W> गए। </W><TIME-ARG ID="2"><LINK EVENT_ARG="3" ID="6" TYPE_REL="EVENT_ARG"/><W> मंगलवार </W><W> सुबह </W></TIME-ARG><NATURAL_EVENT ID="3" TYPE="BLIZZARD"><W> बर्फीले </W><W> तूफान </W></NATURAL_EVENT><W> की </W><W> वजह </W><W> से </W><W> जगह-जगह </W><W> बर्फ </W><W> के </W><W> ढेर </W><W> लग </W><W> गए। </W><W> सबसे </W><W> ज्यादा </W><W> प्रभावित </W><W> कोलाराडो </W><W> का </W><W> ईस्ट-वेस्ट </W><W> हाईवे </W><W> रहा। </W><W> जहां </W><W> बर्फ </W><AFTER_EFFECTS-ARG ID="4"><LINK EVENT_ARG="3" ID="7" TYPE_REL="EVENT_ARG"/><W> के </W><W> चलते </W><W> ट्रैफिक </W><W> थम </W><W> गया। </W></AFTER_EFFECTS-ARG><W> हालांकि, </W><W> कुछ </W><W> जगहों </W><W> पर </W><W> बर्फ </W><W> हटाकर </W><W> फंसी </W><W> गाड़ियों </W><W> को </W><W> निकालने </W><W> की </W><W> कोशिश </W><W> भी </W><W> की </W><W> गई </W><W> लेकिन </W><W> ज्यादातर </W><W> जगहों </W><W> पर </W><W> कमोबेश </W><W> हालात </W><W> वैसे </W><W> ही </W><W> रहे। </W></P></DOCUMENT>