<?xml version="1.0" encoding="UTF-8"?>
<DOCUMENT><DESC/><TIME>1605</TIME><P><PLACE-ARG ID="0"><LINK EVENT_ARG="27" ID="34" TYPE_REL="EVENT_ARG"/><W> जगदल </W></PLACE-ARG><W> में </W><W> बिरयानी </W><W> दुकान </W><W> के </W><W> मालिक </W><CASUALTIES-ARG ID="1"><LINK EVENT_ARG="27" ID="35" TYPE_REL="EVENT_ARG"/><W> संजय </W><W> मंडल </W></CASUALTIES-ARG><W> की </W><MAN_MADE_EVENT ID="27" TYPE="SHOOT_OUT"><EVENT-COREF-LINK EVENT_ID="2" ID="28" TYPE_REL="EVENT_COREF"/><W> हत्या </W></MAN_MADE_EVENT><W> के </W><PARTICIPANT-ARG ID="11"><LINK EVENT_ARG="27" ID="36" TYPE_REL="EVENT_ARG"/><W> मुख्य </W><W> आरोपी </W><W> मोहम्मद </W><W> फिरोज </W></PARTICIPANT-ARG><W> को </W><AFTER_EFFECTS-ARG ID="13"><LINK EVENT_ARG="27" ID="37" TYPE_REL="EVENT_ARG"/><W> पुलिस </W><W> ने </W><W> गिरफ्तार </W><W> कर </W><W> लिया </W><W> है। </W></AFTER_EFFECTS-ARG></P><P><PLACE-ARG ID="4"><LINK EVENT_ARG="19" ID="38" TYPE_REL="EVENT_ARG"/><W> जगदल </W></PLACE-ARG><MAN_MADE_EVENT ID="19" TYPE="SHOOT_OUT"><EVENT-COREF-LINK EVENT_ID="2" ID="29" TYPE_REL="EVENT_COREF"/><W> हत्याकाण्ड </W></MAN_MADE_EVENT><W> के </W><PARTICIPANT-ARG ID="12"><LINK EVENT_ARG="19" ID="39" TYPE_REL="EVENT_ARG"/><W> मुख्य </W><W> आरोपी </W></PARTICIPANT-ARG><AFTER_EFFECTS-ARG ID="14"><LINK EVENT_ARG="12" ID="40" TYPE_REL="EVENT_ARG"/><W> पुलिस </W><W> ने </W><W> कांकीनाड़ा </W><W> से </W><W> दबोचा-अन्य </W></AFTER_EFFECTS-ARG><W> तीन </W><W> आरोपियों </W><W> की </W><W> तलाश </W><W> जारी </W></P><P><PLACE-ARG ID="6"><LINK EVENT_ARG="20" ID="41" TYPE_REL="EVENT_ARG"/><W> कोलकाता </W></PLACE-ARG></P><P><PLACE-ARG ID="7"><LINK EVENT_ARG="20" ID="42" TYPE_REL="EVENT_ARG"/><W> जगदल </W></PLACE-ARG><W> में </W><CASUALTIES-ARG ID="8"><LINK EVENT_ARG="20" ID="43" TYPE_REL="EVENT_ARG"/><W> बिरयानी </W><W> दुकान </W><W> के </W><W> मालिक </W><W> संजय </W><W> मंडल </W></CASUALTIES-ARG><W> की </W><MAN_MADE_EVENT ID="20" TYPE="SHOOT_OUT"><EVENT-COREF-LINK EVENT_ID="2" ID="30" TYPE_REL="EVENT_COREF"/><W> हत्या </W></MAN_MADE_EVENT><W> के </W><PARTICIPANT-ARG ID="10"><LINK EVENT_ARG="20" ID="44" TYPE_REL="EVENT_ARG"/><W> मुख्य </W><W> आरोपी </W><W> मोहम्मद </W><W> फिरोज </W></PARTICIPANT-ARG><W> को </W><AFTER_EFFECTS-ARG ID="9"><LINK EVENT_ARG="20" ID="45" TYPE_REL="EVENT_ARG"/><W> पुलिस </W><W> ने </W><W> गिरफ्तार </W><W> कर </W><W> लिया </W><W> है। </W></AFTER_EFFECTS-ARG><W> विश्वसनीय </W><W> सूत्रों </W><W> से </W><W> मिली </W><W> सूचना </W><W> के </W><W> आधार </W><W> पर </W><W> छापेमारी </W><W> कर </W><W> पुलिस </W><W> ने </W><W> उसे </W><PLACE-ARG ID="15"><LINK EVENT_ARG="20" ID="46" TYPE_REL="EVENT_ARG"/><W> कांकीनाड़ा </W></PLACE-ARG><W> से </W><W> गिरफ्तार </W><W> किया। </W><W> फिरोज </W><W> से </W><W> पूछताछ </W><W> कर </W><W> पुलिस </W><W> वारदात </W><W> में </W><W> शामिल </W><W> उसके </W><W> तीन </W><W> साथियों </W><W> मोहम्मद </W><W> शहनाज, </W><W> मोहम्मद </W><W> राजू </W><W> और </W><W> मोहम्मद </W><W> मोगली </W><W> का </W><W> ठिकाना </W><W> जानने </W><W> का </W><W> प्रयास </W><W> कर </W><W> रही </W><W> है। </W><W> उक्त </W><AFTER_EFFECTS-ARG ID="16"><LINK EVENT_ARG="20" ID="47" TYPE_REL="EVENT_ARG"/><W> तीनों </W><W> को </W><W> दबोचने </W><W> के </W><W> लिए </W><W> जगह-जगह </W><W> पर </W><W> छापेमारी </W><W> की </W><W> जा </W><W> रही </W><W> है। </W></AFTER_EFFECTS-ARG><W> जगदल </W><W> थाने </W><W> के </W><W> एक </W><W> अधिकारी </W><W> ने </W><W> बताया </W><W> कि </W><W> बहुत </W><W> जल्द </W><W> ही </W><W> बाकी </W><W> आरोपियों </W><W> को </W><W> भी </W><W> गिरफ्तार </W><W> कर </W><W> लिया </W><W> जाएगा। </W><W> पुलिस </W><W> के </W><W> अनुसार </W><W> फिरोज </W><W> अपराधी </W><W> है। </W><W> उसके </W><W> खिलाफ </W><W> पहले </W><W> से </W><W> भी </W><W> कई </W><W> मामले </W><W> दर्ज </W><W> हैं। </W></P><P><REASON-ARG ID="18"><LINK EVENT_ARG="21" ID="48" TYPE_REL="EVENT_ARG"/><W> महज </W><W> 190 </W><W> रुपए </W><W> को </W><W> लेकर </W></REASON-ARG><MAN_MADE_EVENT ID="21" TYPE="SHOOT_OUT"><EVENT-COREF-LINK EVENT_ID="2" ID="31" TYPE_REL="EVENT_COREF"/><W> हत्या </W></MAN_MADE_EVENT></P><P><REASON-ARG ID="17"><LINK EVENT_ARG="22" ID="49" TYPE_REL="EVENT_ARG"/><W> महज </W><W> 190 </W><W> रुपए </W><W> को </W><W> लेकर </W></REASON-ARG><W> बिरयानी </W><W> दुकान </W><W> के </W><W> मालिक </W><W> संजय </W><W> मंडल </W><W> की </W><MAN_MADE_EVENT ID="22" TYPE="SHOOT_OUT"><EVENT-COREF-LINK EVENT_ID="2" ID="32" TYPE_REL="EVENT_COREF"/><W> हत्या </W></MAN_MADE_EVENT><W> की </W><W> गई </W><W> थी। </W><W> फिरोज </W><W> कुछ </W><W> दिन </W><W> पहले </W><W> संजय </W><W> की </W><W> दुकान </W><W> से </W><W> बिना </W><W> पैसे </W><W> दिए </W><W> बिरयानी </W><W> ले </W><W> गया </W><W> था। </W><W> 190 </W><W> रुपए </W><W> बकाया </W><W> था। </W><W> शनिवार </W><W> शाम </W><W> को </W><W> फिरोज </W><W> अपने </W><W> तीन </W><W> साथियों </W><W> के </W><W> साथ </W><W> संजय </W><W> की </W><W> दुकान </W><W> पर </W><W> पहुंचा </W><W> था। </W><W> उसने </W><W> बिरयानी </W><W> मांगी </W><W> तो </W><W> संजय </W><W> ने </W><W> कहा </W><W> कि </W><W> पहले </W><W> बकाया </W><W> पैसे </W><W> दो, </W><W> फिर </W><W> बिरयानी </W><W> देंगे। </W><W> इस </W><W> पर </W><W> फिरोज </W><W> भडक़ </W><W> गया </W><W> और </W><W> रिवाल्वर </W><W> तान </W><W> दिया। </W><W> जान </W><W> बचाने </W><W> के </W><W> लिए </W><W> संजय </W><W> दुकान </W><W> से </W><W> बाहर </W><W> भाग, </W><W> लेकिन </W><W> जान </W><W> बचाने </W><W> में </W><W> सफल </W><W> नहीं </W><W> हो </W><W> पाया। </W><W> फिरोज </W><W> और </W><W> उसके </W><W> साथियों </W><W> ने </W><W> खदेड़ </W><W> कर </W><W> उसे </W><MAN_MADE_EVENT ID="2" TYPE="SHOOT_OUT"><W> गोली </W><W> मार </W><W> दी। </W></MAN_MADE_EVENT><W> फिर </W><W> रिवाल्वर </W><W> लहरते </W><W> हुए </W><W> अपनी </W><W> मोटरसाइकिल </W><W> से </W><W> चंपत </W><W> हो। </W></P><P><AFTER_EFFECTS-ARG ID="23"><LINK EVENT_ARG="2" ID="50" TYPE_REL="EVENT_ARG"/><W> दुकानदारों </W><W> में </W><W> दहशत </W></AFTER_EFFECTS-ARG></P><P><MAN_MADE_EVENT ID="24" TYPE="SHOOT_OUT"><EVENT-COREF-LINK EVENT_ID="2" ID="33" TYPE_REL="EVENT_COREF"/><W> घटना </W></MAN_MADE_EVENT><W> को </W><W> लेकर </W><PLACE-ARG ID="25"><LINK EVENT_ARG="24" ID="51" TYPE_REL="EVENT_ARG"/><W> भाटपाड़ा </W><W> मोड़ </W></PLACE-ARG><W> के </W><W> दुकानदार </W><W> अभी </W><W> भी </W><W> दहशत </W><W> में </W><W> हैं। </W><W> पुलिस </W><W> के </W><W> प्रति </W><W> दुकानदारों </W><W> में </W><W> भारी </W><W> नाराजगी </W><W> है। </W><W> दुकानदारों </W><W> का </W><W> कहना </W><W> है </W><W> कि </W><PLACE-ARG ID="26"><LINK EVENT_ARG="24" ID="52" TYPE_REL="EVENT_ARG"/><W> भाटपाड़ा </W><W> मोड़ </W></PLACE-ARG><W> पर </W><W> पुलिस </W><W> क्यिोस्क </W><W> है, </W><W> लेकिन </W><W> वहां </W><W> पुलिस </W><W> तैनात </W><W> नहीं </W><W> रहती </W><W> है। </W><W> पुलिस </W><W> की </W><W> ढिलाई </W><W> की </W><W> वजह </W><W> से </W><W> अपराधियों </W><W> का </W><W> मनोबल </W><W> बढ़ </W><W> गया </W><W> है। </W><W> आए </W><W> दिन </W><W> आपराधिक </W><W> घटनाएं </W><W> घट </W><W> रही </W><W> हैं। </W></P></DOCUMENT>