<?xml version="1.0" encoding="UTF-8"?>
<DOCUMENT><DESC/><DESC/><TIME>2151</TIME><P><W> भास्कर </W><W> एक्सपोज: </W><REASON-ARG ID="2"><LINK EVENT_ARG="0" ID="8" TYPE_REL="EVENT_ARG"/><W> पॉइंट </W><W> क्लैम्प </W><W> किए </W><W> बिना </W><W> ही </W><W> ट्रेन </W><W> चलाने </W><W> के </W><W> निर्देश </W></REASON-ARG><W> दे </W><W> दिए, </W><PARTICIPANT-ARG ID="1"><LINK EVENT_ARG="0" ID="9" TYPE_REL="EVENT_ARG"/><W> पूजा </W><W> सुपरफास्ट </W></PARTICIPANT-ARG><MAN_MADE_EVENT ID="0" TYPE="TRAIN_COLLISION"><W> डी-रेल </W></MAN_MADE_EVENT><W> हुई </W><W> थी </W></P><P><W> जयपुर.  रेलमंत्री </W><W> पीयूष </W><W> गोयल, </W><W> सीआरबी </W><W> अश्विनी </W><W> लोहानी </W><W> सहित </W><W> रेलवे </W><W> का </W><W> पूरा </W><W> अमला </W><W> ट्रेनों </W><W> के </W><W> सेफ </W><W> ऑपरेशन </W><W> के </W><W> लिए </W><W> नित </W><W> नए </W><W> काम </W><W> कर </W><W> रहा </W><W> है। </W><W> लगातार </W><W> ट्रेनों </W><W> के </W><W> लेट </W><W> होने </W><W> पर </W><W> भी </W><W> रेलवे </W><W> सेफ्टी </W><W> को </W><W> बड़ा </W><W> मुद्दा </W><W> बताते </W><W> हुए, </W><W> ट्रेनों </W><W> का </W><W> समय </W><W> पर </W><W> संचालन </W><W> करने </W><W> से </W><W> बच </W><W> रहा </W><W> है। </W><W> रेलवे </W><W> बोर्ड </W><W> से </W><W> महज </W><W> 350 </W><W> किलोमीटर </W><W> दूर </W><W> रेलवे </W><W> का </W><W> उत्तर </W><W> पश्चिम </W><W> रेलवे </W><W> मुख्यालय </W><W> सेफ्टी </W><W> के </W><W> इस </W><W> मुद्दे </W><W> पर </W><W> गंभीर </W><W> होता </W><W> नजर </W><W> नहीं </W><W> आ </W><W> रहा </W><W> है। </W><W> ऐसा </W><W> इसलिए </W><W> क्योंकि </W><TIME-ARG ID="5"><LINK EVENT_ARG="0" ID="10" TYPE_REL="EVENT_ARG"/><W> 4 </W><W> जुलाई </W></TIME-ARG><W> को </W><PLACE-ARG ID="3"><LINK EVENT_ARG="0" ID="11" TYPE_REL="EVENT_ARG"/><W> फुलेरा </W></PLACE-ARG><W> में </W><W> हुए </W><MAN_MADE_EVENT ID="4" TYPE="TRAIN_COLLISION"><EVENT-COREF-LINK EVENT_ID="0" ID="14" TYPE_REL="EVENT_COREF"/><W> रेल </W><W> हादसे </W></MAN_MADE_EVENT><W> में </W><W> रेलवे </W><W> प्रशासन </W><W> की </W><W> एक </W><W> बडी </W><W> चूक </W><W> सामने </W><W> आई </W><W> है। </W><W> रेलवे </W><W> ने </W><W> प्रति </W><W> ट्रेन </W><W> 5-7 </W><W> मिनट </W><W> बचाने </W><W> के </W><W> लिए </W><REASON-ARG ID="6"><LINK EVENT_ARG="4" ID="12" TYPE_REL="EVENT_ARG"/><W> सेफ्टी </W><W> नियमों </W><W> को </W><W> दरकिनार </W><W> कर </W><W> दिया। </W></REASON-ARG><W> जिसके </W><W> चलते </W><AFTER_EFFECTS-ARG ID="7"><LINK EVENT_ARG="4" ID="13" TYPE_REL="EVENT_ARG"/><W> जयपुर-फुलेरा </W><W> के </W><W> बीच </W><W> करीब </W><W> 36 </W><W> घंटे </W><W> यातायात </W><W> बाधित </W><W> रहा। </W></AFTER_EFFECTS-ARG></P><P><W>   </W></P><P><MAN_MADE_EVENT ID="15" TYPE="TRAIN_COLLISION"><EVENT-COREF-LINK EVENT_ID="0" ID="26" TYPE_REL="EVENT_COREF"/><W> हादसे </W></MAN_MADE_EVENT><W> के </W><W> चलते </W><DEPTH-ARG ID="29"><LINK EVENT_ARG="15" ID="30" TYPE_REL="EVENT_ARG"/><W> 36 </W><W> घंटे </W><W> ट्रेनों </W><W> का </W><W> संचालन </W><W> बाधित </W><W> रहा </W><W> था </W></DEPTH-ARG></P><P><TIME-ARG ID="31"><LINK EVENT_ARG="19" ID="34" TYPE_REL="EVENT_ARG"/><W> बुधवार </W></TIME-ARG><W> को </W><PLACE-ARG ID="32"><LINK EVENT_ARG="19" ID="35" TYPE_REL="EVENT_ARG"/><W> फुलेरा </W><W> स्टेशन </W></PLACE-ARG><W> पर </W><PARTICIPANT-ARG ID="33"><LINK EVENT_ARG="19" ID="36" TYPE_REL="EVENT_ARG"/><W> पूजा </W><W> सुपरफास्ट </W><W> के </W><W> चार </W><W> कोच </W></PARTICIPANT-ARG><MAN_MADE_EVENT ID="19" TYPE="TRAIN_COLLISION"><EVENT-COREF-LINK EVENT_ID="0" ID="37" TYPE_REL="EVENT_COREF"/><W> बेपटरी </W><W> हो </W><W> गए </W></MAN_MADE_EVENT><W> थे। </W><W> रेलवे </W><W> द्वारा </W><W> तीन </W><W> कोच </W><W> को </W><W> ही </W><MAN_MADE_EVENT ID="39" TYPE="TRAIN_COLLISION"><EVENT-COREF-LINK EVENT_ID="0" ID="40" TYPE_REL="EVENT_COREF"/><W> बेपटरी </W></MAN_MADE_EVENT><W> होना </W><W> बताया </W><W> गया </W><W> था। </W><MAN_MADE_EVENT ID="41" TYPE="TRAIN_COLLISION"><EVENT-COREF-LINK EVENT_ID="0" ID="42" TYPE_REL="EVENT_COREF"/><W> मामले </W></MAN_MADE_EVENT><W> में </W><W> रेलवे </W><W> ने </W><W> प्रथम </W><W> दृष्टया </W><W> में </W><REASON-ARG ID="43"><LINK EVENT_ARG="41" ID="44" TYPE_REL="EVENT_ARG"/><W> ऑन </W><W> ड्यूटी </W><W> स्टेशन </W><W> मास्टर </W><W> की </W><W> लापरवाही </W></REASON-ARG><W> मानते </W><W> हुए, </W><AFTER_EFFECTS-ARG ID="45"><LINK EVENT_ARG="41" ID="46" TYPE_REL="EVENT_ARG"/><W> उसे </W><W> सस्पेंड </W><W> कर </W><W> दिया </W><W> है। </W></AFTER_EFFECTS-ARG><W> वहीं </W><W> उत्तर </W><W> पश्चिम </W><W> रेलवे </W><W> के </W><W> जीएम </W><W> टीपी </W><W> सिंह </W><W> ने </W><MAN_MADE_EVENT ID="47" TYPE="TRAIN_COLLISION"><EVENT-COREF-LINK EVENT_ID="0" ID="48" TYPE_REL="EVENT_COREF"/><W> मामले </W></MAN_MADE_EVENT><W> की </W><W> जांच </W><W> के </W><W> लिए </W><W> चीफ </W><W> सेफ्टी </W><W> ऑफिसर </W><W> (सीएसओ) </W><W> की </W><W> अध्यक्षता </W><W> में </W><AFTER_EFFECTS-ARG ID="49"><LINK EVENT_ARG="47" ID="50" TYPE_REL="EVENT_ARG"/><W> एसएजी </W><W> स्तर </W><W> की </W><W> तीन </W><W> सदस्यीय </W><W> कमेटी </W><W> गठित </W><W> की </W><W> है। </W></AFTER_EFFECTS-ARG><W> कमेटी </W><W> में </W><W> सीएसओ </W><W> सहित </W><W> सीपीटीएम </W><W> और </W><W> सीएसई </W><W> भी </W><W> हैं। </W><AFTER_EFFECTS-ARG ID="51"><LINK EVENT_ARG="47" ID="52" TYPE_REL="EVENT_ARG"/><W> कमेटी </W><W> 10 </W><W> दिन </W><W> में </W><W> जांच </W><W> कर </W><W> जीएम </W><W> को </W><W> अपनी </W><W> रिपोर्ट </W><W> सौंपेगी। </W></AFTER_EFFECTS-ARG><MAN_MADE_EVENT ID="25" TYPE="TRAIN_COLLISION"><EVENT-COREF-LINK EVENT_ID="0" ID="38" TYPE_REL="EVENT_COREF"/><W> हादसे </W></MAN_MADE_EVENT><W> के </W><W> चलते </W><AFTER_EFFECTS-ARG ID="24"><LINK EVENT_ARG="25" ID="36" TYPE_REL="EVENT_ARG"/><W> 36 </W><W> घंटे </W><W> तक </W><W> जयपुर </W><W> से </W><W> जोधपुर, </W><W> अजमेर </W><W> और </W><W> बीकानेर </W><W> के </W><W> बीच </W><W> ट्रेनों </W><W> का </W><W> संचालन </W><W> बाधित </W><W> रहा </W><W> था। </W></AFTER_EFFECTS-ARG></P><P><W>   </W></P><P><W> ये </W><W> किया: फुलेरा </W><W> में </W><W> यार्ड </W><W> री-मॉडलिंग </W><W> के </W><W> चलते </W><W> नॉन-इंटरलॉकिंग </W><W> का </W><W> काम </W><W> हो </W><W> रहा </W><W> था। </W><W> ट्रेन </W><W> ऑपरेशन </W><W> मैनुअल </W><W> था। </W><W> रेलवे </W><W> ने </W><W> संचालन </W><W> के </W><W> लिए </W><W> ट्रैफिक </W><W> वर्किंग </W><W> ऑर्डर </W><W> जारी </W><W> किया </W><W> गया। </W><W> इस </W><W> ऑर्डर </W><W> में </W><W> रेलवे </W><W> ने </W><W> समय </W><W> बचाने </W><W> के </W><W> लिए </W><W> स्थानीय </W><W> प्रशासन </W><W> को </W><W> पॉइंट्स </W><W> को </W><W> क्लैम्प </W><W> किए </W><W> बिना </W><W> ही </W><W> ट्रेन </W><W> संचालित </W><W> करने </W><W> को </W><W> कहा। </W><W> जब </W><W> ट्रेन </W><W> फुलेरा </W><W> से </W><W> रवाना </W><W> हुई </W><W> तो </W><W> रेवाड़ी </W><W> की </W><W> ओर </W><W> से </W><W> भी </W><W> एक </W><W> ट्रेन </W><W> फुलेरा </W><W> आने </W><W> वाली </W><W> थी। </W><W> ऐसे </W><W> में </W><W> ऑन </W><W> ड्यूटी </W><W> स्टेशन </W><W> मास्टर </W><W> ने </W><W> गुमटी </W><W> से </W><W> प्राइवेट </W><W> नंबर </W><W> एक्सचेंज </W><W> किए </W><W> बिना </W><W> ही </W><W> पॉइंट </W><W> चेंज </W><W> किया। </W><W> नतीजा- </W><W> 3 </W><W> डिब्बे </W><W> बेपटरी </W><W> हुए। </W></P><P><W>   </W></P><P><W> करना </W><W> ये </W><W> था: जब </W><W> ट्रेन </W><W> ऑपरेशन </W><W> ऑटोमैटिक </W><W> से </W><W> मैनुअल </W><W> किया </W><W> जाता </W><W> है </W><W> तो </W><W> सिग्नल </W><W> और </W><W> पॉइंट्स </W><W> एक-दूसरे </W><W> से </W><W> डिस्कनेक्ट </W><W> हो </W><W> जाते </W><W> हैं। </W><W> पॉइंट्स </W><W> को </W><W> मैनुअली </W><W> क्लैम्प </W><W> करने </W><W> के </W><W> लिए </W><W> वहां </W><W> एक </W><W> गुमटी </W><W> बनाई </W><W> जाती </W><W> है, </W><W> क्योंकि </W><W> रेलवे </W><W> ने </W><W> समय </W><W> बचाने </W><W> के </W><W> लिए </W><W> पॉइंट्स </W><W> को </W><W> बिना </W><W> क्लैम्प </W><W> किए </W><W> ही </W><W> ट्रेन </W><W> संचालन </W><W> का </W><W> निर्देश </W><W> दिया </W><W> हुआ </W><W> था। </W><W> स्टेशन </W><W> मास्टर </W><W> ने </W><W> गुमटी </W><W> से </W><W> प्राइवेट </W><W> नंबर </W><W> एक्सचेंज </W><W> किए </W><W> बिना </W><W> ही </W><W> पॉइंट </W><W> चेंज </W><W> किया। </W><W> अगर </W><W> क्लैम्प </W><W> लगा </W><W> होता </W><W> तो </W><W> पॉइंट </W><W> चेंज </W><W> नहीं </W><W> होता </W><W> और </W><W> हादसा </W><W> नहीं </W><W> होता।  </W></P><P><W>   </W></P><P><W> धीमी </W><W> गति </W><W> और </W><W> एलएचबी </W><W> कोच </W><W> से </W><W> बचीं </W><W> हजारों </W><W> जिंदगियां: फुलेरा </W><W> में </W><W> कॉशन </W><W> ऑर्डर </W><W> होने </W><W> के </W><W> कारण </W><W> वहां </W><W> से </W><W> सभी </W><W> ट्रेनों </W><W> को </W><W> धीमी </W><W> गति </W><W> से </W><W> निकाला </W><W> जा </W><W> रहा </W><W> था। </W><W> पूजा </W><W> सुपरफास्ट </W><W> की </W><W> भी </W><W> गति </W><W> धीमी </W><W> होने </W><W> एवं </W><W> ट्रेन </W><W> में </W><W> एलएचबी </W><W> कोच </W><W> लगे </W><W> होने </W><W> की </W><W> वजह </W><W> से </W><W> कोई </W><W> हताहत </W><W> नहीं </W><W> हुआ। </W><W> ऐसा </W><W> इसलिए </W><W> क्योंकि </W><W> एलएचबी </W><W> कोच </W><W> पुराने </W><W> परंपरागत </W><W> कोच </W><W> की </W><W> अपेक्षाकृत </W><W> अधिक </W><W> सुरक्षित </W><W> होते </W><W> हैं। </W></P></DOCUMENT>