<?xml version="1.0" encoding="UTF-8"?>
<DOCUMENT><DESC/><TIME>894</TIME><P><W> मौत </W><W> का </W><NATURAL_EVENT ID="0" TYPE="TORNADO"><EVENT-COREF-LINK EVENT_ID="5" ID="17" TYPE_REL="EVENT_COREF"/><W> बवंडर... </W></NATURAL_EVENT><W> 2 </W><W> घंटे </W><W> में </W><CASUALTIES-ARG ID="1"><LINK EVENT_ARG="0" ID="3" TYPE_REL="EVENT_ARG"/><W> 22 </W><W> लोगों </W><W> की </W><W> मौत, </W></CASUALTIES-ARG><SPEED-ARG ID="15"><LINK EVENT_ARG="0" ID="16" TYPE_REL="EVENT_ARG"/><W> 100 </W><W> किमी </W><W> प्रति </W><W> घंटा </W><W> तक </W><W> थी </W><W> रफ्तार </W></SPEED-ARG></P><P><PLACE-ARG ID="9"><LINK EVENT_ARG="5" ID="19" TYPE_REL="EVENT_ARG"/><W> जयपुर. </W><W> प्रदेश </W><W> के </W><W> चार </W><W> जिलों </W></PLACE-ARG><W> में </W><NATURAL_EVENT ID="5" TYPE="TORNADO"><W> बवंडर </W></NATURAL_EVENT><W> ने </W><TIME-ARG ID="10"><LINK EVENT_ARG="5" ID="20" TYPE_REL="EVENT_ARG"/><W> बुधवार </W></TIME-ARG><W> को </W><W> जमकर </W><W> तबाही </W><W> मचाई। </W><W> इस </W><W> दौरान </W><W> हुए </W><W> हादसों </W><W> में </W><CASUALTIES-ARG ID="11"><LINK EVENT_ARG="5" ID="21" TYPE_REL="EVENT_ARG"/><W> 22 </W><W> लोगों </W><W> की </W><W> मौत </W></CASUALTIES-ARG><W> हो </W><W> गई। </W><CASUALTIES-ARG ID="12"><LINK EVENT_ARG="5" ID="22" TYPE_REL="EVENT_ARG"/><W> भरतपुर </W><W> में </W><W> 11, </W><W> धौलपुर </W><W> में </W><W> 6, </W><W> अलवर </W><W> में </W><W> 4 </W><W> और </W><W> झुंझुनूं </W><W> में </W><W> एक </W><W> की </W><W> मौत </W></CASUALTIES-ARG><W> हुई। </W><TIME-ARG ID="13"><LINK EVENT_ARG="5" ID="33" TYPE_REL="EVENT_ARG"/><W> शाम </W><W> करीब </W><W> 6 </W><W> बजे </W></TIME-ARG><W> आए </W><W> इस </W><NATURAL_EVENT ID="6" TYPE="TORNADO"><EVENT-COREF-LINK EVENT_ID="5" ID="18" TYPE_REL="EVENT_COREF"/><W> बवंडर </W></NATURAL_EVENT><W> की </W><W> गति </W><SPEED-ARG ID="14"><LINK EVENT_ARG="6" ID="23" TYPE_REL="EVENT_ARG"/><W> 100 </W><W> किमी </W><W> प्रति </W><W> घंटे </W></SPEED-ARG><W> की </W><W> रही। </W><W> इन </W><W> जिलों </W><W> में </W><W> देर </W><W> रात </W><W> तक </W><W> बिजली </W><W> गुल </W><W> रही। </W><CASUALTIES-ARG ID="24"><LINK EVENT_ARG="6" ID="28" TYPE_REL="EVENT_ARG"/><W> 100 </W><W> से </W><W> अधिक </W><W> लोग </W><W> घायल </W></CASUALTIES-ARG><W> हुए। </W><PLACE-ARG ID="25"><LINK EVENT_ARG="6" ID="29" TYPE_REL="EVENT_ARG"/><W> अलवर </W></PLACE-ARG><W> में </W><REASON-ARG ID="26"><LINK EVENT_ARG="6" ID="30" TYPE_REL="EVENT_ARG"/><W> तूफान </W></REASON-ARG><W> से </W><CASUALTIES-ARG ID="27"><LINK EVENT_ARG="6" ID="31" TYPE_REL="EVENT_ARG"/><W> कई </W><W> मकानों </W><W> के </W><W> टीनशेड </W><W> और </W><W> छतों </W><W> पर </W><W> रखी </W><W> पानी </W><W> की </W><W> टंकियां </W><W> उड़ </W><W> गई। </W><W> यहां </W><W> एक </W><W> बालिका </W><W> सहित </W><W> 3 </W><W> लोगों </W><W> की </W><W> मौत </W><W> हो </W><W> गई </W><W> और </W><W> 20 </W><W> लोग </W><W> घायल </W><W> हो </W><W> गए। </W><W> हजारों </W><W> पेड़ </W><W> और </W><W> बिजली </W><W> के </W><W> पोल </W><W> धराशायी </W><W> हो </W><W> गए। </W><W> कई </W><W> जगह </W><W> सड़कों </W><W> पर </W><W> और </W><W> रेलवे </W><W> ट्रैक </W><W> पर </W><W> पेड़ </W><W> व </W><W> पोल </W><W> गिरने </W><W> से </W><W> यातायात </W><W> व्यवस्था </W><W> ठप </W><W> रही।  </W></CASUALTIES-ARG></P><P><W>   </W></P><P><W> ऐसा </W><W> था </W><NATURAL_EVENT ID="7" TYPE="TORNADO"><EVENT-COREF-LINK EVENT_ID="5" ID="32" TYPE_REL="EVENT_COREF"/><W> बवंडर </W></NATURAL_EVENT></P><P><W>   </W></P><P><SPEED-ARG ID="36"><LINK EVENT_ARG="34" ID="37" TYPE_REL="EVENT_ARG"/><W> 38 </W><W> किमी </W><W> घंटा </W></SPEED-ARG><W> की </W><W> गति </W><W> से </W><W> चली </W><NATURAL_EVENT ID="34" TYPE="STORM"><W> आंधी </W></NATURAL_EVENT><PLACE-ARG ID="35"><LINK EVENT_ARG="34" ID="38" TYPE_REL="EVENT_ARG"/><W> बीकानेर </W></PLACE-ARG><W> में </W></P><P><W> 47 </W><W> डिग्री </W><W> के </W><W> साथ </W><W> बूंदी </W><W> प्रदेश </W><W> का </W><W> सबसे </W><W> गर्म </W><W> शहर </W></P><P><CASUALTIES-ARG ID="39"><LINK EVENT_ARG="7" ID="41" TYPE_REL="EVENT_ARG"/><W> 100 </W><W> लोग </W><W> घायल </W></CASUALTIES-ARG><W> हुए </W><PLACE-ARG ID="40"><LINK EVENT_ARG="7" ID="42" TYPE_REL="EVENT_ARG"/><W> प्रदेशभर </W></PLACE-ARG><W> में </W></P><P><W> 500 </W><W> मी. </W><W> विजिबिलिटी </W><W> रह </W><W> गई </W><W> आंधी </W><W> के </W><W> कारण </W></P><P><W>   </W></P><P><W> इस </W><W> कारण </W><W> आते </W><W> हैं </W><NATURAL_EVENT ID="8" TYPE="TORNADO"><EVENT-COREF-LINK EVENT_ID="5" ID="43" TYPE_REL="EVENT_COREF"/><W> बवंडर </W></NATURAL_EVENT></P><P><W>   </W></P><P><W> ज्यादातर </W><W> रेगिस्तान </W><W> भूमध्य </W><W> रेखा </W><W> के </W><W> इर्दगिर्द </W><W> है। </W><W> इस </W><W> क्षेत्र </W><W> में </W><W> वायुमंडलीय </W><W> दबाव </W><W> बहुत </W><W> अधिक </W><W> होता </W><W> है। </W></P><P><W> यह </W><W> दबाव </W><W> ऊंचाई </W><W> पर </W><W> मौजूद </W><W> ठंडी </W><W> शुष्क </W><W> हवा </W><W> को </W><W> जमीन </W><W> तक </W><W> लाता </W><W> है। </W><W> इस </W><W> दौरान </W><W> सूरज </W><W> की </W><W> सीधी </W><W> किरणें </W><W> इस </W><W> हवा </W><W> की </W><W> नमी </W><W> समाप्त </W><W> कर </W><W> देती </W><W> हैं। </W></P><P><W> नमी </W><W> समाप्त </W><W> होने </W><W> से </W><W> यह </W><W> हवा </W><W> बहुत </W><W> गर्म </W><W> हो </W><W> जाती </W><W> है। </W><W> इस </W><W> कारण </W><W> बारिश </W><W> नहीं </W><W> हो </W><W> पाती </W><W> है </W><W> और </W><W> जमीन </W><W> शुष्क </W><W> और </W><W> गर्म </W><W> हो </W><W> जाती </W><W> है। </W></P><P><W> जमीन </W><W> गर्म </W><W> होने </W><W> के </W><W> कारण </W><W> नमी </W><W> के </W><W> अभाव </W><W> में </W><W> धूल </W><W> के </W><W> कणों </W><W> की </W><W> आपस </W><W> में </W><W> पकड़ </W><W> नहीं </W><W> रह </W><W> पाती </W><W> है। </W><W> ऐसे </W><W> में </W><W> ये </W><W> हवा </W><W> के </W><W> साथ </W><W> बहुत </W><W> आसानी </W><W> से </W><W> ऊपर </W><W> उठना </W><W> शुरू </W><W> कर </W><W> देते </W><W> हैं। </W></P><P><W> हवा </W><W> की </W><W> गति </W><W> 40 </W><W> किलोमीटर </W><W> से </W><W> अधिक </W><W> होने </W><W> पर </W><W> ये </W><W> धूल </W><W> कण </W><W> एक </W><W> बवंडर </W><W> का </W><W> रूप </W><W> धारण </W><W> कर </W><W> लेते </W><W> हैं। </W></P><P><W> बवंडर </W><W> के </W><W> साथ </W><W> धूल </W><W> के </W><W> कण </W><W> 10 </W><W> से </W><W> 50 </W><W> फीट </W><W> की </W><W> ऊंचाई </W><W> तक </W><W> उठते </W><W> हैं। </W><W> कई </W><W> बार </W><W> ये </W><W> इससे </W><W> भी </W><W> अधिक </W><W> ऊंचाई </W><W> तक </W><W> पहुंच </W><W> जाते </W><W> हैं। </W></P><P><W>   </W></P><P><CASUALTIES-ARG ID="44"><W> 20 </W><W> लोगों </W><W> के </W><W> घायल </W></CASUALTIES-ARG><W> होने </W><W> की </W><W> सूचना </W></P><P><W>   </W></P><P><W> प्रदेश </W><W> में </W><W> सबसे </W><W> ज्यादा </W><W> तापमान </W><W> 47 </W><W> डिग्री </W><W> सेल्सियस </W><W> बूंदी </W><W> का </W><W> रहा। </W><W> बीकानेर </W><W> जैसलमेर </W><W> व </W><W> कोटा </W><W> का </W><W> तापमान </W><W> भी </W><W> 45 </W><W> डिग्री </W><W> सेल्सियस </W><W> से </W><W> ज्यादा </W><W> रहा। </W><W> वहीं </W><W> पिलानी </W><W> में </W><W> 23.7 </W><W> एमएम </W><W> बारिश </W><W> भी </W><W> दर्ज </W><W> की </W><W> गई। </W></P><P><W> जयपुर </W><W> शहर </W><W> में </W><W> बुधवार </W><W> शाम </W><W> 7 </W><W> बजे </W><W> बाद </W><W> तेज </W><W> हवा </W><W> व </W><W> धूलभरी </W><W> आंधी </W><W> चलने </W><W> लगे। </W><W> तेज </W><W> हवा </W><W> के </W><W> कारण </W><W> बिजली </W><W> लाइनों </W><W> में </W><W> फॉल्ट </W><W> व </W><W> ट्रिपिंग </W><W> हो </W><W> गई। </W><W> इससे </W><W> कई </W><W> इलाकों </W><W> में </W><W> बिजली </W><W> गुल </W><W> रही।  </W></P><P><W> वहीं </W><W> कई </W><W> इलाकों </W><W> में </W><W> हादसे </W><W> की </W><W> आशंका </W><W> के </W><W> कारण </W><W> जयपुर </W><W> डिस्कॉम </W><W> के </W><W> इंजीनियरों </W><W> ने </W><W> बिजली </W><W> बंद </W><W> कर </W><W> दी। </W><W> डिस्कॉम </W><W> के </W><W> कॉल </W><W> सेंटर </W><W> में </W><W> 700 </W><W> से </W><W> ज्यादा </W><W> शिकायतें </W><W> दर्ज </W><W> की </W><W> गई।  </W></P><P><W> लोगों </W><W> ने </W><W> कॉल </W><W> सेंटर </W><W> का </W><W> फोन </W><W> व्यस्त </W><W> रहने </W><W> की </W><W> शिकायत </W><W> भी </W><W> की। </W><W> लोगों </W><W> का </W><W> कहना </W><W> है </W><W> कि </W><W> फोन </W><W> बिजी </W><W> रहने </W><W> के </W><W> कारण </W><W> बिजली </W><W> बंद </W><W> रहने </W><W> की </W><W> शिकायत </W><W> दर्ज </W><W> नहीं </W><W> करवा </W><W> सके। </W><W> ऐसे </W><W> में </W><W> देर </W><W> रात </W><W> तक </W><W> घरों </W><W> में </W><W> बिजली </W><W> गुल </W><W> रही </W></P><P><W> झुंझुनूं </W><W> के </W><W> रवां </W><W> गांव </W><W> में </W><W> अंधड़ </W><W> से </W><W> एक </W><W> निर्माणाधीन </W><W> मकान </W><W> की </W><W> छत </W><W> गिरने </W><W> से </W><W> एक </W><W> व्यक्ति </W><W> की </W><W> मौके </W><W> पर </W><W> ही </W><W> मौत </W><W> हो </W><W> गई। </W><W> बालिका </W><W> सहित </W><W> 5 </W><W> लोग </W><W> घायल </W><W> हो </W><W> गए। </W></P><P><W> इनको </W><W> सिंघाना </W><W> के </W><W> निजी </W><W> अस्पताल </W><W> में </W><W> भर्ती </W><W> कराया। </W><W> एक </W><W> घायल </W><W> को </W><W> जयपुर </W><W> रैफर </W><W> कर </W><W> दिया </W><W> गया। </W></P><P><W> अलवर </W><W> में </W><W> तूफान </W><W> से </W><W> पुरानी </W><W> सब्जी </W><W> मंडी </W><W> में </W><W> पेड़ </W><W> के </W><W> नीचे </W><W> दबने </W><W> से </W><W> बरखेड़ा </W><W> निवासी </W><W> 27 </W><W> साल </W><W> के </W><W> राकेश </W><W> जांगिड़ </W><W> की </W><W> मौत </W><W> हो </W><W> गई। </W><W> बहरोड़ </W><W> में </W><W> एक </W><W> बालिका </W><W> की </W><W> मौत </W><W> हो </W><W> गई। </W></P><P><W> अलवर-रामगढ़ </W><W> रोड </W><W> पर </W><W> सुधासागर </W><W> गोशाला </W><W> के </W><W> पास </W><W> कार </W><W> पर </W><W> पेड़ </W><W> गिरने </W><W> से </W><W> हिंडौन </W><W> निवासी </W><W> मुकेश </W><W> (45) </W><W> की </W><W> मौत </W><W> हुई </W><W> है। </W><W> उसके </W><W> तीन </W><W> साथी </W><W> गंभीर </W><W> रूप </W><W> से </W><W> घायल </W><W> हो </W><W> गए। </W></P><P><W> एडीएम </W><W> सिटी </W><W> महेंद्र </W><W> मीणा </W><W> ने </W><W> बताया </W><W> कि </W><W> तूफान </W><W> से </W><W> हुए </W><W> हादसों </W><W> में </W><W> करीब </W><W> 20 </W><W> लोगों </W><W> के </W><W> घायल </W><W> होने </W><W> की </W><W> सूचना </W><W> है। </W></P><P><W>   </W></P><P><W> आंधी </W><W> ने </W><W> बीकानेर </W><W> में </W><W> 10 </W><W> और </W><W> जयपुर </W><W> में </W><W> 8 </W><W> डिग्री </W><W> पारा </W><W> गिराया </W></P><P><W>   </W></P><P><W> बीकानेर </W><W> में </W><W> 38 </W><W> किमी </W><W> प्रति </W><W> घंटे </W><W> की </W><W> रफ्तार </W><W> से </W><W> आंधी </W><W> चली। </W><W> जिससे </W><W> पारा </W><W> 45 </W><W> डिग्री </W><W> से </W><W> गिरकर </W><W> 35 </W><W> डिग्री </W><W> पर </W><W> आ </W><W> गया। </W></P><P><W> जयपुर </W><W> में </W><W> आंधी </W><W> गति </W><W> 18 </W><W> किलोमीटर </W><W> प्रति </W><W> घंटा </W><W> रही। </W><W> आंधी </W><W> से </W><W> दृश्यता </W><W> 500 </W><W> मीटर </W><W> ही </W><W> रही। </W><W> जयपुर </W><W> में </W><W> पारा </W><W> 42.7 </W><W> डिग्री </W><W> था </W><W> जो </W><W> शाम </W><W> को </W><W> तेज </W><W> हवाओं </W><W> के </W><W> कारण </W><W> 8 </W><W> डिग्री </W><W> सेल्सियस </W><W> कम </W><W> हो </W><W> गया। </W></P><P><W> दूसरी </W><W> ओर, </W><W> बुधवार </W><W> को </W><W> बूंदी </W><W> प्रदेश </W><W> में </W><W> सबसे </W><W> ज्यादा </W><W> गर्म </W><W> रहा। </W><W> यहां </W><W> अधिकतम </W><W> तापमान </W><W> 47 </W><W> डिग्री </W><W> दर्ज </W><W> किया </W><W> गया। </W></P><P><W> जैसलमेर </W><W> व </W><W> कोटा </W><W> का </W><W> तापमान </W><W> भी </W><W> 45 </W><W> डिग्री </W><W> सेल्सियस </W><W> से </W><W> ज्यादा </W><W> रहा। </W><W> वहीं </W><W> पिलानी </W><W> में </W><W> 23.7 </W><W> एमएम </W><W> बारिश </W><W> दर्ज </W><W> की </W><W> गई। </W></P><P><W>   </W></P><P><W>   </W></P><P><W>   </W></P></DOCUMENT>