<?xml version="1.0" encoding="UTF-8"?>
<DOCUMENT><P><PLACE-ARG ID="4"><W> जयपुर, </W><W> एजेंसी। </W></PLACE-ARG><PLACE-ARG ID="5"><LINK EVENT_ARG="0" ID="18" TYPE_REL="EVENT_ARG"/><W> जयपुर </W></PLACE-ARG><W> के </W><PLACE-ARG ID="6"><LINK EVENT_ARG="0" ID="19" TYPE_REL="EVENT_ARG"/><W> विद्याधर </W><W> नगर </W><W> के </W><W> सेक्‍टर </W><W> नौ </W></PLACE-ARG><W> में </W><REASON-ARG ID="12"><LINK EVENT_ARG="0" ID="20" TYPE_REL="EVENT_ARG"/><W> सिलेंडर </W><W> फटने </W></REASON-ARG><W> से </W><MAN_MADE_EVENT ID="0" TYPE="FIRE"><W> आग </W></MAN_MADE_EVENT><W> लग </W><W> गई जिसमें </W><W> जल </W><W> कर </W><CASUALTIES-ARG ID="14"><LINK EVENT_ARG="0" ID="21" TYPE_REL="EVENT_ARG"/><W> पांच </W><W> लोगो </W></CASUALTIES-ARG><W> की </W><W> मौत </W><W> हो </W><W> गई </W><W> है। </W><PLACE-ARG ID="7"><W> जयपुर </W></PLACE-ARG><W> का </W><PLACE-ARG ID="8"><LINK EVENT_ARG="0" ID="22" TYPE_REL="EVENT_ARG"/><W> विद्याद्यर </W><W> नगर </W><W> क्षेत्र </W></PLACE-ARG><TIME-ARG ID="1"><LINK EVENT_ARG="0" ID="23" TYPE_REL="EVENT_ARG"/><W> आज </W><W> तड़के </W></TIME-ARG><W> एक </W><W> ब्लास्ट </W><W> से </W><W> गूंज </W><W> उठा। </W><W> लोग </W><W> संभल </W><W> पाते </W><W> इससे </W><W> पहले </W><W> इस </W><W> ब्लास्ट </W><W> ने </W><CASUALTIES-ARG ID="15"><LINK EVENT_ARG="0" ID="24" TYPE_REL="EVENT_ARG"/><W> पांच </W><W> लोगों </W></CASUALTIES-ARG><W> को </W><W> मौत </W><W> की </W><W> नींद </W><W> सुला </W><W> दिया। </W></P><P><W> दरअसल </W><W> क्षेत्र </W><W> के </W><PLACE-ARG ID="9"><LINK EVENT_ARG="0" ID="25" TYPE_REL="EVENT_ARG"/><W> सेक्टर </W><W> 9 </W><W> स्थित </W><W> एक </W><W> मकान </W></PLACE-ARG><W> में </W><REASON-ARG ID="13"><LINK EVENT_ARG="0" ID="26" TYPE_REL="EVENT_ARG"/><W> दो </W><W> गैस </W><W> सिलेंडर </W><W> एक </W><W> साथ </W><W> फट </W><W> गए। </W></REASON-ARG><MAN_MADE_EVENT ID="27" TYPE="FIRE"><EVENT-COREF-LINK EVENT_ID="0" ID="29" TYPE_REL="EVENT_COREF"/><W> हादसे </W></MAN_MADE_EVENT><W> के </W><W> बाद </W><PLACE-ARG ID="10"><W> मकान </W></PLACE-ARG><W> में </W><W> भीषण </W><W> आग </W><W> लग </W><W> गई। </W><W> जिसमें </W><W> एक </W><W> ही </W><W> परिवार </W><W> के </W><CASUALTIES-ARG ID="16"><LINK EVENT_ARG="27" ID="32" TYPE_REL="EVENT_ARG"/><W> पांच </W><W> लोगों </W></CASUALTIES-ARG><W> की </W><W> मौत </W><W> हो </W><W> गई। </W><W> जानकारी </W><W> के </W><W> अनुसार </W><MAN_MADE_EVENT ID="28" TYPE="FIRE"><EVENT-COREF-LINK EVENT_ID="0" ID="30" TYPE_REL="EVENT_COREF"/><W> हादसा </W></MAN_MADE_EVENT><TIME-ARG ID="2"><LINK EVENT_ARG="28" ID="31" TYPE_REL="EVENT_ARG"/><W> सुबह </W><W> करीब </W><W> चार </W><W> बजे </W></TIME-ARG><W> हुआ। </W><W> इसके </W><W> बाद </W><W> पूरे </W><W> क्षेत्र </W><W> में </W><W> अफरा-तफरी </W><W> मच </W><W> गई।  </W></P><P><W> आग </W><W> से </W><W> सब </W><W> कुछ </W><W> जलकर </W><W> खाक </W></P><P><W> मौके </W><W> पर </W><W> पहुंची </W><W> तीन </W><W> फायर </W><W> ब्रिगेड </W><W> की </W><W> गाड़ियों </W><W> ने </W><W> जब </W><W> तक </W><W> आग </W><W> पर </W><W> काबू </W><W> पाया </W><W> तब </W><W> तक </W><PLACE-ARG ID="11"><W> शहर </W></PLACE-ARG><W> के </W><W> बड़े </W><W> लोहा </W><W> व्यापारी </W><NAME-ARG ID="17"><W> महेंद्र </W><W> कुमार </W><W> गर्ग, </W></NAME-ARG><W> दो </W><W> पोतियां, </W><W> एक </W><W> पोता </W><W> व </W><W> उनका </W><W> भांजा </W><W> आग </W><W> की </W><W> भेंट </W><W> चढ़ </W><W> चुका </W><W> था। </W><TIME-ARG ID="3"><W> भोर </W></TIME-ARG><W> में </W><W> आग </W><W> लगने </W><W> की </W><W> सूचना </W><W> पर </W><W> पहुंचे </W><W> पुलिस </W><W> व </W><W> फायर </W><W> ब्रिगेड </W><W> के </W><W> लोगों </W><W> ने </W><W> पांचों </W><W> को </W><W> निकाल </W><W> कर </W><W> पास </W><W> ही </W><W> स्थित </W><W> मणिपाल </W><W> अस्पताल </W><W> ले </W><W> गए, </W><W> जहां </W><W> चिकित्सकों </W><W> ने </W><W> पांचों </W><W> को </W><W> मृत </W><W> घोषित </W><W> कर </W><W> दिया। </W><W> मौके </W><W> पर </W><W> मौजूद </W><W> लोगों </W><W> ने </W><W> बताया </W><W> कि </W><W> आग </W><W> बुझने </W><W> बाद </W><W> घर </W><W> में </W><W> सो </W><W> रहे </W><W> महेंद्र </W><W> कुमार </W><W> व </W><W> उनके </W><W> परिवार </W><W> के </W><W> लोग </W><W> बुरी </W><W> तरह </W><W> झुलसी </W><W> हुई </W><W> हालत </W><W> में </W><W> मिले। </W></P><P><W> मकान </W><W> के </W><W> बाहर </W><W> लगी </W><W> भीड़ </W></P><P><W> फिलहाल </W><W> आग </W><W> लगने </W><W> के </W><W> अलग </W><W> अलग </W><W> कारण </W><W> बताए </W><W> जा </W><W> रहे </W><W> हैं। </W><W> कहा </W><W> जा </W><W> रहा </W><W> कि </W><W> शॉर्ट </W><W> सर्किट </W><W> के </W><W> कारण </W><W> लगी, </W><W> लेकिन </W><W> घर </W><W> में </W><W> मिले </W><W> हीटर </W><W> से </W><W> भी </W><W> आग </W><W> लगने </W><W> का </W><W> अंदेशा </W><W> जताया </W><W> जा </W><W> रहा </W><W> है। </W><W> आग </W><W> के </W><W> कारण </W><W> घर </W><W> में </W><W> मौजूद </W><W> गैस </W><W> का </W><W> सिलेंडर </W><W> भी </W><W> फट </W><W> गया </W><W> जिससे </W><W> आग </W><W> और </W><W> भयानक </W><W> हो </W><W> गई।  </W></P><P><W> आज </W><W> भारत </W><W> बंद </W><W> को </W><W> लेकर </W><W> राजस्थान </W><W> में </W><W> पुलिस </W><W> सतर्क </W></P><P><W> वायुसेना </W><W> के </W><W> अचूक </W><W> निशानों </W><W> से </W><W> थर्राया </W><W> "थार </W><W> " </W></P><P><W> राजस्थान </W><W> में </W><W> बड़े </W><W> पैमाने </W><W> पर </W><W> प्रशासनिक </W><W> फेरबदल </W><W> की </W><W> तैयारी </W></P></DOCUMENT>