<?xml version="1.0" encoding="UTF-8"?>
<DOCUMENT><DESC/><DESC/><DESC/><TIME>3942</TIME><P><PLACE-ARG ID="0"><LINK EVENT_ARG="1" ID="13" TYPE_REL="EVENT_ARG"/><W> उधमपुर </W></PLACE-ARG><W> में </W><NATURAL_EVENT ID="1" TYPE="LAND_SLIDE"><W> पस्सी </W><W> गिरने </W></NATURAL_EVENT><W> से </W><AFTER_EFFECTS-ARG ID="2"><LINK EVENT_ARG="1" ID="14" TYPE_REL="EVENT_ARG"/><W> जम्मू-श्रीनगर </W><W> राष्ट्रीय </W><W> राजमार्ग </W><W> बंद </W></AFTER_EFFECTS-ARG><W> । </W></P><P><PLACE-ARG ID="4"><LINK EVENT_ARG="6" ID="15" TYPE_REL="EVENT_ARG"/><W> उधमपुर </W><W> जिला </W><W> मुख्यालय </W><W> से </W><W> करीब </W><W> दस </W><W> किलोमीटर </W><W> दूर </W><W> मोड़ </W><W> इलाके </W></PLACE-ARG><W> में </W><TIME-ARG ID="5"><LINK EVENT_ARG="6" ID="16" TYPE_REL="EVENT_ARG"/><W> सोमवार </W><W> की </W><W> शाम </W><W> चार </W><W> बजे </W></TIME-ARG><NATURAL_EVENT ID="6" TYPE="LAND_SLIDE"><EVENT-COREF-LINK EVENT_ID="1" ID="23" TYPE_REL="EVENT_COREF"/><W> एक </W><W> बड़ी </W><W> पस्सी </W><W> के </W><W> गिरने </W></NATURAL_EVENT><W> और </W><AFTER_EFFECTS-ARG ID="7"><LINK EVENT_ARG="6" ID="17" TYPE_REL="EVENT_ARG"/><W> पुल </W><W> के </W><W> क्षतिग्रस्त </W></AFTER_EFFECTS-ARG><W> होने </W><W> से </W><AFTER_EFFECTS-ARG ID="8"><LINK EVENT_ARG="6" ID="18" TYPE_REL="EVENT_ARG"/><W> जम्मू-श्रीनगर </W><W> राष्ट्रीय </W><W> राजमार्ग </W><W> पर </W><W> वाहनों </W><W> की </W><W> आवाजाही </W><W> बंद </W></AFTER_EFFECTS-ARG><W> हो </W><W> गई। </W><W> इससे </W><AFTER_EFFECTS-ARG ID="9"><LINK EVENT_ARG="6" ID="19" TYPE_REL="EVENT_ARG"/><W> राजमार्ग </W><W> के </W><W> दोनों </W><W> तरफ </W><W> से </W><W> वाहनों </W><W> की </W><W> लंबी </W><W> कतार </W><W> लग </W><W> गई। </W></AFTER_EFFECTS-ARG><W> घटना </W><W> के </W><W> समय </W><W> पस्सी </W><W> के </W><W> नीचे </W><W> कोई </W><W> वाहन </W><W> न </W><W> आने </W><W> से </W><W> बड़ा </W><W> हादसा </W><W> टल </W><W> गया। </W></P><P><W> कई </W><W> यात्री </W><W> जान </W><W> जोखिम </W><W> में </W><W> डाल </W><W> कर </W><W> पस्सी </W><W> के </W><W> मलबे </W><W> के </W><W> ऊपर </W><W> से </W><W> गुजर </W><W> कर </W><W> दूसरी </W><W> तरफ </W><W> पहुंचे। </W><W> मौसम </W><W> विभाग </W><W> श्रीनगर </W><W> के </W><W> अनुसार </W><W> अगले </W><W> चौबीस </W><W> घंटों </W><W> में </W><W> जम्मू </W><W> संभाग </W><W> के </W><W> कुछ </W><W> इलाकों </W><W> में </W><W> बारिश </W><W> हो </W><W> सकती </W><W> है।हाईवे </W><AFTER_EFFECTS-ARG ID="10"><LINK EVENT_ARG="6" ID="20" TYPE_REL="EVENT_ARG"/><W> बंद </W><W> होने </W><W> से </W><W> जम्मू </W><W> की </W><W> तरफ </W><W> से </W><W> घाटी </W><W> जाने </W><W> वाले </W><W> वाहनों </W><W> को </W><W> जखैनी </W><W> चौक </W><W> उधमपुर </W><W> में </W><W> रोक </W><W> दिया </W><W> गया </W></AFTER_EFFECTS-ARG><W> था। </W></P><P><W> पस्सी </W><W> को </W><W> हटाने </W><W> के </W><W> लिए </W><W> मिशनरी </W><W> लगाई </W><W> गई </W><W> थी। </W><W> हाईवे </W><W> ट्रैफिक </W><W> डीएसपी </W><W> दिनेश </W><W> गुप्ता </W><W> का </W><W> कहना </W><W> है </W><W> कि </W><NATURAL_EVENT ID="12" TYPE="LAND_SLIDE"><EVENT-COREF-LINK EVENT_ID="1" ID="22" TYPE_REL="EVENT_COREF"/><W> पस्सी </W><W> गिरने </W></NATURAL_EVENT><W> के </W><W> साथ </W><AFTER_EFFECTS-ARG ID="11"><LINK EVENT_ARG="12" ID="21" TYPE_REL="EVENT_ARG"/><W> पुल </W><W> भी </W><W> क्षतिग्रस्त </W></AFTER_EFFECTS-ARG><W> हुआ </W><W> है। </W><W> पस्सी </W><W> को </W><W> हटाने </W><W> का </W><W> काम </W><W> किया </W><W> जा </W><W> रहा </W><W> है। </W><W> लेकिन </W><W> अंधेरा </W><W> होने </W><W> के </W><W> कारण </W><W> दिक्कतें </W><W> आ </W><W> रही </W><W> हैं। </W></P></DOCUMENT>