<?xml version="1.0" encoding="UTF-8"?>
<DOCUMENT><P><PLACE-ARG ID="6"><LINK EVENT_ARG="0" ID="21" TYPE_REL="EVENT_ARG"/><W> जम्‍मू-कश्‍मीर </W></PLACE-ARG><W> के </W><PLACE-ARG ID="7"><LINK EVENT_ARG="0" ID="20" TYPE_REL="EVENT_ARG"/><W> अनंतनाग </W><W> जिले </W></PLACE-ARG><W> में </W><PARTICIPANT-ARG ID="11"><LINK EVENT_ARG="0" ID="19" TYPE_REL="EVENT_ARG"/><W> आतंकियों </W></PARTICIPANT-ARG><W> द्वारा </W><PARTICIPANT-ARG ID="12"><LINK EVENT_ARG="0" ID="18" TYPE_REL="EVENT_ARG"/><W> पुलिस </W><W> पार्टी </W></PARTICIPANT-ARG><W> पर </W><MAN_MADE_EVENT ID="0" TYPE="ARMED_CONFLICTS"><W> हमला </W></MAN_MADE_EVENT><W> करने </W><W> की </W><W> खबर </W><W> है। </W><W> एएनआई </W><W> के </W><W> अनुसार, </W><W> जिले </W><W> के </W><PLACE-ARG ID="8"><LINK EVENT_ARG="1" ID="22" TYPE_REL="EVENT_ARG"/><W> बांटिगू </W><W> क्षेत्र </W></PLACE-ARG><W> में </W><W> यह </W><MAN_MADE_EVENT ID="1" TYPE="TERRORIST_ATTACK"><EVENT-COREF-LINK EVENT_ID="0" ID="32" TYPE_REL="EVENT_COREF"/><W> हमला </W></MAN_MADE_EVENT><W> हुआ </W><W> है। </W><W> मीडिया </W><W> रिपोर्ट्स </W><W> के </W><W> अनुसार, </W><W> पुलिसकर्मी </W><W> अमरनाथ </W><W> यात्रियों </W><W> की </W><W> सुरक्षा </W><W> में </W><W> लगे </W><W> थे। </W><W> मीडिया </W><W> रिपोर्ट्स </W><W> के </W><W> मुताबिक, </W><MAN_MADE_EVENT ID="5" TYPE="TERRORIST_ATTACK"><EVENT-COREF-LINK EVENT_ID="0" ID="33" TYPE_REL="EVENT_COREF"/><W> हमले </W></MAN_MADE_EVENT><W> में </W><CASUALTIES-ARG ID="30"><LINK EVENT_ARG="5" ID="31" TYPE_REL="EVENT_ARG"/><W> तीन </W><W> पुलिसकर्मी </W><W> धायल </W></CASUALTIES-ARG><W> हुए </W><W> हैं। </W><PARTICIPANT-ARG ID="13"><LINK EVENT_ARG="2" ID="25" TYPE_REL="EVENT_ARG"/><W> पुलिस </W></PARTICIPANT-ARG><W> और </W><PARTICIPANT-ARG ID="14"><LINK EVENT_ARG="2" ID="26" TYPE_REL="EVENT_ARG"/><W> आतंकियों </W></PARTICIPANT-ARG><W> के </W><W> बीच </W><W> अमरनाथ </W><W> जा </W><W> रहे </W><PARTICIPANT-ARG ID="15"><LINK EVENT_ARG="2" ID="27" TYPE_REL="EVENT_ARG"/><W> श्रद्धालुओं </W><W> की </W><W> एक </W><W> बस </W></PARTICIPANT-ARG><W> भी </W><W> निशाना </W><W> बन </W><W> गई। </W><W> एएनआई </W><W> के </W><W> अनुसार, </W><MAN_MADE_EVENT ID="2" TYPE="TERRORIST_ATTACK"><EVENT-COREF-LINK EVENT_ID="0" ID="34" TYPE_REL="EVENT_COREF"/><W> हमले </W></MAN_MADE_EVENT><W> में </W><CASUALTIES-ARG ID="17"><LINK EVENT_ARG="2" ID="23" TYPE_REL="EVENT_ARG"/><W> कई </W><W> लोग </W><W> घायल </W></CASUALTIES-ARG><W> हुए </W><W> हैं। </W><W> अलग-अलग </W><W> मीडिया </W><W> रिपोर्ट्स </W><W> में </W><CASUALTIES-ARG ID="16"><LINK EVENT_ARG="3" ID="24" TYPE_REL="EVENT_ARG"/><W> 6 </W><W> श्रद्धालुओं </W><W> की </W><W> मौत </W></CASUALTIES-ARG><W> की </W><W> बात </W><W> सामने </W><W> आ </W><W> रही </W><W> है। </W><MAN_MADE_EVENT ID="3" TYPE="TERRORIST_ATTACK"><EVENT-COREF-LINK EVENT_ID="0" ID="35" TYPE_REL="EVENT_COREF"/><W> हमले </W></MAN_MADE_EVENT><W> के </W><W> चलते </W><AFTER_EFFECTS-ARG ID="36"><LINK EVENT_ARG="3" ID="37" TYPE_REL="EVENT_ARG"/><W> जम्‍मू </W><W> हाइवे </W><W> पर </W><W> यातायात </W><W> रोक </W><W> दिया </W><W> गया </W></AFTER_EFFECTS-ARG><W> है। </W><W> इस </W><W> संबंध </W><W> में </W><W> और </W><W> जानकारी </W><W> की </W><W> प्रतीक्षा </W><W> है। </W></P><P><W> बता </W><W> दें </W><W> कि </W><W> सेना </W><W> ने </W><W> घाटी </W><W> से </W><W> आतंकियों </W><W> की </W><W> सफाई </W><W> के </W><W> लिए </W><W> अभियान </W><W> चला </W><W> रखा </W><W> है। </W><TIME-ARG ID="10"><LINK EVENT_ARG="4" ID="28" TYPE_REL="EVENT_ARG"/><W> गुरुवार </W></TIME-ARG><W> को </W><PLACE-ARG ID="9"><LINK EVENT_ARG="4" ID="29" TYPE_REL="EVENT_ARG"/><W> नियंत्रण </W><W> रेखा </W><W> के </W><W> निकट </W><W> नौगाम </W><W> सेक्‍टर </W></PLACE-ARG><W> में </W><W> घुसपैठ </W><W> की </W><W> कोशिश </W><W> को </W><W> नाकाम </W><W> किया </W><W> गया </W><W> है। </W><W> दोनों </W><W> तरफ </W><W> से </W><W> हुई </W><MAN_MADE_EVENT ID="4" TYPE="ARMED_CONFLICTS"><W> गोलीबारी </W></MAN_MADE_EVENT><W> में </W><W> तीन </W><W> आतंकी </W><W> मार </W><W> गिराए </W><W> गए। </W><W> पाकिस्‍तान </W><W> की </W><W> ओर </W><W> से </W><W> लगातार </W><W> सीजफायर </W><W> का </W><W> उल्‍लंघन </W><W> किया </W><W> जा </W><W> रहा </W><W> है, </W><W> जिसका </W><W> भारतीय </W><W> फौज </W><W> मुंहतोड़ </W><W> जवाब </W><W> दे </W><W> रही </W><W> है। </W></P></DOCUMENT>