<?xml version="1.0" encoding="UTF-8"?>
<DOCUMENT><DESC/><TIME>10733</TIME><P><PLACE-ARG ID="2"><LINK EVENT_ARG="0" ID="35" TYPE_REL="EVENT_ARG"/><W> जम्मू </W></PLACE-ARG><W> में </W><W> सेना </W><W> की </W><W> ब्रिगेड </W><W> पर </W><MAN_MADE_EVENT ID="0" TYPE="SUICIDE_ATTACK"><W> फिदायीन </W><W> हमला, </W></MAN_MADE_EVENT><CASUALTIES-ARG ID="1"><LINK EVENT_ARG="0" ID="36" TYPE_REL="EVENT_ARG"/><W> दो </W><W> शहीद </W></CASUALTIES-ARG></P><P><W> जागरण </W><W> संवाददाता, </W><PLACE-ARG ID="3"><LINK EVENT_ARG="7" ID="37" TYPE_REL="EVENT_ARG"/><W> जम्मू </W></PLACE-ARG><W> : </W><PLACE-ARG ID="4"><LINK EVENT_ARG="7" ID="38" TYPE_REL="EVENT_ARG"/><W> जम्मू-श्रीनगर </W><W> राष्ट्रीय </W><W> राजमार्ग </W><W> पर </W><W> सुंजवां </W><W> स्थित </W><W> ब्रिगेड </W></PLACE-ARG><W> पर </W><TIME-ARG ID="5"><LINK EVENT_ARG="7" ID="39" TYPE_REL="EVENT_ARG"/><W> शनिवार </W><W> तड़के </W></TIME-ARG><PARTICIPANT-ARG ID="6"><LINK EVENT_ARG="7" ID="40" TYPE_REL="EVENT_ARG"/><W> आतंकियों </W></PARTICIPANT-ARG><W> ने </W><MAN_MADE_EVENT ID="7" TYPE="SUICIDE_ATTACK"><W> फिदायीन </W><W> हमला </W></MAN_MADE_EVENT><W> किया। </W><MAN_MADE_EVENT ID="8" TYPE="SUICIDE_ATTACK"><W> इस </W><W> हमले </W></MAN_MADE_EVENT><W> में </W><CASUALTIES-ARG ID="9"><LINK EVENT_ARG="8" ID="41" TYPE_REL="EVENT_ARG"/><W> दो </W><W> सैन्यकर्मी </W><W> शहीद </W></CASUALTIES-ARG><W> और </W><CASUALTIES-ARG ID="10"><LINK EVENT_ARG="8" ID="42" TYPE_REL="EVENT_ARG"/><W> एक </W><W> मेजर, </W><W> पांच </W><W> महिलाओं </W><W> व </W><W> दो </W><W> बच्चों </W><W> समेत </W><W> नौ </W><W> लोग </W><W> घायल </W></CASUALTIES-ARG><W> हो </W><W> गए। </W><W> सेना </W><W> ने </W><W> जवाबी </W><W> कार्रवाई </W><W> में </W><TIME-ARG ID="11"><LINK EVENT_ARG="8" ID="43" TYPE_REL="EVENT_ARG"/><W> देर </W><W> शाम </W></TIME-ARG><W> तक </W><CASUALTIES-ARG ID="12"><LINK EVENT_ARG="8" ID="44" TYPE_REL="EVENT_ARG"/><W> तीन </W><W> आतंकियों </W><W> को </W><W> मार </W><W> गिराया। </W></CASUALTIES-ARG><W> एक </W><W> से </W><W> दो </W><W> आतंकी </W><W> अब </W><W> भी </W><W> सैनिकों </W><W> के </W><W> आवासीय </W><W> (क्वार्टरों) </W><W> क्षेत्र </W><W> में </W><W> छिपे </W><W> हुए </W><W> हैं, </W><W> जिन्हें </W><W> मार </W><W> गिराने </W><W> के </W><W> लिए </W><W> ऑपरेशन </W><W> जारी </W><W> है। </W><AFTER_EFFECTS-ARG ID="13"><W> पैरा </W><W> कमांडो </W><W> और </W><W> गरुड़ </W><W> कमांडो </W><W> ने </W><W> मोर्चा </W><W> संभाल </W><W> रखा </W><W> है। </W></AFTER_EFFECTS-ARG><W> आतंकियों </W><W> पर </W><W> अंतिम </W><W> प्रहार </W><W> से </W><W> पहले </W><W> थल </W><W> सेनाध्यक्ष </W><W> जनरल </W><W> बिपिन </W><W> रावत </W><W> भी </W><W> शाम </W><W> को </W><W> जम्मू </W><W> पहुंच </W><W> गए। </W><W> उन्होंने </W><W> आतंकियों </W><W> के </W><W> खिलाफ </W><W> चल </W><W> रही </W><W> कार्रवाई </W><W> के </W><W> बारे </W><W> में </W><W> सेना </W><W> के </W><W> शीर्ष </W><W> अधिकारियों </W><W> से </W><W> जानकारी </W><W> ली। </W><TIME-ARG ID="14"><W> रात </W><W> करीब </W><W> नौ </W><W> बजे </W></TIME-ARG><AFTER_EFFECTS-ARG ID="15"><W> चार </W><W> अभिमन्यु </W><W> बैटल </W><W> टैंक </W><W> भी </W><W> ब्रिगेड </W><W> मुख्यालय </W><W> में </W><W> लाए </W><W> गए। </W></AFTER_EFFECTS-ARG><W> ऐसे </W><W> में </W><W> देर </W><W> रात </W><W> या </W><W> रविवार </W><W> तड़के </W><W> अंतिम </W><W> कार्रवाई </W><W> की </W><W> जा </W><W> सकती </W><W> है। </W></P><P><W> शहीदों </W><W> की </W><W> पहचान </W><CASUALTIES-ARG ID="17"><W> 49 </W><W> वर्षीय </W><W> सूबेदार </W><W> मदन </W><W> लाल </W><W> चौधरी </W></CASUALTIES-ARG><W> निवासी </W><PLACE-ARG ID="19"><W> गांव </W><W> बकराक </W><W> कॉलोनी, </W><W> पोस्ट </W><W> आफिस </W><W> खानपुर, </W><W> तहसील </W><W> हीरानगर, </W><W> जिला </W><W> कठुआ </W><W> (जम्मू) </W></PLACE-ARG><W> व </W><CASUALTIES-ARG ID="18"><W> 42 </W><W> वर्षीय </W><W> हवलदार </W><W> हबीबुल्लाह </W><W> कुरैशी </W></CASUALTIES-ARG><W> निवासी </W><PLACE-ARG ID="20"><W> गांव </W><W> बटपोरा </W><W> (कुपवाड़ा) </W><W> कश्मीर </W><W> के </W></PLACE-ARG><W> रूप </W><W> में </W><W> हुई </W><W> है। </W><W> वहीं </W><AFTER_EFFECTS-ARG ID="16"><W> घायल </W><W> मेजर </W><W> को </W><W> सैन्य </W><W> कमान </W><W> अस्पताल </W><W> ऊधमपुर </W><W> रेफर </W><W> कर </W><W> दिया </W><W> गया </W><W> है। </W></AFTER_EFFECTS-ARG><W> जारी </W><W> ऑपरेशन </W><W> के </W><W> चलते </W><W> मृतकों </W><W> व </W><W> घायलों </W><W> का </W><W> आंकड़ा </W><W> बढ़ </W><W> सकता </W><W> है। </W></P><P><W> आतंकियों </W><W> का </W><W> निशाना </W><W> क्वार्टरों </W><W> में </W><W> रहने </W><W> वाले </W><W> सैन्य </W><W> परिवार </W><W> व </W><W> आयुध </W><W> भंडार </W><W> था। </W><TIME-ARG ID="21"><W> वर्ष </W><W> 2003 </W></TIME-ARG><W> में </W><W> भी </W><PARTICIPANT-ARG ID="22"><W> आतंकियों </W></PARTICIPANT-ARG><W> ने </W><W> यहां </W><MAN_MADE_EVENT ID="23" TYPE="SUICIDE_ATTACK"><W> हमला </W></MAN_MADE_EVENT><W> किया </W><W> था। </W><W> इस </W><W> बीच, </W><W> आतंकी </W><W> संगठन </W><W> जैश-ए-मोहम्मद </W><W> के </W><W> अफजल </W><W> गुरु </W><W> ब्रिगेड </W><W> ने </W><MAN_MADE_EVENT ID="24" TYPE="SUICIDE_ATTACK"><W> हमले </W></MAN_MADE_EVENT><W> की </W><W> जिम्मेदारी </W><W> ली </W><W> है। </W><W> इस </W><MAN_MADE_EVENT ID="25" TYPE="SUICIDE_ATTACK"><W> हमले </W></MAN_MADE_EVENT><W> को </W><W> संसद </W><W> पर </W><W> हमले </W><W> के </W><W> दोषी </W><W> अफजल </W><W> गुरु </W><W> की </W><W> बरसी </W><W> व </W><W> मकबूल </W><W> बट </W><W> की </W><W> फासी </W><W> से </W><W> जोड़कर </W><W> देखा </W><W> जा </W><W> रहा </W><W> है। </W><W> नौ </W><W> फरवरी, </W><W> 2013 </W><W> को </W><W> अफजल </W><W> गुरु </W><W> और </W><W> 11 </W><W> फरवरी, </W><W> 1984 </W><W> को </W><W> मकबूल </W><W> बट </W><W> को </W><W> फासी </W><W> हुई </W><W> थी। </W><W> हमले </W><W> के </W><W> तार </W><W> रोहिंग्याओं </W><W> के </W><W> साथ </W><W> भी </W><W> जुड़े </W><W> होने </W><W> की </W><W> आशका </W><W> जताई </W><W> जा </W><W> रही </W><W> है, </W><W> क्योंकि </W><W> सुंजवां </W><W> स्थित </W><W> ब्रिगेड </W><W> मुख्यालय </W><W> के </W><W> आसपास </W><W> काफी </W><W> संख्या </W><W> में </W><W> बांग्लादेशी </W><W> रो¨हग्या </W><W> बसे </W><W> हुए </W><W> हैं। </W></P><P><TIME-ARG ID="26"><W> शनिवार </W><W> तड़के </W></TIME-ARG><W> तीन </W><W> से </W><W> चार </W><W> आतंकी </W><PLACE-ARG ID="27"><W> टाइगर </W><W> डिवीजन </W><W> 36वीं </W><W> सुजवां </W><W> ब्रिगेड </W><W> के </W><W> पिछली </W><W> तरफ </W><W> से </W><W> बहने </W><W> वाले </W><W> तूतें </W><W> वाले </W><W> नाले </W></PLACE-ARG><W> से </W><W> होते </W><W> हुए </W><PLACE-ARG ID="28"><W> शिविर </W><W> की </W><W> चारदीवारी </W></PLACE-ARG><W> तक </W><W> पहुंचे। </W><W> आतंकियों </W><W> ने </W><W> दीवार </W><W> में </W><W> सेंध </W><W> लगाई </W><W> और </W><W> अंदर </W><W> घुस </W><W> गए। </W><W> रक्षा </W><W> मंत्रालय </W><W> के </W><W> प्रवक्ता </W><W> देवेंद्र </W><W> आनंद </W><W> के </W><W> अनुसार </W><PARTICIPANT-ARG ID="30"><W> आतंकी </W></PARTICIPANT-ARG><TIME-ARG ID="31"><W> तड़के </W><W> करीब </W><W> पांच </W><W> बजे </W></TIME-ARG><PLACE-ARG ID="29"><W> शिविर </W></PLACE-ARG><W> में </W><W> घुसे। </W></P><P><W> सैन्य </W><W> क्वार्टरों </W><W> में </W><W> रहने </W><W> वाले </W><W> मेजर </W><W> अपनी </W><W> बेटी </W><W> के </W><W> साथ </W><W> सुबह </W><W> सैर </W><W> कर </W><W> रहे </W><W> थे। </W><W> लड़की </W><W> ने </W><W> सैन्य </W><W> वर्दी </W><W> में </W><W> आतंकियों </W><W> को </W><W> भागते </W><W> देख </W><W> उनसे </W><W> पूछा, </W><W> 'अंकल </W><W> आप </W><W> क्यों </W><W> भाग </W><W> रहे </W><W> हो'। </W><W> इसपर </W><PARTICIPANT-ARG ID="33"><W> आतंकियों </W></PARTICIPANT-ARG><W> ने </W><MAN_MADE_EVENT ID="32" TYPE="SHOOT_OUT"><W> फायर </W><W> खोल </W><W> दिया। </W></MAN_MADE_EVENT><W> इसमें </W><CASUALTIES-ARG ID="34"><W> मेजर </W><W> व </W><W> उनकी </W><W> बेटी </W><W> घायल </W></CASUALTIES-ARG><W> हो </W><W> गए। </W><W> आतंकी </W><W> यहीं </W><W> नहीं </W><W> रुके </W><W> और </W><W> ताबड़तोड़ </W><W> गोलियां </W><W> चलाते </W><W> हुए </W><W> ब्रिगेड </W><W> के </W><W> आयुध </W><W> भंडार </W><W> में </W><W> घुसने </W><W> की </W><W> कोशिश </W><W> की, </W><W> लेकिन </W><W> वहां </W><W> तैनात </W><W> जवानों </W><W> की </W><W> जवाबी </W><W> कार्रवाई </W><W> के </W><W> चलते </W><W> आतंकी </W><W> आयुध </W><W> भंडार </W><W> में </W><W> तो </W><W> नहीं </W><W> घुस </W><W> पाए </W><W> बल्कि </W><W> अलग-अलग </W><W> बंट </W><W> गए </W><W> और </W><W> गोलीबारी </W><W> करते </W><W> हुए </W><W> सैनिकों </W><W> के </W><W> आवासीय </W><W> क्षेत्र </W><W> में </W><W> छिप </W><W> गए। </W><W> सैनिकों </W><W> के </W><W> परिवारों </W><W> की </W><W> जान </W><W> खतरे </W><W> में </W><W> देख </W><W> ऊधमपुर </W><W> की </W><W> उत्तरी </W><W> कमान </W><W> से </W><W> पैरा </W><W> कमांडो </W><W> और </W><W> हिमाचल </W><W> स्थित </W><W> मुख्यालय </W><W> से </W><W> गरुड़ </W><W> कमांडो </W><W> को </W><W> बुलाया </W><W> गया। </W><W> उन्हें </W><W> सेना </W><W> के </W><W> हेलीकॉप्टर </W><W> से </W><W> सैनिक </W><W> क्वार्टरों </W><W> की </W><W> छत </W><W> पर </W><W> उतारा </W><W> गया। </W><W> शाम </W><W> छह </W><W> बजे </W><W> तक </W><W> ब्रिगेड </W><W> के </W><W> आवासीय </W><W> परिसर </W><W> से </W><W> 150 </W><W> सैन्य </W><W> परिवारों </W><W> को </W><W> सुरक्षित </W><W> निकाल </W><W> लिया </W><W> था। </W><W> यही </W><W> कारण </W><W> रहा </W><W> कि </W><W> दोपहर </W><W> तक </W><W> आतंकियों </W><W> के </W><W> खिलाफ </W><W> अभियान </W><W> में </W><W> परिवारों </W><W> की </W><W> सुरक्षा </W><W> को </W><W> देखते </W><W> हुए </W><W> कोई </W><W> बड़ा </W><W> हथियार </W><W> इस्तेमाल </W><W> नहीं </W><W> किया </W><W> गया। </W><W> बाद </W><W> में </W><W> कमांडों </W><W> ने </W><W> पूरे </W><W> संयम </W><W> से </W><W> अभियान </W><W> चलाया </W><W> और </W><W> शाम </W><W> को </W><W> दो </W><W> आतंकियों </W><W> को </W><W> मार </W><W> गिराया। </W><W> मारे </W><W> गए </W><W> आतंकियों </W><W> से </W><W> जैश </W><W> ए </W><W> मोहम्मद </W><W> का </W><W> झंडा, </W><W> एक </W><W> ऐके-47 </W><W> राइफल, </W><W> चीइनीज </W><W> ग्रेनेड </W><W> , </W><W> फौजी </W><W> पिट्ठू </W><W> बैग </W><W> और </W><W> मैगजीन </W><W> मिली </W><W> है। </W><W> रात </W><W> करीब </W><W> नौ </W><W> बजे </W><W> सेना </W><W> ने </W><W> तीसरे </W><W> आतंकी </W><W> को </W><W> भी </W><W> मार </W><W> गिराया। </W><W> इसके </W><W> बाद </W><W> सेना </W><W> के </W><W> विवेक </W><W> विहार </W><W> में </W><W> जेसीओ </W><W> क्वार्टरों </W><W> में </W><W> एक </W><W> या </W><W> दो </W><W> आतंकियों </W><W> की </W><W> मौजूदगी </W><W> के </W><W> चलते </W><W> अंतिम </W><W> प्रहार </W><W> की </W><W> तैयारी </W><W> शुरू </W><W> की </W><W> गई। </W><W> सेना </W><W> ने </W><W> परिवारों </W><W> को </W><W> निकालने </W><W> के </W><W> बाद </W><W> उस </W><W> क्वार्टर </W><W> पर </W><W> टैंक </W><W> से </W><W> कार्रवाई </W><W> करने </W><W> का </W><W> फैसला </W><W> किया, </W><W> जिसमें </W><W> छिपा </W><W> आतंकी </W><W> गोलीबारी </W><W> कर </W><W> रहा </W><W> है। </W><W> हेलीकॉप्टर </W><W> और </W><W> ड्रोन </W><W> से </W><W> भी </W><W> नजर </W><W> रखी </W><W> जाती </W><W> रही। </W><W> इससे </W><W> पूर्व </W><W> सुंजवां </W><W> के </W><W> आसपास </W><W> क्षेत्रों </W><W> में </W><W> सभी </W><W> सरकारी </W><W> और </W><W> निजी </W><W> स्कूलों </W><W> को </W><W> बंद </W><W> कर </W><W> दिया </W><W> गया। </W><W> सुंजवां </W><W> ब्रिगेड </W><W> के </W><W> अंदर </W><W> सेना </W><W> के </W><W> दो </W><W> स्कूल </W><W> भी </W><W> हैं। </W></P></DOCUMENT>