<?xml version="1.0" encoding="UTF-8"?>
<DOCUMENT><DESC/><TIME>4173</TIME><P><W> श्रीनगर, </W><W> [जागरण </W><W> न्यूज </W><W> नेटवर्क]। </W><PLACE-ARG ID="0"><LINK EVENT_ARG="2" ID="16" TYPE_REL="EVENT_ARG"/><W> उत्तरी </W><W> कश्मीर </W><W> के </W><W> कुपवाड़ा </W><W> जिले </W><W> के </W><W> टंगधार </W><W> में </W><W> साधनाटॉप </W><W> के </W><W> पास </W></PLACE-ARG><TIME-ARG ID="1"><LINK EVENT_ARG="2" ID="17" TYPE_REL="EVENT_ARG"/><W> शुक्रवार </W></TIME-ARG><W> को </W><W> हुए </W><NATURAL_EVENT ID="2" TYPE="AVALANCHES"><W> हिमस्खलन </W></NATURAL_EVENT><W> में </W><CASUALTIES-ARG ID="3"><LINK EVENT_ARG="2" ID="18" TYPE_REL="EVENT_ARG"/><W> तीन </W><W> वाहन </W><W> बर्फ </W><W> में </W><W> दब </W><W> गए। </W></CASUALTIES-ARG><W> इसमें </W><CASUALTIES-ARG ID="4"><LINK EVENT_ARG="5" ID="19" TYPE_REL="EVENT_ARG"/><W> एक </W><W> बीकन </W><W> कर्मचारी </W><W> की </W><W> मौत </W></CASUALTIES-ARG><W> हो </W><W> गई </W><W> और </W><CASUALTIES-ARG ID="5"><LINK EVENT_ARG="2" ID="20" TYPE_REL="EVENT_ARG"/><W> नौ </W><W> लोग </W><W> अभी </W><W> लापता </W></CASUALTIES-ARG><W> बताए </W><W> जा </W><W> रहे </W><W> हैं। </W><W> बर्फ </W><W> में </W><W> दबे </W><CASUALTIES-ARG ID="6"><LINK EVENT_ARG="2" ID="21" TYPE_REL="EVENT_ARG"/><W> तीनों </W><W> वाहनों </W><W> का </W><W> भी </W><W> कोई </W><W> सुराग </W><W> नहीं </W><W> मिल </W><W> पा </W><W> रहा </W></CASUALTIES-ARG><W> है। </W><W> वहीं </W><W> एक </W><W> बच्चे </W><W> समेत </W><W> दो </W><W> लोगों </W><W> को </W><W> बचा </W><W> लिया </W><W> गया </W><W> है। </W><W> सेना, </W><W> बीकन </W><W> विभाग </W><W> व </W><W> पुलिस </W><W> का </W><W> युद्धस्तर </W><W> पर </W><W> राहत </W><W> अभियान </W><W> जारी </W><W> है </W><W> लेकिन </W><W> खराब </W><W> मौसम </W><W> बाधा </W><W> बना </W><W> हुआ </W><W> है। </W></P><P><W> कुपवाड़ा </W><W> से </W><CASUALTIES-ARG ID="9"><LINK EVENT_ARG="7" ID="22" TYPE_REL="EVENT_ARG"/><W> सात </W><W> स्थानीय </W><W> लोगों </W></CASUALTIES-ARG><W> को </W><W> लेकर </W><W> टंगधार </W><W> जा </W><W> रही </W><W> लाल </W><W> रंग </W><W> की </W><W> सूमो </W><W> (जेके09ए-3249) </W><W> जब </W><PLACE-ARG ID="8"><LINK EVENT_ARG="7" ID="23" TYPE_REL="EVENT_ARG"/><W> साधनाटॉप </W><W> इलाके </W></PLACE-ARG><W> से </W><W> गुजर </W><W> रही </W><W> थी </W><W> तो </W><W> पहाड़ </W><W> से </W><W> हुए </W><NATURAL_EVENT ID="7" TYPE="AVALANCHES"><W> हिमस्खलन </W></NATURAL_EVENT><W> की </W><W> चपेट </W><W> में </W><W> आने </W><W> से </W><CASUALTIES-ARG ID="11"><LINK EVENT_ARG="7" ID="24" TYPE_REL="EVENT_ARG"/><W> वह </W><W> नीचे </W><W> जा </W><W> गिरी </W><W> और </W><W> बर्फ </W><W> में </W><W> दब </W><W> गई। </W></CASUALTIES-ARG><W> इस </W><W> वाहन </W><W> के </W><W> पीछे </W><W> आ </W><W> रहे </W><CASUALTIES-ARG ID="12"><LINK EVENT_ARG="7" ID="25" TYPE_REL="EVENT_ARG"/><W> एक </W><W> अन्य </W><W> यात्री </W><W> वाहन </W><W> में </W><W> सवार </W><W> एक </W><W> बच्चे </W><W> सहित </W><W> तीन </W><W> लोगों </W></CASUALTIES-ARG><W> ने </W><W> जब </W><W> अपने </W><W> सामने </W><W> यह </W><W> हादसा </W><W> होते </W><W> देखा </W><W> तो </W><W> बचाने </W><W> के </W><W> लिए </W><W> आगे </W><W> बढ़े, </W><W> लेकिन </W><W> पहाड़ </W><W> से </W><W> हुए </W><NATURAL_EVENT ID="14" TYPE="AVALANCHES"><EVENT-COREF-LINK EVENT_ID="7" ID="28" TYPE_REL="EVENT_COREF"/><W> हिमस्खलन </W></NATURAL_EVENT><W> की </W><W> चपेट </W><W> में </W><W> आने </W><W> से </W><CASUALTIES-ARG ID="13"><LINK EVENT_ARG="14" ID="26" TYPE_REL="EVENT_ARG"/><W> वह </W><W> भी </W><W> बर्फ </W><W> में </W><W> दब </W><W> गए। </W></CASUALTIES-ARG><W> इसी </W><W> दौरान </W><W> टंगमर्ग </W><W> से </W><W> कुपवाड़ा </W><W> जा </W><W> रहा </W><W> बीकन </W><W> विभाग </W><W> का </W><W> एक </W><W> अन्य </W><W> वाहन </W><W> भी </W><W> हिमस्खलन </W><W> की </W><W> चपेट </W><W> में </W><W> आ </W><W> गया। </W><W> इसमें </W><W> सवार </W><W> दो </W><W> बीकन </W><W> कर्मियों </W><W> में </W><W> एक </W><W> की </W><W> मौके </W><W> पर </W><W> ही </W><W> मौत </W><W> हो </W><W> गई, </W><W> जबकि </W><W> दूसरा </W><W> गंभीर </W><W> रूप </W><W> से </W><W> घायल </W><W> हो </W><W> गया। </W><W> तीन </W><W> वाहनों </W><W> के </W><NATURAL_EVENT ID="15" TYPE="AVALANCHES"><EVENT-COREF-LINK EVENT_ID="7" ID="27" TYPE_REL="EVENT_COREF"/><W> हिमस्खलन </W></NATURAL_EVENT><W> की </W><W> चपेट </W><W> में </W><W> आने </W><W> की </W><W> जानकारी </W><W> मिलते </W><W> ही </W><W> स्थानीय </W><W> लोगों </W><W> ने </W><W> पुलिस </W><W> को </W><W> सूचित </W><W> किया।  </W></P><P><W>   </W></P><P><W>  इसके </W><W> बाद </W><W> बर्फ </W><W> में </W><W> दबे </W><W> लोगों </W><W> को </W><W> तलाशने </W><W> के </W><W> लिए </W><W> युद्धस्तर </W><W> पर </W><W> अभियान </W><W> शुरू </W><W> हुआ। </W><W> काफी </W><W> मशक्कत </W><W> व </W><W> विपरीत </W><W> मौसमी </W><W> परिस्थितियों </W><W> के </W><W> बीच </W><W> सात </W><W> साल </W><W> के </W><W> एक </W><W> बच्चे </W><W> और </W><W> बीकन </W><W> कर्मचारी </W><W> को </W><W> घायल </W><W> हालत </W><W> में </W><W> बाहर </W><W> निकाल </W><W> लिया </W><W> गया। </W><W> बच्चे </W><W> की </W><W> हालत </W><W> स्थिर </W><W> बताई </W><W> जा </W><W> रही </W><W> है। </W><W> कुछ </W><W> देर </W><W> बाद </W><W> एक </W><W> बीकन </W><W> कर्मी </W><W> का </W><W> शव </W><W> भी </W><W> बरामद </W><W> हो </W><W> गया, </W><W> लेकिन </W><W> नौ </W><W> लोगों </W><W> का </W><W> देर </W><W> शाम </W><W> तक </W><W> कोई </W><W> सुराग </W><W> नहीं </W><W> मिला। </W><W> एसपी </W><W> कुपवाड़ा </W><W> शमशेर </W><W> सिंह </W><W> ने </W><W> बताया </W><W> कि </W><W> हिमस्खलन </W><W> में </W><W> मारे </W><W> गए </W><W> बीकन </W><W> कर्मचारी </W><W> की </W><W> पहचान </W><W> (47) </W><W> मंगल </W><W> प्रसाद </W><W> सिंह </W><W> पुत्र </W><W> शिव </W><W> राज </W><W> सिंह, </W><W> निवासी </W><W> अयर </W><W> सरैया, </W><W> वाराणसी, </W><W> उत्तर </W><W> प्रदेश </W><W> के </W><W> रूप </W><W> में </W><W> हुई </W><W> है। बता </W><W> दें </W><W> कि </W><W> कश्मीर </W><W> के </W><W> डिवीजनल </W><W> कमिश्नर </W><W> ने </W><W> बुधवार </W><W> को </W><W> ही </W><W> मौसम </W><W> विभाग </W><W> की </W><W> चेतावनी </W><W> के </W><W> बाद </W><W> क्षेत्र </W><W> में </W><W> हिमस्खलन </W><W> का </W><W> अलर्ट </W><W> जारी </W><W> किया </W><W> था। </W><W> साथ </W><W> ही </W><W> कुपवाड़ा </W><W> समेत </W><W> सभी </W><W> ऊपरी </W><W> इलाकों </W><W> में </W><W> रहने </W><W> वाले </W><W> लोगों </W><W> को </W><W> एहतियात </W><W> बरतने </W><W> की </W><W> सलाह </W><W> भी </W><W> दी </W><W> गई </W><W> थी। </W></P><P><W> कश्मीर </W><W> के </W><W> ऊपरी </W><W> पहाड़ों </W><W> पर </W><W> ताजा </W><W> बर्फबारी </W></P><P><W> कश्मीर </W><W> में </W><W> लंबे </W><W> समय </W><W> से </W><W> चल </W><W> रहा </W><W> शुष्क </W><W> मौसम </W><W> का </W><W> दौर </W><W> शुक्रवार </W><W> को </W><W> समाप्त </W><W> हो </W><W> गया </W><W> और </W><W> गुलमर्ग </W><W> सहित </W><W> वादी </W><W> के </W><W> सभी </W><W> उच्च </W><W> पर्वतीय </W><W> इलाकों </W><W> में </W><W> बर्फबारी </W><W> और </W><W> निचले </W><W> क्षेत्रों </W><W> में </W><W> बारिश </W><W> का </W><W> सिलसिला </W><W> शुरू </W><W> हो </W><W> गया। </W><W> इधर, </W><W> जम्मू </W><W> में </W><W> दिन </W><W> में </W><W> धूप </W><W> निकलने </W><W> से </W><W> थोड़ी </W><W> राहत </W><W> मिली, </W><W> लेकिन </W><W> शाम </W><W> होते </W><W> ही </W><W> फिर </W><W> सर्दी </W><W> से </W><W> जोर </W><W> पकड़ </W><W> लिया।  </W></P><P><W>   </W></P><P><W>  मौसम </W><W> विभाग </W><W> के </W><W> अनुसार, </W><W> अगले </W><W> चौबीस </W><W> घंटों </W><W> के </W><W> दौरान </W><W> वादी </W><W> में </W><W> हिमपात </W><W> जारी </W><W> रहने </W><W> की </W><W> संभावना </W><W> है।मौसम </W><W> विभाग </W><W> ने </W><W> भविष्यवाणी </W><W> की </W><W> थी </W><W> कि </W><W> पांच </W><W> जनवरी </W><W> से </W><W> पश्चिमी </W><W> हवाओं </W><W> के </W><W> सक्रिय </W><W> होने </W><W> से </W><W> मौसम </W><W> बदलेगा। </W><W> हुआ </W><W> भी </W><W> वैसा </W><W> ही, </W><W> शुक्रवार </W><W> तड़के </W><W> ही </W><W> गुलमर्ग </W><W> व </W><W> पहलगाम </W><W> समेत </W><W> वादी </W><W> के </W><W> ऊपरी </W><W> इलाकों </W><W> में </W><W> बर्फबारी </W><W> शुरू </W><W> हो </W><W> गई, </W><W> जो </W><W> दिनभर </W><W> रुक </W><W> रुककर </W><W> जारी </W><W> रही। </W><W> गुलगर्म </W><W> में </W><W> शाम </W><W> तक </W><W> आठ </W><W> इंच, </W><W> पहलगाम </W><W> में </W><W> छह </W><W> इंच </W><W> और </W><W> सोनमर्ग </W><W> में </W><W> दस </W><W> इंच </W><W> ताजा </W><W> बर्फ </W><W> जमा </W><W> हो </W><W> गई </W><W> थी। </W><W> निचले </W><W> इलाकों </W><W> में </W><W> भी </W><W> दिनभर </W><W> रुक </W><W> रुककर </W><W> बूंदाबांदी </W><W> होती </W><W> रही। </W></P><P><W> हालांकि </W><W> श्रीनगर </W><W> व </W><W> इसके </W><W> साथ </W><W> सटे </W><W> इलाकों </W><W> में </W><W> शाम </W><W> तक </W><W> बारिश </W><W> तो </W><W> नहीं </W><W> हुई, </W><W> लेकिन </W><W> पूरा </W><W> दिन </W><W> आसमान </W><W> घने </W><W> बादलों </W><W> से </W><W> ढका </W><W> रहा। </W><W> ताजा </W><W> बर्फबारी </W><W> व </W><W> बारिश </W><W> से </W><W> ठंड </W><W> का </W><W> प्रकोप </W><W> और </W><W> बढ़ </W><W> गया </W><W> है। </W><W> श्रीनगर </W><W> में </W><W> अधिकतम </W><W> तापमान </W><W> 7.9 </W><W> व </W><W> न्यूनतम </W><W> माइनस </W><W> 3.2 </W><W> डिग्री </W><W> सेल्सियस </W><W> रिकॉर्ड </W><W> किया </W><W> गया। </W><W> पहलगाम </W><W> में </W><W> न्यूनतम </W><W> तापमान </W><W> माइनस </W><W> 4.9 </W><W> तथा </W><W> गुलमर्ग </W><W> में </W><W> माइनस </W><W> 9.0 </W><W> डिग्री </W><W> सेल्सियस </W><W> रिकॉर्ड </W><W> किया </W><W> गया। </W><W> 21 </W><W> दिसंबर </W><W> से </W><W> शुरू </W><W> हुए </W><W> सर्दियों </W><W> के </W><W> सबसे </W><W> कठिन </W><W> दौर </W><W> कहलाने </W><W> वाले </W><W> 40 </W><W> दिवसीय </W><W> चिलेकलां </W><W> में </W><W> यह </W><W> पहली </W><W> बर्फबारी </W><W> है।  </W></P></DOCUMENT>