<?xml version="1.0" encoding="UTF-8"?>
<DOCUMENT><P><PLACE-ARG ID="1"><LINK EVENT_ARG="0" ID="15" TYPE_REL="EVENT_ARG"/><W> हिमाचल </W><W> के </W><W> मंडी </W><W> जिले </W></PLACE-ARG><W> में </W><REASON-ARG ID="2"><LINK EVENT_ARG="0" ID="16" TYPE_REL="EVENT_ARG"/><W> पहाड़ </W><W> खिसकने </W></REASON-ARG><W> से </W><MAN_MADE_EVENT ID="0" TYPE="TRANSPORT_HAZARDS"><W> दो </W><W> बसों </W><W> और </W><W> कुछ </W><W> निजी </W><W> वाहनों </W><W> के </W><W> खाई </W><W> में </W><W> रपट </W><W> जाने </W></MAN_MADE_EVENT><W> और </W><W> उसमें </W><CASUALTIES-ARG ID="3"><LINK EVENT_ARG="0" ID="17" TYPE_REL="EVENT_ARG"/><W> करीब </W><W> पचास </W><W> लोगों </W></CASUALTIES-ARG><W> के </W><W> मारे </W><W> जाने </W><W> की </W><W> आशंका </W><W> के </W><W> बीच </W><W> एक </W><W> बार </W><W> फिर </W><W> विकास </W><W> कार्यक्रमों </W><W> को </W><W> लेकर </W><W> सवाल </W><W> उठने </W><W> शुरू </W><W> हो </W><W> गए </W><W> हैं। </W><W> माना </W><W> जा </W><W> रहा </W><W> है </W><W> कि </W><TIME-ARG ID="5"><LINK EVENT_ARG="0" ID="18" TYPE_REL="EVENT_ARG"/><W> शनिवार </W><W> को </W><W> देर </W><W> रात </W></TIME-ARG><REASON-ARG ID="4"><LINK EVENT_ARG="0" ID="19" TYPE_REL="EVENT_ARG"/><W> बादल </W><W> फटने </W></REASON-ARG><W> से </W><W> पहाड़ </W><W> धंस </W><W> गया </W><W> और </W><W> उसका </W><W> सारा </W><W> मलबा </W><W> मंडी-पठानकोट </W><W> राजमार्ग </W><W> से </W><W> बहते </W><W> हुए </W><W> तलहटी </W><W> में </W><W> गिरने </W><W> लगा, </W><W> जिसकी </W><W> चपेट </W><W> में </W><W> आकर </W><W> हिमाचल </W><W> परिवहन </W><W> की </W><W> दो </W><W> बसें </W><W> और </W><W> कुछ </W><W> निजी </W><W> वाहन </W><W> तलहटी </W><W> में </W><W> समा </W><W> गए। </W><W> बताया </W><W> जा </W><W> रहा </W><W> है </W><W> कि </W><W> उन </W><W> वाहनों </W><W> में </W><W> करीब </W><W> पचास </W><W> लोग </W><W> सवार </W><W> थे। </W><W> हालांकि </W><W> अभी </W><AFTER_EFFECTS-ARG ID="6"><LINK EVENT_ARG="0" ID="20" TYPE_REL="EVENT_ARG"/><W> राहत </W><W> और </W><W> बचाव </W><W> कार्य </W></AFTER_EFFECTS-ARG><W> जारी </W><W> है, </W><W> मृतकों </W><W> की </W><W> वास्तविक </W><W> संख्या </W><W> पता </W><W> नहीं </W><W> चल </W><W> पाई </W><W> है। </W><W> ऐसी </W><W> ही </W><W> घटना </W><PLACE-ARG ID="13"><W> उत्तराखंड </W></PLACE-ARG><W> के </W><PLACE-ARG ID="14"><W> पिथौरागढ़ </W><W> जिले </W></PLACE-ARG><W> में </W><W> हुई, </W><W> जिसमें </W><W> पहाड़ </W><W> धंसने </W><W> से </W><W> उसके </W><W> मलबे </W><W> में </W><W> कई </W><W> वाहन </W><W> बह </W><W> गए </W><W> और </W><W> कई </W><W> लोगों </W><W> के </W><W> मारे </W><W> जाने </W><W> की </W><W> आशंका </W><W> है। </W><W> बरसात </W><W> के </W><W> मौसम </W><W> में </W><W> हर </W><W> साल </W><W> पहाड़ों </W><W> पर </W><W> ऐसे </W><W> हादसे </W><W> हो </W><W> जाते </W><W> हैं। </W><W> मगर </W><W> पिछले </W><W> कुछ </W><W> सालों </W><W> से </W><W> जिस </W><W> प्रकार </W><W> बादल </W><W> फटने </W><W> और </W><W> पहाड़ों </W><W> के </W><W> धंसने </W><W> की </W><W> घटनाएं </W><W> बढ़ी </W><W> हैं, </W><W> उसमें </W><W> पहाड़ों </W><W> पर </W><W> चल </W><W> रही </W><W> विकास </W><W> योजनाओं </W><W> को </W><W> इसके </W><W> लिए </W><W> जिम्मेदार </W><W> माना </W><W> जाने </W><W> लगा </W><W> है। </W><W> केदारनाथ </W><W> त्रासदी </W><W> के </W><W> बाद </W><W> लगातार </W><W> पहाड़ों </W><W> की </W><W> स्थिति </W><W> समझने </W><W> और </W><W> ऐसे </W><W> हादसों </W><W> से </W><W> निपटने </W><W> के </W><W> लिए </W><W> जरूरी </W><W> तैयारियों </W><W> पर </W><W> बल </W><W> दिया </W><W> जाता </W><W> रहा, </W><W> मगर </W><W> इस </W><W> दिशा </W><W> में </W><W> कोई </W><W> उल्लेखनीय </W><W> कदम </W><W> उठाया </W><W> जाता </W><W> नहीं </W><W> दिख </W><W> पाया </W><W> है। </W></P><P><PLACE-ARG ID="7"><W> हिमाचल </W></PLACE-ARG><W> के </W><PLACE-ARG ID="8"><W> कुल्लू, </W></PLACE-ARG><PLACE-ARG ID="9"><W> मंडी </W></PLACE-ARG><W> आदि </W><W> जिलों </W><W> और </W><PLACE-ARG ID="10"><W> उत्तराखंड </W></PLACE-ARG><W> के </W><W> विभिन्न </W><W> हिस्सों </W><W> में </W><W> जिस </W><W> प्रकार </W><W> पर्यटन </W><W> और </W><W> रोजगार </W><W> को </W><W> बढ़ावा </W><W> देने </W><W> के </W><W> नाम </W><W> पर </W><W> अतार्किक </W><W> ढंग </W><W> से </W><W> होटल, </W><W> मोटेल, </W><W> रिसॉर्ट, </W><W> मनोरंजन </W><W> पार्क, </W><W> सड़कें </W><W> वगैरह </W><W> बनाने </W><W> का </W><W> काम </W><W> हुआ, </W><W> जगह-जगह </W><W> पनबिजली </W><W> परियोजनाएं </W><W> शुरू </W><W> की </W><W> गईं, </W><W> उसमें </W><W> पहाड़ों </W><W> पर </W><W> और </W><W> नदियों </W><W> के </W><W> किनारे </W><W> तय </W><W> मानकों </W><W> को </W><W> धता </W><W> बताते </W><W> हुए </W><W> खुदाई </W><W> की </W><W> गई। </W><W> इससे </W><W> पहाड़ </W><W> कमजोर </W><W> होते </W><W> गए। </W><W> इसके </W><W> अलावा </W><W> पहाड़ों </W><W> पर </W><W> उपलब्ध </W><W> खनिजों </W><W> के </W><W> दोहन </W><W> की </W><W> होड़-सी </W><W> मची </W><W> हुई </W><W> है। </W><PLACE-ARG ID="11"><W> हिमाचल </W><W> के </W><W> मंडी </W><W> इलाके </W></PLACE-ARG><W> में </W><W> खनिज </W><W> निकालने </W><W> वाली </W><W> और </W><W> कुल्लू </W><W> में </W><W> पनबिजली </W><W> परियोजनाओं </W><W> के </W><W> खिलाफ </W><W> स्थानीय </W><W> लोग </W><W> लंबे </W><W> समय </W><W> से </W><W> आवाज </W><W> उठाते </W><W> रहे </W><W> हैं, </W><W> मगर </W><W> वहां </W><W> की </W><W> सरकार </W><W> इन </W><W> गतिविधियों </W><W> पर </W><W> अंकुश </W><W> लगाने </W><W> के </W><W> बजाय </W><W> राजस्व </W><W> के </W><W> लोभ </W><W> में </W><W> उन्हें </W><W> बढ़ावा </W><W> देती </W><W> रही </W><W> है। </W><W> इसी </W><W> तरह </W><PLACE-ARG ID="12"><W> उत्तराखंड </W></PLACE-ARG><W> में </W><W> खुदाई </W><W> से </W><W> पहाड़ </W><W> इस </W><W> कदर </W><W> कमजोर </W><W> होते </W><W> गए </W><W> हैं </W><W> कि </W><W> मामूली </W><W> बारिश </W><W> और </W><W> भूकम्प </W><W> का </W><W> भी </W><W> दबाव </W><W> सहन </W><W> नहीं </W><W> कर </W><W> पाते। </W><W> सो, </W><W> ऐसे </W><W> हादसे </W><W> अक्सर </W><W> हो </W><W> जाते </W><W> हैं। </W></P><P><W> पहाड़ों </W><W> पर </W><W> आबादी </W><W> का </W><W> बोझ </W><W> और </W><W> औद्योगिक </W><W> गतिविधियों </W><W> को </W><W> बढ़ने </W><W> से </W><W> रोकने </W><W> के </W><W> मकसद </W><W> से </W><W> वहां </W><W> बाहरी </W><W> लोगों </W><W> के </W><W> जमीन-जायदाद </W><W> खरीदने </W><W> पर </W><W> अंकुश </W><W> संबंधी </W><W> नियम </W><W> बनाए </W><W> गए </W><W> थे। </W><W> मगर </W><W> राज्य </W><W> सरकारें </W><W> रोजगार </W><W> के </W><W> अवसर </W><W> सृजित </W><W> करने </W><W> और </W><W> राजस्व </W><W> बढ़ाने </W><W> के </W><W> तर्क </W><W> पर </W><W> उन </W><W> नियम-कायदों </W><W> में </W><W> ढील </W><W> देती </W><W> या </W><W> बदलाव </W><W> करती </W><W> गईं। </W><W> औद्योगिक </W><W> कंपनियों </W><W> को </W><W> खुद </W><W> न्योता </W><W> देकर </W><W> पहाड़ों </W><W> पर </W><W> कारोबार </W><W> फैलाने </W><W> की </W><W> छूट </W><W> देती </W><W> रहीं। </W><W> इस </W><W> तरह </W><W> पहाड़ों </W><W> पर </W><W> खुदाई </W><W> और </W><W> निर्माण </W><W> कार्यों </W><W> में </W><W> भारी </W><W> मशीनों </W><W> का </W><W> इस्तेमाल </W><W> शुरू </W><W> हुआ </W><W> और </W><W> पहाड़ </W><W> दरकने, </W><W> खोखले </W><W> होने </W><W> शुरू </W><W> हो </W><W> गए। </W><W> थोड़ी-थोड़ी </W><W> दूरी </W><W> पर </W><W> पनबिजली </W><W> परियोजनाएं </W><W> शुरू </W><W> हो </W><W> जाने </W><W> से </W><W> पहाड़ों </W><W> पर </W><W> बादलों </W><W> के </W><W> इकट्ठा </W><W> होने </W><W> और </W><W> अचानक </W><W> फटने </W><W> का </W><W> सिलसिला </W><W> बढ़ </W><W> गया। </W><W> लंबे </W><W> समय </W><W> से </W><W> सुझाव </W><W> दिए </W><W> जाते </W><W> रहे </W><W> हैं </W><W> कि </W><W> प्रकृति </W><W> के </W><W> साथ </W><W> खिलवाड़ </W><W> कर </W><W> विकास </W><W> योजनाएं </W><W> चलाने </W><W> पर </W><W> काबू </W><W> पाने </W><W> की </W><W> जरूरत </W><W> है, </W><W> मगर </W><W> इस </W><W> तरफ </W><W> गंभीरता </W><W> से </W><W> ध्यान </W><W> नहीं </W><W> दिया </W><W> जाता। </W><W> जब </W><W> तक </W><W> पहाड़ों </W><W> पर </W><W> अवैध </W><W> और </W><W> अतार्किक </W><W> गतिविधियों </W><W> पर </W><W> सख्ती </W><W> से </W><W> रोक </W><W> नहीं </W><W> लगाई </W><W> जाती, </W><W> वहां </W><W> हादसों </W><W> का </W><W> सिलसिला </W><W> शायद </W><W> ही </W><W> रुके। </W></P></DOCUMENT>