<?xml version="1.0" encoding="UTF-8"?>
<DOCUMENT><DESC/><TIME>4667</TIME><P><PARTICIPANT-ARG ID="1"><LINK EVENT_ARG="8" ID="63" TYPE_REL="EVENT_ARG"/><W> जनता </W><W> एक्सप्रेस </W></PARTICIPANT-ARG><W> के </W><REASON-ARG ID="0"><LINK EVENT_ARG="8" ID="64" TYPE_REL="EVENT_ARG"/><W> ब्रेक </W><W> फेल, </W></REASON-ARG><CASUALTIES-ARG ID="4"><LINK EVENT_ARG="8" ID="65" TYPE_REL="EVENT_ARG"/><W> 36 </W><W> की </W><W> मौत </W></CASUALTIES-ARG><W> । </W></P><P><PARTICIPANT-ARG ID="2"><LINK EVENT_ARG="8" ID="66" TYPE_REL="EVENT_ARG"/><W> देहरादून </W><W> से </W><W> वाराणसी </W><W> जा </W><W> रही </W><W> जनता </W><W> एक्सप्रेस </W></PARTICIPANT-ARG><TIME-ARG ID="6"><LINK EVENT_ARG="8" ID="67" TYPE_REL="EVENT_ARG"/><W> शुक्रवार </W></TIME-ARG><W> को </W><MAN_MADE_EVENT ID="8" TYPE="TRAIN_COLLISION"><W> दुर्घटनाग्रस्त </W></MAN_MADE_EVENT><W> हो </W><W> गई। </W><PARTICIPANT-ARG ID="3"><LINK EVENT_ARG="9" ID="68" TYPE_REL="EVENT_ARG"/><W> ट्रेन </W><W> का </W><W> इंजन </W><W> और </W><W> तीन </W><W> बोगियां </W></PARTICIPANT-ARG><MAN_MADE_EVENT ID="9" TYPE="TRAIN_COLLISION"><EVENT-COREF-LINK EVENT_ID="8" ID="50" TYPE_REL="EVENT_COREF"/><W> पटरी </W><W> से </W><W> उतर </W><W> गई। </W></MAN_MADE_EVENT><MAN_MADE_EVENT ID="10" TYPE="TRAIN_COLLISION"><EVENT-COREF-LINK EVENT_ID="8" ID="51" TYPE_REL="EVENT_COREF"/><W> हादसा </W></MAN_MADE_EVENT><W> इतना </W><W> भयानक </W><W> था </W><W> कि </W><AFTER_EFFECTS-ARG ID="25"><LINK EVENT_ARG="10" ID="69" TYPE_REL="EVENT_ARG"/><W> बोगियां </W><W> एक </W><W> दूसरे </W><W> के </W><W> ऊपर </W><W> चढ़ </W><W> गई। </W><W> इससे </W><W> डिब्बे </W><W> क्षतिग्रस्त </W><W> हो </W><W> गए। </W></AFTER_EFFECTS-ARG><MAN_MADE_EVENT ID="11" TYPE="TRAIN_COLLISION"><EVENT-COREF-LINK EVENT_ID="8" ID="52" TYPE_REL="EVENT_COREF"/><W> घटना </W></MAN_MADE_EVENT><W> में </W><CASUALTIES-ARG ID="5"><LINK EVENT_ARG="11" ID="70" TYPE_REL="EVENT_ARG"/><W> 36 </W><W> यात्रियों </W><W> की </W><W> मौत </W><W> हो </W><W> गई </W><W> है, </W><W> जबकि </W><W> 100 </W><W> से </W><W> अधिक </W><W> लोग </W><W> घायल </W></CASUALTIES-ARG><W> हुए </W><W> हैं। </W><W> मृतकों </W><W> की </W><W> संख्या </W><W> अभी </W><W> बढ़ </W><W> सकती </W><W> है। </W><AFTER_EFFECTS-ARG ID="26"><LINK EVENT_ARG="11" ID="71" TYPE_REL="EVENT_ARG"/><W> मृतकों </W><W> में </W><W> 12 </W><W> यात्रियों </W><W> की </W><W> शिनाख्त </W><W> अब </W><W> तक </W><W> हो </W><W> पाई </W><W> है। </W></AFTER_EFFECTS-ARG><PLACE-ARG ID="49"><LINK EVENT_ARG="12" ID="73" TYPE_REL="EVENT_ARG"/><W> रायबरेली-लखनऊ </W><W> रेलखंड </W><W> पर </W><W> बछरावां </W><W> स्टेशन </W><W> के </W><W> पास </W></PLACE-ARG><W> हुए </W><W> इस </W><MAN_MADE_EVENT ID="12" TYPE="TRAIN_COLLISION"><EVENT-COREF-LINK EVENT_ID="8" ID="53" TYPE_REL="EVENT_COREF"/><W> हादसे </W></MAN_MADE_EVENT><W> से </W><AFTER_EFFECTS-ARG ID="27"><LINK EVENT_ARG="12" ID="72" TYPE_REL="EVENT_ARG"/><W> हड़कंप </W><W> मच </W><W> गया। </W></AFTER_EFFECTS-ARG><AFTER_EFFECTS-ARG ID="28"><LINK EVENT_ARG="12" ID="74" TYPE_REL="EVENT_ARG"/><W> घायल </W><W> कई </W><W> मुसाफिरों </W><W> को </W><W> लखनऊ </W><W> ट्रामा </W><W> सेंटर </W><W> और </W><W> जिला </W><W> अस्पताल </W><W> रेफर </W><W> किया </W><W> गया </W><W> है। </W><W> सूचना </W><W> पर </W><W> डीआरएम </W><W> और </W><W> डिवीजनल </W><W> कमिश्नर </W><W> समेत </W><W> कई </W><W> अफसर </W><W> मौके </W><W> पर </W><W> पहुंचे। </W><W> राहत </W><W> कार्य </W><W> शुरू </W><W> है। </W></AFTER_EFFECTS-ARG><MAN_MADE_EVENT ID="13" TYPE="TRAIN_COLLISION"><EVENT-COREF-LINK EVENT_ID="8" ID="54" TYPE_REL="EVENT_COREF"/><W> घटना </W></MAN_MADE_EVENT><W> से </W><AFTER_EFFECTS-ARG ID="29"><LINK EVENT_ARG="13" ID="75" TYPE_REL="EVENT_ARG"/><W> ट्रेनों </W><W> का </W><W> संचालक </W><W> प्रभावित </W><W> रहा। </W></AFTER_EFFECTS-ARG><REASON-ARG ID="30"><LINK EVENT_ARG="13" ID="76" TYPE_REL="EVENT_ARG"/><W> ब्रेक </W><W> फेल </W></REASON-ARG><W> होने </W><W> की </W><W> वजह </W><W> से </W><MAN_MADE_EVENT ID="14" TYPE="TRAIN_COLLISION"><EVENT-COREF-LINK EVENT_ID="8" ID="77" TYPE_REL="EVENT_COREF"/><W> हादसा </W></MAN_MADE_EVENT><W> होना </W><W> बताया </W><W> जा </W><W> रहा </W><W> है, </W><W> लेकिन </W><W> अफसर </W><W> इससे </W><W> इंकार </W><W> कर </W><W> रहे </W><W> हैं। </W><AFTER_EFFECTS-ARG ID="31"><LINK EVENT_ARG="14" ID="78" TYPE_REL="EVENT_ARG"/><W> डीआरएम </W><W> ने </W><W> जांच </W><W> के </W><W> आदेश </W><W> दिए </W><W> हैं। </W></AFTER_EFFECTS-ARG></P><P><TIME-ARG ID="7"><LINK EVENT_ARG="15" ID="79" TYPE_REL="EVENT_ARG"/><W> शुक्रवार </W><W> सुबह </W></TIME-ARG><PARTICIPANT-ARG ID="33"><LINK EVENT_ARG="15" ID="80" TYPE_REL="EVENT_ARG"/><W> जनता </W><W> एक्सप्रेस </W><W> ट्रेन </W><W> नंबर </W><W> 14266 </W></PARTICIPANT-ARG><PLACE-ARG ID="34"><LINK EVENT_ARG="15" ID="81" TYPE_REL="EVENT_ARG"/><W> वाराणसी </W></PLACE-ARG><W> जा </W><W> रही </W><W> थी। </W><PLACE-ARG ID="35"><LINK EVENT_ARG="15" ID="82" TYPE_REL="EVENT_ARG"/><W> बछरावां </W><W> रेलवे </W><W> स्टेशन </W><W> के </W><W> पास </W></PLACE-ARG><W> अचानक </W><PARTICIPANT-ARG ID="36"><LINK EVENT_ARG="15" ID="83" TYPE_REL="EVENT_ARG"/><W> ट्रेन </W><W> का </W><W> इंजन </W><W> और </W><W> 3 </W><W> डिब्बे </W></PARTICIPANT-ARG><MAN_MADE_EVENT ID="15" TYPE="TRAIN_COLLISION"><EVENT-COREF-LINK EVENT_ID="8" ID="55" TYPE_REL="EVENT_COREF"/><W> पटरी </W><W> से </W><W> उतर </W><W> गए। </W></MAN_MADE_EVENT><W> इनमें </W><W> से </W><AFTER_EFFECTS-ARG ID="32"><LINK EVENT_ARG="15" ID="84" TYPE_REL="EVENT_ARG"/><W> 2 </W><W> डिब्बों </W><W> को </W><W> बहुत </W><W> ज्यादा </W><W> नुकसान </W><W> पहुंचा। </W><W> बोगियां </W><W> एक-दूसरे </W><W> के </W><W> ऊपर </W><W> चढ़ </W><W> गईं, </W><W> जिससे </W><W> घायल </W><W> लोगों </W><W> को </W><W> बचाने </W><W> में </W><W> भी </W><W> मुश्किलों </W><W> का </W><W> सामना </W><W> करना </W><W> पड़ा। </W></AFTER_EFFECTS-ARG><MAN_MADE_EVENT ID="37" TYPE="TRAIN_COLLISION"><EVENT-COREF-LINK EVENT_ID="8" ID="85" TYPE_REL="EVENT_COREF"/><W> दुर्घटना </W></MAN_MADE_EVENT><W> की </W><W> खबर </W><W> फैलते </W><W> ही </W><AFTER_EFFECTS-ARG ID="38"><LINK EVENT_ARG="37" ID="86" TYPE_REL="EVENT_ARG"/><W> आसपास </W><W> के </W><W> गांव </W><W> वाले </W><W> राहत </W><W> और </W><W> बचाव </W><W> कार्य </W><W> में </W><W> जुट </W><W> गए। </W><W> बोगियों </W><W> पर </W><W> सवार </W><W> मुसाफिरों </W><W> को </W><W> एक-एक </W><W> करके </W><W> बाहर </W><W> निकाला </W><W> गया। </W></AFTER_EFFECTS-ARG><MAN_MADE_EVENT ID="16" TYPE="TRAIN_COLLISION"><EVENT-COREF-LINK EVENT_ID="8" ID="87" TYPE_REL="EVENT_COREF"/><W> हादसे </W></MAN_MADE_EVENT><W> में </W><CASUALTIES-ARG ID="39"><LINK EVENT_ARG="16" ID="88" TYPE_REL="EVENT_ARG"/><W> 36 </W><W> यात्रियों </W><W> की </W><W> मौत </W></CASUALTIES-ARG><W> हो </W><W> गई। </W><W> इसमें </W><W> से </W><CASUALTIES-ARG ID="40"><LINK EVENT_ARG="16" ID="89" TYPE_REL="EVENT_ARG"/><W> 28 </W><W> यात्रियों </W><W> की </W><W> मौके </W><W> पर, </W><W> जबकि </W><W> 8 </W><W> यात्रियों </W><W> की </W><W> लखनऊ </W><W> ट्रामा </W><W> सेंटर </W><W> में </W><W> इलाज </W><W> के </W><W> दौरान </W><W> मौत </W></CASUALTIES-ARG><W> हुई। </W><W> साथ </W><W> ही </W><CASUALTIES-ARG ID="41"><LINK EVENT_ARG="16" ID="90" TYPE_REL="EVENT_ARG"/><W> 100 </W><W> से </W><W> अधिक </W><W> यात्री </W><W> घायल </W></CASUALTIES-ARG><W> हुए </W><W> हैं। </W><W> मृतकों </W><W> की </W><W> संख्या </W><W> अभी </W><W> बढ़ </W><W> सकती </W><W> है। </W><MAN_MADE_EVENT ID="18" TYPE="TRAIN_COLLISION"><EVENT-COREF-LINK EVENT_ID="8" ID="56" TYPE_REL="EVENT_COREF"/><W> दुर्घटना </W></MAN_MADE_EVENT><W> की </W><W> वजह </W><W> से </W><AFTER_EFFECTS-ARG ID="42"><LINK EVENT_ARG="18" ID="91" TYPE_REL="EVENT_ARG"/><W> रायबरेली-लखनऊ </W><W> रेल </W><W> खंड </W><W> पर </W><W> रेल </W><W> ट्रैफिक </W><W> थम </W><W> गया। </W><W> बोगियों </W><W> को </W><W> अलग </W><W> करने </W><W> के </W><W> लिए </W><W> क्रेन </W><W> लगाई </W><W> गई। </W><W> साथ </W><W> ही </W><W> डिब्बों </W><W> को </W><W> काटने </W><W> के </W><W> लिए </W><W> गैस </W><W> कटर </W><W> का </W><W> प्रयोग </W><W> किया </W><W> गया। </W><W> डीआरएम </W><W> एके </W><W> लोहाटी, </W><W> डिवीजनल </W><W> कमिश्नर </W><W> महेश </W><W> गुप्ता </W><W> के </W><W> अलावा </W><W> प्रभारी </W><W> डीएम-सीडीओ </W><W> अनूप </W><W> श्रीवास्तव, </W><W> एएसपी </W><W> राममूरत </W><W> यादव </W><W> के </W><W> साथ </W><W> कई </W><W> थानों </W><W> का </W><W> फोर्स, </W><W> आरपीएफ, </W><W> जीआरपी </W><W> और </W><W> भारत </W><W> तिब्बत </W><W> सीमा </W><W> पुलिस </W><W> के </W><W> जवान </W><W> मौके </W><W> पर </W><W> पहुंचे। </W></AFTER_EFFECTS-ARG><MAN_MADE_EVENT ID="17" TYPE="TRAIN_COLLISION"><EVENT-COREF-LINK EVENT_ID="8" ID="57" TYPE_REL="EVENT_COREF"/><W> घटना </W></MAN_MADE_EVENT><W> के </W><W> पीछे </W><W> बताया </W><W> जा </W><W> रहा </W><W> है </W><W> कि </W><REASON-ARG ID="43"><LINK EVENT_ARG="19" ID="94" TYPE_REL="EVENT_ARG"/><W> ब्रेक </W><W> फेल </W><W> होने </W><W> से </W></REASON-ARG><MAN_MADE_EVENT ID="19" TYPE="TRAIN_COLLISION"><EVENT-COREF-LINK EVENT_ID="8" ID="93" TYPE_REL="EVENT_COREF"/><W> ट्रेन </W><W> हादसा </W></MAN_MADE_EVENT><W> हुआ </W><W> है। </W><W> डीआरएम </W><W> एके </W><W> लोहाटी </W><W> का </W><W> कहना </W><W> है </W><W> कि </W><MAN_MADE_EVENT ID="20" TYPE="TRAIN_COLLISION"><EVENT-COREF-LINK EVENT_ID="8" ID="58" TYPE_REL="EVENT_COREF"/><W> हादसे </W></MAN_MADE_EVENT><W> की </W><W> वजह </W><W> क्या </W><W> है, </W><W> इसकी </W><W> जांच </W><W> के </W><W> आदेश </W><W> दिए </W><W> गए </W><W> हैं। </W><W> जांच </W><W> के </W><W> बाद </W><W> स्पष्ट </W><W> होगा </W><W> कि </W><MAN_MADE_EVENT ID="21" TYPE="TRAIN_COLLISION"><EVENT-COREF-LINK EVENT_ID="8" ID="59" TYPE_REL="EVENT_COREF"/><W> ट्रेन </W><W> हादसे </W></MAN_MADE_EVENT><W> की </W><W> मुख्य </W><W> वजह </W><W> क्या </W><W> रही। </W><MAN_MADE_EVENT ID="22" TYPE="TRAIN_COLLISION"><EVENT-COREF-LINK EVENT_ID="8" ID="60" TYPE_REL="EVENT_COREF"/><W> हादसे </W></MAN_MADE_EVENT><W> के </W><W> बाद </W><AFTER_EFFECTS-ARG ID="95"><LINK EVENT_ARG="22" ID="96" TYPE_REL="EVENT_ARG"/><W> अफरातफरी </W><W> मची </W><W> रही। </W></AFTER_EFFECTS-ARG></P><P><TIME-ARG ID="45"><LINK EVENT_ARG="23" ID="97" TYPE_REL="EVENT_ARG"/><W> कल </W><W> शाम </W><W> तक </W></TIME-ARG><W> प्रभारी </W><W> डीएम </W><W> एवं </W><W> सीडीओ </W><W> अनूप </W><W> श्रीवास्तव </W><W> ने </W><W> बताया </W><W> था </W><W> कि </W><MAN_MADE_EVENT ID="23" TYPE="TRAIN_COLLISION"><EVENT-COREF-LINK EVENT_ID="8" ID="61" TYPE_REL="EVENT_COREF"/><W> ट्रेन </W><W> हादसे </W></MAN_MADE_EVENT><W> में </W><CASUALTIES-ARG ID="44"><LINK EVENT_ARG="23" ID="98" TYPE_REL="EVENT_ARG"/><W> 32 </W><W> यात्रियों </W><W> की </W><W> मौत </W><W> हुई </W><W> है, </W><W> जबकि </W><W> 100 </W><W> से </W><W> अधिक </W><W> लोग </W><W> घायल </W></CASUALTIES-ARG><W> हुए </W><W> हैं। </W><TIME-ARG ID="46"><LINK EVENT_ARG="23" ID="99" TYPE_REL="EVENT_ARG"/><W> देर </W><W> रात </W></TIME-ARG><W> ये </W><CASUALTIES-ARG ID="47"><LINK EVENT_ARG="23" ID="100" TYPE_REL="EVENT_ARG"/><W> संख्या </W><W> बढ़कर </W><W> 36 </W><W> हो </W><W> गई। </W></CASUALTIES-ARG><AFTER_EFFECTS-ARG ID="48"><LINK EVENT_ARG="23" ID="101" TYPE_REL="EVENT_ARG"/><W> राहत </W><W> कार्य </W><W> शुरू </W><W> है। </W></AFTER_EFFECTS-ARG><MAN_MADE_EVENT ID="24" TYPE="TRAIN_COLLISION"><EVENT-COREF-LINK EVENT_ID="8" ID="62" TYPE_REL="EVENT_COREF"/><W> हादसे </W></MAN_MADE_EVENT><W> में </W><W> इन्होंने </W><W> गंवाई </W><W> जानराम </W><W> सुमिरन </W><W> (65) </W><W> पुत्र </W><W> सूरजदीन </W><W> निवासी </W><W> उतरपारा </W><W> थाना </W><W> भदोखर।शीतला </W><W> शरण </W><W> (50) </W><W> पुत्र </W><W> सूरजदीन </W><W> 50 </W><W> निवासी </W><W> उतरपारा </W><W> थाना </W><W> भदोखर।माधव </W><W> शरण </W><W> मिश्र </W><W> उर्फ </W><W> बैदेही </W><W> शरण </W><W> मिश्र </W><W> निवासी </W><W> उत्तर </W><W> पाराशीवेंद्र </W><W> सिंह </W><W> चौहान </W><W> (25) </W><W> पुत्र </W><W> रामलोचन </W><W> निवासी </W><W> सर्वोदय </W><W> नगर, </W><W> रायबरेली।राम </W><W> औसान </W><W> पुत्र </W><W> रामभवन </W><W> 60 </W><W> निवासी </W><W> फुरसतगंज </W><W> अमेठी।शिवम </W><W> पुत्र </W><W> जगमोहन </W><W> वैश्य </W><W> निवासी </W><W> यहियागंज </W><W> लखनऊ।सचिन </W><W> पुत्र </W><W> सत्य </W><W> नारायण </W><W> निवासी </W><W> राजाबाजार </W><W> लखनऊ।सूफियान </W><W> निवासी </W><W> लखनऊ।राम </W><W> औतार </W><W> निवासी </W><W> ब्रह्मा </W><W> का </W><W> पुरवा, </W><W> अमेठी।निंबर </W><W> पुत्र </W><W> राम </W><W> औतार </W><W> निवासी </W><W> ब्रह्मनी, </W><W> अमेठी।गीता </W><W> मिश्रा </W><W> पत्नी </W><W> राजेंद्र </W><W> मिश्रा </W><W> निवासी </W><W> प्रतापगढ़।मोहर्रम </W><W> अली </W><W> (50) </W><W> निवासी </W><W> संडीला, </W><W> लखनऊ </W><W> (एफसीआई </W><W> कर्मी।)। </W></P><P><W> रामकृपाल </W><W> पुत्र </W><W> ननकू </W><W> फुरसतगंज </W><W> अमेठी।सोनू </W><W> पुत्र </W><W> गोदास </W><W> निवासी </W><W> पट्टी </W><W> सुल्तानपुर, </W><W> प्रतापगढ़।सौम्य </W><W> पुत्र </W><W> राज </W><W> प्रताप </W><W> सिंह </W><W> निवासी </W><W> सलोन।नईम </W><W> अहमद </W><W> पुत्र </W><W> शमीम </W><W> अहमद </W><W> निवासी </W><W> अमरोहा।मो. </W><W> यामीन </W><W> पुत्र </W><W> अब्दुल </W><W> सलाम </W><W> निवासी </W><W> अमरोहा।टिल्लू </W><W> पुत्र </W><W> नंदकिशोर </W><W> निवासी </W><W> लखनऊ।युनूस </W><W> पुत्र </W><W> इदरीश </W><W> निवासी </W><W> अमेठी।अर्चना </W><W> मिश्रा </W><W> पुत्री </W><W> रवि </W><W> मिश्रा </W><W> निवासी </W><W> रानीगंज </W><W> अजगरा </W><W> प्रतापगढ़।सचिन </W><W> पुत्र </W><W> महेंद्र </W><W> कुमार </W><W> निवासी </W><W> सहारनपुर।अजय </W><W> मिश्रा </W><W> पुत्र </W><W> बलबद्र </W><W> मिश्रा </W><W> निवासी </W><W> अमेठी।शशि </W><W> मिश्रा </W><W> पुत्री </W><W> अजय </W><W> मिश्रा </W><W> निवासी </W><W> अमेठी।श्यामवीर </W><W> सिंह </W><W> पुत्र </W><W> शंकरलाल </W><W> निवासी </W><W> मथुरा।सतेंद्र </W><W> पुत्र </W><W> जनेश्वर </W><W> निवासी </W><W> रोहतक।प्रभु </W><W> पुत्र </W><W> बाबू </W><W> निवासी </W><W> हरदोई।चंद्रपाल </W><W> पुत्र </W><W> नैवनीराम </W><W> निवासी </W><W> रामपुर।दिनेश </W><W> कुमार </W><W> पुत्र </W><W> मनोहरलाल </W><W> निवासी </W><W> लखनऊ।सुशीला </W><W> दुबे </W><W> पुत्री </W><W> विश्वनाथ </W><W> दुबे </W><W> निवासी </W><W> अमेठी।योगेश </W><W> सिंह </W><W> पुत्र </W><W> विजय </W><W> सिंह </W><W> निवासी </W><W> सहारनपुर।सत्य </W><W> प्रकाश </W><W> यादव </W><W> पुत्र </W><W> मुन्ना </W><W> यादव </W><W> निवासी </W><W> गाजीपुर।विनय </W><W> कुमार </W><W> पुत्र </W><W> सीताराम </W><W> निवासी </W><W> औरेया।रामसार </W><W> सिंह </W><W> पुत्र </W><W> रतन </W><W> सिंह </W><W> निवासी </W><W> सहारनपुर।पुष्पा </W><W> दुबे </W><W> पुत्री </W><W> घनश्याम </W><W> दुबे </W><W> निवासी </W><W> अमेठी।अतुल </W><W> छौकर </W><W> पुत्र </W><W> राजेंद्र </W><W> सिंह </W><W> निवासी </W><W> मथुरा। </W></P><P><W> बलदेव </W><W> पुत्र </W><W> शीतलाबख्श </W><W> निवासी </W><W> रायबरेली।चंद्रपाल </W><W> पुत्र </W><W> चंदर </W><W> निवासी </W><W> आरा </W><W> बिहार।योगेश </W><W> पुत्र </W><W> विजय </W><W> कुमार </W><W> निवासी </W><W> सहारनपुर।अनिल </W><W> मिश्रा </W><W> पुत्र </W><W> रामसुमिरन </W><W> मिश्रा </W><W> निवासी </W><W> रायबरेली।मिथलेश </W><W> मिश्र </W><W> पुत्र </W><W> त्रिलोकनाथ </W><W> मिश्र </W><W> निवासी </W><W> प्रतापगढ़।शुभकरन </W><W> मिश्रा </W><W> पुत्र </W><W> रामतीरथ </W><W> निवासी </W><W> प्रतापगढ़।राम </W><W> औतार </W><W> पुत्र </W><W> भीखा </W><W> निवासी </W><W> बालामऊ </W><W> हरदोई।मुरादी </W><W> पुत्र </W><W> मुन्नवर </W><W> निवासी </W><W> संडीला </W><W> हरदोई।कुंवर </W><W> पुत्र </W><W> बेनी </W><W> निवासी </W><W> संडीला </W><W> हरदोई।ननकू </W><W> पुत्र </W><W> श्यामलाल </W><W> निवासी </W><W> रायबरेली।सुरेंद्र </W><W> कुमार </W><W> पुत्र </W><W> रामकुमार </W><W> निवासी </W><W> बिंदकी </W><W> फतेहपुर।जाफून </W><W> पुत्र </W><W> अब्दुल </W><W> हमीद </W><W> निवासी </W><W> रायबरेली।शबीरा </W><W> पुत्री </W><W> अब्दुल </W><W> गफ्फार </W><W> निवासी </W><W> जायस, </W><W> बहादुरपुर </W><W> अमेठी।सीमा </W><W> मिश्रा </W><W> पुत्री </W><W> शिवा </W><W> मिश्रा </W><W> निवासी </W><W> लखनऊ।विनोद </W><W> निवासी </W><W> रामपुर।ओमवीर </W><W> सिंह </W><W> निवासी </W><W> मथुरा।नुसरत </W><W> रहमान </W><W> उर्फ </W><W> पच्चू </W><W> निवासी </W><W> लखनऊ।नीरज </W><W> निवासी </W><W> मुंशीगंज।अब्दुल </W><W> हमीद </W><W> निवासी </W><W> अमिया </W><W> बहादुपुर, </W><W> अमेठी।विनोद </W><W> कुमार </W><W> निवासी </W><W> बेलहवा </W><W> बदलापुर </W><W> जौनपुर।नबीर </W><W> अहमद </W><W> निवासी </W><W> मोहनगंज, </W><W> अमेठी। </W></P></DOCUMENT>