<?xml version="1.0" encoding="UTF-8"?>
<DOCUMENT><DESC/><DESC/><TIME>266</TIME><P><PLACE-ARG ID="0"><LINK EVENT_ARG="1" ID="4" TYPE_REL="EVENT_ARG"/><W> वैष्णो </W><W> देवी </W><W> के </W><W> पास </W></PLACE-ARG><NATURAL_EVENT ID="1" TYPE="FOREST_FIRE"><W> जंगलों </W><W> में </W><W> लगी आग </W></NATURAL_EVENT><W> । </W></P><P><PLACE-ARG ID="3"><LINK EVENT_ARG="2" ID="5" TYPE_REL="EVENT_ARG"/><W> जम्मू-कश्मीर </W><W> स्थित </W><W> हिंदुओं </W><W> के </W><W> पवित्र </W><W> तीर्थ </W><W> स्थल </W><W> वैष्णो </W><W> देवी </W><W> के </W><W> पास </W></PLACE-ARG><W> के </W><NATURAL_EVENT ID="2" TYPE="FOREST_FIRE"><EVENT-COREF-LINK EVENT_ID="1" ID="6" TYPE_REL="EVENT_COREF"/><W> जंगलों </W><W> में </W><W> आग </W><W> लग </W><W> गई </W></NATURAL_EVENT><W> है। </W><W> न्यूज </W><W> एजेंसी </W><W> एएनआई </W><W> ने </W><W> इसकी </W><W> जानकारी </W><W> दी </W><W> है। </W><W> इस </W><W> मामले </W><W> में </W><W> ज्यादा </W><W> जानकारी </W><W> का </W><W> इंतजार </W><W> है। </W></P></DOCUMENT>