<?xml version="1.0" encoding="UTF-8"?>
<DOCUMENT><DESC/><TIME>1321</TIME><P><NATURAL_EVENT ID="0" TYPE="HEAT_WAVE"><W> हीट-वेव </W></NATURAL_EVENT><W> के </W><TIME-ARG ID="1"><LINK EVENT_ARG="0" ID="3" TYPE_REL="EVENT_ARG"/><W> 3 </W><W> दिन </W><W> गुजरे, </W></TIME-ARG><CASUALTIES-ARG ID="2"><LINK EVENT_ARG="0" ID="4" TYPE_REL="EVENT_ARG"/><W> 19 </W><W> की </W><W> मौत </W></CASUALTIES-ARG><W> तब </W><W> प्रशासन </W><W> ने </W><W> पूछा- </W><W> क्या </W><W> है </W><W> पूर्वानुमान </W></P><P><NATURAL_EVENT ID="5" TYPE="HEAT_WAVE"><EVENT-COREF-LINK EVENT_ID="0" ID="14" TYPE_REL="EVENT_COREF"/><W> जोधपुर. गर्मी </W></NATURAL_EVENT><W> से </W><CASUALTIES-ARG ID="6"><LINK EVENT_ARG="5" ID="15" TYPE_REL="EVENT_ARG"/><W> 19 </W><W> मौतों </W></CASUALTIES-ARG><W> के </W><W> बाद </W><W> जिला </W><W> प्रशासन </W><W> ने </W><W> माैसम </W><W> विभाग </W><W> के </W><W> सहायक </W><W> वैज्ञानिक </W><W> गोविंदराम </W><W> सीरवी </W><W> को </W><W> बैठक </W><W> में </W><W> बुलाकर </W><W> पूछा </W><W> कि </W><W> सोशल </W><W> मीडिया </W><W> पर </W><W> आ </W><W> रही </W><W> खबरे </W><W> सही </W><W> हैं </W><W> क्या </W><W> और </W><W> आगे </W><W> मौसम </W><W> का </W><W> पूर्वानुमान </W><W> कैसा </W><W> रहेगा। </W><W> जबकि </W><W> मौसम </W><W> विभाग </W><W> की </W><W> ओर </W><W> से </W><TIME-ARG ID="7"><LINK EVENT_ARG="8" ID="16" TYPE_REL="EVENT_ARG"/><W> सात </W><W> दिन </W><W> पहले </W></TIME-ARG><W> जारी </W><NATURAL_EVENT ID="8" TYPE="HEAT_WAVE"><EVENT-COREF-LINK EVENT_ID="0" ID="22" TYPE_REL="EVENT_COREF"/><W> हीटवेव </W></NATURAL_EVENT><W> के </W><W> रेड </W><W> अलर्ट </W><W> की </W><W> अवधि </W><TIME-ARG ID="9"><LINK EVENT_ARG="8" ID="17" TYPE_REL="EVENT_ARG"/><W> 17 </W><W> से </W><W> 19 </W><W> मई </W></TIME-ARG><W> गुजर </W><W> गई। </W><W> पारा </W><W> भी </W><W> गिर </W><W> गया। </W><W> तब </W><TIME-ARG ID="10"><LINK EVENT_ARG="8" ID="18" TYPE_REL="EVENT_ARG"/><W> 20 </W><W> मई </W></TIME-ARG><W> को </W><W> आपदा </W><W> प्रबंधन </W><W> की </W><W> बैठक </W><W>  की </W><W> गई। </W><W> इधर, </W><TIME-ARG ID="11"><LINK EVENT_ARG="8" ID="19" TYPE_REL="EVENT_ARG"/><W> शनिवार </W></TIME-ARG><W> को </W><CASUALTIES-ARG ID="12"><LINK EVENT_ARG="8" ID="20" TYPE_REL="EVENT_ARG"/><W> 3 </W><W> अज्ञात </W><W> शव </W></CASUALTIES-ARG><W> अस्पताल </W><W> पहुंचे </W><W> और </W><CASUALTIES-ARG ID="13"><LINK EVENT_ARG="8" ID="21" TYPE_REL="EVENT_ARG"/><W> एक </W><W> की </W><W> जिले </W><W> में </W><W> मौत </W></CASUALTIES-ARG><W> हो </W><W> गई। </W></P><P><W>   </W></P><P><W> प्रशासन </W><W> की </W><W> ओर </W><W> से </W><W> इंतजाम </W><W> अब </W><W> भी </W><W> आधे-अधूरे </W><W> ही </W><W> है। </W><W> रेड </W><W> अलर्ट </W><W> के </W><W> बाद </W><W> भी </W><W> हाथ </W><W> धरे </W><W> बैठे </W><W> रहे </W><W> अफसरों </W><W> ने </W><TIME-ARG ID="23"><W> 20 </W><W> मई </W></TIME-ARG><W> को </W><W> जो </W><W> निर्देश </W><W> दिए </W><W> उनमें </W><W> अधिकांश </W><W> की </W><W> पालना </W><W> नहीं </W><W> हुई। </W><PLACE-ARG ID="24"><W> रोडवेज </W><W> बस </W><W> स्टैंड </W><W> व </W><W> रेलवे </W><W> स्टेशन </W></PLACE-ARG><W> पर </W><W> कोई </W><W> टेंट </W><W> नहीं </W><W> लगा </W><W> न </W><W> पानी </W><W> का </W><W> इंतजाम </W><W> है। </W><PLACE-ARG ID="25"><W> सड़कों </W></PLACE-ARG><W> पर </W><W> रहने </W><W> वाले </W><W> भिखारियों </W><W> व </W><W> अज्ञात </W><W> को </W><PLACE-ARG ID="26"><W> रेन </W><W> बसेरों </W></PLACE-ARG><W> में </W><W> शिफ्ट </W><W> करना </W><W> था, </W><W> लेकिन </W><W> वे </W><W> भी </W><W> सड़कों </W><W> पर </W><W> ही </W><W> है। </W><W> अब </W><W> पुलिस </W><W> की </W><W> मदद </W><W> ली </W><W> जाएगी। </W><PLACE-ARG ID="27"><W> रेन </W><W> बसेरे </W></PLACE-ARG><W> में </W><W> सुविधाएं </W><W> कम </W><W> ही </W><W> नजर </W><W> आई। </W><W> कूलर </W><W> के </W><W> इंतजाम </W><W> नहीं </W><W> थे। </W></P><P><W>   </W></P><P><W> प्रशासन </W><W> : </W><TIME-ARG ID="28"><W> 17 </W><W> मई </W></TIME-ARG><W> तक </W><W> सिर्फ </W><W> अपील- </W><W> बाहर </W><W> न </W><W> जाएं </W></P><P><W>   </W></P><P><W> आईएमडी </W><W> के </W><W> अलर्ट </W><W> के </W><W> बाद </W><W> पूरी </W><W> तैयारी </W><W> करनी </W><W> थी। </W><W> जमीनी </W><W> तौर </W><W> पर </W><W> आपदा </W><W> प्रबंधन </W><W> तैयार </W><W> रहना </W><W> चाहिए </W><W> था, </W><W> लेकिन </W><TIME-ARG ID="29"><W> 16 </W><W> मई </W></TIME-ARG><W> तक </W><W> कुछ </W><W> नहीं </W><W> किया। </W><TIME-ARG ID="30"><W> 17 </W><W> मई </W></TIME-ARG><W> को </W><W> विभागों </W><W> को </W><W> आर्डर </W><W> दिए। </W><W> लोगों </W><W> से </W><W> अपील </W><W> कर </W><W> कहा </W><W> कि </W><W> धूप </W><W> में </W><W> जाएं </W><W> तो </W><W> बचाव </W><W> करें। </W><W> लोग </W><W> मरे </W><W> तब </W><W> इंतजाम </W><W> शुरू </W><W> किए। </W></P><P><W>   </W></P><P><W> निगम </W><W> : </W><PLACE-ARG ID="35"><W> रेन </W><W> बसेरे </W></PLACE-ARG><W> थे, </W><W> मगर </W><W> ऑर्डर </W><W> का </W><W> इंतजार </W><W> करते </W><W> रहे  </W></P><P><W>   </W></P><P><W> नगर </W><W> निगम </W><W> के </W><PLACE-ARG ID="36"><W> रेन </W><W> बसेरे </W></PLACE-ARG><TIME-ARG ID="31"><W> 12 </W><W> महीने </W></TIME-ARG><W> खुले </W><W> रहते </W><W> हैं, </W><W> लेकिन </W><W> वहां </W><W> व्यवस्थाएं </W><W> नहीं </W><W> होने </W><W> से </W><W> कोई </W><W> नहीं </W><W> जाता। </W><NATURAL_EVENT ID="50" TYPE="HEAT_WAVE"><EVENT-COREF-LINK EVENT_ID="0" ID="51" TYPE_REL="EVENT_COREF"/><W> गर्मी </W></NATURAL_EVENT><W> के </W><W> रेड </W><W> अलर्ट </W><W> के </W><W> बाद </W><W> नगर </W><W> निगम </W><W> के </W><W> अफसर </W><PLACE-ARG ID="38"><W> रेन </W><W> बसेरों </W></PLACE-ARG><W> की </W><W> सुध </W><W> लेने </W><W> के </W><W> लिए </W><W> कलेक्ट्रेट </W><W> के </W><W> ऑर्डर </W><W> का </W><W> इंतजार </W><W> करते </W><W> रहे। </W><W> इसी </W><W> कारण </W><PLACE-ARG ID="39"><W> रेन </W><W> बसेरों </W></PLACE-ARG><W> में </W><W> कोई </W><W> नहीं </W><W> पहुंचा। </W></P><P><W>   </W></P><P><W> मौसम </W><W> विभाग </W><W> : </W><W> तलब </W><W> करने </W><W> पर </W><W> ही </W><W> दिया </W><W> पूरा </W><W> ब्यौरा </W></P><P><W> मौसम </W><W> विभाग </W><W> साइट </W><W> पर </W><W> ही </W><W> अलर्ट </W><W> व </W><W> जानकारी </W><W> देता </W><W> है। </W><W> प्रशासनिक </W><W> अफसरों </W><W> से </W><W> तालमेल </W><W> नहीं। </W><W> इस </W><W> कारण </W><W> पूरा </W><W> ब्यौरा </W><W> अफसरों </W><W> को </W><W> नहीं </W><W> मिला। </W><TIME-ARG ID="34"><W> 20 </W><W> मई </W></TIME-ARG><W> को </W><W> जब </W><W> आपदा </W><W> प्रबंधन </W><W> की </W><W> मीटिंग </W><W> हुई </W><W> तब </W><W> मौसम </W><W> वैज्ञानिक </W><W> को </W><W> तलब </W><W> किया </W><W> गया </W><W> था। </W></P><P><W> पीएचईडी </W><W> : </W><W> मंत्री </W><W> ने </W><W> फटकारा, </W><W> मगर </W><W> अफसर </W><W> बेअसर </W></P><P><W>   </W></P><P><W> हाल </W><W> ही </W><PLACE-ARG ID="40"><W> जोधपुर </W></PLACE-ARG><W> आए </W><W> प्रभारी </W><W> मंत्री </W><W> ने </W><W> टंकियों </W><W> की </W><W> सफाई </W><W> होने </W><W> पर </W><W> नाराजगी </W><W> जताई </W><W> थी। </W><W> कहा </W><W> था </W><W> कि </W><TIME-ARG ID="48"><W> सर्दी </W></TIME-ARG><W> जाते </W><W> ही </W><W> जो </W><W> काम </W><W> करना </W><W> था </W><W> वो </W><W> मई </W><W> में </W><W> पूरा </W><W> नहीं </W><W> हो </W><W> रहा। </W><W> एमएलए </W><W> सूर्यकांता </W><W> व्यास </W><W> ने </W><W> भी </W><W> दूषित </W><W> पानी </W><W> की </W><W> शिकायत </W><W> की। </W></P><P><W>   </W></P><P><W> अब </W><W> भी </W><W> नहीं </W><W> सुधार, </W><PLACE-ARG ID="41"><W> रेन </W><W> बसेरों </W></PLACE-ARG><W> में </W><W> न </W><W> पंखे </W><W> न </W><W> कूलर, </W><W> कबाड़ </W><W> भरा </W></P><P><W>   </W></P><P><W> निगम </W><W> ने </W><W> दो </W><W> अस्थाई </W><PLACE-ARG ID="42"><W> रेन </W><W> बसेरे </W></PLACE-ARG><W> भी </W><W> बनवाए </W><W> हैं। </W><PLACE-ARG ID="43"><W> दर्पण </W><W> सिनेमा </W><W> के </W><W> पास </W></PLACE-ARG><W> तंबू </W><W> फटा </W><W> है, </W><W> अंदर </W><W> कचरा </W><W> ही </W><W> कचरा। </W><W> एक </W><W> भी </W><W> भिखारी </W><W> या </W><W> कोई </W><W> अन्य </W><W> नजर </W><W> नहीं </W><W> आया। </W><W> पास </W><W> ही </W><W> एक </W><W> दुकानदार </W><W> से </W><W> पूछा </W><W> तो </W><W> बताया </W><W> कि </W><W> दो </W><W> साल </W><W> से </W><W> यहां </W><W> है, </W><W> सर्दी </W><W> में </W><W> कुछ </W><W> लोग </W><W> रहते </W><W> हैं, </W><W> लेकिन </W><W> गर्मी </W><W> में </W><W> पानी-पंखों </W><W> के </W><W> बिना </W><W> कौन </W><W> रह </W><W> सकता </W><W> है। </W><W> एमजीएच </W><W> के </W><W> पास </W><W> भी </W><W> ऐसे </W><W> ही </W><W> हाल </W><W> है। </W></P><P><W>   </W></P><P><W> आगे </W><W> की </W><W> स्लाइड </W><W> में </W><W> पढ़िए </W><W> स्थाई </W><PLACE-ARG ID="44"><W> रेन </W><W> बसेरों </W></PLACE-ARG><W> में </W><W> पहले </W><W> से </W><W> व्यवस्थाएं </W><W> थीं </W><W> हम </W><W> उनमें </W><W> और </W><W> सुधार </W><W> करवा </W><W> रहे </W><W> हैं। </W></P><P><W> स्थाई </W><PLACE-ARG ID="45"><W> रेन </W><W> बसेरों </W></PLACE-ARG><W> में </W><W> पहले </W><W> से </W><W> व्यवस्थाएं </W><W> थीं </W><W> हम </W><W> उनमें </W><W> और </W><W> सुधार </W><W> करवा </W><W> रहे </W><W> हैं </W></P><P><W> हमारे </W><PLACE-ARG ID="46"><W> रेन </W><W> बसेरे </W></PLACE-ARG><W> तो </W><W> स्थाई </W><W> हैं। </W><W> वैसे </W><W> तो </W><W> वहां </W><W> व्यवस्थाएं </W><W> रहती </W><W> हैं। </W><W> लेकिन </W><W> एक्पर्ट </W><W> से </W><W> बातचीत </W><W> के </W><W> बाद </W><W> कूलर </W><W> व </W><W> ठंडे </W><W> पानी </W><W> की </W><W> व्यवस्था </W><W> करने </W><W> के </W><W> लिए </W><W> फिर </W><W> से </W><W> कहा </W><W> गया </W><W> है। </W><W> प्रशासन </W><W> ने </W><TIME-ARG ID="49"><W> शुक्रवार </W></TIME-ARG><W> को </W><W> भी </W><W> बैठक </W><W> में </W><W> इस </W><W> तरह </W><W> के </W><W> निर्देश </W><W> दिए </W><W> थे। </W><W> कुछ </W><W> बसेरे </W><W> व </W><PLACE-ARG ID="47"><W> शेल्टर </W><W> हाउस </W></PLACE-ARG><W> व्यवस्थित </W><W> भी </W><W> कर </W><W> दिए </W><W> गए </W><W> हंै।  </W></P><P><W> घनश्याम </W><W> ओझा, </W><W> मेयर, </W><W> नगर </W><W> निगम </W></P></DOCUMENT>