<?xml version="1.0" encoding="UTF-8"?>
<DOCUMENT><P><TIME-ARG ID="7"><LINK EVENT_ARG="0" ID="34" TYPE_REL="EVENT_ARG"/><W> गणतंत्र </W><W> दिवस </W></TIME-ARG><TIME-ARG ID="8"><LINK EVENT_ARG="0" ID="33" TYPE_REL="EVENT_ARG"/><W> (26 </W><W> जनवरी) </W></TIME-ARG><W> को </W><PLACE-ARG ID="12"><LINK EVENT_ARG="0" ID="32" TYPE_REL="EVENT_ARG"/><W> उत्तर </W><W> प्रदेश </W></PLACE-ARG><W> के </W><PLACE-ARG ID="13"><LINK EVENT_ARG="0" ID="31" TYPE_REL="EVENT_ARG"/><W> कासगंज </W></PLACE-ARG><W> में </W><TIME-ARG ID="17"><LINK EVENT_ARG="0" ID="30" TYPE_REL="EVENT_ARG"/><W> तिरंगा </W><W> यात्रा </W><W> के </W><W> दौरान </W></TIME-ARG><W> हुई </W><MAN_MADE_EVENT ID="0" TYPE="RIOTS"><W> सांप्रदायिक </W><W> हिंसा </W></MAN_MADE_EVENT><W> की </W><W> लपटें </W><W> शांत </W><W> होने </W><W> का </W><W> नाम </W><W> नहीं </W><W> ले </W><W> रही </W><W> हैं। </W><TIME-ARG ID="9"><LINK EVENT_ARG="0" ID="35" TYPE_REL="EVENT_ARG"/><W> शुक्रवार </W></TIME-ARG><W> को </W><PARTICIPANT-ARG ID="18"><LINK EVENT_ARG="0" ID="36" TYPE_REL="EVENT_ARG"/><W> दो </W><W> समुदायों </W></PARTICIPANT-ARG><W> के </W><W> बीच </W><MAN_MADE_EVENT ID="2" TYPE="RIOTS"><EVENT-COREF-LINK EVENT_ID="0" ID="52" TYPE_REL="EVENT_COREF"/><W> पत्थरबाजी </W></MAN_MADE_EVENT><W> और </W><MAN_MADE_EVENT ID="1" TYPE="RIOTS"><EVENT-COREF-LINK EVENT_ID="0" ID="53" TYPE_REL="EVENT_COREF"/><W> गोलीबारी </W></MAN_MADE_EVENT><W> में </W><CASUALTIES-ARG ID="26"><LINK EVENT_ARG="0" ID="37" TYPE_REL="EVENT_ARG"/><W> जान </W><W> गंवाने </W><W> वाले </W><W> 22 </W><W> वर्षीय </W><W> चंदन </W><W> गुप्ता </W></CASUALTIES-ARG><W> का </W><W> कड़ी </W><W> सुरक्षा </W><W> के </W><W> बीच </W><W> शनिवार </W><W> (27 </W><W> जनवरी) </W><W> को </W><W> अंतिम </W><W> संस्कार </W><W> किया </W><W> गया, </W><W> लेकिन </W><W> इसके </W><W> बाद </W><W> फिर </W><W> से </W><W> कुछ </W><MAN_MADE_EVENT ID="3" TYPE="RIOTS"><EVENT-COREF-LINK EVENT_ID="0" ID="54" TYPE_REL="EVENT_COREF"/><W> दुकानों </W><W> में </W><W> आग </W><W> लगा </W><W> दी </W></MAN_MADE_EVENT><W> गई। </W><AFTER_EFFECTS-ARG ID="23"><LINK EVENT_ARG="0" ID="38" TYPE_REL="EVENT_ARG"/><W> इलाके </W><W> में </W><W> पुलिस </W><W> बल </W><W> के </W><W> अलावा </W><W> आएएफ </W><W> और </W><W> पीएसी </W><W> तैनात </W></AFTER_EFFECTS-ARG><W> होने </W><W> और </W><AFTER_EFFECTS-ARG ID="22"><LINK EVENT_ARG="0" ID="39" TYPE_REL="EVENT_ARG"/><W> कर्फ्यू </W><W> घोषित </W></AFTER_EFFECTS-ARG><W> होने </W><W> के </W><W> बाद </W><W> ये </W><W> स्थिति </W><W> बनी </W><W> हुई </W><W> है। </W><W> मीडिया </W><W> रिपोर्ट्स </W><W> के </W><W> मुताबिक </W><W> मुख्यमंत्री </W><W> योगी </W><W> आदित्यनाथ </W><W> ने </W><W> मृतक </W><W> चंदन </W><W> गुप्ता </W><W> के </W><W> परिवार </W><W> से </W><W> संवेदना </W><W> जताई </W><W> है </W><W> और </W><W> शोक </W><W> जाहिर </W><W> करते </W><W> हुए </W><W> प्रशासन </W><W> से </W><W> परिवार </W><W> की </W><W> हर </W><W> संभव </W><W> मदद </W><W> करने </W><W> के </W><W> निर्देश </W><W> दिए </W><W> हैं। </W><W> सीएम </W><W> योगी </W><W> ने </W><W> इस </W><W> इस </W><W> मामले </W><W> में </W><W> शामिल </W><W> तमाम </W><W> अराजक </W><W> तत्वों से कड़ाई </W><W> से </W><W> निपटने </W><W> के </W><W> भी </W><W> निर्देश </W><W> दिए </W><W> हैं। </W><W> इलाके </W><W> में </W><W> तनाव </W><W> बना </W><W> हुआ </W><W> है, </W><W> पुलिस </W><W> ने </W><AFTER_EFFECTS-ARG ID="24"><LINK EVENT_ARG="0" ID="40" TYPE_REL="EVENT_ARG"/><W> 9 </W><W> लोगों </W><W> को </W><W> हिरासत </W><W> में </W><W> लिया </W></AFTER_EFFECTS-ARG><W> है </W><W> और </W><W> उनसे </W><W> पूछताछ </W><W> हो </W><W> रही </W><W> है। </W></P><P><W>   </W></P><P><W> उक्त </W><MAN_MADE_EVENT ID="4" TYPE="RIOTS"><EVENT-COREF-LINK EVENT_ID="0" ID="55" TYPE_REL="EVENT_COREF"/><W> घटना </W></MAN_MADE_EVENT><W> में </W><W> थाना </W><W> कोतवाली </W><PLACE-ARG ID="14"><LINK EVENT_ARG="4" ID="41" TYPE_REL="EVENT_ARG"/><W> कासगंज </W></PLACE-ARG><W> पर </W><W> तत्काल </W><W> अभियोग </W><W> पंजीकृत </W><W> कर </W><AFTER_EFFECTS-ARG ID="25"><LINK EVENT_ARG="4" ID="42" TYPE_REL="EVENT_ARG"/><W> 09 </W><W> अभियुक्तों </W><W> को </W><W> गिरफ्तार </W><W> किया </W></AFTER_EFFECTS-ARG><W> जा </W><W> चुका </W><W> है </W><W> एवं </W><W> विशेष </W><W> टीम </W><W> का </W><W> गठन </W><W> कर </W><W> शेष </W><W> अभियुक्तों </W><W> की </W><W> गिरफ्तारी </W><W> हेतु </W><W> हर </W><W> सम्भव </W><W> प्रयास </W><W> किये </W><W> जा </W><W> रहे </W><W> हैं </W><W> । </W></P><P><W> बता </W><W> दें </W><W> कि </W><TIME-ARG ID="10"><LINK EVENT_ARG="16" ID="45" TYPE_REL="EVENT_ARG"/><W> शुक्रवार </W></TIME-ARG><W> को </W><TIME-ARG ID="11"><LINK EVENT_ARG="16" ID="44" TYPE_REL="EVENT_ARG"/><W> गणतंत्र </W><W> दिवस </W></TIME-ARG><W> के </W><W> मौके </W><W> पर </W><PLACE-ARG ID="15"><LINK EVENT_ARG="16" ID="43" TYPE_REL="EVENT_ARG"/><W> बिलराम </W><W> गेट </W><W> इलाके </W></PLACE-ARG><W> से </W><W> गुजर </W><W> रही </W><W> तिरंगा </W><W> यात्रा </W><W> उस </W><W> वक्त </W><MAN_MADE_EVENT ID="16" TYPE="RIOTS"><EVENT-COREF-LINK EVENT_ID="0" ID="56" TYPE_REL="EVENT_COREF"/><W> हिंसक </W><W> टकराव </W></MAN_MADE_EVENT><W> में </W><W> तब्दील </W><W> हो </W><W> गई </W><W> जब </W><PARTICIPANT-ARG ID="19"><LINK EVENT_ARG="16" ID="46" TYPE_REL="EVENT_ARG"/><W> दो </W><W> सामुदायों </W></PARTICIPANT-ARG><W> के </W><W> बीच </W><W> नारेबाजी </W><W> को </W><MAN_MADE_EVENT ID="5" TYPE="RIOTS"><EVENT-COREF-LINK EVENT_ID="0" ID="57" TYPE_REL="EVENT_COREF"/><W> झड़प </W></MAN_MADE_EVENT><W> हुई। </W><W> तिरंगा </W><W> यात्रा </W><W> भारतीय </W><W> जनता </W><W> पार्टी </W><W> (बीजेपी) </W><W> की </W><W> छात्र </W><W> शाखा </W><PARTICIPANT-ARG ID="20"><LINK EVENT_ARG="5" ID="47" TYPE_REL="EVENT_ARG"/><W> अखिल </W><W> भारतीय </W><W> विद्यार्थी </W><W> परिषद </W><W> (एबीवीपी) </W></PARTICIPANT-ARG><W> और </W><PARTICIPANT-ARG ID="21"><LINK EVENT_ARG="5" ID="48" TYPE_REL="EVENT_ARG"/><W> विश्व </W><W> हिंदू </W><W> परिषद </W><W> (वीएचपी) </W></PARTICIPANT-ARG><W> के </W><W> लोगों </W><W> ने </W><W> निकाली </W><W> थी। </W><MAN_MADE_EVENT ID="6" TYPE="RIOTS"><EVENT-COREF-LINK EVENT_ID="0" ID="58" TYPE_REL="EVENT_COREF"/><W> झड़प </W></MAN_MADE_EVENT><W> होने </W><W> के </W><W> बाद </W><AFTER_EFFECTS-ARG ID="27"><LINK EVENT_ARG="6" ID="49" TYPE_REL="EVENT_ARG"/><W> पत्थर </W><W> और </W><W> गोलियां </W><W> चलीं। </W></AFTER_EFFECTS-ARG><AFTER_EFFECTS-ARG ID="59"><LINK EVENT_ARG="6" ID="62" TYPE_REL="EVENT_ARG"/><W> वाहनों </W><W> और </W><W> दुकानों </W><W> में </W><W> तोड़फोड़ </W></AFTER_EFFECTS-ARG><W> और </W><AFTER_EFFECTS-ARG ID="60"><LINK EVENT_ARG="6" ID="61" TYPE_REL="EVENT_ARG"/><W> आगजनी </W></AFTER_EFFECTS-ARG><W> की </W><W> गई। </W><CASUALTIES-ARG ID="28"><LINK EVENT_ARG="6" ID="50" TYPE_REL="EVENT_ARG"/><W> कई </W><W> लोग </W><W> घायल </W></CASUALTIES-ARG><W> हुए </W><W> और </W><W> चंदन </W><W> गुप्ता </W><W> की </W><W> इलाज </W><W> के </W><W> दौरान </W><W> अस्पताल </W><W> में </W><W> मौत </W><W> हो </W><W> गई। </W><CASUALTIES-ARG ID="29"><LINK EVENT_ARG="6" ID="51" TYPE_REL="EVENT_ARG"/><W> एक </W><W> और </W><W> शख्स </W><W> को </W><W> गोली </W><W> लगने </W></CASUALTIES-ARG><W> की </W><W> बात </W><W> बताई </W><W> जा </W><W> रही </W><W> है। </W><W> एडीजी </W><W> (लॉ </W><W> एंड </W><W> ऑर्डर) </W><W> आनंद </W><W> कुमार </W><W> ने </W><W> बताया </W><W> था </W><W> कि </W><W> कोई </W><W> लोगों </W><W> को </W><W> पूछताछ </W><W> के </W><W> लिए </W><W> हिरासत </W><W> में </W><W> लिया </W><W> गया </W><W> है </W><W> और </W><W> जांच </W><W> पूरी </W><W> होने </W><W> पर </W><W> मामले </W><W> के </W><W> दोषियों </W><W> के </W><W> खिलाफ </W><W> सख्त </W><W> कार्रावाई </W><W> होगी। </W></P><P><W> मीडिया </W><W> रिपोर्ट्स </W><W> के </W><W> मुताबिक </W><W> इलाके </W><W> में </W><W> भारी </W><W> तनाव </W><W> को </W><W> देखते </W><W> हुए </W><W> प्रशासन </W><W> के </W><W> कई </W><W> अधिकारी </W><W> भी </W><W> गश्त </W><W> कर </W><W> रहे </W><W> हैं। </W><W> इनमें </W><W> अलीगढ़ </W><W> मंडल </W><W> के </W><W> मंडलायुक्त </W><W> सुभाष </W><W> चंद्र </W><W> शर्मा, </W><W> अलीगढ़ </W><W> मंडल </W><W> के </W><W> आईजी </W><W> डॉ. </W><W> संजीव </W><W> कुमार </W><W> गुप्ता, </W><W> आगरा </W><W> जोन </W><W> के </W><W> एडीजी </W><W> अजय </W><W> आनंद, </W><W> कासगंज </W><W> के </W><W> डीएम </W><W> आरपी </W><W> सिंह </W><W> और </W><W> कासगंज </W><W> के </W><W> एसपी </W><W> सुनील </W><W> कुमार </W><W> सिंह </W><W> शामिल </W><W> हैं। </W></P></DOCUMENT>