<?xml version="1.0" encoding="UTF-8"?>
<DOCUMENT><DESC/><TIME>2115</TIME><P><W> केदारताल </W><W> ट्रैक </W><W> पर </W><W> एवलांच </W><W> में </W><W> दबे </W><W> पोर्टर </W><W> का </W><W> शव </W><W> मिला  </W></P><P><PLACE-ARG ID="0"><LINK EVENT_ARG="1" ID="5" TYPE_REL="EVENT_ARG"/><W> केदारताल </W><W> ट्रैक </W></PLACE-ARG><W> पर </W><NATURAL_EVENT ID="1" TYPE="AVALANCHES"><W> एवलांच </W></NATURAL_EVENT><W> में </W><CASUALTIES-ARG ID="2"><LINK EVENT_ARG="1" ID="6" TYPE_REL="EVENT_ARG"/><W> दफन </W><W> हुए </W><W> नेपाली </W><W> पोर्टर </W></CASUALTIES-ARG><W> का </W><W> शव </W><W> बृहस्पतिवार </W><W> को </W><W> मिल </W><W> गया </W><W> है। </W><W> ट्रैकिंग </W><W> एजेंसी </W><W> की </W><W> टीम </W><W> ने </W><W> रेस्क्यू </W><W> अभियान </W><W> चलाकर </W><W> पोर्टर </W><W> के </W><W> शव </W><W> को </W><W> एवलांच </W><W> से </W><W> निकालकर </W><W> गंगोत्री </W><W> पहुंचाया। </W><W> शव </W><W> को </W><W> पोस्टमार्टम </W><W> के </W><W> लिए </W><W> जिला </W><W> अस्पताल </W><W> लाया </W><W> जा </W><W> रहा </W><W> है।  </W></P><P><W> बता </W><W> दें </W><W> कि </W><W> बीते </W><W> रविवार </W><W> को </W><W> इंडिया </W><W> हाइक </W><W> ग्रुप </W><W> का </W><W> 41 </W><W> सदस्यीय </W><W> पर्यटक </W><W> दल </W><W> केदारताल </W><W> की </W><W> ट्रैकिंग </W><W> पर </W><W> गया </W><W> था। </W><W> इस </W><W> दौरान </W><W> मौसम </W><W> खराब </W><W> होने </W><W> के </W><W> कारण </W><W> वे </W><W> भुजखर्क </W><W> में </W><W> ही </W><W> रुके </W><W> रहे। </W><TIME-ARG ID="3"><LINK EVENT_ARG="1" ID="7" TYPE_REL="EVENT_ARG"/><W> मंगलवार </W></TIME-ARG><W> को </W><W> मौसम </W><W> ज्यादा </W><W> बिगड़ने </W><W> पर </W><W> जब </W><W> वे </W><W> वापस </W><W> लौट </W><W> रहे </W><W> थे </W><W> तो </W><W> रास्ते </W><W> में </W><NATURAL_EVENT ID="4" TYPE="AVALANCHES"><EVENT-COREF-LINK EVENT_ID="1" ID="8" TYPE_REL="EVENT_COREF"/><W> एवलांच </W></NATURAL_EVENT><W> आने </W><W> पर </W><W> दल </W><W> में </W><W> शामिल </W><W> एक </W><W> पोर्टर </W><W> इसमें </W><W> दब </W><W> गया </W><W> था। </W><W> तब </W><W> गंगोत्री </W><W> से </W><W> गई </W><W> रेस्क्यू </W><W> टीम </W><W> ने </W><W> शेष </W><W> पर्यटकों </W><W> को </W><W> सुरक्षित </W><W> गंगोत्री </W><W> पहुंचाया </W><W> था। </W><W> बुधवार </W><W> को </W><W> भी </W><W> खराब </W><W> मौसम </W><W> के </W><W> चलते </W><W> रेस्क्यू </W><W> अभियान </W><W> नहीं </W><W> चल </W><W> पाया </W><W> था। </W><W> बृहस्पतिवार </W><W> सुबह </W><W> साढ़े </W><W> सात </W><W> बजे </W><W> ट्रैकिंग </W><W> एजेंसी </W><W> की </W><W> 36 </W><W> सदस्यीय </W><W> रेस्क्यू </W><W> टीम </W><W> भुजखर्क </W><W> की </W><W> ओर </W><W> रवाना </W><W> हुई। </W><W> यहां </W><W> एवलांच </W><W> में </W><W> दबे </W><W> पोर्टर </W><W> का </W><W> शव </W><W> तलाश </W><W> कर </W><W> उसे </W><W> गंगोत्री </W><W> लाया </W><W> गया।  </W></P><P><W> गंगो </W><W> त्री </W><W> में </W><W> तैनात </W><W> यात्रा </W><W> मजिस्ट्रेट </W><W> चक्रधर </W><W> सेमवाल </W><W> ने </W><W> बताया </W><W> कि </W><W> एवलांच </W><W> में </W><W> दबे </W><W> नेपाली </W><W> मूल </W><W> के </W><W> पोर्टर </W><W> आकाश(32 </W><W> वर्ष) </W><W> का </W><W> परिवार </W><W> कंडीसौड़ </W><W> टिहरी </W><W> में </W><W> निवास </W><W> करता </W><W> है। </W><W> हादसे </W><W> की </W><W> सूचना </W><W> मिलने </W><W> पर </W><W> मृतक </W><W> की </W><W> मांभी </W><W> गंगोत्री </W><W> धाम </W><W> पहुंच </W><W> गई </W><W> थी। </W><W> शव </W><W> का </W><W> पंचनामा </W><W> भरकर </W><W> पोस्टमार्टम </W><W> के </W><W> लिए </W><W> जिला </W><W> अस्पताल </W><W> भाज </W><W> दिया </W><W> गया </W><W> है। </W><W> ट्रैकिंग </W><W> दल </W><W> के </W><W> साथ </W><W> गए </W><W> गाइड </W><W> मुकेश </W><W> पंवार </W><W> ने </W><W> बताया </W><W> कि </W><W> खराब </W><W> मौसम </W><W> में </W><W> एवलांच </W><W> आने </W><W> के </W><W> कारण </W><W> यह </W><W> हादसा </W><W> हुआ </W><W> था। </W></P><P><W> दल </W><W> में </W><W> शामिल </W><W> सभी </W><W> पर्यटकों </W><W> एवं </W><W> अन्य </W><W> पोर्टरों </W><W> को </W><W> मंगलवार </W><W> देर </W><W> रात </W><W> ही </W><W> सुरक्षित </W><W> निकाल </W><W> लिया </W><W> गया </W><W> था। </W><W> गंगोत्री </W><W> नेशनल </W><W> पार्क </W><W> के </W><W> उपनिदेशक </W><W> श्रवण </W><W> कुमार </W><W> ने </W><W> बताया </W><W> कि </W><W> बृहस्पतिवार </W><W> को </W><W> मौसम </W><W> खुलने </W><W> पर </W><W> अब </W><W> गोमुख </W><W> आदि </W><W> उच्च </W><W> हिमालयी </W><W> ट्रैक </W><W> पर </W><W> पर्यटकों </W><W> की </W><W> आवाजाही </W><W> शुरू </W><W> हो </W><W> गई </W><W> है। </W><W> हालांकि </W><W> मौसम </W><W> के </W><W> मिजाज </W><W> को </W><W> देखते </W><W> हुए </W><W> गोमुख </W><W> की </W><W> ओर </W><W> पूर्वाह्न </W><W> 11 </W><W> बजे </W><W> तक </W><W> ही </W><W> पर्यटकों </W><W> को </W><W> जाने </W><W> की </W><W> अनुमति </W><W> दी </W><W> जा </W><W> रही </W><W> है।  </W></P></DOCUMENT>