<?xml version="1.0" encoding="UTF-8"?>
<DOCUMENT><DESC/><TIME>1521</TIME><P><W> मृतक </W><W> छात्रों </W><W> के </W><W> परिजनों </W><W> को </W><AFTER_EFFECTS-ARG ID="4"><LINK EVENT_ARG="0" ID="11" TYPE_REL="EVENT_ARG"/><W> मुआवजा </W><W> के </W><W> रूप </W><W> में  </W><W> दो-दो </W><W> लाख </W><W> रुपये </W><W> देने </W></AFTER_EFFECTS-ARG><W> का </W><W> ऐलानgorakhpur@inext.co.in: </W><W> प्रत्यक्षदर्शियों </W><W> की </W><W> मानें </W><W> तो </W><REASON-ARG ID="5"><LINK EVENT_ARG="0" ID="12" TYPE_REL="EVENT_ARG"/><W> बस </W><W> का </W><W> चालक </W><W> कान </W><W> में </W><W> ईयर </W><W> फोन </W><W> लगा </W><W> रखा </W><W> था </W><W> और </W><W> उसने </W><W> ट्रेन </W><W> आने </W><W> की </W><W> आवाज </W><W> नहीं </W><W> सुनी. </W></REASON-ARG><W> मौजूद </W><W> लोग </W><W> भी </W><W> रुकने </W><W> के </W><W> लिए </W><W> चिल्लाते </W><W> रहे, </W><W> बस </W><W> चालक </W><W> ने </W><W> उनकी </W><W> भी </W><W> आवाज </W><W> नहीं </W><W> सुनी. </W><MAN_MADE_EVENT ID="0" TYPE="VEHICULAR_COLLISION"><EVENT-COREF-LINK EVENT_ID="3" ID="8" TYPE_REL="EVENT_COREF"/><W> घटना </W></MAN_MADE_EVENT><W> के </W><W> बाद </W><W> कोहराम </W><W> मच </W><W> गया. </W><MAN_MADE_EVENT ID="1" TYPE="VEHICULAR_COLLISION"><EVENT-COREF-LINK EVENT_ID="3" ID="9" TYPE_REL="EVENT_COREF"/><W> घटना </W></MAN_MADE_EVENT><W> तब </W><W> हुई </W><W> जब </W><W> दुदही </W><W> बाजार </W><W> स्थित </W><W> डिवाइन </W><W> स्कूल </W><W> की </W><W> वैन </W><W> बच्चों </W><W> से </W><W> भरी </W><MAN_MADE_EVENT ID="3" TYPE="VEHICULAR_COLLISION"><W> बस </W><W> फाटक </W><W> विहीन </W><W> रेलवे </W><W> क्रासिंग </W><W> को </W><W> पार </W><W> कर </W><W> रही </W><W> थी </W><W> और </W><W> तभी </W><W> ट्रेन </W><W> आ </W><W> गई.  </W></MAN_MADE_EVENT><MAN_MADE_EVENT ID="2" TYPE="VEHICULAR_COLLISION"><EVENT-COREF-LINK EVENT_ID="3" ID="10" TYPE_REL="EVENT_COREF"/><W> हादसे </W></MAN_MADE_EVENT><W> की </W><W> सूचना </W><W> पर </W><W> रेलवे </W><W> के </W><W> महाप्रबंधक </W><W> और </W><W> मंडल </W><AFTER_EFFECTS-ARG ID="7"><LINK EVENT_ARG="2" ID="13" TYPE_REL="EVENT_ARG"/><W> रेल </W><W> प्रबंधक </W><W> सहित </W><W> समस्त </W><W> संबंधित </W><W> अधिकारी </W><W> मौके </W><W> पर </W><W> पहुंच </W></AFTER_EFFECTS-ARG><W> गए </W><W> हैं. </W><W> रेल </W><W> मंत्री </W><W> पीयूष </W><W> गोयल </W><W> ने </W><W> दु:ख </W><W> जताया </W><W> है. </W><W> उन्होंने </W><W> मृतक </W><W> छात्रों </W><W> के </W><W> परिजनों </W><W> को </W><W> मुआवजा </W><W> के </W><W> रूप </W><W> में  </W><AFTER_EFFECTS-ARG ID="6"><LINK EVENT_ARG="2" ID="14" TYPE_REL="EVENT_ARG"/><W> दो-दो </W><W> लाख </W><W> रुपये  </W><W> देने </W></AFTER_EFFECTS-ARG><W> की </W><W> घोषणा </W><W> की </W><W> है. </W></P><P><PLACE-ARG ID="15"><LINK EVENT_ARG="16" ID="21" TYPE_REL="EVENT_ARG"/><W> कुशीनगर </W></PLACE-ARG><W> में </W><W> हुए </W><MAN_MADE_EVENT ID="16" TYPE="VEHICULAR_COLLISION"><EVENT-COREF-LINK EVENT_ID="3" ID="19" TYPE_REL="EVENT_COREF"/><W> हादसे </W></MAN_MADE_EVENT><W> में </W><CASUALTIES-ARG ID="17"><LINK EVENT_ARG="16" ID="22" TYPE_REL="EVENT_ARG"/><W> स्कूली </W><W> बच्चों </W><W> की </W><W> मृत्यु </W></CASUALTIES-ARG><W> का </W><W> दुःखद </W><W> समाचार </W><W> मिला, </W><W> मैंने </W><W> सीनियर </W><W> अधिकारियों </W><W> द्वारा </W><MAN_MADE_EVENT ID="18" TYPE="VEHICULAR_COLLISION"><EVENT-COREF-LINK EVENT_ID="3" ID="20" TYPE_REL="EVENT_COREF"/><W> हादसे </W></MAN_MADE_EVENT><W> की </W><W> इन्क्वायरी </W><W> के </W><W> निर्देश </W><W> दिए </W><W> हैं, </W><W> मृतको </W><W> के </W><W> परिवार </W><W> जनों </W><W> को </W><W> रेलवे </W><W> की </W><W> ओर </W><W> से </W><W> दो </W><W> लाख </W><W> रुपये </W><W> की </W><W> सहायता </W><W> दी </W><W> जायेगी </W><W> जो </W><W> उप्र </W><W> सरकार </W><W> द्वारा </W><W> दी </W><W> जा </W><W> रही </W><W> दो </W><W> लाख </W><W> की </W><W> राशि </W><W> के </W><W> अतिरिक्त </W><W> होगी। </W></P><P><W> रेलवे </W><W> क्रासिंग </W><W> को </W><W> पार </W><W> करते </W><W> समय </W><REASON-ARG ID="24"><LINK EVENT_ARG="23" ID="39" TYPE_REL="EVENT_ARG"/><W> चालक </W><W> की </W><W> लापरवाही </W></REASON-ARG><W> से </W><W> हुआ </W><MAN_MADE_EVENT ID="23" TYPE="VEHICULAR_COLLISION"><EVENT-COREF-LINK EVENT_ID="3" ID="36" TYPE_REL="EVENT_COREF"/><W> हादसापूर्वोत्तर </W></MAN_MADE_EVENT><PLACE-ARG ID="26"><LINK EVENT_ARG="23" ID="40" TYPE_REL="EVENT_ARG"/><W> रेलवे </W><W> के </W><W> वाराणसी </W><W> मंडल </W><W> स्थित </W><W> थावे-कप्तानगंज </W><W> सेक्शन </W><W> में </W><W> तमकुहïी </W><W> रोड- </W><W> दुदही </W><W> स्टेशन </W><W> के </W><W> बीच </W><W> स्थित </W><W> अनमैंड </W><W> क्रॉसिंग </W><W> संख्या </W><W> 45 </W></PLACE-ARG><W> पर </W><TIME-ARG ID="25"><LINK EVENT_ARG="27" ID="41" TYPE_REL="EVENT_ARG"/><W> सुबह </W><W> 7 </W><W> बजे </W><W> के </W><W> आसपास </W></TIME-ARG><MAN_MADE_EVENT ID="27" TYPE="VEHICULAR_COLLISION"><EVENT-COREF-LINK EVENT_ID="3" ID="37" TYPE_REL="EVENT_COREF"/><W> दुर्घटना </W></MAN_MADE_EVENT><W> हुई. </W><W> क्रासिंग </W><W> पर </W><W> जागरूकता </W><W> के </W><W> लिए </W><W> गेटमित्र </W><W> अरविंद </W><W> भारती </W><W> तैनात </W><W> था. </W><W> उसने </W><W> पैसेंजर </W><W> ट्रेन </W><W> 55075 </W><W> के </W><W> पास </W><W> होते </W><W> समय </W><W> छात्रों </W><W> से </W><W> भरी </W><PARTICIPANT-ARG ID="28"><LINK EVENT_ARG="27" ID="42" TYPE_REL="EVENT_ARG"/><W> टाटा </W><W> मैजिक </W></PARTICIPANT-ARG><W> को </W><W> रोकने </W><W> का </W><W> प्रयास </W><W> किया </W><W> लेकिन </W><W> मैजिक </W><W> वाला </W><W> नहीं </W><W> रुका. </W><W> मरने </W><W> वालों </W><W> में </W><W> अकरम </W><W> पुत्र </W><W> फरहान, </W><W> करधन </W><W> पुत्र </W><W> हैदर </W><W> निवासी </W><W> पडरौना, </W><W> अतिउल्लाह </W><W> पुत्र </W><W> नौशाद </W><W> अंसारी </W><W> निवासी </W><W> कोकिलपट्टी, </W><W> अनीस </W><W> नाजिर </W><W> पुत्र </W><W> मोहम्मद </W><W> नाजिर, </W><W> मोहम्मद </W><W> अरशद </W><W> पुत्र </W><W> मोहम्मद </W><W> जहीर, </W><W> मेराज </W><W> पुत्र </W><W> मैनुद्दीन </W><W> निवासी </W><W> गेरुखा, </W><W> गोल्डेन </W><W> पुत्र </W><W> नौशाद </W><W> निवासी </W><W> कोकिलपट्टी, </W><W> हरिओम </W><W> पुत्र </W><W> अंबर </W><W> सिंह, </W><W> साजिद </W><W> व </W><W> तमन्ना </W><W> पुत्री </W><W> हसन </W><W> निवासी </W><W> बतरौली </W><W> का </W><W> नाम </W><W> शामिल </W><W> है.मरने </W><W> वाले </W><W> अन्य </W><W> बच्चों </W><W> की </W><W> पहचान </W><W> की </W><W> जा </W><W> रही </W><W> है. </W><W> वही </W><W> प्रत्‍यक्षदर्शि‍यों </W><W> का </W><W> कहना </W><W> है </W><W> क‍ि </W><W> इस </W><MAN_MADE_EVENT ID="33" TYPE="VEHICULAR_COLLISION"><EVENT-COREF-LINK EVENT_ID="3" ID="38" TYPE_REL="EVENT_COREF"/><W> हादसे </W></MAN_MADE_EVENT><W> में </W><CASUALTIES-ARG ID="30"><LINK EVENT_ARG="33" ID="43" TYPE_REL="EVENT_ARG"/><W> 18 </W><W> बच्‍चों </W><W> की </W><W> मौत </W></CASUALTIES-ARG><W> हुई </W><W> है। </W><W> हादसे </W><W> में </W><CASUALTIES-ARG ID="31"><LINK EVENT_ARG="33" ID="44" TYPE_REL="EVENT_ARG"/><W> 13 </W><W> छात्र </W><W> मरे </W></CASUALTIES-ARG><W> है </W><W> तथा </W><CASUALTIES-ARG ID="32"><LINK EVENT_ARG="33" ID="45" TYPE_REL="EVENT_ARG"/><W> सात </W><W> गंभीर </W><W> रूप </W><W> से </W><W> घायल </W></CASUALTIES-ARG><W> हुए </W><W> हैं. </W><W> उनका </W><AFTER_EFFECTS-ARG ID="34"><LINK EVENT_ARG="33" ID="46" TYPE_REL="EVENT_ARG"/><W> इलाज </W><W> पडरौना </W><W> जिला </W><W> अस्पताल </W><W> में </W></AFTER_EFFECTS-ARG><W> चल </W><W> रहा </W><W> है. </W><W> रेलमंत्री </W><W> के </W><W> निर्देश </W><W> पर </W><AFTER_EFFECTS-ARG ID="35"><LINK EVENT_ARG="33" ID="47" TYPE_REL="EVENT_ARG"/><W> जेए </W><W> ग्रेड </W><W> की </W><W> टीम </W><W> मामले </W><W> की </W><W> जांच </W></AFTER_EFFECTS-ARG><W> करेगी.- </W><W> संजय </W><W> यादव, </W><W> सीपीआरओ, </W><W> एनई </W><W> रेलवे  </W><W> हादसे </W><W> की </W><W> जानकारी </W><W> के </W><W> ल‍िए </W><W> जारी </W><W> हुए </W><W> ये </W><W> हेल्‍पलानइ </W><W> नंबर </W></P></DOCUMENT>