<?xml version="1.0" encoding="UTF-8"?>
<DOCUMENT><DESC/><TIME>568</TIME><P><PLACE-ARG ID="3"><LINK EVENT_ARG="0" ID="26" TYPE_REL="EVENT_ARG"/><W> मिल </W></PLACE-ARG><W> की </W><MAN_MADE_EVENT ID="0" TYPE="INDUSTRIAL_ACCIDENT"><W> खोई </W><W> में </W><W> दबकर </W></MAN_MADE_EVENT><CASUALTIES-ARG ID="15"><LINK EVENT_ARG="0" ID="27" TYPE_REL="EVENT_ARG"/><W> मजदूर </W><W> की </W><W> मौत </W></CASUALTIES-ARG></P><P><PLACE-ARG ID="4"><LINK EVENT_ARG="1" ID="28" TYPE_REL="EVENT_ARG"/><W> त्रिवेणी </W><W> चीनी </W><W> मिल </W></PLACE-ARG><W> में </W><W> गन्ने </W><W> की </W><MAN_MADE_EVENT ID="1" TYPE="INDUSTRIAL_ACCIDENT"><EVENT-COREF-LINK EVENT_ID="0" ID="24" TYPE_REL="EVENT_COREF"/><W> खोई </W><W> भरते </W><W> समय </W><W> उसमें </W><W> दबकर </W></MAN_MADE_EVENT><CASUALTIES-ARG ID="8"><LINK EVENT_ARG="1" ID="29" TYPE_REL="EVENT_ARG"/><W> मजदूर </W></CASUALTIES-ARG><W> गंभीर </W><W> रूप </W><W> से </W><W> घायल </W><W> हो </W><W> गया। </W><AFTER_EFFECTS-ARG ID="16"><LINK EVENT_ARG="1" ID="30" TYPE_REL="EVENT_ARG"/><W> घायल </W><W> मजदूर </W><W> को </W><W> उपचार </W><W> के </W><W> लिए </W><W> मुरादाबाद </W><W> ले </W><W> जाया </W><W> गया </W></AFTER_EFFECTS-ARG><W> लेकिन, </W><W> भर्ती </W><W> होने </W><W> से </W><W> पहले </W><W> ही </W><W> उसकी </W><CASUALTIES-ARG ID="9"><LINK EVENT_ARG="1" ID="31" TYPE_REL="EVENT_ARG"/><W> मौत </W><W> हो </W><W> गई। </W></CASUALTIES-ARG><AFTER_EFFECTS-ARG ID="17"><LINK EVENT_ARG="1" ID="32" TYPE_REL="EVENT_ARG"/><W> मजदूर </W><W> की </W><W> मौत </W><W> की </W><W> सूचना </W><W> पर </W><W> ग्रामीण </W><W> व </W><W> परिजन </W><W> अस्पताल </W><W> पहुंच </W><W> गए </W><W> और </W><W> शव </W><W> लेकर </W><W> त्रिवेणी </W><W> चीनी </W><W> मिल </W><W> के </W><W> गेट </W><W> पर </W><W> हंगामा </W><W> करना </W><W> शुरू </W><W> कर </W><W> दिया। </W></AFTER_EFFECTS-ARG></P><P><AFTER_EFFECTS-ARG ID="18"><LINK EVENT_ARG="1" ID="33" TYPE_REL="EVENT_ARG"/><W> परिजन </W><W> मिल </W><W> प्रबंधन </W><W> के </W><W> खिलाफ </W><W> रिपोर्ट </W><W> दर्ज </W><W> करने </W><W> की </W><W> मांग </W><W> कर </W><W> रहे </W><W> थे। </W><W> इसको </W><W> लेकर </W><W> उनकी </W><W> पुलिस </W><W> से </W><W> नोकझोंक </W><W> भी </W><W> हो </W><W> गई। </W><W> इस </W><W> पर </W><W> ग्रामीणों </W><W> व </W><W> परिजनों </W><W> ने </W><W> सीओ </W><W> का </W><W> घेराव </W><W> कर </W><W> लिया। </W><W> बाद </W><W> में </W><W> मिलक </W><W> प्रबंधन </W><W> व </W><W> परिजनों </W><W> के </W><W> बीच </W><W> समझौता </W><W> होने </W><W> पर </W><W> हंगामा </W><W> शांत </W><W> हुआ </W><W> और </W><W> परिजन </W><W> बिना </W><W> पोस्टमार्टम </W><W> कराए </W><W> ही </W><W> शव </W><W> को </W><W> ले </W><W> गए। </W></AFTER_EFFECTS-ARG></P><P><PLACE-ARG ID="5"><LINK EVENT_ARG="1" ID="34" TYPE_REL="EVENT_ARG"/><W> टांडा </W><W> कोतवाली </W><W> क्षेत्र </W><W> के </W><W> ग्राम </W><W> लांबाखेड़ा </W></PLACE-ARG><W> निवासी </W><CASUALTIES-ARG ID="10"><LINK EVENT_ARG="1" ID="35" TYPE_REL="EVENT_ARG"/><W> नूर </W><W> आलम </W><W> मिलक </W></CASUALTIES-ARG><PLACE-ARG ID="6"><LINK EVENT_ARG="1" ID="36" TYPE_REL="EVENT_ARG"/><W> नारायनपुर </W><W> स्थित </W><W> त्रिवेणी </W><W> चीनी </W><W> मिल </W></PLACE-ARG><W> में </W><W> अन्य </W><W> मजदूरों </W><W> के </W><W> साथ </W><W> गन्ने </W><W> की </W><W> खोई </W><W> भर </W><W> रहा </W><W> था। </W><TIME-ARG ID="13"><LINK EVENT_ARG="2" ID="37" TYPE_REL="EVENT_ARG"/><W> शुक्रवार </W><W> तड़के </W><W> करीब </W><W> 4 </W><W> बजे </W></TIME-ARG><MAN_MADE_EVENT ID="2" TYPE="INDUSTRIAL_ACCIDENT"><EVENT-COREF-LINK EVENT_ID="0" ID="25" TYPE_REL="EVENT_COREF"/><W> एक </W><W> ट्रक </W><W> में </W><W> खोई </W><W> भरते </W><W> समय </W><W> वह </W><W> उसमें </W><W> दब </W><W> गया। </W></MAN_MADE_EVENT><W> जब </W><CASUALTIES-ARG ID="11"><LINK EVENT_ARG="2" ID="38" TYPE_REL="EVENT_ARG"/><W> नूर </W><W> आलम </W></CASUALTIES-ARG><W> कहीं </W><W> दिखाई </W><W> नहीं </W><W> दिया </W><W> तो </W><W> अन्य </W><W> मजदूरों </W><W> ने </W><W> उसकी </W><W> तलाश </W><W> की </W><W> तो </W><W> काफी </W><W> देर </W><W> बाद </W><W> वह </W><W> ट्रक </W><W> में </W><W> भरी </W><W> खोई </W><W> में </W><W> बेहोशी </W><W> हालत </W><W> में </W><W> दबा </W><W> हुआ </W><W> मिला। </W><W> आनन </W><W> फानन </W><W> में </W><PLACE-ARG ID="7"><LINK EVENT_ARG="2" ID="39" TYPE_REL="EVENT_ARG"/><W> चीनी </W><W> मिल </W></PLACE-ARG><W> की </W><W> गाड़ी </W><W> में </W><W> डालकर </W><AFTER_EFFECTS-ARG ID="19"><LINK EVENT_ARG="2" ID="40" TYPE_REL="EVENT_ARG"/><W> नूर </W><W> आलम </W><W> को </W><W> उपचार </W><W> के </W><W> लिए </W><W> मुरादाबाद </W><W> के </W><W> साईं </W><W> अस्पताल </W><W> इलाज </W><W> ले </W><W> जाया </W><W> गया </W><W> जहां </W><W> चिकित्सकों </W><W> ने </W><W> उसे </W><W> मृत </W><W> घोषित </W><W> कर </W><W> दिया। </W></AFTER_EFFECTS-ARG></P><P><CASUALTIES-ARG ID="12"><LINK EVENT_ARG="2" ID="41" TYPE_REL="EVENT_ARG"/><W> नूर </W><W> आलम </W></CASUALTIES-ARG><W> की </W><W> मौत </W><W> की </W><W> सूचना </W><W> उसके </W><W> परिजनों </W><W> को </W><W> दी </W><W> गई, </W><W> इस </W><W> पर </W><W> बड़ी </W><W> संख्या </W><W> में </W><AFTER_EFFECTS-ARG ID="20"><LINK EVENT_ARG="2" ID="42" TYPE_REL="EVENT_ARG"/><W> ग्रामीण </W><W> व </W><W> परिजन </W><W> साईं </W><W> अस्पताल </W><W> पहुंच </W><W> गए। </W><W> परिजन </W><W> और </W><W> ग्रामीण </W><W> नूर </W><W> आलम </W><W> के </W><W> शव </W><W> को </W><W> एंबुलेंस </W><W> से </W><W> लेकर </W><W> चीनी </W><W> मिल </W><W> पहुंच </W><W> गए </W><W> और </W><W> मिल </W><W> के </W><W> गेट </W><W> पर </W><W> शव </W><W> रखकर </W><W> प्रदर्शन </W><W> करना </W><W> शुरू </W><W> कर </W><W> दिया। </W></AFTER_EFFECTS-ARG><W> भीड़ </W><W> बढ़ने </W><W> पर </W><W> दढ़ियाल </W><W> चौकी </W><W> इंचार्ज </W><W> विनोद </W><W> मिश्रा </W><W> भी </W><W> मौके </W><W> पर </W><W> पहुंच </W><W> गए।  </W></P><P><AFTER_EFFECTS-ARG ID="21"><LINK EVENT_ARG="2" ID="43" TYPE_REL="EVENT_ARG"/><W> सुरक्षा </W><W> व </W><W> शांति </W><W> व्यवस्था </W><W> के </W><W> लिहाज </W><W> से </W><W> मिल </W><W> का </W><W> गेट </W><W> बंद </W><W> कर </W><W> मौके </W><W> पर </W><W> पुलिस </W><W> तैनात </W><W> कर </W><W> दी </W><W> गई। </W></AFTER_EFFECTS-ARG><W> मजदूर </W><W> की </W><W> मौत </W><W> के </W><W> बाद </W><W> परिजनों </W><W> द्वारा </W><W> हंगामा </W><W> किए </W><W> जाने </W><W> की </W><W> सूचना </W><W> पर </W><W> सीओ </W><W> स्वार </W><W> राहुल </W><W> कुमार </W><W> के </W><W> साथ </W><W> स्वार </W><W> व </W><W> टांडा </W><W> कोतवाली </W><W> की </W><W> पुलिस </W><W> भी </W><W> मौके </W><W> पर </W><W> आ </W><W> गई। </W><AFTER_EFFECTS-ARG ID="22"><LINK EVENT_ARG="2" ID="44" TYPE_REL="EVENT_ARG"/><W> ग्रामीणों </W><W> ने </W><W> सीओ </W><W> से </W><W> मिल </W><W> प्रबंधन </W><W> के </W><W> खिलाफ </W><W> रिपोर्ट </W><W> दर्ज </W><W> करने </W><W> की </W><W> मांग </W><W> और </W><W> हंगामा </W><W> करते </W><W> हुए </W><W> सीओ </W><W> का </W><W> घेराव </W><W> कर </W><W> लिया। </W></AFTER_EFFECTS-ARG></P><P><W> मामले </W><W> के </W><W> तूल </W><W> पकड़ने </W><W> पर </W><W> चीनी </W><W> मिल </W><W> के </W><W> पूर्व </W><W> एचआर </W><W> अमेज </W><W> कुमार </W><W> मौके </W><W> पर </W><W> पहुंचे </W><W> और </W><W> उन्होंने </W><W> परिजनों </W><W> व </W><W> ग्रामीणों </W><W> को </W><W> शांत </W><W> कर </W><W> वार्ता </W><W> के </W><W> लिए </W><W> तैयार </W><W> किया। </W><W> इसके </W><W> बाद </W><TIME-ARG ID="14"><LINK EVENT_ARG="2" ID="45" TYPE_REL="EVENT_ARG"/><W> दोपहर </W><W> करीब </W><W> डेढ़ </W><W> बजे </W></TIME-ARG><AFTER_EFFECTS-ARG ID="23"><LINK EVENT_ARG="2" ID="46" TYPE_REL="EVENT_ARG"/><W> परिजनों </W><W> का </W><W> समझौता </W><W> होने </W><W> के </W><W> बाद </W><W> हंगामा </W><W> शांत </W><W> हुआ। </W><W> इसके </W><W> बाद </W><W> परिजन </W><W> बिना </W><W> पोस्टमार्टम </W><W> कराए </W><W> शव </W><W> घर </W><W> ले </W><W> गए। </W></AFTER_EFFECTS-ARG></P><P><W>   </W></P></DOCUMENT>