<?xml version="1.0" encoding="UTF-8"?>
<DOCUMENT><DESC/><DESC/><DESC/><DESC/><DESC/><DESC/><DESC/><DESC/><TIME>12460</TIME><P><W> J&amp;k: </W><NATURAL_EVENT ID="0" TYPE="LAND_SLIDE"><EVENT-COREF-LINK EVENT_ID="1" ID="17" TYPE_REL="EVENT_COREF"/><W> पहाड़ </W><W> का </W><W> एक </W><W> बड़ा </W><W> हिस्सा </W><W> सड़क </W><W> पर </W><W> गिरा, </W></NATURAL_EVENT><PLACE-ARG ID="9"><LINK EVENT_ARG="1" ID="18" TYPE_REL="EVENT_ARG"/><W> सर्कुलर </W><W> रोड </W></PLACE-ARG><W> पर </W><NATURAL_EVENT ID="1" TYPE="LAND_SLIDE"><W> भूस्खलन, </W></NATURAL_EVENT><W> बड़ा </W><W> हादसा </W><W> टला </W></P><P><W> तवी </W><W> नदी </W><W> से </W><W> सटे </W><PLACE-ARG ID="10"><LINK EVENT_ARG="2" ID="20" TYPE_REL="EVENT_ARG"/><W> सर्कुलर </W><W> रोड </W></PLACE-ARG><W> पर </W><TIME-ARG ID="11"><LINK EVENT_ARG="2" ID="21" TYPE_REL="EVENT_ARG"/><W> सोमवार-मंगलवार </W></TIME-ARG><W> की </W><W> मध्यरात्रि </W><NATURAL_EVENT ID="2" TYPE="LAND_SLIDE"><EVENT-COREF-LINK EVENT_ID="1" ID="32" TYPE_REL="EVENT_COREF"/><W> पहाड़ी </W><W> के </W><W> एक </W><W> बड़े </W><W> हिस्से </W><W> के </W><W> सड़क </W><W> पर </W></NATURAL_EVENT><W> आ </W><W> जाने </W><W> से </W><W> बड़ा </W><W> हादसा </W><W> टल </W><W> गया। </W><NATURAL_EVENT ID="3" TYPE="LAND_SLIDE"><EVENT-COREF-LINK EVENT_ID="1" ID="31" TYPE_REL="EVENT_COREF"/><W> भूस्खलन </W></NATURAL_EVENT><W> से </W><SPEED-ARG ID="12"><LINK EVENT_ARG="3" ID="22" TYPE_REL="EVENT_ARG"/><W> दिनभर </W><W> बाईपास </W><W> हाईवे </W><W> को </W><W> जोड़ने </W><W> वाले </W><W> सर्कुलर </W><W> रोड </W><W> पर </W><W> यातायात </W><W> ठप </W></SPEED-ARG><W> रहा। </W><W> यह </W><W> सड़क </W><W> पंजतीर्थी </W><W> और </W><W> गुज्जर </W><W> नगर </W><W> को </W><W> शहर </W><W> से </W><W> जोड़ती </W><W> है। </W><W> देर </W><W> शाम </W><W> तक </W><W> सड़क </W><W> से </W><W> मलबा </W><W> हटाने </W><W> का </W><W> काम </W><W> जारी </W><W> था। </W><NATURAL_EVENT ID="4" TYPE="LAND_SLIDE"><EVENT-COREF-LINK EVENT_ID="1" ID="30" TYPE_REL="EVENT_COREF"/><W> भूस्खलन </W></NATURAL_EVENT><W> की </W><W> चपेट </W><W> में </W><W> कई </W><W> बिजली </W><W> के </W><W> खंभों </W><W> के </W><W> आ </W><W> जाने </W><W> से </W><AFTER_EFFECTS-ARG ID="13"><LINK EVENT_ARG="4" ID="23" TYPE_REL="EVENT_ARG"/><W> क्षेत्र </W><W> में </W><W> दिनभर </W><W> बिजली </W><W> ठप </W></AFTER_EFFECTS-ARG><W> रही। </W><W> इस </W><W> घटना </W><W> में </W><W> कोई </W><W> जानी </W><W> नुकसान </W><W> नहीं </W><W> हुआ </W><W> है। </W></P><P><NATURAL_EVENT ID="5" TYPE="LAND_SLIDE"><EVENT-COREF-LINK EVENT_ID="1" ID="29" TYPE_REL="EVENT_COREF"/><W> भूस्खलन </W></NATURAL_EVENT><W> से </W><W> सड़क </W><W> के </W><W> नीचे </W><W> एक </W><AFTER_EFFECTS-ARG ID="14"><LINK EVENT_ARG="5" ID="24" TYPE_REL="EVENT_ARG"/><W> कंकरीट </W><W> ढांचे </W><W> को </W><W> नुकसान </W></AFTER_EFFECTS-ARG><W> पहुंचा </W><W> है। </W><W> जिस </W><W> जगह </W><NATURAL_EVENT ID="6" TYPE="LAND_SLIDE"><EVENT-COREF-LINK EVENT_ID="1" ID="28" TYPE_REL="EVENT_COREF"/><W> भूस्खलन </W></NATURAL_EVENT><W> हुआ </W><W> है </W><W> उसके </W><W> निचले </W><W> हिस्से </W><W> में </W><W> एक </W><W> मंदिर </W><W> स्थापित </W><W> है। </W><W> सर्कुलर </W><W> रोड </W><W> यातायात </W><W> के </W><W> लिहाज </W><W> से </W><W> काफी </W><W> व्यस्त </W><W> रहता </W><W> है। </W><W> घाटी </W><W> के </W><W> लिए </W><W> जाने </W><W> वाले </W><W> अधिकांश </W><W> वाहन </W><W> शहर </W><W> के </W><W> बीच </W><W> से </W><W> इसी </W><W> बाईपास </W><W> रोड </W><W> से </W><W> होकर </W><W> निकलते </W><W> हैं। </W><W> इसके </W><W> अलावा </W><W> कई </W><W> प्रमुख </W><W> स्कूलों </W><W> की </W><W> बसें </W><W> इसी </W><W> रोड </W><W> से </W><W> निकलती </W><W> हैं। </W></P><P><W> सोमवार </W><W> को </W><W> तहसील </W><W> कार्यालय </W><W> से </W><W> सर्कुलर </W><W> रोड </W><W> पर </W><W> पहुंचे </W><W> सैकड़ों </W><W> वाहनों </W><W> को </W><W> लंबे </W><W> रास्ते </W><W> से </W><W> अपने </W><W> गंतव्यों </W><W> तक </W><W> पहुंचना </W><W> पड़ा। </W><W> मुबारक </W><W> मंडी </W><W> के </W><W> निचली </W><W> तरफ </W><W> स्थापित </W><W> सर्कुलर </W><W> रोड </W><W> पर </W><W> पहले </W><W> भी </W><W> कई </W><W> बार </W><NATURAL_EVENT ID="7" TYPE="LAND_SLIDE"><EVENT-COREF-LINK EVENT_ID="1" ID="26" TYPE_REL="EVENT_COREF"/><W> भूस्खलन </W></NATURAL_EVENT><W> हो </W><W> चुका </W><W> है। </W><W> हर </W><W> साल </W><W> बरसात </W><W> के </W><W> दौरान </W><W> पहाड़ी </W><W> से </W><W> मलबा </W><W> नीचे </W><W> गिर </W><W> रहा </W><W> है। </W><W> इस </W><W> बीच </W><NATURAL_EVENT ID="16" TYPE="LAND_SLIDE"><EVENT-COREF-LINK EVENT_ID="1" ID="27" TYPE_REL="EVENT_COREF"/><W> भूस्खलन </W></NATURAL_EVENT><W> से </W><AFTER_EFFECTS-ARG ID="15"><LINK EVENT_ARG="16" ID="25" TYPE_REL="EVENT_ARG"/><W> डोडा-ठाठरी </W><W> सड़क </W><W> पर </W><W> यातायात </W><W> प्रभावित </W></AFTER_EFFECTS-ARG><W> रहा। </W><W> मंगलवार </W><W> दोपहर </W><W> बाद </W><W> हल्के </W><W> वाहनों </W><W> को </W><W> ही </W><W> छोड़ा </W><W> गया। </W><W> मौसम </W><W> विभाग </W><W> श्रीनगर </W><W> के </W><W> अनुसार </W><W> बुधवार </W><W> को </W><W> राज्य </W><W> के </W><W> तीनों </W><W> क्षेत्रों </W><W> में </W><W> मौसम </W><W> साफ </W><W> रहेगा।  </W></P></DOCUMENT>