<?xml version="1.0" encoding="UTF-8"?>
<DOCUMENT><DESC/><DESC/><DESC/><DESC/><DESC/><DESC/><DESC/><TIME>2817</TIME><P><PLACE-ARG ID="5"><LINK EVENT_ARG="2" ID="12" TYPE_REL="EVENT_ARG"/><W> पिथौरागढ़-घाट </W><W> हाईवे </W></PLACE-ARG><W> पर </W><NATURAL_EVENT ID="2" TYPE="LAND_SLIDE"><EVENT-COREF-LINK EVENT_ID="0" ID="13" TYPE_REL="EVENT_COREF"/><W> पहाड़ी </W><W> दरकी, </W></NATURAL_EVENT><W> भारी </W><NATURAL_EVENT ID="0" TYPE="LAND_SLIDE"><W> भूस्खलन </W></NATURAL_EVENT><W> से </W><AFTER_EFFECTS-ARG ID="1"><LINK EVENT_ARG="0" ID="14" TYPE_REL="EVENT_ARG"/><W> सड़क </W><W> के </W><W> दोनों </W><W> तरफ </W><W> जाम </W><W> में </W><W> फंसे </W><W> दर्जनों </W><W> वाहन। </W></AFTER_EFFECTS-ARG></P><P><PLACE-ARG ID="6"><LINK EVENT_ARG="3" ID="15" TYPE_REL="EVENT_ARG"/><W> उत्तराखंड में </W><W> निर्माणाधीन </W><W> बारहमासी </W><W> सड़क </W><W> पर </W><W> पिथौरागढ़- </W><W> घाट </W><W> राष्ट्रीय </W><W> राजमार्ग </W></PLACE-ARG><W> में </W><PLACE-ARG ID="7"><LINK EVENT_ARG="3" ID="16" TYPE_REL="EVENT_ARG"/><W> मटेला </W><W> बैंड </W><W> के </W><W> पास </W></PLACE-ARG><W> भारी </W><NATURAL_EVENT ID="3" TYPE="LAND_SLIDE"><EVENT-COREF-LINK EVENT_ID="0" ID="22" TYPE_REL="EVENT_COREF"/><W> भूस्खलन </W></NATURAL_EVENT><W> हो </W><W> गया। </W><REASON-ARG ID="9"><LINK EVENT_ARG="3" ID="17" TYPE_REL="EVENT_ARG"/><W> मार्ग </W><W> में </W><W> भारी </W><W> चट्टानें </W><W> और </W><W> मलबा </W><W> जमा </W><W> होने </W></REASON-ARG><W> से </W><AFTER_EFFECTS-ARG ID="8"><LINK EVENT_ARG="3" ID="18" TYPE_REL="EVENT_ARG"/><W> रोडवेज </W><W> बस </W><W> समेत </W><W> दर्जनों </W><W> वाहन </W><W> मार्ग </W><W> में </W><W> दोनों </W><W> तरफ </W><W> फंसे </W><W> हुए </W><W> हैं। </W></AFTER_EFFECTS-ARG></P><P><W> बता </W><W> दें </W><W> कि </W><W> पिथौरागढ़ </W><W> से </W><W> घाट </W><W> के </W><W> बीच </W><W> ऑलवेदर </W><W> रोड </W><W> निर्माण </W><W> कार्य </W><W> चल </W><W> रहा </W><W> है। </W><TIME-ARG ID="11"><LINK EVENT_ARG="4" ID="19" TYPE_REL="EVENT_ARG"/><W> शनिवार </W><W> की </W><W> देर </W><W> शाम </W></TIME-ARG><W> चुलकोट </W><W> के </W><W> पास </W><W> सड़क </W><W> कटिंग </W><W> के </W><W> दौरान </W><NATURAL_EVENT ID="4" TYPE="LAND_SLIDE"><EVENT-COREF-LINK EVENT_ID="0" ID="21" TYPE_REL="EVENT_COREF"/><W> पहाड़ी </W><W> दरक </W></NATURAL_EVENT><W> गई। </W><W> इससे </W><AFTER_EFFECTS-ARG ID="10"><LINK EVENT_ARG="4" ID="20" TYPE_REL="EVENT_ARG"/><W> पिथौरागढ़ </W><W> की </W><W> ओर </W><W> आ </W><W> रही </W><W> बस </W><W> सहित </W><W> दर्जनों </W><W> वाहन </W><W> वहां </W><W> फंस </W><W> गए।  </W></AFTER_EFFECTS-ARG></P><P><W> एनएच </W><W> के </W><W> अधिकारियों </W><W> के </W><W> अनुसार </W><W> ऊपरी </W><W> पहाड़ी </W><W> से </W><W> मलवा </W><W> लगातार </W><W> गिर </W><W> रहा </W><W> है। </W><W> दोनों </W><W> ओर </W><W> मशीने </W><W> मलबा </W><W> हटाने </W><W> में </W><W> लगी </W><W> हुई </W><W> हैं। </W><W> मलबा </W><W> गिरने </W><W> का </W><W> क्रम </W><W> रुकने </W><W> के </W><W> बाद </W><W> काम </W><W> शुरू </W><W> किया </W><W> जाएगा। </W><W> इस </W><W> दौरान </W><W> कोतवाल </W><W> ध्यान </W><W> सिंह </W><W> और </W><W> ऑपरेटर </W><W> मौके </W><W> पर </W><W> स्थिति </W><W> संभालने </W><W> में </W><W> लगे </W><W> हुए </W><W> हैं।  </W></P></DOCUMENT>