<?xml version="1.0" encoding="UTF-8"?>
<DOCUMENT><DESC/><DESC/><TIME>678</TIME><P><W> पिथौरागढ़: </W><NATURAL_EVENT ID="0" TYPE="LAND_SLIDE"><W> लैंड </W><W> स्लाइड </W></NATURAL_EVENT><W> में </W><W> दबने </W><W> से </W><CASUALTIES-ARG ID="6"><LINK EVENT_ARG="0" ID="10" TYPE_REL="EVENT_ARG"/><W> 2 </W><W> मजदूरों </W><W> की </W><W> मौत, </W></CASUALTIES-ARG><W> सड़क </W><W> कटिंग </W><W> के </W><W> दौरान </W><W> हुआ </W><W> हादसा </W></P><P><PLACE-ARG ID="7"><LINK EVENT_ARG="1" ID="11" TYPE_REL="EVENT_ARG"/><W> पिथौरागढ़ </W><W> में </W><W> धारचूला </W><W> के </W><W> तवाघाट-लीपूलेख </W><W> सड़क </W></PLACE-ARG><W> कटिंग </W><W> के </W><W> दौरान </W><W> एक </W><NATURAL_EVENT ID="1" TYPE="LAND_SLIDE"><EVENT-COREF-LINK EVENT_ID="0" ID="17" TYPE_REL="EVENT_COREF"/><W> हादसा </W></NATURAL_EVENT><W> हो </W><W> गया। </W><W> यहां </W><W> सड़क </W><W> कटिंग </W><W> के </W><W> दौरान </W><NATURAL_EVENT ID="2" TYPE="LAND_SLIDE"><EVENT-COREF-LINK EVENT_ID="0" ID="18" TYPE_REL="EVENT_COREF"/><W> लैंड </W><W> स्लाइड </W></NATURAL_EVENT><W> होने </W><W> से </W><CASUALTIES-ARG ID="3"><LINK EVENT_ARG="2" ID="12" TYPE_REL="EVENT_ARG"/><W> दो </W><W> मजदूर </W><W> दब </W><W> गए </W><W> और </W><W> उनकी </W><W> मौत </W></CASUALTIES-ARG><W> हो </W><W> गई। </W></P><P><W> आज </W><W> दोपहर </W><W> 12:36 </W><W> बजे </W><PLACE-ARG ID="8"><LINK EVENT_ARG="4" ID="13" TYPE_REL="EVENT_ARG"/><W> तवाघाट-लीपूलेख </W><W> सड़क </W></PLACE-ARG><W> पर </W><PLACE-ARG ID="9"><LINK EVENT_ARG="4" ID="14" TYPE_REL="EVENT_ARG"/><W> गर्भाधार </W><W> के </W><W> निकट </W><W> ग्रिफ </W><W> के </W><W> कटिंग </W><W> कार्यस्थल </W></PLACE-ARG><W> पर </W><NATURAL_EVENT ID="4" TYPE="LAND_SLIDE"><EVENT-COREF-LINK EVENT_ID="0" ID="16" TYPE_REL="EVENT_COREF"/><W> लैंड </W><W> स्लाइड </W></NATURAL_EVENT><W> हो </W><W> गया। </W><W> जिसमें </W><CASUALTIES-ARG ID="5"><LINK EVENT_ARG="4" ID="15" TYPE_REL="EVENT_ARG"/><W> दबकर </W><W> मजदूर </W><W> भगवान </W><W> दत्त </W><W> (नेपाली) </W><W> और </W><W> दुर्गा </W><W> देवी </W><W> (भारतीय) </W><W> की </W><W> मौके </W><W> पर </W><W> ही </W><W> मौत </W></CASUALTIES-ARG><W> हो </W><W> गई।  </W></P><P><W> सूचना </W><W> पर </W><W> एसडीआरएफ </W><W> और </W><W> पांगला </W><W> पुलिस </W><W> व </W><W> प्रशासन </W><W> की </W><W> टीम </W><W> मौके </W><W> के </W><W> लिए </W><W> रवाना </W><W> हुई। </W><W> दूरस्थ </W><W> क्षेत्र </W><W> होने </W><W> के </W><W> कारण </W><W> घटना </W><W> की </W><W> अधिक </W><W> जानकारी </W><W> नहीं </W><W> मिल </W><W> पाई। </W></P></DOCUMENT>