<?xml version="1.0" encoding="UTF-8"?>
<DOCUMENT><DESC/><DESC/><TIME>2857</TIME><P><PLACE-ARG ID="0"><LINK EVENT_ARG="1" ID="18" TYPE_REL="EVENT_ARG"/><W> पठानकोट-मंडी </W><W> नेशनल </W><W> हाईवे </W></PLACE-ARG><W> पर </W><W> त्रिलोकपुर </W><W> के </W><W> समीप </W><NATURAL_EVENT ID="1" TYPE="LAND_SLIDE"><W> सड़क </W><W> धंसने </W></NATURAL_EVENT><W> से </W><AFTER_EFFECTS-ARG ID="2"><LINK EVENT_ARG="1" ID="19" TYPE_REL="EVENT_ARG"/><W> यातायात </W><W> बाधित </W></AFTER_EFFECTS-ARG><W> । </W></P><P><W> पिछले </W><W> सप्ताह </W><W> से </W><W> ही </W><W> सड़क </W><W> का </W><W> हल्का </W><W> हल्का </W><W> धंसना </W><W> जारी </W><W> था </W><W> । </W></P><P><W> धर्मशाला। </W><PLACE-ARG ID="3"><LINK EVENT_ARG="4" ID="20" TYPE_REL="EVENT_ARG"/><W> पठानकोट-मंडी </W><W> नेशनल </W><W> हाईवे </W><W> त्रिलोकपुर </W><W> के </W><W> समीप </W><W> सड़क </W></PLACE-ARG><W> के </W><W> पूरी </W><W> तरह </W><W> से </W><NATURAL_EVENT ID="4" TYPE="LAND_SLIDE"><EVENT-COREF-LINK EVENT_ID="1" ID="31" TYPE_REL="EVENT_COREF"/><W> धंस </W></NATURAL_EVENT><W> जाने </W><W> के </W><W> कारण </W><W> मुख्य </W><W> मार्ग </W><W> पर </W><AFTER_EFFECTS-ARG ID="5"><LINK EVENT_ARG="4" ID="21" TYPE_REL="EVENT_ARG"/><W> यातायात </W><W> बाधित </W></AFTER_EFFECTS-ARG><W> हो </W><W> गया </W><W> है। </W><REASON-ARG ID="6"><LINK EVENT_ARG="4" ID="22" TYPE_REL="EVENT_ARG"/><W> भारी </W><W> बारिश </W></REASON-ARG><W> के </W><W> कारण </W><TIME-ARG ID="7"><LINK EVENT_ARG="8" ID="23" TYPE_REL="EVENT_ARG"/><W> सोमवार </W><W> सुबह </W><W> लगभग </W><W> छह </W><W> बजे </W></TIME-ARG><W> के </W><W> करीब </W><NATURAL_EVENT ID="8" TYPE="LAND_SLIDE"><EVENT-COREF-LINK EVENT_ID="1" ID="29" TYPE_REL="EVENT_COREF"/><W> सड़क </W><W> पूरी </W><W> तरह </W><W> से </W><W> धंस </W></NATURAL_EVENT><W> गई </W><W> और </W><W> मलबा </W><W> खडड </W><W> में </W><W> जा </W><W> गिरा। </W><W> इस </W><W> सड़क </W><W> मार्ग </W><W> पर </W><W> नूरपुर </W><W> से </W><W> करीब </W><W> 25 </W><W> किलोमीटर </W><W> दूर </W><W> त्रिलोकपुर </W><W> में </W><W> सड़क </W><NATURAL_EVENT ID="9" TYPE="LAND_SLIDE"><W> धंसने </W></NATURAL_EVENT><W> से </W><W> एक </W><W> टिप्पर </W><W> खाई </W><W> में </W><W> गिर </W><W> गया। </W><W> जैसे </W><W> ही </W><W> टिप्पर </W><NATURAL_EVENT ID="11" TYPE="LAND_SLIDE"><EVENT-COREF-LINK EVENT_ID="1" ID="30" TYPE_REL="EVENT_COREF"/><W> धंसने </W></NATURAL_EVENT><W> लगा </W><W> चालक </W><W> ने </W><W> छलांग </W><W> लगा </W><W> दी </W><W> और </W><W> देखते </W><W> ही </W><W> देखते </W><W> टिप्पर </W><W> खाई </W><W> में </W><W> जा </W><W> गिरा। </W><W> सड़क </W><W> धंसने </W><W> से </W><AFTER_EFFECTS-ARG ID="10"><LINK EVENT_ARG="9" ID="24" TYPE_REL="EVENT_ARG"/><W> 32 </W><W> मील-कोटला </W><W> मार्ग </W><W> पूरी </W><W> तरह </W><W> से </W><W> बंद </W></AFTER_EFFECTS-ARG><W> हो </W><W> गया </W><W> है। </W></P><P><W> उधर, </W><W> एनएच </W><W> का </W><W> ट्रैफिक </W><W> 32 </W><W> मील </W><W> वाया </W><W> सोलदा </W><W> भेजा </W><W> जा </W><W> रहा </W><W> है। </W><W> इस </W><W> मार्ग </W><W> के </W><W> तंग </W><W> होने </W><W> के </W><W> कारण </W><W> दोनों </W><W> ओर </W><AFTER_EFFECTS-ARG ID="12"><LINK EVENT_ARG="8" ID="28" TYPE_REL="EVENT_ARG"/><W> जाम </W><W> लग </W><W> रहा </W></AFTER_EFFECTS-ARG><W> है </W><W> जिस </W><W> कारण </W><W> लोगों </W><W> को </W><W> भारी </W><W> दिक्कतों </W><W> का </W><W> सामना </W><W> करना </W><W> पड़ </W><W> रहा </W><W> है। </W><W> मुख्य </W><AFTER_EFFECTS-ARG ID="13"><LINK EVENT_ARG="12" ID="25" TYPE_REL="EVENT_ARG"/><W> सड़क </W><W> मार्ग </W><W> पर </W><W> यातायात </W><W> पूरी </W><W> तरह </W><W> से </W><W> प्रभावित </W></AFTER_EFFECTS-ARG><W> होने </W><W> के </W><W> बाद </W><W> यातायात </W><W> को </W><W> सोलहदा </W><W> से </W><W> त्रिलोकपुर </W><W> के </W><W> लिए </W><W> डाइवर्ट </W><W> कर </W><W> वैकल्पिक </W><W> व्यवस्था </W><W> की </W><W> गई </W><W> है। </W><W> त्रिलोकपुर </W><W> में </W><W> जहां </W><W> पर </W><W> सड़क </W><W> पूरी </W><W> तरह </W><W> से </W><NATURAL_EVENT ID="14" TYPE="LAND_SLIDE"><W> धंसी </W></NATURAL_EVENT><W> है </W><W> वहां </W><W> पर </W><W> पिछले </W><W> सप्ताह </W><W> से </W><W> ही </W><W> सड़क </W><W> का </W><W> हल्का </W><W> हल्का </W><W> धंसना </W><W> जारी </W><W> था </W><W> और </W><W> सड़क </W><W> के </W><W> धंसे </W><W> हिस्से </W><W> के </W><W> साथ </W><W> ही </W><W> पहाड़ी </W><W> की </W><W> खुदाई </W><W> कर </W><W> नया </W><W> मार्ग </W><W> भी </W><W> वाहनों </W><W> की </W><W> आवाजाही </W><W> के </W><W> लिए </W><W> बनाया </W><W> जा </W><W> रहा </W><W> था। </W></P><P><W> गौरतलब </W><W> है </W><W> कि </W><W> पिछले </W><W> सप्ताह </W><W> भी </W><W> सड़क </W><NATURAL_EVENT ID="16" TYPE="LAND_SLIDE"><EVENT-COREF-LINK EVENT_ID="1" ID="27" TYPE_REL="EVENT_COREF"/><W> हादसा </W></NATURAL_EVENT><W> टूट </W><W> गया। </W><W> त्रिलोकपुर </W><W> के </W><W> पास </W><W> पिछले </W><W> सप्ताह </W><W> भी </W><W> सड़क </W><W> का </W><W> एक </W><W> हिस्सा </W><NATURAL_EVENT ID="15" TYPE="LAND_SLIDE"><W> धंस </W></NATURAL_EVENT><W> गया </W><W> था </W><W> और </W><W> शेष </W><W> हिस्से </W><W> में </W><W> दरारें </W><W> आ </W><W> गई </W><W> थीं। </W><W> उस </W><W> दौरान </W><W> लोनिवि </W><W> ने </W><W> हालांकि </W><W> साइड </W><W> से </W><W> सड़क </W><W> निकाल </W><W> कर </W><W> यातायात </W><W> को </W><W> बहाल </W><W> किया </W><W> था, </W><W> लेकिन </W><W> अब </W><W> यह </W><W> मार्ग </W><AFTER_EFFECTS-ARG ID="17"><LINK EVENT_ARG="16" ID="26" TYPE_REL="EVENT_ARG"/><W> यातायात </W><W> के </W><W> लिए </W><W> पूरी </W><W> तरह </W><W> से </W><W> बंद </W></AFTER_EFFECTS-ARG><W> हो </W><W> गया </W><W> है। </W><W> सोमवार </W><W> सुबह </W><W> वह </W><W> मार्ग </W><W> भी </W><W> पूरी </W><W> तरह </W><W> से </W><W> गिर </W><W> गया। </W><W> पीडब्ल्यूडी </W><W> विभाग </W><W> द्वारा </W><W> यहां </W><W> पर </W><W> कुछ </W><W> कच्ची </W><W> दुकानों </W><W> को </W><W> हटाकर </W><W> दोबारा </W><W> से </W><W> खुदाई </W><W> कर </W><W> वाहनों </W><W> के </W><W> गुजरने </W><W> के </W><W> लिए </W><W> व्यवस्था </W><W> बनाए </W><W> जाने </W><W> को </W><W> लेकर </W><W> कार्य </W><W> शुरू </W><W> किया </W><W> गया </W><W> है। </W></P></DOCUMENT>