<?xml version="1.0" encoding="UTF-8"?>
<DOCUMENT><DESC/><TIME>1195</TIME><P><NAME-ARG ID="11"><LINK EVENT_ARG="0" ID="73" TYPE_REL="EVENT_ARG"/><W> वरदा </W></NAME-ARG><NATURAL_EVENT ID="0" TYPE="CYCLONE"><W> तूफान </W></NATURAL_EVENT><W> से </W><AFTER_EFFECTS-ARG ID="41"><LINK EVENT_ARG="0" ID="74" TYPE_REL="EVENT_ARG"/><W> भारी </W><W> तबाही, </W></AFTER_EFFECTS-ARG><PLACE-ARG ID="14"><LINK EVENT_ARG="0" ID="75" TYPE_REL="EVENT_ARG"/><W> तटीय </W><W> जिलों </W></PLACE-ARG><W> में </W><NATURAL_EVENT ID="1" TYPE="LAND_SLIDE"><EVENT-COREF-LINK EVENT_ID="0" ID="76" TYPE_REL="EVENT_COREF"/><W> भूस्खलन </W></NATURAL_EVENT><W> से </W><CASUALTIES-ARG ID="55"><LINK EVENT_ARG="0" ID="77" TYPE_REL="EVENT_ARG"/><W> 10 </W><W> की </W><W> मौत </W></CASUALTIES-ARG></P><P><PLACE-ARG ID="15"><LINK EVENT_ARG="2" ID="78" TYPE_REL="EVENT_ARG"/><W> तमिलनाडु </W><W> के </W><W> तटीय </W><W> इलाकों </W></PLACE-ARG><W> में </W><NAME-ARG ID="16"><LINK EVENT_ARG="2" ID="79" TYPE_REL="EVENT_ARG"/><W> वरदा </W></NAME-ARG><NATURAL_EVENT ID="2" TYPE="CYCLONE"><EVENT-COREF-LINK EVENT_ID="0" ID="68" TYPE_REL="EVENT_COREF"/><W> तूफान </W></NATURAL_EVENT><W> की </W><W> दस्तक </W><W> ने </W><AFTER_EFFECTS-ARG ID="42"><LINK EVENT_ARG="2" ID="80" TYPE_REL="EVENT_ARG"/><W> भारी </W><W> तबाही </W><W> मचाई </W></AFTER_EFFECTS-ARG><W> है। </W><PLACE-ARG ID="17"><LINK EVENT_ARG="3" ID="81" TYPE_REL="EVENT_ARG"/><W> तटीय </W><W> जिलों </W></PLACE-ARG><W> में </W><NATURAL_EVENT ID="3" TYPE="LAND_SLIDE"><W> भूस्खलन </W></NATURAL_EVENT><W> के </W><W> कारण </W><CASUALTIES-ARG ID="56"><LINK EVENT_ARG="3" ID="83" TYPE_REL="EVENT_ARG"/><W> 10 </W><W> लोगों </W><W> की </W><W> मौत </W></CASUALTIES-ARG><W> हो </W><W> गई। </W><W> बारिश </W><W> के </W><W> साथ </W><W> लगभग </W><W> 110-120 </W><W> किलोमीटर </W><W> प्रति </W><W> घंटा </W><W> की </W><W> रफ्तार </W><W> से </W><W> चली </W><REASON-ARG ID="59"><LINK EVENT_ARG="2" ID="85" TYPE_REL="EVENT_ARG"/><W> हवा </W><W> के </W><W> कारण </W></REASON-ARG><AFTER_EFFECTS-ARG ID="43"><LINK EVENT_ARG="2" ID="84" TYPE_REL="EVENT_ARG"/><W> सैकड़ों </W><W> पेड़ </W><W> उखड़ </W><W> गए, </W><W> परिवहन </W><W> एवं </W><W> वायु </W><W> सेवा </W><W> के </W><W> साथ </W><W> ही </W><W> बिजली </W><W> आपूर्ति </W><W> भी </W><W> प्रभावित </W></AFTER_EFFECTS-ARG><W> हुई </W><W> है। </W><AFTER_EFFECTS-ARG ID="44"><LINK EVENT_ARG="2" ID="86" TYPE_REL="EVENT_ARG"/><W> आम </W><W> जनजीवन </W><W> बुरी </W><W> तरह </W><W> से </W><W> तहस-नहस </W></AFTER_EFFECTS-ARG><W> हो </W><W> गया </W><W> है। </W><PLACE-ARG ID="18"><LINK EVENT_ARG="2" ID="87" TYPE_REL="EVENT_ARG"/><W> तमिलनाडु </W><W> और </W><W> आंध्र </W><W> प्रदेश </W><W> के </W><W> निचले </W><W> इलाकों </W></PLACE-ARG><W> से </W><W> हजारों </W><W> लोगों </W><W> को </W><W> सुरक्षित </W><W> स्थानों </W><W> पर </W><W> पहुंचाया </W><W> गया। </W></P><P><PLACE-ARG ID="19"><LINK EVENT_ARG="4" ID="88" TYPE_REL="EVENT_ARG"/><W> चेन्नई </W></PLACE-ARG><W> में </W><W> दो </W><W> दशक </W><W> बाद </W><W> इतना </W><W> खतरनाक </W><NATURAL_EVENT ID="4" TYPE="CYCLONE"><EVENT-COREF-LINK EVENT_ID="0" ID="69" TYPE_REL="EVENT_COREF"/><W> तूफान </W></NATURAL_EVENT><W> आया </W><W> है। </W><W> इससे </W><W> पहले </W><TIME-ARG ID="90"><LINK EVENT_ARG="5" ID="91" TYPE_REL="EVENT_ARG"/><W> 1994 </W></TIME-ARG><W> में </W><PLACE-ARG ID="20"><LINK EVENT_ARG="5" ID="89" TYPE_REL="EVENT_ARG"/><W> चेन्नई </W></PLACE-ARG><W> में </W><W> ऐसा </W><NATURAL_EVENT ID="5" TYPE="CYCLONE"><EVENT-COREF-LINK EVENT_ID="0" ID="70" TYPE_REL="EVENT_COREF"/><W> तूफान </W></NATURAL_EVENT><W> आया </W><W> था। </W><W> तेज </W><W> बारिश </W><W> और </W><W> हवा </W><W> के </W><W> साथ </W><NAME-ARG ID="45"><LINK EVENT_ARG="5" ID="92" TYPE_REL="EVENT_ARG"/><W> वरदा </W></NAME-ARG><W> ने </W><W> भारी </W><W> तबाही </W><W> मचाई। </W><REASON-ARG ID="60"><LINK EVENT_ARG="5" ID="93" TYPE_REL="EVENT_ARG"/><W> तेज </W><W> हवा </W><W> के </W><W> कारण </W></REASON-ARG><AFTER_EFFECTS-ARG ID="46"><LINK EVENT_ARG="5" ID="94" TYPE_REL="EVENT_ARG"/><W> कई </W><W> घरों </W><W> की </W><W> छत </W><W> तक </W><W> उड़ </W><W> गईं। </W><W> कई </W><W> कारें </W><W> भी </W><W> पलटी </W><W> देखी </W><W> गईं। </W></AFTER_EFFECTS-ARG></P><P><PLACE-ARG ID="21"><LINK EVENT_ARG="5" ID="95" TYPE_REL="EVENT_ARG"/><W> तिरुवल्लूर </W><W> जिले </W></PLACE-ARG><W> में </W><CASUALTIES-ARG ID="57"><LINK EVENT_ARG="5" ID="96" TYPE_REL="EVENT_ARG"/><W> दो </W><W> लोगों </W><W> की </W><W> मौत </W></CASUALTIES-ARG><W> हो </W><W> गई। </W><PLACE-ARG ID="22"><LINK EVENT_ARG="5" ID="97" TYPE_REL="EVENT_ARG"/><W> आंध्र </W><W> प्रदेश </W></PLACE-ARG><W> में </W><W> भी </W><AFTER_EFFECTS-ARG ID="47"><LINK EVENT_ARG="5" ID="98" TYPE_REL="EVENT_ARG"/><W> दो </W><W> मछुआरे </W><W> गायब </W></AFTER_EFFECTS-ARG><W> बताए </W><W> गए </W><W> हैं। </W><W> हालांकि </W><TIME-ARG ID="71"><LINK EVENT_ARG="5" ID="99" TYPE_REL="EVENT_ARG"/><W> देर </W><W> शाम </W><W> तक </W></TIME-ARG><W> हवा </W><W> की </W><W> रफ्तार </W><W> काफी </W><W> कम </W><W> हो </W><W> गई। </W><W> मुख्यमंत्री </W><W> ओ. </W><W> पन्नीर </W><W> सेल्वम </W><W> ने </W><PLACE-ARG ID="23"><LINK EVENT_ARG="5" ID="100" TYPE_REL="EVENT_ARG"/><W> चेन्नई, </W><W> तिरुवल्लूर </W><W> और </W><W> कांचीपुरम </W><W> जिलों </W></PLACE-ARG><W> के </W><W> लोगों </W><W> से </W><W> अपील </W><W> की </W><W> है </W><W> कि </W><W> आधिकारिक </W><W> घोषणा </W><W> से </W><W> पहले </W><W> वे </W><W> घर </W><W> से </W><W> न </W><W> निकलें। </W></P><P><PLACE-ARG ID="58"><LINK EVENT_ARG="5" ID="101" TYPE_REL="EVENT_ARG"/><W> आंध्र </W><W> प्रदेश </W><W> में </W><W> भी </W><W> 225 </W><W> निचले </W><W> क्षेत्रों </W></PLACE-ARG><W> से </W><AFTER_EFFECTS-ARG ID="48"><LINK EVENT_ARG="5" ID="102" TYPE_REL="EVENT_ARG"/><W> हजारों </W><W> लोगों </W><W> को </W><W> सुरक्षित </W><W> स्थानों </W><W> पर </W><W> पहुंचाया </W><W> गया। </W></AFTER_EFFECTS-ARG><PLACE-ARG ID="25"><LINK EVENT_ARG="6" ID="103" TYPE_REL="EVENT_ARG"/><W> श्रीहरिकोटा </W><W> स्थित </W><W> इसरो </W><W> के </W><W> सतीश </W><W> धवन </W><W> स्पेस </W><W> सेंटर </W></PLACE-ARG><W> के </W><W> दो </W><W> रॉकेट </W><W> लांच </W><W> पैड </W><W> को </W><NATURAL_EVENT ID="6" TYPE="CYCLONE"><EVENT-COREF-LINK EVENT_ID="0" ID="72" TYPE_REL="EVENT_COREF"/><W> तूफान </W></NATURAL_EVENT><W> से </W><W> कोई </W><W> नुकसान </W><W> नहीं </W><W> पहुंचा </W><W> है। </W><W> इसकी </W><W> हिफाजत </W><W> के </W><W> लिए </W><W> वैज्ञानिकों </W><W> ने </W><W> पर्याप्त </W><W> इंतजाम </W><W> किए </W><W> थे।  </W></P><P><PLACE-ARG ID="26"><LINK EVENT_ARG="6" ID="104" TYPE_REL="EVENT_ARG"/><W> उत्तरी </W><W> तमिलनाडु </W><W> और </W><W> दक्षिण </W><W> कर्नाटका </W></PLACE-ARG><W> में </W><REASON-ARG ID="61"><LINK EVENT_ARG="6" ID="105" TYPE_REL="EVENT_ARG"/><W> अगले </W><W> 12 </W><W> घंटों </W><W> तक </W></REASON-ARG><W> बारिश </W><W> की </W><W> संभावन </W><W> जताई </W><W> गई </W><W> है: </W><W> राष्ट्रीय </W><W> आपदा </W><W> प्रबंधन </W></P><P><PLACE-ARG ID="27"><LINK EVENT_ARG="6" ID="106" TYPE_REL="EVENT_ARG"/><W> सुल्लुरपेटा </W><W> (आंध्र </W><W> प्रदेश): </W></PLACE-ARG><NAME-ARG ID="28"><LINK EVENT_ARG="6" ID="107" TYPE_REL="EVENT_ARG"/><W> वरदा </W></NAME-ARG><W> से </W><AFTER_EFFECTS-ARG ID="62"><LINK EVENT_ARG="6" ID="108" TYPE_REL="EVENT_ARG"/><W> प्रभावित </W><W> क्षेत्रों </W><W> में </W><W> एनडीआरएफ </W><W> की </W><W> टीम </W><W> द्वारा </W><W> राहत </W><W> और </W><W> बचाव </W><W> कार्य </W><W> जारी </W><W> है। </W></AFTER_EFFECTS-ARG></P><P><W> परिस्थिति </W><W> पर </W><W> नजर </W><W> रखी </W><W> जा </W><W> रही </W><W> है। </W><W> हम </W><W> जितना </W><W> कर </W><W> सकते </W><W> हैं </W><W> उतना </W><W> परिस्थिति </W><W> को </W><W> सामान्य </W><W> करने </W><W> की </W><W> कोशिश </W><W> की </W><W> जा </W><W> रही </W><W> है: </W><W> आर </W><W> के </W><W> पंचनंदा, </W><W> डीजी </W><W> एनडीआरएफ </W></P><P><W> भारी </W><REASON-ARG ID="63"><LINK EVENT_ARG="6" ID="109" TYPE_REL="EVENT_ARG"/><W> बारिश, </W><W> तेज </W><W> हवा </W><W> और </W><W> खराब </W><W> विजिबिलिटी </W></REASON-ARG><W> के </W><W> कारण </W><AFTER_EFFECTS-ARG ID="29"><LINK EVENT_ARG="6" ID="110" TYPE_REL="EVENT_ARG"/><W> चेन्नई </W><W> एयरपोर्ट </W></AFTER_EFFECTS-ARG><W> पर </W><W> चेतावनी </W><W> (नोटम) </W><W> जारी </W><W> कर </W><W> दी </W><W> गई, </W><W> जिसके </W><W> चलते </W><TIME-ARG ID="64"><LINK EVENT_ARG="6" ID="111" TYPE_REL="EVENT_ARG"/><W> सोमवार </W></TIME-ARG><W> को </W><W> वहां </W><W> से </W><AFTER_EFFECTS-ARG ID="49"><LINK EVENT_ARG="6" ID="112" TYPE_REL="EVENT_ARG"/><W> विमानों </W><W> की </W><W> कोई </W><W> आवाजाही </W><W> नहीं </W></AFTER_EFFECTS-ARG><W> हुई। </W><W> यहां </W><W> आने </W><W> वाले </W><W> 25 </W><W> राष्ट्रीय-अंतरराष्ट्रीय </W><AFTER_EFFECTS-ARG ID="50"><LINK EVENT_ARG="6" ID="113" TYPE_REL="EVENT_ARG"/><W> विमानों </W><W> का </W><W> रूट </W><W> बदलकर </W></AFTER_EFFECTS-ARG><AFTER_EFFECTS-ARG ID="30"><LINK EVENT_ARG="6" ID="114" TYPE_REL="EVENT_ARG"/><W> हैदराबाद </W><W> और </W><W> बंगलूरू </W></AFTER_EFFECTS-ARG><W> कर </W><W> दिया </W><W> गया। </W><W> दक्षिण </W><W> रेलवे </W><W> ने </W><AFTER_EFFECTS-ARG ID="31"><LINK EVENT_ARG="6" ID="115" TYPE_REL="EVENT_ARG"/><W> चेन्नई </W></AFTER_EFFECTS-ARG><W> की </W><AFTER_EFFECTS-ARG ID="51"><LINK EVENT_ARG="6" ID="116" TYPE_REL="EVENT_ARG"/><W> कई </W><W> रेल </W><W> सेवाएं </W><W> रद्द </W><W> कर </W></AFTER_EFFECTS-ARG><W> दी </W><W> हैं। </W></P><P><W> दक्षिण </W><W> मध्य </W><W> रेलवे </W><W> की </W><AFTER_EFFECTS-ARG ID="52"><LINK EVENT_ARG="6" ID="117" TYPE_REL="EVENT_ARG"/><W> कई </W><W> रेल </W><W> सेवाएं </W><W> भी </W><W> रद्द </W><W> कर </W></AFTER_EFFECTS-ARG><W> दी </W><W> गई </W><W> हैं। आपदा </W><W> से </W><W> सतर्क </W><W> केंद्र </W><W> लगातार </W><W> हालात </W><W> की </W><W> समीक्षा </W><W> कर </W><W> रहा </W><W> है। </W><W> गृह </W><W> मंत्रालय </W><W> ने </W><AFTER_EFFECTS-ARG ID="32"><LINK EVENT_ARG="6" ID="118" TYPE_REL="EVENT_ARG"/><W> इन </W><W> दो </W><W> राज्यों </W></AFTER_EFFECTS-ARG><W> में </W><AFTER_EFFECTS-ARG ID="53"><LINK EVENT_ARG="6" ID="119" TYPE_REL="EVENT_ARG"/><W> राहत </W><W> और </W><W> बचाव </W><W> कार्य </W><W> के </W><W> लिए </W><W> एनडीआरएफ </W><W> की </W><W> 15 </W><W> टीमें </W><W>  भेजी </W><W> हैं। </W></AFTER_EFFECTS-ARG><W> अन्य </W><W> 7 </W><W> टीमों </W><W> को </W><W> भी </W><W> तैयार </W><W> रहने </W><W> को </W><W> कहा </W><W> गया </W><W> है। </W></P><P><AFTER_EFFECTS-ARG ID="33"><LINK EVENT_ARG="6" ID="120" TYPE_REL="EVENT_ARG"/><W> तमिलनाडु </W><W> के </W><W> कलपक्कम </W><W> परमाणु </W><W> ऊर्जा </W><W> संयंत्र </W></AFTER_EFFECTS-ARG><W> की </W><W> सुरक्षा </W><W> के </W><W> लिए </W><W> जरूरी </W><W> ऐहतियाती </W><W> कदम </W><W> उठाए </W><W> गए </W><W> हैं। </W><W> गृह </W><W> मंत्री </W><W> राजनाथ </W><W> सिंह </W><W> ने </W><AFTER_EFFECTS-ARG ID="34"><LINK EVENT_ARG="6" ID="121" TYPE_REL="EVENT_ARG"/><W> दोनों </W><W> राज्यों </W></AFTER_EFFECTS-ARG><W> के </W><W> मुख्यमंत्रियों </W><W> से </W><W> बात </W><W> कर </W><W> उन्हें </W><W> सभी </W><W> जरूरी </W><W> मदद </W><W> देने </W><W> का </W><W> आश्वासन </W><W> दिया </W><W> है। </W><W> जरूरत </W><W> पड़ने </W><W> पर </W><W> नौसेना </W><W> और </W><W> वायुसेना </W><W> की </W><W> भी </W><W> मदद </W><W> लेने </W><W> की </W><W> योजना </W><W> है।  </W></P><AFTER_EFFECTS-ARG ID="54"><LINK EVENT_ARG="6" ID="122" TYPE_REL="EVENT_ARG"/><P><W> राहत </W><W> अभियान </W></P><P><W> 10432 </W><W> लोगों </W><W> को </W><W> एनडीआरएफ </W><W> की </W><W> टीमों </W><W> ने </W><W> सुरक्षित </W><W> स्थानों </W><W> पर </W><W> पहुंचाया  </W></P><P><W> 296 </W><W> राहत </W><W> शिविर </W><W> बनाए </W><W> गए </W></P><P><W> 11857 </W><W> खाने </W><W> के </W><W> पैकेट </W><W> बांटे </W><W> गए </W></P><P><W> 3384 </W><W> पेड़ </W><W> गिरे </W></P><P><W> 30 </W><W> बिजली </W><W> ट्रांसफार्मर </W><W> क्षतिग्रस्त </W><W> हुए, </W><W> सैकड़ों </W><W> होर्डिंग </W><W> गिरे, </W><W> संचार </W><W> सेवाएं </W><W> भी </W><W> कई </W><W> जगह </W><W> ध्वस्त </W><W> हुईं। </W></P></AFTER_EFFECTS-ARG><P><NATURAL_EVENT ID="7" TYPE="CYCLONE"><W> तूफानों </W></NATURAL_EVENT><W> का </W><W> रिकॉर्ड </W><TIME-ARG ID="65"><W> सन </W><W> 1851 </W></TIME-ARG><W> से </W><W> रखा </W><W> जाना </W><W> शुरू </W><W> किया </W><W> गया। </W><TIME-ARG ID="66"><W> सन </W><W> 1950 </W></TIME-ARG><W> से </W><W> पहले </W><W> तक </W><NATURAL_EVENT ID="8" TYPE="CYCLONE"><W> तूफानों </W></NATURAL_EVENT><W> का </W><W> नाम </W><W> 1946 </W><W> (ए), </W><W> 1946 </W><W> (बी) </W><W> आदि </W><W> रखा </W><W> जाता </W><W> था। </W><W> वर्ष </W><W> 1950 </W><W> के </W><W> बाद </W><W> तूफानों </W><W> के </W><W> नाम </W><W> महिलाओं </W><W> के </W><W> नाम </W><W> पर </W><W> और </W><W> वर्ष </W><W> 1979 </W><W> से </W><W> पुरुषों </W><W> के </W><W> नाम </W><W> पर </W><W> भी </W><W> रखे </W><W> जाने </W><W> लगे।  </W></P><P><AFTER_EFFECTS-ARG ID="35"><W> भारतीय </W><W> उपमहाद्वीप </W></AFTER_EFFECTS-ARG><W> में </W><W> नामकरण </W></P><P><AFTER_EFFECTS-ARG ID="36"><W> भारतीय </W><W> उप </W><W> महाद्वीप </W><W> में </W><W> नामकरण </W></AFTER_EFFECTS-ARG><W> की </W><W> आवश्यकता </W><TIME-ARG ID="67"><W> सन </W><W> 1999 </W></TIME-ARG><W> के </W><W> एक </W><W> त्रासद </W><NATURAL_EVENT ID="9" TYPE="CYCLONE"><W> तूफान </W></NATURAL_EVENT><W> के </W><W> बाद </W><W> महसूस </W><W> हुई। </W><AFTER_EFFECTS-ARG ID="37"><W> क्षेत्र </W><W> के </W><W> आठ </W><W> देशों </W><W> बांग्लादेश, </W><W> भारत, </W><W> मालदीव, </W><W> म्यांमार, </W><W> पाकिस्तान, </W><W> श्रीलंका, </W><W> ओमान </W><W> और </W><W> थाईलैंड </W></AFTER_EFFECTS-ARG><W> ने </W><W> मिलकर </W><W> एक </W><W> समिति </W><W> गठित </W><W> की। </W></P><P><W> इन </W><AFTER_EFFECTS-ARG ID="38"><W> आठ </W><W> देशों </W></AFTER_EFFECTS-ARG><W> ने </W><W> आठ-आठ </W><W> नाम </W><W> सुझाए </W><W> जिससे </W><W> कुल </W><W> 64 </W><W> नामों </W><W> की </W><W> सूची </W><W> तैयार </W><W> की </W><W> गई। </W><W> नामकरण </W><W> के </W><W> लिए </W><W> छह </W><W> सेट </W><W> तैयार </W><W> किए </W><W> गए </W><W> जिन्हें </W><W> रोटेशन </W><W> के </W><W> आधार </W><W> पर </W><W> अपनाया </W><W> जाता </W><W> है। </W><W> यानी </W><W> जिस </W><W> सेट </W><W> का </W><W> नाम </W><W> एक </W><W> बार </W><W> दे </W><W> दिया </W><W> गया </W><W> हो </W><W> उसका </W><W> नाम </W><W> फिर </W><W> छह </W><W> साल </W><W> बाद </W><W> आएगा। </W></P><P><W> इस </W><W> बार </W><AFTER_EFFECTS-ARG ID="39"><W> पाकिस्तान </W></AFTER_EFFECTS-ARG><W> द्वारा </W><W> दिए </W><W> गए </W><W> नाम </W><W> की </W><W> बारी </W><W> थी। </W><NAME-ARG ID="12"><W> वरदा </W></NAME-ARG><W> इस </W><W> सूची </W><W> में </W><W> 46वें </W><W> स्थान </W><W> पर </W><W> है। </W><W> भारत </W><W> के </W><W> सुझाए </W><W> नाम </W><NAME-ARG ID="13"><W> अग्नि, </W><W> आकाश, </W><W> बिजली, </W><W> जल, </W><W> लहर, </W><W> मेघ, </W><W> सागर </W><W> और </W><W> वायु </W></NAME-ARG><W> हैं। </W><AFTER_EFFECTS-ARG ID="40"><W> अरब </W><W> सागर </W><W> और </W><W> बंगाल </W><W> की </W><W> खाड़ी </W></AFTER_EFFECTS-ARG><W> में </W><W> आने </W><W> वाले </W><NATURAL_EVENT ID="10" TYPE="CYCLONE"><W> तूफानों </W></NATURAL_EVENT><W> का </W><W> नाम </W><W> दिल्ली </W><W> मौसम </W><W> विभाग </W><W> देता </W><W> है। </W></P></DOCUMENT>