<?xml version="1.0" encoding="UTF-8"?>
<DOCUMENT><DESC/><TIME>643</TIME><P><TIME-ARG ID="5"><LINK EVENT_ARG="13" ID="23" TYPE_REL="EVENT_ARG"/><W> चौथे </W><W> चरण </W><W> के </W><W> मतदान </W><W> के </W><W> दौरान </W></TIME-ARG><PLACE-ARG ID="0"><LINK EVENT_ARG="13" ID="24" TYPE_REL="EVENT_ARG"/><W> आसनसोल </W></PLACE-ARG><W> में </W><MAN_MADE_EVENT ID="13" TYPE="RIOTS"><W> हिंसा, </W></MAN_MADE_EVENT><AFTER_EFFECTS-ARG ID="16"><LINK EVENT_ARG="13" ID="25" TYPE_REL="EVENT_ARG"/><W> बाबुल </W><W> सुप्रियो </W><W> की </W><W> कार </W><W> पर </W><W> हमला। </W></AFTER_EFFECTS-ARG></P><P><PLACE-ARG ID="1"><LINK EVENT_ARG="14" ID="26" TYPE_REL="EVENT_ARG"/><W> आसनसोल। </W></PLACE-ARG><W> लोकसभा </W><W> चुनाव </W><W> के </W><W> चौथे </W><W> चरण </W><W> का </W><W> मतदान </W><W> जारी </W><W> है </W><W> और </W><W> पिछले </W><W> तीन </W><W> चरणों </W><W> की </W><W> तरह </W><W> चौथे </W><W> चरण </W><W> में </W><W> भी </W><PLACE-ARG ID="2"><LINK EVENT_ARG="14" ID="27" TYPE_REL="EVENT_ARG"/><W> पश्चिम </W><W> बंगाल </W></PLACE-ARG><W> में </W><W> एक </W><W> बार </W><W> फिर </W><W> से </W><MAN_MADE_EVENT ID="14" TYPE="RIOTS"><EVENT-COREF-LINK EVENT_ID="13" ID="20" TYPE_REL="EVENT_COREF"/><W> हिंसा </W></MAN_MADE_EVENT><W> हुई </W><W> है। </W><W> इस </W><W> चरण </W><W> में </W><W> भाजपा </W><W> उम्मीदवार </W><W> बाबुल </W><W> सुप्रियो </W><W> मैदान </W><W> में </W><W> हैं </W><W> और </W><TIME-ARG ID="6"><LINK EVENT_ARG="15" ID="28" TYPE_REL="EVENT_ARG"/><W> वोटिंग </W><W> के </W><W> दौरान </W></TIME-ARG><W> अचानक </W><PLACE-ARG ID="3"><LINK EVENT_ARG="15" ID="29" TYPE_REL="EVENT_ARG"/><W> आसनसोल </W><W> के </W><W> जेमुआ </W></PLACE-ARG><W> में </W><W> अचानक </W><MAN_MADE_EVENT ID="15" TYPE="RIOTS"><EVENT-COREF-LINK EVENT_ID="14" ID="21" TYPE_REL="EVENT_COREF"/><W> हिंसा </W><W> भड़क </W><W> उठी। </W></MAN_MADE_EVENT></P><P><W> जानकारी </W><W> के </W><W> अनुसार </W><PLACE-ARG ID="4"><LINK EVENT_ARG="19" ID="30" TYPE_REL="EVENT_ARG"/><W> जेमुआ </W></PLACE-ARG><W> में </W><REASON-ARG ID="7"><LINK EVENT_ARG="19" ID="31" TYPE_REL="EVENT_ARG"/><W> केंद्रीय </W><W> सुरक्षाबलों </W><W> की </W><W> मौजूदगी </W><W> ना </W><W> होने </W><W> से </W><W> लोगों </W><W> में </W><W> नाराजगी </W><W> थी </W><W> और </W><W> इस </W><W> बीच </W><W> भाजपा </W><W> और </W><W> टीएमसी </W><W> उम्मीदवारों </W><W> के </W><W> बीच </W><W> बहस </W><W> शुरू </W><W> हो </W><W> गई </W></REASON-ARG><W> जो </W><W> देखते </W><W> ही </W><W> देखते </W><MAN_MADE_EVENT ID="19" TYPE="RIOTS"><EVENT-COREF-LINK EVENT_ID="15" ID="22" TYPE_REL="EVENT_COREF"/><W> हिंसा </W></MAN_MADE_EVENT><W> में </W><W> बदल </W><W> गई। </W><AFTER_EFFECTS-ARG ID="8"><LINK EVENT_ARG="19" ID="32" TYPE_REL="EVENT_ARG"/><W> दोनों </W><W> पक्ष </W><W> आपस </W><W> में </W><W> भिड़ </W><W> गए </W><W> जिससे </W><W> आम </W><W> लोग </W><W> नाराज </W><W> हो </W><W> गए </W><W> वहीं </W><W> महिलाएं </W><W> भी </W><W> हाथों </W><W> में </W><W> डंडे </W><W> लेकर </W><W> मैदान </W><W> में </W><W> उतर </W><W> आई। </W></AFTER_EFFECTS-ARG></P><P><AFTER_EFFECTS-ARG ID="9"><LINK EVENT_ARG="19" ID="33" TYPE_REL="EVENT_ARG"/><W> स्थिति </W><W> को </W><W> काबू </W><W> करने </W><W> के </W><W> लिए </W><W> पुलिस </W><W> और </W><W> सुरक्षाबलों </W><W> ने </W><W> लाठीचार्ज </W><W> कर </W><W> लोगों </W><W> को </W><W> खदेड़ा </W></AFTER_EFFECTS-ARG><W> वहीं </W><W> इस </W><W> बीच </W><AFTER_EFFECTS-ARG ID="17"><LINK EVENT_ARG="19" ID="34" TYPE_REL="EVENT_ARG"/><W> भाजपा </W><W> उम्मीदवार </W><W> बाबुल </W><W> सुप्रियो </W><W> की </W><W> कार </W><W> पर </W><W> हमला </W><W> करते </W><W> हुए </W><W> उसका </W><W> कांच </W><W> फोड़ </W><W> दिया </W><W> गया। </W></AFTER_EFFECTS-ARG><W> इसके </W><W> बाद </W><AFTER_EFFECTS-ARG ID="10"><LINK EVENT_ARG="19" ID="35" TYPE_REL="EVENT_ARG"/><W> बाबुल </W><W> सुप्रियो </W><W> ने </W><W> टीएमसी </W><W> और </W><W> ममता </W><W> बनर्जी </W><W> पर </W><W> गंभीर </W><W> आरोप </W><W> लगाते </W><W> हुए </W><W> कहा </W><W> है </W><W> कि </W><W> मतदान </W><W> को </W><W> प्रभावित </W><W> किया </W><W> जा </W><W> रहै। </W></AFTER_EFFECTS-ARG></P><P><AFTER_EFFECTS-ARG ID="18"><LINK EVENT_ARG="19" ID="36" TYPE_REL="EVENT_ARG"/><W> उन्होंने </W><W> कहा </W><W> कि </W><W> ममता </W><W> बनर्जी </W><W> और </W><W> टीएमसी </W><W> कार्यकर्ता </W><W> मतदान </W><W> नहीं </W><W> होने </W><W> दे </W><W> रहे। </W><W> वहीं </W><W> टीएमसी </W><W> कार्यकर्ताओं </W><W> का </W><W> आरोप </W><W> था </W><W> कि </W><W> मतदान </W><W> केंद्र </W><W> के </W><W> भीतर </W><W> कोई </W><W> भी </W><W> पोलिंग </W><W> एजेंट </W><W> मौजूद </W><W> नहीं </W><W> था। </W></AFTER_EFFECTS-ARG><W> फिलहाल </W><AFTER_EFFECTS-ARG ID="11"><LINK EVENT_ARG="19" ID="37" TYPE_REL="EVENT_ARG"/><W> दोनों </W><W> तरफ </W><W> से </W><W> महौल </W><W> गर्म </W><W> है। </W></AFTER_EFFECTS-ARG></P></DOCUMENT>