<?xml version="1.0" encoding="UTF-8"?>
<DOCUMENT><P><PLACE-ARG ID="1"><W> ब्रिटेन </W></PLACE-ARG><W> में </W><W> एमबीए </W><W> करने </W><W> वाले </W><CASUALTIES-ARG ID="7"><LINK EVENT_ARG="0" ID="13" TYPE_REL="EVENT_ARG"/><W> 33 </W><W> साल </W><W> के </W><W> एक </W><W> भारतीय </W><W> युवक </W></CASUALTIES-ARG><W> की </W><PLACE-ARG ID="2"><LINK EVENT_ARG="0" ID="14" TYPE_REL="EVENT_ARG"/><W> लंदन </W></PLACE-ARG><W> के </W><W> दक्षिण-पश्चिम </W><W> में </W><W> एक </W><W> भूमिगत </W><W> स्टेशन </W><W> पर </W><MAN_MADE_EVENT ID="0" TYPE="TRANSPORT_HAZARDS"><W> ट्रेन </W><W> की </W><W> टक्कर </W></MAN_MADE_EVENT><W> लगने </W><W> से </W><W> मृत्यु </W><W> हो </W><W> गयी। </W><PLACE-ARG ID="3"><W> हैदराबाद </W></PLACE-ARG><W> के </W><PLACE-ARG ID="4"><W> मिरालाम </W><W> मंडी </W></PLACE-ARG><W> इलाके </W><W> के </W><W> रहने </W><W> वाले </W><NAME-ARG ID="8"><LINK EVENT_ARG="0" ID="15" TYPE_REL="EVENT_ARG"/><W> मीर </W><W> बाकर </W><W> अली </W><W> रिजवी </W></NAME-ARG><W> को </W><TIME-ARG ID="6"><LINK EVENT_ARG="0" ID="16" TYPE_REL="EVENT_ARG"/><W> गत </W><W> मंगलवार </W></TIME-ARG><W> को </W><PLACE-ARG ID="5"><LINK EVENT_ARG="0" ID="17" TYPE_REL="EVENT_ARG"/><W> ओस्टरली </W></PLACE-ARG><W> स्टेशन </W><W> पर </W><W> मृत </W><W> घोषित </W><W> किया </W><W> गया। </W><W> मामले </W><W> की </W><W> जांच </W><W> करने </W><W> वाली </W><W> ब्रिटिश </W><W> ट्रांसपोर्ट </W><W> पुलिस </W><W> (बीटीपी) </W><W> ने </W><W> कहा </W><W> कि </W><W> उसे </W><W> इस </W><W> घटना </W><W> में </W><W> कुछ </W><W> संदिग्ध </W><W> नहीं </W><W> लगता </W><W> और </W><W> तीसरे </W><W> पक्ष </W><W> के </W><W> शामिल </W><W> होने </W><W> की </W><W> आशंका </W><W> नहीं </W><W> है। </W></P><P><W> बीटीपी </W><W> के </W><W> एक </W><W> प्रवक्ता </W><W> ने </W><W> कहा, </W><W> ‘‘हमें </W><TIME-ARG ID="9"><LINK EVENT_ARG="0" ID="18" TYPE_REL="EVENT_ARG"/><W> मंगलवार, </W></TIME-ARG><TIME-ARG ID="10"><LINK EVENT_ARG="0" ID="19" TYPE_REL="EVENT_ARG"/><W> 12 </W><W> अप्रैल </W><W> को </W><W> रात </W><W> 7:45 </W><W> बजे </W></TIME-ARG><PLACE-ARG ID="11"><LINK EVENT_ARG="0" ID="20" TYPE_REL="EVENT_ARG"/><W> ओस्टरली </W><W> लंदन </W><W> अंडरग्राउंड </W><W> स्टेशन </W></PLACE-ARG><W> पर </W><W> बुलाया </W><W> गया। </W><W> एक </W><W> व्यक्ति </W><W> को </W><W> ट्रेन </W><W> से </W><W> टक्कर </W><W> लगने </W><W> की </W><W> खबर </W><W> थी।’’ </W><W> प्रवक्ता </W><W> के </W><W> अनुसार </W><W> 33 </W><W> साल </W><W> के </W><W> शख्स </W><W> को </W><W> मौके </W><W> पर </W><W> ही </W><W> मृत </W><W> घोषित </W><W> किया </W><W> गया। </W><W> व्यक्ति </W><W> की </W><W> मौत </W><W> को </W><W> संदिग्ध </W><W> नहीं </W><W> माना </W><W> जा </W><W> रहा </W><W> और </W><W> उनके </W><W> परिवार </W><W> को </W><W> जानकारी </W><W> दे </W><W> दी </W><W> गयी </W><W> है। </W></P><P><W> बताया </W><W> जाता </W><W> है </W><W> कि </W><W> रिजवी </W><W> छह </W><W> साल </W><W> से </W><PLACE-ARG ID="12"><W> ब्रिटेन </W></PLACE-ARG><W> में </W><W> थे </W><W> और </W><W> उन्होंने </W><W> वहां </W><W> से </W><W> एमबीए </W><W> किया </W><W> था। </W><W> मौत </W><W> की </W><W> वास्तविक </W><W> वजह </W><W> बाद </W><W> में </W><W> पता </W><W> चलेगी </W><W> लेकिन </W><W> फिलहाल </W><W> इस </W><W> स्तर </W><W> पर </W><W> हत्या </W><W> की </W><W> आशंका </W><W> को </W><W> खारिज </W><W> किया </W><W> जा </W><W> रहा </W><W> है। </W></P></DOCUMENT>