<?xml version="1.0" encoding="UTF-8"?>
<DOCUMENT><DESC/><TIME>462</TIME><P><W> जब </W><W> भयानक </W><NATURAL_EVENT ID="1" TYPE="HURRICANE"><W> तूफान </W></NATURAL_EVENT><W> की </W><W> चपेट </W><W> में </W><W> आया </W><PLACE-ARG ID="10"><LINK EVENT_ARG="1" ID="23" TYPE_REL="EVENT_ARG"/><W> शहर, </W></PLACE-ARG><PLACE-ARG ID="11"><LINK EVENT_ARG="1" ID="24" TYPE_REL="EVENT_ARG"/><W> दुकानों </W></PLACE-ARG></P><P><W> भयानक </W><NAME-ARG ID="7"><LINK EVENT_ARG="2" ID="25" TYPE_REL="EVENT_ARG"/><W> इरमा </W></NAME-ARG><NATURAL_EVENT ID="2" TYPE="HURRICANE"><EVENT-COREF-LINK EVENT_ID="1" ID="19" TYPE_REL="EVENT_COREF"/><W> तूफान </W></NATURAL_EVENT><W> की </W><W> चपेट </W><W> में </W><W> जब </W><W> पूरा </W><PLACE-ARG ID="12"><LINK EVENT_ARG="2" ID="26" TYPE_REL="EVENT_ARG"/><W> शहर </W></PLACE-ARG><W> आ </W><W> गया </W><W> तो </W><AFTER_EFFECTS-ARG ID="29"><LINK EVENT_ARG="2" ID="34" TYPE_REL="EVENT_ARG"/><W> जमकर </W><W> लूटपाट </W><W> चली। </W></AFTER_EFFECTS-ARG><W> ऐसा </W><W> कोई </W><W> शोरूम </W><W> या </W><W> दुकान </W><W> नहीं </W><W> थी, </W><W> जहां </W><W> लूट </W><W> न </W><W> हुई </W><W> हो। </W><W> घटना </W><PLACE-ARG ID="13"><LINK EVENT_ARG="2" ID="27" TYPE_REL="EVENT_ARG"/><W> फ्लोरिडा </W><W> के </W><W> मियामी </W><W> शहर </W></PLACE-ARG><W> की </W><W> है। </W><W> यहां </W><W> मियामी </W><W> पुलिस </W><W> ने </W><NAME-ARG ID="8"><LINK EVENT_ARG="4" ID="28" TYPE_REL="EVENT_ARG"/><W> इरमा </W></NAME-ARG><NATURAL_EVENT ID="4" TYPE="HURRICANE"><EVENT-COREF-LINK EVENT_ID="1" ID="20" TYPE_REL="EVENT_COREF"/><W> तूफान </W></NATURAL_EVENT><W> के </W><W> दौरान </W><AFTER_EFFECTS-ARG ID="30"><LINK EVENT_ARG="4" ID="35" TYPE_REL="EVENT_ARG"/><W> लूटपाट </W><W> करने </W><W> पर </W><W> करीब </W><W> 50 </W><W> लोगों </W><W> को </W><W> गिरफ्तार </W><W> किया </W><W> है। </W></AFTER_EFFECTS-ARG><W>   </W></P><P><W> अंग्रेजी </W><W> वेबसाइट </W><W> डेली </W><W> मेल </W><W> की </W><W> खबर </W><W> के </W><W> अनुसार </W><NAME-ARG ID="9"><LINK EVENT_ARG="5" ID="36" TYPE_REL="EVENT_ARG"/><W> इरमा </W></NAME-ARG><NATURAL_EVENT ID="5" TYPE="HURRICANE"><EVENT-COREF-LINK EVENT_ID="1" ID="21" TYPE_REL="EVENT_COREF"/><W> तूफान </W></NATURAL_EVENT><W> से </W><AFTER_EFFECTS-ARG ID="31"><LINK EVENT_ARG="5" ID="37" TYPE_REL="EVENT_ARG"/><W> प्रभावित </W><W> इलाकों </W><W> में </W><W> कई </W><W> जगह </W><W> कर्फ्यू </W><W> जैसी </W><W> स्थिति </W><W> है। </W></AFTER_EFFECTS-ARG><W> स्थानीय </W><W> पुलिस </W><W> ने </W><W> लोगों </W><W> को </W><W> घर </W><W> में </W><W> रुकने </W><W> के </W><W> निर्देश </W><W> दिए </W><W> हैं, </W><W> ताकि </W><W> कोई </W><W> आपारधिक </W><W> गतिविधि </W><W> न </W><W> हो </W><W> सकते </W><W> । </W><W> ऐसे </W><W> में </W><W> कुछ </W><W> लोगों </W><W> ने </W><PLACE-ARG ID="15"><LINK EVENT_ARG="5" ID="38" TYPE_REL="EVENT_ARG"/><W> मियामी </W><W> शहर </W><W> के </W><W> कई </W><W> वॉलमार्ट </W><W> के </W><W> कई </W><W> स्टोर </W><W> और </W><W> शॉपिंग </W><W> कॉम्प्लेक्स </W></PLACE-ARG><W> में </W><AFTER_EFFECTS-ARG ID="32"><LINK EVENT_ARG="5" ID="39" TYPE_REL="EVENT_ARG"/><W> लूटपाट </W><W> की। </W></AFTER_EFFECTS-ARG></P><P><W> पुलिस </W><W> से </W><W> मिली </W><W> जानकारी </W><W> के </W><W> अनुसार </W><W> गिरफ्तार </W><W> किए </W><W> गए </W><W> आरोपियों </W><W> के </W><W> पास </W><W> कई </W><W> जोड़ी </W><W> जूते, </W><W> लैपटॉप, </W><W> मोबाइल </W><W> फोन </W><W> और </W><W> कपड़े </W><W> बरामद </W><W> हुए </W><W> हैं। </W><W> पुलिस </W><W> ने </W><W> बताया </W><W> कि </W><NATURAL_EVENT ID="6" TYPE="HURRICANE"><EVENT-COREF-LINK EVENT_ID="1" ID="22" TYPE_REL="EVENT_COREF"/><W> तूफान </W></NATURAL_EVENT><W> के </W><W> दौरान </W><W> इन </W><W> आरोपियों </W><W> ने </W><W> बहुत </W><W> से </W><PLACE-ARG ID="17"><LINK EVENT_ARG="6" ID="40" TYPE_REL="EVENT_ARG"/><W> शॉपिंग </W><W> सेंट्रर </W></PLACE-ARG><W> में </W><AFTER_EFFECTS-ARG ID="33"><LINK EVENT_ARG="6" ID="41" TYPE_REL="EVENT_ARG"/><W> लूटपाट </W><W> की। </W></AFTER_EFFECTS-ARG><W> कई </W><PLACE-ARG ID="18"><LINK EVENT_ARG="6" ID="42" TYPE_REL="EVENT_ARG"/><W> वॉलमार्ट </W><W> स्टोर </W></PLACE-ARG><W> के </W><W> ताले </W><W> भी </W><W> तोड़े </W><W> गए। </W><W> फिलहाल </W><W> पुलिस </W><W> ने </W><W> सभी </W><W> आरोपियों </W><W> के </W><W> गिरफ्तार </W><W> कर </W><W> लिया </W><W> और </W><W> न्यायिक </W><W> हिरासत </W><W> पर </W><W> भेज </W><W> दिया </W><W> है। </W></P></DOCUMENT>