<?xml version="1.0" encoding="UTF-8"?>
<DOCUMENT><DESC/><DESC/><TIME>4429</TIME><P><MAN_MADE_EVENT ID="123" TYPE="INDUSTRIAL_ACCIDENT"><EVENT-COREF-LINK EVENT_ID="6" ID="127" TYPE_REL="EVENT_COREF"/><W> NTPC </W><W> ब्लास्ट </W></MAN_MADE_EVENT><W> में </W><CASUALTIES-ARG ID="124"><LINK EVENT_ARG="6" ID="137" TYPE_REL="EVENT_ARG"/><W> जिंदा </W><W> जल </W><W> गए </W><W> आदमी, </W></CASUALTIES-ARG><W> ऐसे </W><W> थे </W><W> इतिहास </W><W> के </W><W> 5 </W><W> भीषण </W><MAN_MADE_EVENT ID="125" TYPE="INDUSTRIAL_ACCIDENT"><W> हादसे </W></MAN_MADE_EVENT></P><P><PLACE-ARG ID="133"><LINK EVENT_ARG="132" ID="134" TYPE_REL="EVENT_ARG"/><W> रायबरेली. </W><W> ऊंचाहार </W><W> स्थ‍ित </W><W> NTPC </W><W> प्लांट </W></PLACE-ARG><W> में </W><TIME-ARG ID="131"><LINK EVENT_ARG="132" ID="135" TYPE_REL="EVENT_ARG"/><W> बुधवार </W></TIME-ARG><W> को </W><MAN_MADE_EVENT ID="132" TYPE="INDUSTRIAL_ACCIDENT"><EVENT-COREF-LINK EVENT_ID="6" ID="138" TYPE_REL="EVENT_COREF"/><W> बॉयलर </W><W> फटने </W></MAN_MADE_EVENT><W> से </W><CASUALTIES-ARG ID="5"><LINK EVENT_ARG="132" ID="136" TYPE_REL="EVENT_ARG"/><W> 25 </W><W> से </W><W> ज्यादा </W><W> लोगों </W><W> की </W><W> मौत </W></CASUALTIES-ARG><W> हो </W><W> गई। </W><MAN_MADE_EVENT ID="6" TYPE="INDUSTRIAL_ACCIDENT"><W> ब्लास्ट </W></MAN_MADE_EVENT><W> इतना </W><W> भीषण </W><W> था </W><W> कि </W><AFTER_EFFECTS-ARG ID="139"><LINK EVENT_ARG="6" ID="140" TYPE_REL="EVENT_ARG"/><W> कुछ </W><W> डेडबॉडीज </W><W> 10 </W><W> फीट </W><W> ऊपर </W><W> टंगी </W><W> मिलीं। </W></AFTER_EFFECTS-ARG><W> प्रत्यक्षदर्शियों </W><W> के </W><W> मुताबिक </W><W> बॉयलर </W><W> के </W><W> आसपास </W><W> रहे </W><CASUALTIES-ARG ID="7"><LINK EVENT_ARG="6" ID="15" TYPE_REL="EVENT_ARG"/><W> 6-7 </W><W> मजदूर </W><W> ऑन </W><W> द </W><W> स्पॉट </W><W> जिंदा </W><W> जल </W><W> गए। </W></CASUALTIES-ARG><W> रिपोर्ट्स </W><W> के </W><W> मुताबिक </W><CASUALTIES-ARG ID="8"><LINK EVENT_ARG="6" ID="16" TYPE_REL="EVENT_ARG"/><W> घायलों </W><W> की </W><W> संख्या </W><W> 100 </W><W> के </W><W> करीब </W></CASUALTIES-ARG><W> बताई </W><W> जा </W><W> रही </W><W> है। </W><W> एडीजी </W><W> लॉ </W><W> एंड </W><W> ऑर्डर </W><W> आनंद </W><W> कुमार </W><W> के </W><W> मुताबिक </W><W> मृतकों </W><W> की </W><W> संख्या </W><W> बढ़ </W><W> सकती </W><W> है। </W><W> कुछ </W><W> मजदूरों </W><W> के </W><W> 500 </W><W> मेगावॉट </W><W> बॉयलर </W><W> युनिट </W><W> के </W><W> अंदर </W><W> फंसे </W><W> होने </W><W> की </W><W> आशंका </W><W> है। </W></P><P><W>   </W></P><P><PLACE-ARG ID="18"><LINK EVENT_ARG="17" ID="25" TYPE_REL="EVENT_ARG"/><W> ऊंचाहार </W></PLACE-ARG><W> के </W><W> इस </W><MAN_MADE_EVENT ID="17" TYPE="INDUSTRIAL_ACCIDENT"><EVENT-COREF-LINK EVENT_ID="6" ID="128" TYPE_REL="EVENT_COREF"/><W> हादसे </W></MAN_MADE_EVENT><W> को </W><W> सबसे </W><W> भीषण </W><W> इंडस्ट्रियल </W><W> डिजास्टर </W><W> कहा </W><W> जा </W><W> रहा </W><W> है। </W><W> 31 </W><W> महीने </W><W> पहले </W><TIME-ARG ID="20"><LINK EVENT_ARG="19" ID="26" TYPE_REL="EVENT_ARG"/><W> मार्च </W><W> 2015 </W></TIME-ARG><W> में </W><PLACE-ARG ID="21"><LINK EVENT_ARG="19" ID="27" TYPE_REL="EVENT_ARG"/><W> राय </W><W> बरेली </W></PLACE-ARG><W> में </W><W> ऐसा </W><W> ही </W><W> मौत </W><W> का </W><W> मंजर </W><W> देखने </W><W> को </W><W> मिला </W><W> था। </W><W> तब </W><PARTICIPANT-ARG ID="22"><LINK EVENT_ARG="19" ID="28" TYPE_REL="EVENT_ARG"/><W> देहरादून-वाराणसी </W><W> जनता </W><W> एक्सप्रेस </W><W> का </W><W> इंजन </W><W> और </W><W> दो </W><W> डिब्बे </W></PARTICIPANT-ARG><MAN_MADE_EVENT ID="19" TYPE="TRAIN_COLLISION"><W> पटरी </W><W> से </W><W> उतर </W><W> गए </W></MAN_MADE_EVENT><W> थे। </W><W> उस </W><MAN_MADE_EVENT ID="24" TYPE="TRAIN_COLLISION"><EVENT-COREF-LINK EVENT_ID="19" ID="30" TYPE_REL="EVENT_COREF"/><W> हादसे </W></MAN_MADE_EVENT><W> में </W><CASUALTIES-ARG ID="23"><LINK EVENT_ARG="24" ID="29" TYPE_REL="EVENT_ARG"/><W> 38 </W><W> से </W><W> ज्यादा </W><W> लोगों </W><W> की </W><W> मौत </W></CASUALTIES-ARG><W> हुई </W><W> थी। </W></P><P><W>   </W></P><P><W> DainikBhaskar.com </W><W> भारतीय </W><W> इतिहास </W><W> के </W><W> सबसे </W><W> भीषण </W><W> हादसों </W><W> के </W><W> बारे </W><W> में </W><W> बता </W><W> रहा </W><W> है। </W></P><P><W>   </W></P><P><W> आगे </W><W> की </W><W> स्लाइड्स </W><W> में </W><W> देखें </W><W> भारतीय </W><W> इतिहास </W><W> के </W><W> 5 </W><W> सबसे </W><W> बड़े </W><W> इंडस्ट्रियल </W><W> हादसे... </W></P><P><MAN_MADE_EVENT ID="141" TYPE="INDUSTRIAL_ACCIDENT"><EVENT-COREF-LINK EVENT_ID="36" ID="142" TYPE_REL="EVENT_COREF"/><W> भोपाल </W><W> गैस </W><W> ट्रेजेडी </W></MAN_MADE_EVENT></P><P><W>   </W></P><P><TIME-ARG ID="31"><LINK EVENT_ARG="36" ID="39" TYPE_REL="EVENT_ARG"/><W> 3 </W><W> दिसंबर </W><W> 1984 </W></TIME-ARG><W> को </W><PLACE-ARG ID="177"><LINK EVENT_ARG="36" ID="179" TYPE_REL="EVENT_ARG"/><W> मध्य </W><W> प्रदेश </W><W> की </W><W> राजधानी </W><W> भोपाल </W></PLACE-ARG><W> में </W><TIME-ARG ID="33"><LINK EVENT_ARG="36" ID="41" TYPE_REL="EVENT_ARG"/><W> रात </W><W> करीब </W><W> 1 </W><W> बजे </W><W> के </W><W> आसपास </W></TIME-ARG><W> लोग </W><W> अपने </W><W> घरों </W><W> में </W><W> सोए </W><W> हुए </W><W> थे। </W><W> कुछ </W><W> गेस्ट </W><W> हाउस </W><W> में </W><W> शादियां </W><W> चल </W><W> रही </W><W> थीं।   </W></P><P><PLACE-ARG ID="178"><LINK EVENT_ARG="36" ID="180" TYPE_REL="EVENT_ARG"/><W> भोपाल </W><W> शहर </W><W> के </W><W> छोला </W><W> रोड </W><W> पर </W><W> बने </W><W> अमेरिकी </W><W> कंपनी </W><W> यूनियन </W><W> कार्बाइड </W><W> कॉर्प </W><W> के </W><W> पेस्टिसाइड </W><W> प्लांट </W></PLACE-ARG><W> से </W><MAN_MADE_EVENT ID="36" TYPE="INDUSTRIAL_ACCIDENT"><W> गैस </W><W> लीक </W></MAN_MADE_EVENT><W> हुई। </W><W> प्लांट </W><W> से </W><W> करीब </W><W> 40 </W><W> टन </W><W> मिथाइल </W><W> आइसोसाइनाइड </W><W> गैस </W><W> रिलीज </W><W> हुई </W><W> थी।  </W></P><P><W> इतिहास </W><W> के </W><W> सबसे </W><W> भीषण </W><MAN_MADE_EVENT ID="42" TYPE="INDUSTRIAL_ACCIDENT"><EVENT-COREF-LINK EVENT_ID="43" ID="46" TYPE_REL="EVENT_COREF"/><W> कैमिकल </W><W> हादसे </W></MAN_MADE_EVENT><W> में </W><W> शुमार </W><MAN_MADE_EVENT ID="43" TYPE="INDUSTRIAL_ACCIDENT"><EVENT-COREF-LINK EVENT_ID="36" ID="143" TYPE_REL="EVENT_COREF"/><W> भोपाल </W><W> गैस </W><W> ट्रेजेडी </W></MAN_MADE_EVENT><W> में </W><W> आधिकारिक </W><W> आंकड़ों </W><W> के </W><W> मुताबिक </W><CASUALTIES-ARG ID="44"><LINK EVENT_ARG="43" ID="47" TYPE_REL="EVENT_ARG"/><W> 5295 </W><W> लोगों </W><W> की </W><W> डेथ </W></CASUALTIES-ARG><W> हुई </W><W> थी। </W><W> वहीं </W><W> कुछ </W><W> एक्टिविस्ट्स </W><W> के </W><W> मुताबिक </W><CASUALTIES-ARG ID="45"><LINK EVENT_ARG="43" ID="48" TYPE_REL="EVENT_ARG"/><W> मरने </W><W> वालों </W><W> की </W><W> संख्या </W><W> 20-25 </W><W> हजार </W></CASUALTIES-ARG><W> तक </W><W> थी। </W></P><P><W> नेशनल </W><W> इंस्टीट्यूट </W><W> ऑफ </W><W> ऑक्युपेशनल </W><W> हेल्थ </W><W> के </W><W> न्यूजलेटर </W><W> के </W><W> मुताबिक </W><REASON-ARG ID="49"><LINK EVENT_ARG="43" ID="51" TYPE_REL="EVENT_ARG"/><W> प्लांट </W><W> के </W><W> सेफ्टी </W><W> सिस्टम </W><W> वर्किंग </W><W> कंडीशन </W><W> में </W><W> नहीं </W><W> थे। </W></REASON-ARG><W> साथ </W><W> ही </W><REASON-ARG ID="50"><LINK EVENT_ARG="43" ID="52" TYPE_REL="EVENT_ARG"/><W> कई </W><W> वॉल्व </W><W> और </W><W> पाइप </W><W> लाइन्स </W><W> खराब </W><W> हालत </W></REASON-ARG><W> में </W><W> थीं। </W><W> ये </W><W> रिपोर्ट </W><W> हादसे </W><W> से </W><W> एक </W><W> महीने </W><W> पहले </W><W> नवंबर </W><W> 1984 </W><W> में </W><W> आई </W><W> थी। </W></P><P><MAN_MADE_EVENT ID="144" TYPE="INDUSTRIAL_ACCIDENT"><W> बॉम्बे </W><W> डॉक्स </W><W> एक्सप्लोजन </W></MAN_MADE_EVENT></P><P><W>   </W></P><P><TIME-ARG ID="53"><LINK EVENT_ARG="55" ID="62" TYPE_REL="EVENT_ARG"/><W> अप्रैल </W><W> 1944 </W></TIME-ARG><W> में </W><PLACE-ARG ID="145"><LINK EVENT_ARG="55" ID="146" TYPE_REL="EVENT_ARG"/><W> मुंबई </W><W> के </W><W> विक्टोरिया </W><W> डॉक </W></PLACE-ARG><W> में </W><W> दो </W><W> जबरदस्त </W><MAN_MADE_EVENT ID="55" TYPE="INDUSTRIAL_ACCIDENT"><W> ब्लास्ट </W></MAN_MADE_EVENT><W> हुए </W><W> थे। </W><W> उस </W><MAN_MADE_EVENT ID="56" TYPE="INDUSTRIAL_ACCIDENT"><EVENT-COREF-LINK EVENT_ID="55" ID="60" TYPE_REL="EVENT_COREF"/><W> हादसे </W></MAN_MADE_EVENT><W> में </W><CASUALTIES-ARG ID="147"><LINK EVENT_ARG="56" ID="148" TYPE_REL="EVENT_ARG"/><W> 800 </W><W> लोगों </W><W> की </W><W> जानें </W><W> गईं </W><W> थीं। </W></CASUALTIES-ARG><MAN_MADE_EVENT ID="58" TYPE="INDUSTRIAL_ACCIDENT"><EVENT-COREF-LINK EVENT_ID="55" ID="61" TYPE_REL="EVENT_COREF"/><W> हादसा </W></MAN_MADE_EVENT><W> गोल्ड </W><W> और </W><W> हथियारों </W><W> से </W><W> लदे </W><REASON-ARG ID="59"><LINK EVENT_ARG="58" ID="65" TYPE_REL="EVENT_ARG"/><W> फ्रेटर </W><W> शिप </W><W> में </W><W> आग </W><W> लगने </W><W> की </W><W> वजह </W><W> से </W></REASON-ARG><W> हुआ </W><W> था।  </W></P><P><TIME-ARG ID="149"><LINK EVENT_ARG="68" ID="150" TYPE_REL="EVENT_ARG"/><W> शाम </W><W> 3.50 </W><W> बजे </W></TIME-ARG><W> शिप </W><W> में </W><W> आग </W><W> लगने </W><W> की </W><W> खबर </W><W> वर्करों </W><W> को </W><W> दी </W><W> गई </W><W> थी। </W><W> खबर </W><W> मिलते </W><W> ही </W><W> शिप </W><W> खाली </W><W> करने </W><W> के </W><W> ऑर्डर </W><W> दिए </W><W> गए </W><W> थे, </W><W> लेकिन </W><W> सब </W><W> वहां </W><W> से </W><W> जाते, </W><W> उससे </W><W> पहले </W><W> ही </W><W> शिप </W><W> में </W><W> दो </W><MAN_MADE_EVENT ID="68" TYPE="INDUSTRIAL_ACCIDENT"><EVENT-COREF-LINK EVENT_ID="55" ID="69" TYPE_REL="EVENT_COREF"/><W> ब्लास्ट </W></MAN_MADE_EVENT><W> हो </W><W> गए </W><W> थे। </W></P><P><MAN_MADE_EVENT ID="66" TYPE="INDUSTRIAL_ACCIDENT"><EVENT-COREF-LINK EVENT_ID="55" ID="67" TYPE_REL="EVENT_COREF"/><W> एक्सप्लोजन </W></MAN_MADE_EVENT><W> इतना </W><W> तगड़ा </W><W> था </W><W> कि </W><W> उसके </W><AFTER_EFFECTS-ARG ID="151"><LINK EVENT_ARG="66" ID="152" TYPE_REL="EVENT_ARG"/><W> आसपास </W><W> खड़े </W><W> शिप </W><W> इम्पैक्ट </W><W> से </W><W> डूब </W><W> गए </W><W> थे। </W></AFTER_EFFECTS-ARG></P><P><W> यही </W><W> नहीं, </W><W> कोलाबा </W><W> ऑब्जर्वेटरी </W><W> के </W><W> अर्थक्वेक </W><W> मॉनिटर </W><W> सेस्मोग्राफ </W><W> में </W><W> भी </W><W> झटके </W><W> रिकॉर्ड </W><W> हुए </W><W> थे। </W></P><P><MAN_MADE_EVENT ID="153" TYPE="INDUSTRIAL_ACCIDENT"><EVENT-COREF-LINK EVENT_ID="74" ID="154" TYPE_REL="EVENT_COREF"/><W> चासनाला </W><W> माइनिंग </W><W> डिजास्टर </W></MAN_MADE_EVENT></P><P><W>   </W></P><P><TIME-ARG ID="70"><LINK EVENT_ARG="74" ID="79" TYPE_REL="EVENT_ARG"/><W> 1975 </W></TIME-ARG><W> में </W><PLACE-ARG ID="72"><LINK EVENT_ARG="74" ID="80" TYPE_REL="EVENT_ARG"/><W> झारखंड </W><W> के </W><W> धनबाद </W><W> के </W><W> पास </W></PLACE-ARG><W> स्थित </W><PARTICIPANT-ARG ID="73"><LINK EVENT_ARG="74" ID="81" TYPE_REL="EVENT_ARG"/><W> चासनाला </W><W> माइन </W></PARTICIPANT-ARG><W> में </W><MAN_MADE_EVENT ID="74" TYPE="INDUSTRIAL_ACCIDENT"><W> ब्लास्ट </W></MAN_MADE_EVENT><W> के </W><W> बाद </W><AFTER_EFFECTS-ARG ID="155"><LINK EVENT_ARG="74" ID="158" TYPE_REL="EVENT_ARG"/><W> छत </W><W> धंस </W><W> गई </W><W> थी। </W></AFTER_EFFECTS-ARG><W> उस </W><MAN_MADE_EVENT ID="156" TYPE="INDUSTRIAL_ACCIDENT"><EVENT-COREF-LINK EVENT_ID="74" ID="157" TYPE_REL="EVENT_COREF"/><W> हादसे </W></MAN_MADE_EVENT><W> में </W><CASUALTIES-ARG ID="77"><LINK EVENT_ARG="156" ID="159" TYPE_REL="EVENT_ARG"/><W> 372 </W><W> मजदूरों </W><W> की </W><W> मौत </W></CASUALTIES-ARG><W> हुई </W><W> थी। </W></P><P><TIME-ARG ID="86"><LINK EVENT_ARG="84" ID="88" TYPE_REL="EVENT_ARG"/><W> 27 </W><W> दिसंबर </W><W> 1975 </W></TIME-ARG><W> को </W><PLACE-ARG ID="160"><LINK EVENT_ARG="84" ID="161" TYPE_REL="EVENT_ARG"/><W> इंडियन </W><W> आयरन </W><W> एंड </W><W> स्टील </W><W> कंपनी </W><W> (SAIL) </W><W> की </W><W> माइन </W></PLACE-ARG><W> में </W><MAN_MADE_EVENT ID="84" TYPE="INDUSTRIAL_ACCIDENT"><W> ब्लास्ट </W></MAN_MADE_EVENT><W> हुआ </W><W> था। </W><MAN_MADE_EVENT ID="85" TYPE="INDUSTRIAL_ACCIDENT"><EVENT-COREF-LINK EVENT_ID="84" ID="90" TYPE_REL="EVENT_COREF"/><W> ब्लास्ट </W></MAN_MADE_EVENT><W> की </W><W> वजह </W><W> से </W><AFTER_EFFECTS-ARG ID="164"><LINK EVENT_ARG="85" ID="165" TYPE_REL="EVENT_ARG"/><W> टनल </W><W> की </W><W> एक </W><W> दीवार </W><W> धंस </W><W> गई </W><W> थी, </W><W> जिससे </W><W> पानी </W><W> 32 </W><W> हजार </W><W> मीटर </W><W> क्यूब </W><W> पर </W><W> मिनट </W><W> के </W><W> रेट </W><W> से </W><W> माइन </W><W> में </W><W> घुसने </W><W> लगा </W><W> था। </W></AFTER_EFFECTS-ARG></P><P><W> दीवार </W><W> धंसने </W><W> और </W><W> उसके </W><W> साथ </W><W> आई </W><W> बाढ़ </W><W> में </W><W> माइन </W><W> वर्कर </W><W> फंस </W><W> गए </W><W> थे। </W></P><P><W> अमिताभ </W><W> बच्चन </W><W> की </W><W> मशहूर </W><W> फिल्म </W><W> 'काला </W><W> पत्थर' </W><W> इस </W><W> ट्रेजेडी </W><W> पर </W><W> बेस्ड </W><W> थी।  </W></P><P><MAN_MADE_EVENT ID="166" TYPE="INDUSTRIAL_ACCIDENT"><EVENT-COREF-LINK EVENT_ID="94" ID="168" TYPE_REL="EVENT_COREF"/><W> कोरबा </W><W> चिमनी </W><W> कोलैप्स </W></MAN_MADE_EVENT></P><P><W>   </W></P><P><TIME-ARG ID="91"><LINK EVENT_ARG="94" ID="169" TYPE_REL="EVENT_ARG"/><W> 2009 </W></TIME-ARG><W> में </W><PLACE-ARG ID="167"><LINK EVENT_ARG="94" ID="170" TYPE_REL="EVENT_ARG"/><W> छत्तीसगढ़ </W><W> के </W><W> कोरबा </W><W> स्थित </W><W> भारत </W><W> एल्युमिनियम </W><W> कंपनी </W><W> (बाल्को) </W><W> के </W><W> अंडर-कंस्ट्रक्शन </W><W> पावर </W><W> प्लांट </W></PLACE-ARG><W> की </W><MAN_MADE_EVENT ID="94" TYPE="INDUSTRIAL_ACCIDENT"><W> चिमनी </W><W> गिर </W><W> गई </W></MAN_MADE_EVENT><W> थी।  </W></P><P><W> 240 </W><W> मीटर </W><W> ऊंची </W><W> चिमनी </W><W> लगभग </W><W> 100 </W><W> मजदूरों </W><W> के </W><W> ऊपर </W><W> गिरी </W><W> थी। </W><MAN_MADE_EVENT ID="99" TYPE="INDUSTRIAL_ACCIDENT"><EVENT-COREF-LINK EVENT_ID="94" ID="100" TYPE_REL="EVENT_COREF"/><W> हादसे </W></MAN_MADE_EVENT><W> में </W><W> लगभग </W><CASUALTIES-ARG ID="171"><LINK EVENT_ARG="99" ID="172" TYPE_REL="EVENT_ARG"/><W> 45 </W><W> लोगों </W><W> की </W><W> मौत </W><W> हुई </W><W> थी। </W></CASUALTIES-ARG></P><P><PLACE-ARG ID="173"><LINK EVENT_ARG="174" ID="175" TYPE_REL="EVENT_ARG"/><W> जयपुर </W><W> ऑइल </W><W> डिपो </W></PLACE-ARG><W> में </W><MAN_MADE_EVENT ID="174" TYPE="INDUSTRIAL_ACCIDENT"><EVENT-COREF-LINK EVENT_ID="112" ID="176" TYPE_REL="EVENT_COREF"/><W> आग </W></MAN_MADE_EVENT></P><P><W>   </W></P><P><TIME-ARG ID="102"><LINK EVENT_ARG="112" ID="113" TYPE_REL="EVENT_ARG"/><W> 2009 </W></TIME-ARG><W> में </W><W> ही </W><PLACE-ARG ID="103"><LINK EVENT_ARG="112" ID="114" TYPE_REL="EVENT_ARG"/><W> जयपुर, </W><W> राजस्थान </W></PLACE-ARG><W> स्थित </W><PARTICIPANT-ARG ID="104"><LINK EVENT_ARG="112" ID="115" TYPE_REL="EVENT_ARG"/><W> इंडियन </W><W> ऑइल </W><W> कॉर्पोरेशन </W><W> के </W><W> डिपो </W></PARTICIPANT-ARG><W> में </W><MAN_MADE_EVENT ID="112" TYPE="FIRE"><W> आगजनी </W></MAN_MADE_EVENT><W> हुई </W><W> थी। </W></P><P><W> उस </W><W> भीषण </W><MAN_MADE_EVENT ID="106" TYPE="FIRE"><EVENT-COREF-LINK EVENT_ID="112" ID="118" TYPE_REL="EVENT_COREF"/><W> हादसे </W></MAN_MADE_EVENT><W> में </W><CASUALTIES-ARG ID="107"><LINK EVENT_ARG="106" ID="116" TYPE_REL="EVENT_ARG"/><W> 12 </W><W> की </W><W> मौत </W></CASUALTIES-ARG><W> हुई </W><W> थी </W><W> और </W><CASUALTIES-ARG ID="108"><LINK EVENT_ARG="106" ID="117" TYPE_REL="EVENT_ARG"/><W> लगभग </W><W> 130 </W><W> लोग </W><W> घायल </W></CASUALTIES-ARG><W> हुए </W><W> थे। </W></P><P><W> आग </W><W> सबसे </W><W> पहले </W><W> 8000 </W><W> किलो </W><W> लीटर </W><W> तेल </W><W> से </W><W> भरे </W><W> टैंकर </W><W> में </W><W> लगी </W><W> थी। </W><W> उस </W><W> वक्त </W><REASON-ARG ID="119"><LINK EVENT_ARG="106" ID="120" TYPE_REL="EVENT_ARG"/><W> डिपो </W><W> से </W><W> एक </W><W> पाइपलाइन </W><W> में </W><W> पेट्रोल </W><W> ट्रांसफर </W><W> किया </W><W> जा </W><W> रहा </W><W> था। </W></REASON-ARG></P><P><W> सरकारी </W><W> रिपोर्ट्स </W><W> के </W><W> मुताबिक </W><AFTER_EFFECTS-ARG ID="121"><LINK EVENT_ARG="106" ID="123" TYPE_REL="EVENT_ARG"/><W> आग </W><W> को </W><W> बुझने </W><W> में </W><W> एक </W><W> हफ्ता </W><W> लगा </W></AFTER_EFFECTS-ARG><W> था। </W><AFTER_EFFECTS-ARG ID="122"><LINK EVENT_ARG="106" ID="124" TYPE_REL="EVENT_ARG"/><W> डिपो </W><W> के </W><W> आसपास </W><W> लगभग </W><W> 5 </W><W> लाख </W><W> की </W><W> आबादी </W><W> को </W><W> इवैक्युएट </W><W> किया </W><W> गया </W><W> था। </W></AFTER_EFFECTS-ARG></P></DOCUMENT>