<?xml version="1.0" encoding="UTF-8"?>
<DOCUMENT><P><PLACE-ARG ID="0"><LINK EVENT_ARG="2" ID="13" TYPE_REL="EVENT_ARG"/><W> लखनऊ। </W><W> अमरोहा </W><W> जिले </W><W> के </W><W> गजरौला </W><W> में </W><W> नेशनल </W><W> हाइवे </W><W> से </W><W> सटी </W><W> भरतिया </W><W> ग्रुप </W><W> की </W><W> जुबिलेंट </W><W> फैक्ट्री </W></PLACE-ARG><W> में </W><TIME-ARG ID="1"><LINK EVENT_ARG="2" ID="14" TYPE_REL="EVENT_ARG"/><W> सुबह </W></TIME-ARG><MAN_MADE_EVENT ID="2" TYPE="FIRE"><W> आग </W></MAN_MADE_EVENT><W> लगने </W><W> से </W><W> खलबली </W><W> मच </W><W> गई। </W><W> इसकी </W><W> लपटे </W><W> काले </W><W> धुएं </W><W> के </W><W> साथ </W><W> काफी </W><W> ऊंचाई </W><W> उठती </W><W> दिखाई </W><W> पड़ी। </W><W> कंपनी </W><W> प्रबंधन </W><W> ने </W><W> बिना </W><W> पुलिस </W><W> को </W><W> सूचना </W><W> देकर </W><W> आग </W><W> पर </W><W> नियंत्रण </W><W> कर </W><W> लिया। </W><W> इस </W><W> आग </W><W> से </W><W> कोई </W><W> बड़े </W><W> नुकसान </W><W> की </W><W> खबर </W><W> नहीं </W><W> है। </W></P><P><PLACE-ARG ID="4"><LINK EVENT_ARG="3" ID="15" TYPE_REL="EVENT_ARG"/><W> केमिकल </W><W> फैक्ट्री </W></PLACE-ARG><W> में </W><MAN_MADE_EVENT ID="3" TYPE="FIRE"><EVENT-COREF-LINK EVENT_ID="2" ID="23" TYPE_REL="EVENT_COREF"/><W> आग </W></MAN_MADE_EVENT><TIME-ARG ID="5"><LINK EVENT_ARG="3" ID="16" TYPE_REL="EVENT_ARG"/><W> सुबह </W><W> करीब </W><W> साढ़े </W><W> चार </W><W> बजे </W></TIME-ARG><W> लगी। </W><W> कंपनी </W><W> परिसर </W><W> में </W><W> माल </W><W> गेट </W><W> के </W><W> सामने </W><W> वाले </W><W> हिस्से </W><W> में </W><W> थ्री </W><W> सीपी </W><W> का </W><W> प्लांट </W><W> है, </W><W> जो </W><W> आज </W><W> कल </W><W> बंद </W><W> है। </W><TIME-ARG ID="6"><LINK EVENT_ARG="7" ID="17" TYPE_REL="EVENT_ARG"/><W> सुबह </W></TIME-ARG><W> इसी </W><PLACE-ARG ID="8"><LINK EVENT_ARG="7" ID="18" TYPE_REL="EVENT_ARG"/><W> प्लांट </W></PLACE-ARG><W> में </W><W> अचानक </W><MAN_MADE_EVENT ID="7" TYPE="FIRE"><EVENT-COREF-LINK EVENT_ID="2" ID="22" TYPE_REL="EVENT_COREF"/><W> आग </W></MAN_MADE_EVENT><W> लग </W><W> गई। </W><PLACE-ARG ID="9"><LINK EVENT_ARG="7" ID="19" TYPE_REL="EVENT_ARG"/><W> प्लांट </W></PLACE-ARG><W> में </W><W> आग </W><W> भड़कते </W><W> ही </W><W> कंपनी </W><W> में </W><W> खतरे </W><W> का </W><W> सायरन </W><W> बज </W><W> उठा। </W><W> कंपनी </W><W> की </W><W> फायर </W><W> सेफ्टी </W><W> यूनिट </W><W> के </W><W> साथ </W><W> प्रबंधन </W><W> के </W><W> अधिकारी </W><W> भी </W><W> मौके </W><W> पर </W><W> आ </W><W> पहुंचे। </W><W> आग </W><W> तब </W><W> तक </W><W> विकराल </W><W> रूप </W><W> धारण </W><W> कर </W><W> चुकी </W><W> थी। </W><W> उसकी </W><W> दहकती </W><W> लपटे </W><W> काफी </W><W> ऊंचाइ </W><W> तक </W><W> पहुंच </W><W> रही </W><W> थी। </W><W> कंपनी </W><W> की </W><W> दमकल </W><W> यूनिट </W><W> ने </W><W> करीब </W><W> एक </W><W> घंटे </W><W> मशक्कत </W><W> कर </W><W> आग </W><W> पर </W><W> काबू </W><W> पाया। </W><W> इस </W><W> दौरान </W><W> किसी </W><W> जनहानि </W><W> की </W><W> सूचना </W><W> नहीं </W><W> है, </W><W> लेकिन </W><W> आग </W><W> से </W><REASON-ARG ID="11"><LINK EVENT_ARG="7" ID="20" TYPE_REL="EVENT_ARG"/><W> प्लांट </W><W> जलने </W></REASON-ARG><W> से </W><AFTER_EFFECTS-ARG ID="10"><LINK EVENT_ARG="7" ID="21" TYPE_REL="EVENT_ARG"/><W> लाखों </W><W> की </W><W> क्षति </W></AFTER_EFFECTS-ARG><W> का </W><W> अनुमान </W><W> है। </W><W> कंपनी </W><W> के </W><W> एसआर </W><W> हेड </W><W> जेएल </W><W> गुप्ता </W><W> ने </W><W> बंद </W><W> प्लांट </W><W> में </W><W> आग </W><W> लगने </W><W> की </W><W> पुष्टि </W><W> करते </W><W> हुए </W><W> बताया </W><W> कि </W><W> इसके </W><W> कारणों </W><W> का </W><W> पता </W><W> लगाने </W><W> को </W><W> जांच </W><W> की </W><W> जाएगी। </W><W> गजरौला </W><W> के </W><W> प्रभारी </W><W> अग्नि </W><W> शमन </W><W> दल </W><W> अधिकारी </W><W> ने </W><W> बताया </W><W> कि </W><W> आग </W><W> लगने </W><W> की </W><W> सूचना </W><W> अमरोहा </W><W> से </W><W> तब </W><W> मिली, </W><W> जब </W><W> आग </W><W> कंपनी </W><W> अपने </W><W> स्तर </W><W> से </W><W> बुझा </W><W> चुकी </W><W> थी। </W><W> सीओ </W><W> मोहन </W><W> लाल </W><W> ने </W><W> बताया </W><W> कि </W><W> प्लांट </W><W> में </W><W> आग </W><W> लगी </W><W> थी, </W><W> जिसे </W><W> कंपनी </W><W> ने </W><W> अपने </W><W> स्तर </W><W> से </W><W> ही </W><W> बुझा </W><W> लिया। </W></P></DOCUMENT>