<?xml version="1.0" encoding="UTF-8"?>
<DOCUMENT><DESC/><TIME>1088</TIME><P><PLACE-ARG ID="2"><LINK EVENT_ARG="0" ID="8" TYPE_REL="EVENT_ARG"/><W> उज्जैन। </W></PLACE-ARG><PLACE-ARG ID="3"><LINK EVENT_ARG="0" ID="9" TYPE_REL="EVENT_ARG"/><W> भूखी </W><W> माता </W><W> तिराहे </W><W> से </W><W> मुल्लापुर </W><W> रोड </W><W> पर </W><W> बन </W><W> रहे </W><W> अवधेशानंद </W><W> के </W><W> पंडाल </W></PLACE-ARG><W> की </W><CASUALTIES-ARG ID="5"><LINK EVENT_ARG="0" ID="13" TYPE_REL="EVENT_ARG"/><W> दीवार </W><W> तेज </W><NATURAL_EVENT ID="0" TYPE="TORNADO"><W> बवंडर </W></NATURAL_EVENT><W> में </W><TIME-ARG ID="1"><LINK EVENT_ARG="0" ID="10" TYPE_REL="EVENT_ARG"/><W> बुधवार </W><W> दोपहर </W></TIME-ARG><W> गिर </W><W> गई। </W></CASUALTIES-ARG><CASUALTIES-ARG ID="4"><LINK EVENT_ARG="0" ID="11" TYPE_REL="EVENT_ARG"/><W> गेट </W><W> भी </W><W> क्षतिग्रस्त </W></CASUALTIES-ARG><W> हो </W><W> गया। </W><W> करीब </W><W> 5 </W><W> मिनट </W><W> तक </W><W> चले </W><W> बवंडर </W><W> से </W><AFTER_EFFECTS-ARG ID="7"><LINK EVENT_ARG="0" ID="12" TYPE_REL="EVENT_ARG"/><W> लोहे </W><W> की </W><W> चद्दरें </W><W> कई </W><W> फीट </W><W> ऊंची </W><W> उड़ीं। </W><W> इससे </W><W> रास्ता </W><W> कुछ </W><W> देर </W><W> के </W><W> लिए </W><W> थम </W><W> गया। </W></AFTER_EFFECTS-ARG></P><P><PLACE-ARG ID="14"><LINK EVENT_ARG="16" ID="18" TYPE_REL="EVENT_ARG"/><W> सिंहस्थ </W><W> क्षेत्र </W></PLACE-ARG><W> में </W><W> अवधेशानंद </W><W> के </W><W> विशाल </W><W> पंडाल </W><W> की </W><W> दीवार </W><W> व </W><W> गेट </W><W> को </W><W> बनाने </W><W> में </W><W> बंंगाल </W><W> के </W><W> 50 </W><W> से </W><W> ज्यादा </W><W> कारीगर </W><W> करीब </W><W> डेढ़ </W><W> महीने </W><W> से </W><W> जुटे </W><W> हैं। </W><W> पंडाल </W><W> के </W><W> मुख्य </W><W> हिस्से </W><W> पर </W><W> करीब </W><W> 600 </W><W> मीटर </W><W> दीवार </W><W> व </W><W> भव्य </W><W> गेट </W><W> का </W><W> निर्माण </W><W> बांस, </W><W> बल्ली, </W><W> कपड़े </W><W> व </W><W> थर्माकोल </W><W> से </W><W> हो </W><W> रहा </W><W> है। </W><W> कारीगर </W><W> इन्हें </W><W> अंतिम </W><W> रूप </W><W> दे </W><W> रहे </W><W> हैं। </W><TIME-ARG ID="15"><LINK EVENT_ARG="16" ID="19" TYPE_REL="EVENT_ARG"/><W> बुधवार </W><W> दोपहर </W><W> 2 </W><W> बजे </W></TIME-ARG><W> तेज </W><NATURAL_EVENT ID="16" TYPE="TORNADO"><EVENT-COREF-LINK EVENT_ID="0" ID="21" TYPE_REL="EVENT_COREF"/><W> बवंडर </W></NATURAL_EVENT><W> चलने </W><W> से </W><CASUALTIES-ARG ID="17"><LINK EVENT_ARG="16" ID="20" TYPE_REL="EVENT_ARG"/><W> दीवार </W><W> का </W><W> ज्यादातर </W><W> हिस्सा </W><W> ढह </W><W> गया। </W><W> वहीं </W><W> एक-दो </W><W> गेट </W><W> भी </W><W> क्षतिग्रस्त </W><W> हो </W><W> गए। </W></CASUALTIES-ARG></P><P><W> फिर </W><W> से </W><W> काम </W><W> में </W><W> जुटे </W><W> कारीगर </W></P><P><NATURAL_EVENT ID="22" TYPE="TORNADO"><EVENT-COREF-LINK EVENT_ID="0" ID="24" TYPE_REL="EVENT_COREF"/><W> बवंडर </W></NATURAL_EVENT><W> थमने </W><W> के </W><W> बाद </W><W> कारीगर </W><W> फिर </W><W> से </W><W> दीवार </W><W> व </W><W> गेट </W><W> बनाने </W><W> में </W><W> जुट </W><W> गए। </W><W> कारीगरों </W><W> ने </W><W> बताया </W><W> दीवार </W><W> व </W><W> गेट </W><W> बनाने </W><W> में </W><W> एक </W><W> सप्ताह </W><W> का </W><W> समय </W><W> लगेगा। </W><W> प्रत्यक्षदर्शियों </W><W> ने </W><W> बताया </W><NATURAL_EVENT ID="23" TYPE="TORNADO"><EVENT-COREF-LINK EVENT_ID="0" ID="25" TYPE_REL="EVENT_COREF"/><W> बवंडर </W></NATURAL_EVENT><W> इतना </W><W> तेज </W><W> था </W><W> कि </W><W> कुछ </W><W> चद्दरें </W><W> सामने </W><W> के </W><W> पंडाल </W><W> तक </W><W> जा </W><W> पहुंची। </W><W> रोड </W><W> से </W><W> गुजर </W><W> रहे </W><W> एक </W><W> बालक </W><W> को </W><W> मामूली </W><W> चोट </W><W> लगने </W><W> की </W><W> खबर </W><W> भी </W><W> है। </W></P></DOCUMENT>