<?xml version="1.0" encoding="UTF-8"?>
<DOCUMENT><P><W> मुंबई, </W><W> एएनआइ। </W><PLACE-ARG ID="5"><LINK EVENT_ARG="0" ID="15" TYPE_REL="EVENT_ARG"/><W> मुंबई </W></PLACE-ARG><W> के </W><PLACE-ARG ID="6"><LINK EVENT_ARG="0" ID="14" TYPE_REL="EVENT_ARG"/><W> चेंबूर </W></PLACE-ARG><W> में </W><TIME-ARG ID="9"><LINK EVENT_ARG="0" ID="13" TYPE_REL="EVENT_ARG"/><W> बुधवार </W></TIME-ARG><W> कोे </W><TIME-ARG ID="8"><LINK EVENT_ARG="0" ID="12" TYPE_REL="EVENT_ARG"/><W> अपरान्ह </W><W> तीन </W><W> बजे </W></TIME-ARG><W> के </W><W> करीब </W><PLACE-ARG ID="7"><LINK EVENT_ARG="0" ID="11" TYPE_REL="EVENT_ARG"/><W> भारत </W><W> पेट्रोलियम </W><W> के </W><W> प्लांट </W></PLACE-ARG><W> में </W><MAN_MADE_EVENT ID="0" TYPE="INDUSTRIAL_ACCIDENT"><W> आग </W><W> लग </W><W> गई। </W></MAN_MADE_EVENT><W> आग </W><W> लगने </W><W> से </W><CASUALTIES-ARG ID="10"><LINK EVENT_ARG="0" ID="16" TYPE_REL="EVENT_ARG"/><W> 21 </W><W> लोग </W><W> घायल </W></CASUALTIES-ARG><W> हो </W><W> गए। </W><W> इनमें </W><W> से </W><W> एक </W><W> की </W><W> हालत </W><W> गंभीर </W><W> बनी </W><W> हुई </W><W> है। </W><W> सभी </W><W> घायलों </W><W> को </W><W> नजदीकी </W><W> अस्पताल </W><W> में </W><W> दाखिल </W><W> कराया </W><W> गया </W><W> है। </W><W> कड़ी </W><W> मशक्कत </W><W> के </W><W> बाद </W><W> आग </W><W> पर </W><W> काबू </W><W> पाया </W><W> गया </W><W> है। </W></P><P><W> इधर, </W><MAN_MADE_EVENT ID="1" TYPE="INDUSTRIAL_ACCIDENT"><EVENT-COREF-LINK EVENT_ID="0" ID="18" TYPE_REL="EVENT_COREF"/><W> हादसे </W></MAN_MADE_EVENT><W> की </W><W> जानकारी </W><W> मिलते </W><W> ही </W><W> दमकल </W><W> की </W><W> गाड़ियां </W><W> मौके </W><W> पर </W><W> पहुंची। </W><W> सामूहिक </W><W> प्रसाय </W><W> से </W><W> आग </W><W> पर </W><W> काबू </W><W> पाया </W><W> गया।  </W></P><P><W> सूत्रों </W><W> के </W><W> मुताबिक, </W><W> अचानक </W><REASON-ARG ID="3"><LINK EVENT_ARG="4" ID="17" TYPE_REL="EVENT_ARG"/><W> हुए धमाके </W></REASON-ARG><W> के </W><W> बाद </W><MAN_MADE_EVENT ID="4" TYPE="INDUSTRIAL_ACCIDENT"><EVENT-COREF-LINK EVENT_ID="0" ID="19" TYPE_REL="EVENT_COREF"/><W> आग </W><W> लग </W><W> गई। </W></MAN_MADE_EVENT><W> इसके </W><W> बाद </W><W> वहां </W><W> काम </W><W> कर </W><W> रहे </W><W> लोगों </W><W> को </W><W> बाहर </W><W> निकाला </W><W> गया। </W></P></DOCUMENT>