<?xml version="1.0" encoding="UTF-8"?>
<DOCUMENT><DESC/><TIME>437</TIME><P><PLACE-ARG ID="0"><LINK EVENT_ARG="5" ID="29" TYPE_REL="EVENT_ARG"/><W> बांद्रा </W><W> इलाके </W><W> की </W><W> झुग्गियों </W></PLACE-ARG><MAN_MADE_EVENT ID="5" TYPE="FIRE"><W> लगी </W><W> आग, </W></MAN_MADE_EVENT><AFTER_EFFECTS-ARG ID="12"><LINK EVENT_ARG="5" ID="30" TYPE_REL="EVENT_ARG"/><W> मशक्कत </W><W> के </W><W> बाद </W><W> दमकल </W><W> टीम </W><W> ने </W><W> पाया काबू </W></AFTER_EFFECTS-ARG><W> । </W></P><P><PLACE-ARG ID="1"><LINK EVENT_ARG="6" ID="31" TYPE_REL="EVENT_ARG"/><W> मुंबई </W><W> के </W><W> बांद्रा </W><W> इलाके </W><W> के </W><W> पास </W></PLACE-ARG><TIME-ARG ID="15"><LINK EVENT_ARG="6" ID="32" TYPE_REL="EVENT_ARG"/><W> मंगलवार </W><W> (30 </W><W> अक्टूबर) </W></TIME-ARG><W> को </W><PLACE-ARG ID="2"><LINK EVENT_ARG="6" ID="33" TYPE_REL="EVENT_ARG"/><W> झुग्गी-झोपड़ी </W><W> वाले </W><W> इलाके </W></PLACE-ARG><W> में </W><INTENSITY-ARG ID="16"><LINK EVENT_ARG="6" ID="34" TYPE_REL="EVENT_ARG"/><W> भीषण </W></INTENSITY-ARG><MAN_MADE_EVENT ID="6" TYPE="FIRE"><EVENT-COREF-LINK EVENT_ID="5" ID="22" TYPE_REL="EVENT_COREF"/><W> आग </W><W> लग </W><W> गई। </W></MAN_MADE_EVENT><PLACE-ARG ID="3"><LINK EVENT_ARG="6" ID="35" TYPE_REL="EVENT_ARG"/><W> नरगिस </W><W> दत्त </W><W> नगर </W></PLACE-ARG><W> में </W><MAN_MADE_EVENT ID="7" TYPE="FIRE"><EVENT-COREF-LINK EVENT_ID="5" ID="23" TYPE_REL="EVENT_COREF"/><W> आग </W><W> की </W><W> लपटें </W></MAN_MADE_EVENT><INTENSITY-ARG ID="17"><LINK EVENT_ARG="7" ID="36" TYPE_REL="EVENT_ARG"/><W> भीषण </W></INTENSITY-ARG><W> होते </W><W> देख </W><AFTER_EFFECTS-ARG ID="13"><LINK EVENT_ARG="7" ID="37" TYPE_REL="EVENT_ARG"/><W> आसपास </W><W> अफरा-तफरी </W><W> का </W><W> माहौल </W><W> पनप </W><W> गया </W><W> था। </W></AFTER_EFFECTS-ARG><AFTER_EFFECTS-ARG ID="14"><LINK EVENT_ARG="7" ID="38" TYPE_REL="EVENT_ARG"/><W> सूचना </W><W> पर </W><W> फौरन </W><W> मौके </W><W> पर </W><W> दमकल </W><W> विभाग </W><W> की </W><W> 16 </W><W> गाड़ियां </W><W> पहुंचीं, </W><W> जिन्होंने </W><W> काफी </W><W> मशक्कत </W><W> के </W><W> बाद </W><W> आग </W><W> पर </W><W> काबू </W><W> पाया। </W></AFTER_EFFECTS-ARG></P><P><MAN_MADE_EVENT ID="8" TYPE="FIRE"><EVENT-COREF-LINK EVENT_ID="5" ID="24" TYPE_REL="EVENT_COREF"/><W> आग </W></MAN_MADE_EVENT><W> जिस </W><W> जगह </W><W> पर </W><W> लगी </W><W> थी, </W><W> उसके </W><W> सामने </W><W> ही </W><W> नागरदास </W><W> रोड </W><W> पर </W><W> बांद्रा </W><W> फायर </W><W> स्टेशन </W><W> था। </W><W> न्यूज </W><W> एजेंसी </W><W> एएनआई </W><W> के </W><W> मुताबिक, </W><W> यह </W><INTENSITY-ARG ID="18"><LINK EVENT_ARG="19" ID="40" TYPE_REL="EVENT_ARG"/><W> लेवल-3 </W></INTENSITY-ARG><W> की </W><MAN_MADE_EVENT ID="9" TYPE="FIRE"><EVENT-COREF-LINK EVENT_ID="5" ID="25" TYPE_REL="EVENT_COREF"/><W> आग </W></MAN_MADE_EVENT><W> थी। </W><W> आपको </W><W> बता </W><W> दें </W><W> कि </W><PLACE-ARG ID="4"><LINK EVENT_ARG="9" ID="39" TYPE_REL="EVENT_ARG"/><W> लालमाटी </W><W> (घटनास्थल), </W><W> शहर </W><W> के </W><W> भीड़भाड़ </W><W> वाले </W><W> इलाकों </W><W> में </W><W> से </W><W> एक </W></PLACE-ARG><W> है। </W><REASON-ARG ID="19"><LINK EVENT_ARG="20" ID="41" TYPE_REL="EVENT_ARG"/><W> पतली </W><W> गलियां </W><W> और </W><W> संकरी </W><W> बस्ती </W><W> होने </W><W> से </W></REASON-ARG><W> यहां </W><MAN_MADE_EVENT ID="20" TYPE="FIRE"><EVENT-COREF-LINK EVENT_ID="5" ID="26" TYPE_REL="EVENT_COREF"/><W> आग </W></MAN_MADE_EVENT><W> बढ़ने </W><W> की </W><W> आशंका </W><W> थी। </W></P><P><W> हालांकि, </W><W> सबसे </W><W> अच्छी </W><W> बात </W><W> रही </W><W> कि </W><MAN_MADE_EVENT ID="10" TYPE="FIRE"><EVENT-COREF-LINK EVENT_ID="5" ID="27" TYPE_REL="EVENT_COREF"/><W> हादसे </W></MAN_MADE_EVENT><W> में </W><CASUALTIES-ARG ID="21"><LINK EVENT_ARG="10" ID="42" TYPE_REL="EVENT_ARG"/><W> किसी </W><W> के </W><W> हताहत </W><W> होने </W><W> की </W><W> खबर </W><W> नहीं </W></CASUALTIES-ARG><W> आई। </W><W> पर </W><MAN_MADE_EVENT ID="11" TYPE="FIRE"><EVENT-COREF-LINK EVENT_ID="5" ID="28" TYPE_REL="EVENT_COREF"/><W> आग </W></MAN_MADE_EVENT><W> किस </W><W> वजह </W><W> से </W><W> लगी </W><W> और </W><W> इसके </W><W> चलते </W><W> कितने </W><W> का </W><W> नुकसान </W><W> हुआ? </W><W> इसकी </W><W> अभी </W><W> तक </W><W> आधिकारिक </W><W> जानकारी </W><W> नहीं </W><W> है। </W></P></DOCUMENT>