<?xml version="1.0" encoding="UTF-8"?>
<DOCUMENT><DESC/><TIME>3752</TIME><P><W> में </W><W> बदला </W><W> मौसम, </W><PLACE-ARG ID="0"><LINK EVENT_ARG="1" ID="18" TYPE_REL="EVENT_ARG"/><W> मंडला </W><W> और </W><W> रीवा </W></PLACE-ARG><W> में </W><NATURAL_EVENT ID="1" TYPE="HAIL_STORMS"><W> बारिश </W><W> के </W><W> साथ </W><W> गिरे </W><W> ओले </W></NATURAL_EVENT><W> । </W></P><P><W> मंडला/ </W><W> रीवा। </W><TIME-ARG ID="2"><LINK EVENT_ARG="5" ID="19" TYPE_REL="EVENT_ARG"/><W> गुरुवार </W><W> शाम </W></TIME-ARG><W> से </W><W> मौसम </W><W> में </W><W> एक </W><W> बार </W><W> फिर </W><W> बदलाव </W><W> हुआ </W><W> और </W><TIME-ARG ID="3"><LINK EVENT_ARG="5" ID="20" TYPE_REL="EVENT_ARG"/><W> रात </W></TIME-ARG><W> को </W><PLACE-ARG ID="4"><LINK EVENT_ARG="5" ID="21" TYPE_REL="EVENT_ARG"/><W> रीवा </W><W> जिले </W><W> के </W><W> देवतालाब </W><W> क्षेत्र </W><W> के </W><W> कई </W><W> गांवों </W></PLACE-ARG><W> में </W><NATURAL_EVENT ID="5" TYPE="HAIL_STORMS"><EVENT-COREF-LINK EVENT_ID="1" ID="29" TYPE_REL="EVENT_COREF"/><W> बारिश </W><W> के </W><W> साथ </W><W> ओले </W><W> गिरे। </W></NATURAL_EVENT><W> यू </W><W> तो </W><NATURAL_EVENT ID="6" TYPE="HAIL_STORMS"><EVENT-COREF-LINK EVENT_ID="1" ID="30" TYPE_REL="EVENT_COREF"/><W> ओलावृष्टि </W></NATURAL_EVENT><W> जिले </W><W> भर </W><W> में </W><W> हुई </W><W> है, </W><W> लेकिन </W><W> ज्यादा </W><W> असर </W><W> जिले </W><W> के </W><W> मऊगंज </W><W> क्षेत्र </W><W> के </W><W> देवतालाब </W><W> विधानसभा </W><W> के </W><W> सगरा, </W><W> प्रतपरा, </W><W> पनिगंवा, </W><W> डिघौल, </W><W> सीतापुर, </W><W> पहाड़ी </W><W> , </W><W> अटरा </W><W> सहित </W><W> गुढ़ </W><W> विधानसभा </W><W> के </W><W> कई </W><W> गांवों </W><W> में </W><W> रहा। </W></P><P><W> रात </W><W> लगभग </W><TIME-ARG ID="7"><LINK EVENT_ARG="8" ID="22" TYPE_REL="EVENT_ARG"/><W> 9 </W><W> बजे </W></TIME-ARG><NATURAL_EVENT ID="8" TYPE="HAIL_STORMS"><EVENT-COREF-LINK EVENT_ID="1" ID="31" TYPE_REL="EVENT_COREF"/><W> बारिश </W><W> होने </W><W> के </W><W> साथ </W><W> बड़े </W><W> चने </W><W> के </W><W> आकार </W><W> के </W><W> ओले </W><W> गिरे, </W></NATURAL_EVENT><W> जिससे </W><W> फसलों </W><W> को </W><W> नुकसान </W><W> हुआ </W><W> है। </W><W> मौसम </W><W> विशेषज्ञों </W><W> का </W><W> कहना </W><W> है </W><W> कि </W><W> आगामी </W><W> 24 </W><W> घंटे </W><W> तक </W><W> जिले </W><W> में </W><W> बारिश </W><W> के </W><W> भी </W><W> आसार </W><W> हैं। </W><W> रीवा </W><W> कलेक्टर </W><W> ओम </W><W> प्रकाश </W><W> श्रीवास्तव </W><W> का </W><W> कहना </W><W> है </W><W> कि </W><NATURAL_EVENT ID="9" TYPE="HAIL_STORMS"><EVENT-COREF-LINK EVENT_ID="1" ID="32" TYPE_REL="EVENT_COREF"/><W> बारिश, </W><W> ओले </W></NATURAL_EVENT><W> से </W><W> फसलों </W><W> को </W><W> होने </W><W> वाले </W><W> नुकसान </W><W> की </W><W> जानकारी </W><W> एकत्र </W><W> करने </W><W> के </W><W> निर्देश </W><W> दिए </W><W> गए </W><W> हैं। </W><W> रिपोर्ट </W><W> आने </W><W> के </W><W> बाद </W><W> अगला </W><W> कदम </W><W> उठाया </W><W> जाएगा। </W></P><P><PLACE-ARG ID="10"><LINK EVENT_ARG="14" ID="24" TYPE_REL="EVENT_ARG"/><W> मंडला </W><W> जिले </W></PLACE-ARG><W> में </W><TIME-ARG ID="11"><LINK EVENT_ARG="14" ID="25" TYPE_REL="EVENT_ARG"/><W> दोपहर </W><W> बाद </W></TIME-ARG><W> अचानक </W><W> मौसम </W><W> बदला </W><W> और </W><W> करीब </W><TIME-ARG ID="12"><LINK EVENT_ARG="14" ID="26" TYPE_REL="EVENT_ARG"/><W> 4 </W><W> बजे </W><W> जिले </W></TIME-ARG><W> के </W><PLACE-ARG ID="13"><LINK EVENT_ARG="14" ID="27" TYPE_REL="EVENT_ARG"/><W> बिछिया </W><W> ब्लॉक </W><W> के </W><W> माधोपुर, </W><W> लफरा, </W><W> सिलगी, </W><W> नैनपुर </W><W> बम्हनी </W><W> बंजर, </W><W> ग्वारा </W><W> गांव </W></PLACE-ARG><W> में </W><NATURAL_EVENT ID="14" TYPE="HAIL_STORMS"><EVENT-COREF-LINK EVENT_ID="1" ID="33" TYPE_REL="EVENT_COREF"/><W> बारिश </W><W> के </W><W> साथ </W><W> ओले </W><W> गिरे </W></NATURAL_EVENT><W> हैं। </W><PLACE-ARG ID="15"><LINK EVENT_ARG="16" ID="28" TYPE_REL="EVENT_ARG"/><W> ग्वारा </W><W> गांव </W></PLACE-ARG><W> में </W><W> केवल </W><NATURAL_EVENT ID="16" TYPE="HAIL_STORMS"><W> ओले </W><W> गिरे, </W></NATURAL_EVENT><W> बारिश </W><W> नहीं </W><W> हुई। </W><W> ओले </W><W> गिरने </W><W> से </W><W> फसलों </W><W> को </W><W> नुकसान </W><W> की </W><W> आशंका </W><W> है। </W></P></DOCUMENT>