<?xml version="1.0" encoding="UTF-8"?>
<DOCUMENT><DESC/><TIME>633</TIME><P><NATURAL_EVENT ID="0" TYPE="TORNADO"><EVENT-COREF-LINK EVENT_ID="7" ID="20" TYPE_REL="EVENT_COREF"/><W> बवंडर </W></NATURAL_EVENT><W> ने </W><PLACE-ARG ID="2"><LINK EVENT_ARG="0" ID="3" TYPE_REL="EVENT_ARG"/><W> महावन </W></PLACE-ARG><W> में </W><W> मचाई </W><W> तबाही, </W><CASUALTIES-ARG ID="1"><LINK EVENT_ARG="0" ID="4" TYPE_REL="EVENT_ARG"/><W> एक </W><W> की </W><W> मौत </W></CASUALTIES-ARG></P><P><TIME-ARG ID="5"><LINK EVENT_ARG="7" ID="23" TYPE_REL="EVENT_ARG"/><W> गुरुवार </W><W> शाम </W></TIME-ARG><PLACE-ARG ID="6"><LINK EVENT_ARG="7" ID="24" TYPE_REL="EVENT_ARG"/><W> महावन </W><W> क्षेत्र </W></PLACE-ARG><W> में </W><W> आए </W><NATURAL_EVENT ID="7" TYPE="TORNADO"><W> बवंडर </W></NATURAL_EVENT><W> ने </W><W> भारी </W><W> तबाही </W><W> मचाई। </W><W> इसका </W><W> असर </W><W> इलाके </W><W> के </W><W> करीब </W><W> एक </W><W> दर्जन </W><W> से </W><W> अधिक </W><W> गांवों </W><W> में </W><W> देखा </W><W> गया। </W><W> इसकी </W><W> चपेट </W><W> में </W><W> आकर </W><CASUALTIES-ARG ID="8"><LINK EVENT_ARG="7" ID="25" TYPE_REL="EVENT_ARG"/><W> सैकड़ों </W><W> पेड़ </W><W> और </W><W> दर्जनों </W><W> मकान </W><W> धराशायी </W><W> हो </W><W> गए। </W></CASUALTIES-ARG><W> गांव </W><W> मनोहरपुर </W><W> में </W><W> गिरे </W><W> मकान </W><W> के </W><W> मलबे </W><W> में </W><W> दबकर </W><CASUALTIES-ARG ID="9"><LINK EVENT_ARG="8" ID="26" TYPE_REL="EVENT_ARG"/><W> एक </W><W> युवक </W><W> नीरज </W><W> पुत्र </W><W> मूलचंद </W><W> की </W><W> मौत </W></CASUALTIES-ARG><W> हो </W><W> गई। </W><W> अलग-अलग </W><W> जगह </W><W> पर </W><CASUALTIES-ARG ID="10"><LINK EVENT_ARG="7" ID="27" TYPE_REL="EVENT_ARG"/><W> 12 </W><W> से </W><W> अधिक </W><W> लोग </W><W> घायल </W></CASUALTIES-ARG><W> हुए </W><W> हैं। </W><AFTER_EFFECTS-ARG ID="11"><LINK EVENT_ARG="7" ID="28" TYPE_REL="EVENT_ARG"/><W> घायलों </W><W> को </W><W> उपचार </W><W> के </W><W> लिए </W><W> मथुरा </W><W> के </W><W> दो </W><W> निजी </W><W> अस्पतालों </W><W> में </W><W> भर्ती </W><W> कराया </W><W> गया </W><W> है। </W></AFTER_EFFECTS-ARG><TIME-ARG ID="12"><LINK EVENT_ARG="13" ID="29" TYPE_REL="EVENT_ARG"/><W> शाम </W><W> करीब </W><W> पांच </W><W> बजे </W></TIME-ARG><W> अचानक </W><W> ये </W><NATURAL_EVENT ID="13" TYPE="TORNADO"><EVENT-COREF-LINK EVENT_ID="7" ID="21" TYPE_REL="EVENT_COREF"/><W> बवंडर </W></NATURAL_EVENT><W> आया </W><W> और </W><W> करीब </W><W> 15 </W><W> मिनट </W><W> तक </W><W> चले </W><W> चक्रवातीय </W><W> अंधड़ </W><W> की </W><W> चपेट </W><W> में </W><W> जो </W><W> भी </W><W> आया </W><W> धराशायी </W><W> होता </W><W> चला </W><W> गया। </W><CASUALTIES-ARG ID="14"><LINK EVENT_ARG="13" ID="30" TYPE_REL="EVENT_ARG"/><W> मकानों </W><W> के </W><W> टीनशेड </W><W> और </W><W> छप्पर </W><W> उखड़ </W><W> गए। </W><W> पेड़ों </W><W> के </W><W> गिरने </W><W> से </W><W> मकान </W><W> ध्वस्त </W><W> हो </W><W> गए </W></CASUALTIES-ARG><W> । </W><W> जिधर </W><W> देखों </W><W> इलाके </W><W> में </W><W> तबाही </W><W> का </W><W> मंजर </W><W> नजर </W><W> आ </W><W> रहा </W><W> था। </W><CASUALTIES-ARG ID="15"><LINK EVENT_ARG="13" ID="31" TYPE_REL="EVENT_ARG"/><W> सैंकड़ों </W><W> पेड़ </W><W> इलाके </W><W> में </W><W> गिरे </W><W> पड़े </W><W> थे। </W><W> बिजली </W><W> के </W><W> खंभे </W><W> और </W><W> लाइनें </W><W> गिरने </W><W> से </W><W> आपूर्ति </W><W> चौपट </W><W> हो </W><W> गई। </W></CASUALTIES-ARG><NATURAL_EVENT ID="16" TYPE="TORNADO"><EVENT-COREF-LINK EVENT_ID="7" ID="22" TYPE_REL="EVENT_COREF"/><W> बवंडर </W></NATURAL_EVENT><W> में </W><W> गांव </W><W> नगला </W><W> जंगली, </W><W> नगला </W><W> जवाली, </W><W> नारायन </W><W> गढ़ी, </W><W> नगला </W><W> मूलचंद, </W><W> कुंवर </W><W> गढ़ा, </W><W> नगला </W><W> पोलुआ, </W><W> मनोहर </W><W> पुरा, </W><W> खानपुर, </W><W> किसनपुर, </W><W> बंदी, </W><W> जगदीशपुर, </W><W> तारापुर, </W><W> नगला </W><W> जवाली </W><W> आदि </W><W> में </W><W> इसका </W><W> सर्वाधिक </W><W> असर </W><W> रहा। </W><W> पेड़, </W><W> खंभे </W><W> गिरने </W><W> से </W><AFTER_EFFECTS-ARG ID="17"><LINK EVENT_ARG="16" ID="32" TYPE_REL="EVENT_ARG"/><W> सड़क </W><W> और </W><W> गांवों </W><W> के  </W><W> संपर्क </W><W> मार्ग </W><W> बाधित </W><W> हो </W><W> गए </W></AFTER_EFFECTS-ARG><W> है। </W><W> नुकसान </W><W> का </W><W> जायजा </W><W> लेने </W><W> के </W><W> लिए </W><AFTER_EFFECTS-ARG ID="18"><LINK EVENT_ARG="16" ID="33" TYPE_REL="EVENT_ARG"/><W> तहसीलदार </W><W> महावन </W><W> और </W><W> महावन </W><W> पुलिस </W><W> गांवों </W><W> के </W><W> लिए </W><W> रवाना </W></AFTER_EFFECTS-ARG><W> हो </W><W> गई </W><W> है। </W><W> इस </W><W> घटना </W><W> के </W><AFTER_EFFECTS-ARG ID="19"><LINK EVENT_ARG="16" ID="34" TYPE_REL="EVENT_ARG"/><W> घायलों </W><W> को </W><W> स्वर्ण </W><W> जयंती </W><W> और </W><W> लाइफ </W><W> लाइन </W><W> हास्पिटल </W><W> में </W><W> भर्ती </W><W> कराया </W><W> गया </W></AFTER_EFFECTS-ARG><W> है। </W></P></DOCUMENT>