<?xml version="1.0" encoding="UTF-8"?>
<DOCUMENT><P><W> navbharat_2003_1_29_35895823 </W></P><P><W> एक </W><W> 'अबू </W><W> हमजा' </W><W> मरता </W><W> है </W><W> तो </W><W> दूसरा </W><W> तैयार </W><W> हो </W><W> जाता </W><W> है </W></P><P><W> मुम्बई: </W><PLACE-ARG ID="2"><LINK EVENT_ARG="0" ID="4" TYPE_REL="EVENT_ARG"/><W> मुम्बई </W><W> , </W><W> दिल्ली </W><W> , </W><W> गुजरात </W><W> और </W><W> कश्मीर </W></PLACE-ARG><W> सहित </W><W> पिछले </W><TIME-ARG ID="1"><LINK EVENT_ARG="0" ID="3" TYPE_REL="EVENT_ARG"/><W> दो </W><W> तीन </W><W> सालों </W></TIME-ARG><W> में </W><W> भारत </W><W> में </W><W> जितने </W><W> भी </W><MAN_MADE_EVENT ID="0" TYPE="TERRORIST_ATTACK"><W> आतंकवादी </W><W> हमले </W></MAN_MADE_EVENT><W> हुए </W><W> हैं </W><W> , </W><W> उनमें </W><W> अबू </W><W> हमजा </W><W> का </W><W> नाम </W><W> तेजी </W><W> से </W><W> उभरा </W><W> है। </W><W> असल </W><W> में </W><W> यह </W><W> किसी </W><W> एक </W><W> आदमी </W><W> का </W><W> नहीं </W><W> अपितु </W><W> कई </W><W> दर्जन </W><W> आतंकवादियों </W><W> के </W><W> नाम </W><W> हैं। </W><W> इन्हीं </W><W> में </W><W> से </W><W> एक </W><W> हमजा </W><W> का </W><W> हाथ </W><TIME-ARG ID="7"><LINK EVENT_ARG="5" ID="19" TYPE_REL="EVENT_ARG"/><W> सोमवार </W></TIME-ARG><W> को </W><PLACE-ARG ID="6"><LINK EVENT_ARG="5" ID="18" TYPE_REL="EVENT_ARG"/><W> विले </W><W> पार्ले </W></PLACE-ARG><W> में </W><W> हुए </W><W> दो </W><MAN_MADE_EVENT ID="5" TYPE="NORMAL_BOMBING"><W> बम </W><W> विस्फोटों </W></MAN_MADE_EVENT><W> के </W><W> पीछे </W><W> बताया </W><W> जाता </W><W> है। </W><W> पुलिस </W><W> का </W><W> दावा </W><W> है </W><W> कि </W><W> इसी </W><W> हमजा </W><W> ने </W><TIME-ARG ID="10"><LINK EVENT_ARG="8" ID="12" TYPE_REL="EVENT_ARG"/><W> पिछले </W><W> माह </W></TIME-ARG><PLACE-ARG ID="9"><LINK EVENT_ARG="8" ID="11" TYPE_REL="EVENT_ARG"/><W> घाटकोपर </W><W> और </W><W> मुम्बई </W><W> सेंट्रल </W><W> स्टेशन </W><W> परिसर </W></PLACE-ARG><W> में </W><MAN_MADE_EVENT ID="8" TYPE="NORMAL_BOMBING"><W> बम </W><W> विस्फोट </W></MAN_MADE_EVENT><W> करवाए </W><W> थे। </W><W> साथ </W><W> ही </W><W> इसी </W><W> ने </W><W> इमरान </W><W> रहमान </W><W> नामक </W><W> व्यक्ति </W><W> को </W><W> टीवी </W><W> अभिनेता </W><W> शेखर </W><W> सुमन </W><W> और </W><W> फिल्म </W><W> निर्देशक </W><W> मणिरत्नम </W><W> की </W><W> हत्या </W><W> की </W><W> सुपारी </W><W> दी </W><W> थी। </W><W> दो </W><W> साल </W><W> पहले </W><TIME-ARG ID="15"><LINK EVENT_ARG="13" ID="17" TYPE_REL="EVENT_ARG"/><W> 13 </W><W> दिसंबर </W></TIME-ARG><W> को </W><PLACE-ARG ID="14"><LINK EVENT_ARG="13" ID="16" TYPE_REL="EVENT_ARG"/><W> संसद </W></PLACE-ARG><W> पर </W><W> हुए </W><MAN_MADE_EVENT ID="13" TYPE="TERRORIST_ATTACK"><W> हमले </W></MAN_MADE_EVENT><W> में </W><W> शामिल </W><W> अबू </W><W> हमजा </W><W> एक </W><W> दूसरा </W><W> व्यक्ति </W><W> था </W><W> , </W><W> जो </W><W> संसद </W><W> भवन </W><W> परिसर </W><W> में </W><W> ही </W><W> मारा </W><W> गया </W><W> था। </W><W> एक </W><W> अबू </W><W> हमजा </W><W> दो </W><W> साल </W><W> पहले </W><W> ठाणे </W><W> पुलिस </W><W> द्वारा </W><W> लश्कर-ए-तय्यबा </W><W> के </W><W> कई </W><W> आतंकवादियो </W><W> के </W><W> साथ </W><W> पकड़ा </W><W> गया </W><W> था। </W><W> बाद </W><W> में </W><W> उसे </W><W> जब </W><W> जम्मू-कश्मीर </W><W> पुलिस </W><W> को </W><W> सौंपा </W><W> गया </W><W> , </W><W> जो </W><W> वहां </W><W> पुलिस </W><W> हिरासत </W><W> से </W><W> भाग </W><W> निकला। </W><W> पुलिस </W><W> सूत्रों </W><W> का </W><W> दावा </W><W> है </W><W> कि </W><W> इस </W><W> वक्त </W><W> लश्कर-ए-तय्यबा </W><W> गिरोह </W><W> में </W><W> एक </W><W> नहीं </W><W> अपितु </W><W> कई </W><W> दर्जन </W><W> अबू </W><W> हमजा </W><W> हैं। </W><W> उनके </W><W> अनुसार </W><W> अबू </W><W> उपनाम </W><W> पाकिस्तान </W><W> में </W><W> सक्रिय </W><W> किसी </W><W> आतंकवादी </W><W> संगठन </W><W> के </W><W> साथ </W><W> जुड़ने </W><W> के </W><W> बाद </W><W> दिया </W><W> जाता </W><W> है। </W><W> दरअसल </W><W> आतंकवादी </W><W> सरगना </W><W> , </W><W> ' </W><W> अबू </W><W> हमजा </W><W> ' </W><W> नाम </W><W> इस </W><W> आधार </W><W> पर </W><W> देता </W><W> है </W><W> कि </W><W> संबंधित </W><W> व्यक्ति </W><W> को </W><W> अंतत: </W><W> फिदाईन </W><W> दस्ते </W><W> का </W><W> आदमी </W><W> बनाना </W><W> है। </W><W> इन </W><W> दिनों </W><W> जिस </W><W> अबू </W><W> हमजा </W><W> ने </W><W> मुम्बई </W><W> पुलिस </W><W> की </W><W> नाक </W><W> में </W><W> दम </W><W> कर </W><W> रखा </W><W> है </W><W> , </W><W> उसका </W><W> असल </W><W> नाम </W><W> अब्दुल </W><W> बारी </W><W> है। </W><W> करीब </W><W> 35-40 </W><W> साल </W><W> की </W><W> उम्र </W><W> का </W><W> अब्दुल </W><W> बारी </W><W> मूलत: </W><W> हैदराबाद </W><W> का </W><W> रहने </W><W> वाला </W><W> है। </W><W> - </W><W> सुनील </W><W> मेहरोत्रा </W></P></DOCUMENT>