<?xml version="1.0" encoding="UTF-8"?>
<DOCUMENT><P><W> navbharat_2003_4_11_43063115 </W></P><P><W> विदेशी </W><W> पर्यटकों </W><W> की </W><W> संख्या </W><W> में </W><W> 12.4 </W><W> फीसदी </W><W> बढ़ोतरी </W></P><P><W> नई </W><W> दिल्ली </W><W> (वार्ता): </W><W> जनवरी </W><W> से </W><W> मार्च </W><W> के </W><W> दौरान </W><W> देश </W><W> में </W><W> विदेशी </W><W> पर्यटकों </W><W> की </W><W> आवक </W><W> पिछले </W><W> साल </W><W> की </W><W> इसी </W><W> अवधि </W><W> की </W><W> तुलना </W><W> में </W><W> 12.4 </W><W> प्रतिशत </W><W> अधिक </W><W> रही। </W><W> आलोच्य </W><W> अवधि </W><W> में </W><W> 77,1294 </W><W> विदेशी </W><W> पर्यटक </W><W> आए </W><W> , </W><W> जबकि </W><W> पिछले </W><W> साल </W><W> इसी </W><W> अवधि </W><W> में </W><W> इनकी </W><W> संख्या </W><W> 68,6122 </W><W> थी। </W><W> जनवरी-मार्च </W><W> में </W><W> विदेशी </W><W> मुद्रा </W><W> आय </W><W> भी </W><W> 15.1 </W><W> प्रतिशत </W><W> बढ़कर </W><W> 87.6 </W><W> करोड़ </W><W> डॉलर </W><W> रही। </W><W> पिछले </W><W> साल </W><W> भारत </W><W> और </W><W> पाकिस्तान </W><W> के </W><W> बीच </W><W> तनाव </W><W> बढ़ने </W><W> और </W><TIME-ARG ID="1"><LINK EVENT_ARG="0" ID="4" TYPE_REL="EVENT_ARG"/><W> दिसम्बर </W><W> 2001 </W></TIME-ARG><W> में </W><PLACE-ARG ID="2"><LINK EVENT_ARG="0" ID="3" TYPE_REL="EVENT_ARG"/><W> भारतीय </W><W> संसद </W></PLACE-ARG><W> पर </W><MAN_MADE_EVENT ID="0" TYPE="TERRORIST_ATTACK"><W> आतंकवादी </W><W> हमले </W></MAN_MADE_EVENT><W> के </W><W> कारण </W><W> पर्यटन </W><W> उद्योग </W><W> पर </W><W> काफी </W><W> बुरा </W><W> असर </W><W> पड़ा </W><W> था। </W><W> कई </W><W> देशों </W><W> ने </W><W> अपने </W><W> नागरिकों </W><W> को </W><W> इस </W><W> क्षेत्र </W><W> में </W><W> यात्रा </W><W> न </W><W> करने </W><W> की </W><W> सलाह </W><W> दी </W><W> थी। </W><W> विश्व </W><W> यात्रा </W><W> एवं </W><W> पर्यटन </W><W> परिषद </W><W> का </W><W> मानना </W><W> है </W><W> कि </W><W> 2003 </W><W> के </W><W> बाद </W><W> भारत </W><W> उन </W><W> तीन </W><W> देशों </W><W> की </W><W> श्रेणी </W><W> में </W><W> होगा </W><W> , </W><W> जहां </W><W> सबसे </W><W> ज्यादा </W><W> पर्यटक </W><W> जाएंगे। </W></P></DOCUMENT>