<?xml version="1.0" encoding="UTF-8"?>
<DOCUMENT><P><W> navbharat_2003_1_27_35679449 </W></P><P><W> अफजल </W><W> ने </W><W> हाईकोर्ट </W><W> में </W><W> अपील </W><W> दायर </W><W> की </W></P><P><W> नई </W><W> दिल्ली(स):संसद </W><W> भवन </W><W> पर </W><W> हमले </W><W> के </W><W> जुर्म </W><W> में </W><W> विशेष </W><W> अदालत </W><W> द्वारा </W><W> फांसी </W><W> की </W><W> सजा </W><W> पाए </W><W> जैश-ए-मोहम्मद </W><W> के </W><W> आतंकवादी </W><W> मोहम्मद </W><W> अफजल </W><W> ने </W><W> दिल्ली </W><W> उच्च </W><W> न्यायालय </W><W> में </W><W> अपील </W><W> दायर </W><W> की </W><W> है। </W><W> लेकिन </W><W> उसके </W><W> हलफनामे </W><W> में </W><W> तकनीकी </W><W> गड़बड़ी </W><W> होने </W><W> के </W><W> कारण </W><W> अपील </W><W> स्वीकार </W><W> नहीं </W><W> की </W><W> जा </W><W> सकी। </W><W> अदालत </W><W> ने </W><W> हलफनामे </W><W> में </W><W> संशोधन </W><W> की </W><W> इजाजत </W><W> देते </W><W> हुए </W><W> सुनवाई </W><W> की </W><W> तारीख </W><W> तीन </W><W> फरवरी </W><W> निर्धारित </W><W> की। </W><W> अदालत </W><W> में </W><W> दायर </W><W> याचिका </W><W> में </W><W> अफजल </W><W> ने </W><W> कहा </W><W> है </W><W> कि </W><W> विशेष </W><W> अदालत </W><W> में </W><W> उसका </W><W> बचाव </W><W> ठीक </W><W> तरह </W><W> से </W><W> नहीं </W><W> किया </W><W> गया। </W><W> न्यायमूर्ति </W><W> उषा </W><W> मेहरा </W><W> तथा </W><W> न्यायमूर्ति </W><W> प्रदीप </W><W> नंदराजोग </W><W> की </W><W> खंडपीठ </W><W> के </W><W> समक्ष </W><W> सरकारी </W><W> वकील </W><W> ने </W><W> कहा </W><W> कि </W><W> अफजल </W><W> द्वारा </W><W> याचिका </W><W> के </W><W> साथ </W><W> संलग्न </W><W> हलफनामा </W><W> ठीक </W><W> तरह </W><W> से </W><W> सत्यापित </W><W> नहीं </W><W> किया </W><W> गया </W><W> है। </W><W> अदालत </W><W> ने </W><W> कहा </W><W> कि </W><W> अन्य </W><W> तीन </W><W> अभियुक्तों </W><W> द्वारा </W><W> दायर </W><W> अपील </W><W> के </W><W> साथ </W><W> ही </W><W> इस </W><W> याचिका </W><W> पर </W><W> तीन </W><W> फरवरी </W><W> को </W><W> सुनवाई </W><W> होगी। </W><W> अदालत </W><W> ने </W><W> अफजल </W><W> को </W><W> नया </W><W> हलफनामा </W><W> दायर </W><W> करने </W><W> की </W><W> इजाजत </W><W> दे </W><W> दी। </W><W> विशेष </W><W> न्यायाधीश </W><W> शिवनारायण </W><W> धींगरा </W><W> ने </W><TIME-ARG ID="1"><LINK EVENT_ARG="0" ID="3" TYPE_REL="EVENT_ARG"/><W> 13 </W><W> दिसम्बर </W><W> , </W><W> 2001 </W></TIME-ARG><W> को </W><PLACE-ARG ID="2"><LINK EVENT_ARG="0" ID="4" TYPE_REL="EVENT_ARG"/><W> संसद </W><W> भवन </W></PLACE-ARG><W> पर </W><MAN_MADE_EVENT ID="0" TYPE="TERRORIST_ATTACK"><W> हमले </W></MAN_MADE_EVENT><W> के </W><W> जुर्म </W><W> में </W><W> अफजल </W><W> , </W><W> शौकत </W><W> हुसैन </W><W> गुरु </W><W> और </W><W> दिल्ली </W><W> विश्वविद्यालय </W><W> के </W><W> निलम्बित </W><W> शिक्षक </W><W> सैयद </W><W> अब्दुल </W><W> रहमान </W><W> जिलानी </W><W> को </W><W> मृत्युदंड </W><W> दिया </W><W> था। </W><W> शौकत </W><W> की </W><W> पत्नी </W><W> नवजोत </W><W> संधू </W><W> उर्फ </W><W> अफशां </W><W> गुरु </W><W> को </W><W> अदालत </W><W> ने </W><W> पांच </W><W> साल </W><W> के </W><W> कठोर </W><W> कारावास </W><W> का </W><W> दंड </W><W> सुनाया </W><W> था। </W><W> तीन </W><W> अभियुक्तों </W><W> की </W><W> अपील </W><W> अदालत </W><W> सुनवाई </W><W> के </W><W> लिए </W><W> स्वीकार </W><W> कर </W><W> चुकी </W><W> है। </W><W> विशेष </W><W> अदालत </W><W> ने </W><W> फांसी </W><W> की </W><W> सजा </W><W> की </W><W> पुष्टि </W><W> के </W><W> लिए </W><W> फाइल </W><W> पहले </W><W> ही </W><W> उच्च </W><W> न्यायालय </W><W> भेज </W><W> दी </W><W> है। </W></P></DOCUMENT>