<?xml version="1.0" encoding="UTF-8"?>
<DOCUMENT><P><W> fullnews_id_4449982_date_13_10_2006.utf8 </W></P><P><W> अफजल </W><W> की </W><W> सजा-ए-मौत </W><W> बरकरार </W></P><P><W> जस्टिस </W><W> सभरवाल </W><W> का </W><W> आखिरी </W><W> फैसला </W></P><P><W> शौकत </W><W> की </W><W> दस </W><W> साल </W><W> कैद </W><W> की </W><W> सजा </W><W> बरकरार </W></P><P><W> नई </W><W> दिल्ली। </W></P><P><W> सुप्रीम </W><W> कोर्ट </W><W> ने </W><PLACE-ARG ID="1"><LINK EVENT_ARG="0" ID="2" TYPE_REL="EVENT_ARG"/><W> संसद </W></PLACE-ARG><W> पर </W><MAN_MADE_EVENT ID="0" TYPE="TERRORIST_ATTACK"><W> आतंकी </W><W> हमले </W></MAN_MADE_EVENT><W> के </W><W> दोषी </W><W> मोहम्मद </W><W> अफजल </W><W> गुरु </W><W> की </W><W> मौत </W><W> की </W><W> सजा </W><W> को </W><W> बरकरार </W><W> रखा </W><W> है। </W><W> अफजल </W><W> की </W><W> फांसी </W><W> की </W><W> सजा </W><W> को </W><W> लेकर </W><W> चली </W><W> पांच </W><W> साल </W><W> की </W><W> कशमकश </W><W> के </W><W> बाद </W><W> आज </W><W> सर्वोच्च </W><W> अदालत </W><W> ने </W><W> सजा </W><W> की </W><W> समीक्षा </W><W> करने </W><W> के </W><W> लिए </W><W> दायर </W><W> उपचार </W><W> (क्यूरेटिव) </W><W> याचिका </W><W> को </W><W> खारिज </W><W> कर </W><W> दिया। </W><W> इसी </W><W> के </W><W> साथ </W><W> अब </W><W> अफजल </W><W> फांसी </W><W> के </W><W> फंदे </W><W> के </W><W> और </W><W> करीब </W><W> पहुंच </W><W> गया </W><W> है। </W><W> अब </W><W> उसकी </W><W> सांसें </W><W> राष्ट्रपति </W><W> की </W><W> दया </W><W> याचिका </W><W> पर </W><W> टिकी </W><W> हुई </W><W> हैं। </W><W> हालांकि </W><W> सर्वोच्च </W><W> अदालत </W><W> ने </W><W> कोई </W><W> नरमी </W><W> नहीं </W><W> दिखाते </W><W> हुए </W><W> इसी </W><W> मामले </W><W> के </W><W> एक </W><W> अन्य </W><W> दोषी </W><W> शौकत </W><W> हुसैन </W><W> गुरु </W><W> की </W><W> याचिका </W><W> को </W><W> भी </W><W> खारिज </W><W> कर </W><W> दिया। </W><W> अब </W><W> शौकत </W><W> को </W><W> दस </W><W> साल </W><W> जेल </W><W> में </W><W> ही </W><W> काटने </W><W> होंगे। </W><W> प्रधान </W><W> न्यायाधीश </W><W> वाई.के. </W><W> सभरवाल </W><W> की </W><W> अध्यक्षता </W><W> में </W><W> आज </W><W> पांच </W><W> जजों </W><W> की </W><W> विशेष </W><W> पीठ </W><W> ने </W><W> देर </W><W> शाम </W><W> यह </W><W> फैसला </W><W> सुनाया।सुप्रीम </W><W> कोर्ट </W><W> में </W><PLACE-ARG ID="4"><LINK EVENT_ARG="3" ID="12" TYPE_REL="EVENT_ARG"/><W> संसद </W></PLACE-ARG><W> पर </W><MAN_MADE_EVENT ID="3" TYPE="TERRORIST_ATTACK"><EVENT-COREF-LINK EVENT_ID="0" ID="17" TYPE_REL="EVENT_COREF"/><W> हमले </W></MAN_MADE_EVENT><W> की </W><W> साजिश </W><W> को </W><W> छिपाने </W><W> के </W><W> दोषी </W><W> शौकत </W><W> हुसैन </W><W> गुरु </W><W> की </W><W> दस </W><W> साल </W><W> सश्रम </W><W> कैद </W><W> की </W><W> सजा </W><W> माफ </W><W> करने </W><W> की </W><W> उपचार </W><W> याचिका </W><W> भी </W><W> खारिज </W><W> कर </W><W> दी </W><W> गई। </W><W> अफजल </W><W> और </W><W> शौकत </W><W> ने </W><W> सजा </W><W> के </W><W> खिलाफ </W><W> अदालत </W><W> के </W><W> रास्ते </W><W> अपने </W><W> बचाव </W><W> की </W><W> यह </W><W> आखिरी </W><W> आजमाइश </W><W> की </W><W> थी। </W><W> दरअसल, </W><W> १८ </W><W> दिसंबर </W><W> २००२ </W><W> को </W><W> ही </W><W> सुनवाई </W><W> अदालत </W><W> ने </W><W> अफजल </W><W> समेत </W><W> तीन </W><W> को </W><W> मौत </W><W> की </W><W> सजा </W><W> सुनाई </W><W> थी। </W></P><P><W> याचिका </W><W> को </W><W> 'आफ्टर </W><W> थॅट' </W><W> मानते </W><W> हुए </W><W> खारिज </W></P><P><W> प्रधान </W><W> न्यायाधीश </W><W> और </W><W> उनके </W><W> सहयोगी </W><W> जजों </W><W> ने </W><W> दोनों </W><W> याचिकाओं </W><W> में </W><W> कोई </W><W> ऐसा </W><W> ठोस </W><W> तर्कनहीं </W><W> पाया </W><W> जिसके </W><W> आधार </W><W> पर </W><W> सजा </W><W> के </W><W> आदेश </W><W> में </W><W> हस्तक्षेप </W><W> किया </W><W> जा </W><W> सके। </W><W> पीठ </W><W> ने </W><W> मोहम्मद </W><W> अफजल </W><W> की </W><W> याचिका </W><W> को </W><W> 'आफ्टर </W><W> थॅट' </W><W> मानते </W><W> हुए </W><W> खारिज </W><W> कर </W><W> दिया। </W><W> पीठ </W><W> में </W><W> मनोनीत </W><W> प्रधान </W><W> न्यायाधीश </W><W> के.जी. </W><W> बालाकृष्णन, </W><W> बी.एन. </W><W> अग्रवाल </W><W> और </W><W> जी.पी. </W><W> माथुर </W><W> जैसे </W><W> वरिष्ठ </W><W> जज </W><W> शामिल </W><W> थे। </W><W> सभरवाल </W><W> का </W><W> सुप्रीम </W><W> कोर्ट </W><W> में </W><W> आज </W><W> आखिरी </W><W> दिन </W><W> था </W><W> इस </W><W> वजह </W><W> से </W><W> यह </W><W> फैसला </W><W> भी </W><W> उनका </W><W> आखिरी </W><W> फैसला </W><W> है। </W><W> १४ </W><W> जनवरी </W><W> को </W><W> उनकी </W><W> जगह </W><W> जस्टिस </W><W> बालाकृष्णन </W><W> मुख्य </W><W> न्यायाधीश </W><W> का </W><W> कार्यभार </W><W> संभालेंगे। </W></P><P><W> याचिका </W><W> में </W><W> जैश-ए-मोहम्मद </W><W> के </W><W> आतंकी </W><W> अफजल </W><W> ने </W><W> कहा </W><W> कि </W><W> निचली </W><W> अदालत </W><W> में </W><W> सुनवाई </W><W> के </W><W> दौरान </W><W> उसकी </W><W> उचित </W><W> पैरवी </W><W> नहीं </W><W> हो </W><W> पाई </W><W> जिसके </W><W> कारण </W><W> उसे </W><W> न्याय </W><W> नहीं </W><W> मिल </W><W> पाया। </W><W> उसका </W><W> यह </W><W> भी </W><W> कहना </W><W> था </W><W> कि </W><W> सेशन </W><W> जज </W><W> एस.एन. </W><W> धींगरा </W><W> ने </W><W> जो </W><W> एमाइकस </W><W> क्यूरी </W><W> नियुक्त </W><W> किया </W><W> था </W><W> वह </W><W> बहुत </W><W> ही </W><W> जूनियर </W><W> वकील </W><W> था। </W><W> दरअसल </W><W> वह </W><W> मामले </W><W> में </W><W> अफजल </W><W> की </W><W> पूर्व </W><W> वकील </W><W> रही </W><W> सीमा </W><W> गुलाटी </W><W> का </W><W> जूनियर </W><W> नीरज </W><W> बंसल </W><W> था। </W><W> बंसल </W><W> की </W><W> कानूनी </W><W> समझ </W><W> पर </W><W> संदेह </W><W> व्यक्त </W><W> करते </W><W> हुए </W><W> अफजल </W><W> ने </W><W> कहा </W><W> है </W><W> उसके </W><W> मामले </W><W> की </W><W> पैरवी </W><W> बहुत </W><W> लापरवाहीसे </W><W> की </W><W> गई। </W><W> बंसल </W><W> को </W><W> यह </W><W> नहीं </W><W> पता </W><W> था </W><W> कि </W><W> केस </W><W> को </W><W> कैसे </W><W> पेश </W><W> किया </W><W> जाए। </W><W> हालांकि </W><W> सेशन </W><W> कोर्ट </W><W> ने </W><W> बंसल </W><W> को </W><W> नियुक्त </W><W> करने </W><W> का </W><W> फैसला </W><W> तब </W><W> किया </W><W> जब </W><W> कशमीरी </W><W> मूल </W><W> के </W><W> अधिवक्ता </W><W> आर.एम. </W><W> तुफैल </W><W> और </W><W> आई.यू. </W><W> खान </W><W> सरीखे </W><W> पांच </W><W> वकीलों </W><W> ने </W><W> उसकी </W><W> पैरवी </W><W> करने </W><W> से </W><W> इनकार </W><W> कर </W><W> दिया। </W></P><P><W> अफजल </W><W> ने </W><W> याचिका </W><W> में </W><W> स्वयं </W><W> को </W><W> सुधारने </W><W> की </W><W> दुहाई </W><W> दी </W><W> थी। </W><W> उसने </W><W> कहा </W><W> कि </W><W> वह </W><W> एक </W><W> बार </W><W> पाकिस्तान </W><W> जरूर </W><W> गया </W><W> था </W><W> लेकिन </W><W> वहां </W><W> से </W><W> आने </W><W> के </W><W> बाद </W><W> जब </W><W> बीएसएफ </W><W> ने </W><W> उसे </W><W> पकड़ा </W><W> तो </W><W> उसका </W><W> मन </W><W> बदल </W><W> गया </W><W> और </W><W> उसने </W><W> किसी </W><W> भी </W><MAN_MADE_EVENT ID="5" TYPE="TERRORIST_ATTACK"><EVENT-COREF-LINK EVENT_ID="0" ID="18" TYPE_REL="EVENT_COREF"/><W> आतंकी </W><W> घटना </W></MAN_MADE_EVENT><W> में </W><W> स्वयं </W><W> को </W><W> शामिल </W><W> नहीं </W><W> किया। </W><W> उसने </W><TIME-ARG ID="8"><LINK EVENT_ARG="6" ID="14" TYPE_REL="EVENT_ARG"/><W> २००१ </W></TIME-ARG><W> में </W><PLACE-ARG ID="7"><LINK EVENT_ARG="6" ID="13" TYPE_REL="EVENT_ARG"/><W> संसद </W></PLACE-ARG><W> पर </W><MAN_MADE_EVENT ID="6" TYPE="TERRORIST_ATTACK"><EVENT-COREF-LINK EVENT_ID="0" ID="19" TYPE_REL="EVENT_COREF"/><W> हमले </W></MAN_MADE_EVENT><W> की </W><W> वारदात </W><W> में </W><W> हाथ </W><W> होने </W><W> से </W><W> भी </W><W> इंकार </W><W> किया। </W><W> गौरतलब </W><W> है </W><W> कि </W><TIME-ARG ID="10"><LINK EVENT_ARG="9" ID="15" TYPE_REL="EVENT_ARG"/><W> १३ </W><W> दिसंबर </W><W> २००१ </W></TIME-ARG><W> को </W><PLACE-ARG ID="11"><LINK EVENT_ARG="9" ID="16" TYPE_REL="EVENT_ARG"/><W> संसद </W></PLACE-ARG><W> पर </W><W> हुए </W><MAN_MADE_EVENT ID="9" TYPE="TERRORIST_ATTACK"><EVENT-COREF-LINK EVENT_ID="0" ID="20" TYPE_REL="EVENT_COREF"/><W> हमले </W></MAN_MADE_EVENT><W> में </W><W> पांच </W><W> आतंकियों </W><W> समेत </W><W> बारह </W><W> लोग </W><W> मारे </W><W> गए </W><W> थे। </W></P><P><W> अलगाववादियों </W><W> की </W><W> निगाहें </W><W> कलाम </W><W> के </W><W> फैसले </W><W> पर </W></P><P><W> श्रीनगर। </W><MAN_MADE_EVENT ID="21" TYPE="TERRORIST_ATTACK"><EVENT-COREF-LINK EVENT_ID="0" ID="22" TYPE_REL="EVENT_COREF"/><W> संसद </W><W> हमले </W></MAN_MADE_EVENT><W> के </W><W> आरोपी </W><W> मोहम्मद </W><W> अफजल </W><W> गुरु </W><W> की </W><W> फांसी </W><W> की </W><W> सजा </W><W> को </W><W> बरकरार </W><W> रखने </W><W> का </W><W> रियासत </W><W> में </W><W> कोई </W><W> खास </W><W> असर </W><W> नहीं </W><W> पड़ा </W><W> है। </W><W> फांसी </W><W> का </W><W> विरोध </W><W> करने </W><W> वाले </W><W> अलगाववादियों </W><W> का </W><W> कहना </W><W> है </W><W> कि </W><W> अफजल </W><W> मसले </W><W> में </W><W> हमें </W><W> पहले </W><W> भी </W><W> कोई </W><W> उम्मीद </W><W> नहीं </W><W> है। </W><W> उनकी </W><W> निगाहें </W><W> राष्ट्रपति </W><W> के </W><W> फैसले </W><W> पर </W><W> टिकी </W><W> हुई </W><W> है। </W><W> कुछ </W><W> अलगाववादी </W><W> संगठनों </W><W> ने </W><W> माहौल </W><W> बिगड़ने </W><W> की </W><W> आशंका </W><W> जताई। </W><W> हुर्रियत </W><W> नेता </W><W> मीरवाइज </W><W> उमर </W><W> फारूक </W><W> ने </W><W> कहा </W><W> कि </W><W> सुप्रीम </W><W> कोर्ट </W><W> ने </W><W> अपना </W><W> फैसला </W><W> पहले </W><W> ही </W><W> सुना </W><W> दिया </W><W> है </W><W> लिहाजा </W><W> इससे </W><W> कोई </W><W> फर्क </W><W> नहीं </W><W> पड़ता। </W><W> उन्होंने </W><W> कहा </W><W> कि </W><W> यह </W><W> तो </W><W> पहले </W><W> से </W><W> ही </W><W> तय </W><W> था </W><W> कि </W><W> याचिक </W><W> को </W><W> सुप्रीम </W><W> कोर्ट </W><W> खारिज </W><W> कर </W><W> देगा। </W><W> सही </W><W> फैसला </W><W> तो </W><W> राष्ट्रपति </W><W> को </W><W> करना </W><W> है। </W></P><P><W> तहरीक-ए-हुर्रियत </W><W> केनेता </W><W> गुलाम </W><W> नबी </W><W> सुमजी </W><W> का </W><W> कहना </W><W> है </W><W> कि </W><W> सुप्रीम </W><W> कोर्ट </W><W> ने </W><W> उसके </W><W> मामले </W><W> में </W><W> फिर </W><W> से </W><W> सुनवाई </W><W> करने </W><W> की </W><W> याचिका </W><W> को </W><W> खारिज </W><W> किए </W><W> जाने </W><W> से </W><W> उन्हें </W><W> कोई </W><W> आशचर्य </W><W> नहीं </W><W> हुआ </W><W> है। </W><W> अफजल </W><W> को </W><W> अपनी </W><W> सुनवाई </W><W> का </W><W> पहले </W><W> से </W><W> ही </W><W> पूरा </W><W> मौका </W><W> नहीं </W><W> मिला </W><W> है। </W><W> इस </W><W> मामले </W><W> में </W><W> अभी </W><W> तक </W><W> राष्ट्रपति </W><W> केपास </W><W> उसकी </W><W> फांसी </W><W> की </W><W> सजा </W><W> को </W><W> माफ </W><W> करने </W><W> की </W><W> अपील </W><W> लंबित </W><W> है। </W></P><P><W> जेकेएलएफ </W><W> नेता </W><W> यासीन </W><W> मलिक </W><W> का </W><W> कहना </W><W> है </W><W> कि </W><W> जब </W><W> अफजल </W><W> को </W><W> सुनवाई </W><W> के </W><W> दौरान </W><W> ही </W><W> पूरा </W><W> मौका </W><W> नहीं </W><W> मिला </W><W> तो </W><W> उसकी </W><W> अपील </W><W> खारिज </W><W> होना </W><W> नई </W><W> बात </W><W> नहीं </W><W> है। </W><W> ऐसे </W><W> में </W><W> यहां </W><W> हालात </W><W> और </W><W> बिगड़ेंगे। </W><W> डेमोकेट्रिव </W><W> फ्रीडम </W><W> पार्टी </W><W> केनेता </W><W> फिरदौस </W><W> शाह </W><W> केमुताबिक </W><W> इससे </W><W> कशमीर </W><W> में </W><W> अमन </W><W> और </W><W> विशवास </W><W> बहाली </W><W> की </W><W> प्रक्रिया </W><W> को </W><W> धक्का </W><W> लगेगा। </W><W> उन्होंने </W><W> कहा </W><W> कि </W><W> आज </W><W> देश </W><W> में </W><W> कशमीरियों </W><W> की </W><W> जिस </W><W> नजर </W><W> से </W><W> देखा </W><W> जाता </W><W> है, </W><W> उसका </W><W> शफकत </W><W> मकूदनी </W><W> जीता </W><W> जागता </W><W> उदाहरण </W><W> है। </W><W> ऐसे </W><W> फैसलों </W><W> से </W><W> कशमीर </W><W> की </W><W> जनता </W><W> की </W><W> भावनाएं </W><W> आहत </W><W> होती </W><W> हैं </W><W> और </W><W> शांति </W><W> की </W><W> प्रक्रिया </W><W> में </W><W> बाधा </W><W> खड़ी </W><W> हो </W><W> सकती </W><W> है। </W><W> अभी </W><W> हमने </W><W> उम्मीद </W><W> नहीं </W><W> छोड़ी </W><W> है, </W><W> राष्ट्रपति </W><W> केयहां </W><W> पर </W><W> अपील </W><W> पर </W><W> फैसला </W><W> आना </W><W> बाकी </W><W> है। </W><W> उन्हें </W><W> उम्मीद </W><W> है </W><W> कि </W><W> राष्ट्रपति </W><W> अफजल </W><W> के </W><W> साथ </W><W> न्याय </W><W> करेंगे। </W></P><P><W> दुख्तराने </W><W> मिल्लत </W><W> की </W><W> प्रमुख </W><W> आसियां </W><W> इंद्रावी </W><W> का </W><W> कहना </W><W> है </W><W> कि </W><W> उन्हें </W><W> इस </W><W> प्रकार </W><W> केफैसले </W><W> की </W><W> पहले </W><W> से </W><W> ही </W><W> उम्मीद </W><W> थी। </W><W> अफजल </W><W> केमामले </W><W> में </W><W> देश </W><W> केकानून </W><W> से </W><W> कोई </W><W> भी </W><W> उम्मीद </W><W> रखना </W><W> बेकार </W><W> होगा। </W><W> जहां </W><W> तक </W><W> जुमे </W><W> के </W><W> दिन </W><W> उसको </W><W> सजा </W><W> और </W><W> फिर </W><W> फांसी </W><W> की </W><W> तारीख </W><W> तय </W><W> और </W><W> आज </W><W> फिर </W><W> जुमे </W><W> केलिए </W><W> ही </W><W> उसकी </W><W> अपील </W><W> को </W><W> खारिज </W><W> किए </W><W> जाने </W><W> के </W><W> बारे </W><W> में </W><W> उन्होंने </W><W> कहा </W><W> भारत </W><W> का </W><W> कानून </W><W> और </W><W> भारत </W><W> की </W><W> सरकार </W><W> हमारे </W><W> जज्बातों </W><W> से </W><W> खेल </W><W> रही </W><W> है। </W><W> आम </W><W> लोगों </W><W> ने </W><W> भी </W><W> अपनी </W><W> तीखी </W><W> प्रतिक्रिया </W><W> दी </W><W> है। </W><W> जहांगीर </W><W> चौक </W><W> पर </W><W> जरनल </W><W> स्टोर </W><W> चलाने </W><W> वाले </W><W> बशीर </W><W> अहमद </W><W> का </W><W> कहना </W><W> है </W><W> कि </W><W> इससे </W><W> यहां </W><W> शांति </W><W> और </W><W> अमन </W><W> में </W><W> बाधा </W><W> आएगी। </W><W> आंदोलन </W><W> होंगे </W><W> और </W><W> लोग </W><W> सड़कों </W><W> पर </W><W> निकलकर </W><W> इसका </W><W> विरोध </W><W> करेंगे। </W><W> इसी </W><W> प्रकार </W><W> की </W><W> प्रतिक्रिया </W><W> इकबाल </W><W> अहमद </W><W> डार, </W><W> मोहम्मद </W><W> फिरोज </W><W> बागे </W><W> आदि </W><W> ने </W><W> भी </W><W> दी </W><W> है। </W></P><P><W> आखिर </W><W> हर </W><W> बार </W><W> जुमा </W><W> ही </W><W> क्यों </W></P><P><W> श्रीनगर। </W><W> अफजल </W><W> के </W><W> मामले </W><W> में </W><W> कोर्ट </W><W> ने </W><W> हमेशा </W><W> जुमा </W><W> ही </W><W> चुने </W><W> जाने </W><W> पर </W><W> रोष </W><W> है। </W><W> पोलिटिकल </W><W> डेमोकेटिव </W><W> मूवमेंट </W><W> पार्टी </W><W> के </W><W> प्रमुख </W><W> मोहम्मद </W><W> फिरदौस </W><W> अहमद </W><W> का </W><W> कहना </W><W> है </W><W> कि </W><W> जब </W><W> अफजल </W><W> को </W><W> फांसी </W><W> की </W><W> सजा </W><W> सुनाई </W><W> गई </W><W> तब </W><W> भी </W><W> जुमा </W><W> था। </W><W> जिस </W><W> दिन </W><W> फांसी </W><W> की </W><W> सजा </W><W> देने </W><W> की </W><W> तारीख </W><W> तय </W><W> की </W><W> गई </W><W> उस </W><W> दिन </W><W> भी </W><W> जुमा </W><W> था, </W><W> और </W><W> आज </W><W> जब </W><W> सुप्रीम </W><W> कोर्ट </W><W> ने </W><W> उसकी </W><W> अपील </W><W> को </W><W> खारिज </W><W> किया, </W><W> तब </W><W> भी </W><W> जुमा </W><W> है। </W><W> मुसलिम </W><W> समाज </W><W> के </W><W> लिए </W><W> पवित्र </W><W> दिन </W><W> जुमे </W><W> को </W><W> ही </W><W> ऐसा </W><W> फैसला </W><W> सुनाए </W><W> जाने </W><W> केपीछे </W><W> गहरी </W><W> साजिश </W><W> की </W><W> बू </W><W> आती </W><W> है। </W><W> यह </W><W> लोगों </W><W> की </W><W> भावनाओं </W><W> और </W><W> जज्बातों </W><W> केसाथ </W><W> खिलवाड़ </W><W> करने </W><W> जैसा </W><W> है। </W><W> इससे </W><W> कशमीर </W><W> में </W><W> एक </W><W> बार </W><W> फिर </W><W> वह </W><W> वातावरण </W><W> पैदा </W><W> होने </W><W> की </W><W> आशंका </W><W> है </W><W> जो </W><W> अभी </W><W> तक </W><W> चलता </W><W> चला </W><W> आया </W><W> है। </W></P><P><W> अफजल </W><W> को </W><W> तुरंत </W><W> फांसी </W><W> दी </W><W> जाए </W><W> भाजपा </W></P><P><W> नई </W><W> दिल्ली। </W><W> संसद </W><W> पर </W><W> हमले </W><W> मामले </W><W> के </W><W> दोषी </W><W> अफजल </W><W> गुरु </W><W> को </W><W> फांसी </W><W> देने </W><W> की </W><W> मांग </W><W> एक </W><W> बार </W><W> फिर </W><W> तेज </W><W> हो </W><W> गई </W><W> है। </W><W> अफजल </W><W> की </W><W> पुनर्विचार </W><W> याचिका </W><W> को </W><W> प्रधान </W><W> न्यायाधीश </W><W> वाई </W><W> के </W><W> सभरवाल </W><W> की </W><W> अध्यक्षता </W><W> में </W><W> गठित </W><W> खंडपीठ </W><W> ने </W><W> खारिज </W><W> कर </W><W> दी </W><W> है। </W><W> इस </W><W> निणय </W><W> के </W><W> बाद </W><W> भाजपा </W><W> के </W><W> पूर्व </W><W> अध्यक्ष </W><W> वेंकैया </W><W> नायडू </W><W> ने </W><W> अफजल </W><W> को </W><W> तुरंत </W><W> फांसी </W><W> देने </W><W> की </W><W> मांग </W><W> की। </W><W> नायडू </W><W> ने </W><W> कहा </W><W> कि </W><W> अफजल </W><W> की </W><W> फांसी </W><W> को </W><W> टालकर </W><W> सरकार </W><W> अल्पसंख्यक </W><W> समुदाय </W><W> की </W><W> सहानुभूति </W><W> पाना </W><W> चाहती </W><W> है। </W><W> उन्होंने </W><W> कहा </W><W> कि </W><W> अगर </W><W> इससे </W><W> यूपीए </W><W> विधानसभा </W><W> चुनावों </W><W> में </W><W> लाभ </W><W> लेना </W><W> चाहती </W><W> है </W><W> तो </W><W> उसे </W><W> यह </W><W> समझ </W><W> लेना </W><W> चाहिए </W><W> कि </W><W> सुप्रीम </W><W> कोर्ट </W><W> के </W><W> याचिका </W><W> खारिज </W><W> करने </W><W> के </W><W> बाद </W><W> यूपीए </W><W> गठबंधन </W><W> फैसले </W><W> को </W><W> टालकर </W><W> देश </W><W> की </W><W> सहानुभूति </W><W> खो </W><W> सकता </W><W> है। </W></P></DOCUMENT>