<?xml version="1.0" encoding="UTF-8"?>
<DOCUMENT><P><W> fullnews_id_4882794.utf8 </W></P><P><W> अफजल </W><W> की </W><W> सजा </W><W> ए </W><W> मौत </W><W> बरकरार </W></P><P><W> जस्टिस </W><W> सभरवाल </W><W> का </W><W> आखिरी </W><W> फैसला </W></P><P><W> शौकत </W><W> की </W><W> दस </W><W> साल </W><W> कैद </W><W> की </W><W> सजा </W><W> बरकरार </W></P><P><W> नई </W><W> दिल्ली। </W></P><P><W> सुप्रीम </W><W> कोर्ट </W><W> ने </W><W> संसद </W><W> पर </W><MAN_MADE_EVENT ID="0" TYPE="TERRORIST_ATTACK"><W> आतंकी </W><W> हमले </W></MAN_MADE_EVENT><W> के </W><W> दोषी </W><W> मोहम्मद </W><W> अफजल </W><W> की </W><W> मौत </W><W> की </W><W> सजा </W><W> को </W><W> शुक्रवार </W><W> को </W><W> बरकरार </W><W> रखा। </W><W> सर्वोच्च </W><W> अदालत </W><W> ने </W><W> सजा </W><W> की </W><W> समीक्षा </W><W> करने </W><W> की </W><W> अफजल </W><W> की </W><W> उपचार </W><W> याचिका </W><W> को </W><W> खारिज </W><W> कर </W><W> दिया। </W><W> इसी </W><W> के </W><W> साथ </W><W> उसे </W><W> फांसी </W><W> पर </W><W> चढ़ाए </W><W> जाने </W><W> का </W><W> रास्ता </W><W> साफ </W><W> हो </W><W> गया </W><W> है। </W><W> इतना </W><W> ही </W><W> नहीं, </W><W> अदालत </W><W> ने </W><W> कोई </W><W> नरमी </W><W> न </W><W> दिखाते </W><W> हुए </W><W> इसी </W><W> मामले </W><W> की </W><W> अन्य </W><W> दोषी </W><W> शौकत </W><W> हुसैन </W><W> गुरु </W><W> की </W><W> याचिका </W><W> को </W><W> भी </W><W> खारिज </W><W> कर </W><W> दिया। </W><W> अब </W><W> गुरु </W><W> को </W><W> दस </W><W> साल </W><W> जेल </W><W> में </W><W> ही </W><W> काटने </W><W> होंगे। </W><W> मुख्य </W><W> न्यायाधीश </W><W> वाई.के. </W><W> सभरवाल </W><W> की </W><W> अध्यक्षता </W><W> में </W><W> आज </W><W> पांच </W><W> जजों </W><W> की </W><W> विशेष </W><W> पीठ </W><W> ने </W><W> देर </W><W> शाम </W><W> यह </W><W> फैसला </W><W> किया। </W></P><P><W> 'आफ्टर </W><W> थॅट' </W><W> मानते </W><W> हुए </W><W> खारिज </W></P><P><W> मुख्य </W><W> न्यायाधीश </W><W> और </W><W> उनके </W><W> सहयोगी </W><W> जजों </W><W> ने </W><W> याचिका </W><W> किन </W><W> कारणों </W><W> से </W><W> खारिज </W><W> की </W><W> यह </W><W> पता </W><W> नहीं </W><W> लग </W><W> सका </W><W> क्योंकि </W><W> उपचार </W><W> याचिका </W><W> की </W><W> कार्यवाही </W><W> गोपनीय </W><W> रखी </W><W> जाती </W><W> है। </W><W> लेकिन </W><W> माना </W><W> जा </W><W> रहा </W><W> है </W><W> कि </W><W> कोर्ट </W><W> ने </W><W> उसकी </W><W> याचिका </W><W> में </W><W> कोई </W><W> ऐसा </W><W> ठोस </W><W> तर्कनहीं </W><W> पाया </W><W> जिसके </W><W> आधार </W><W> पर </W><W> उसकी </W><W> फांसी </W><W> के </W><W> आदेश </W><W> में </W><W> हस्तक्षेप </W><W> किया </W><W> जा </W><W> सके। </W><W> पीठ </W><W> ने </W><W> उसकी </W><W> याचिका </W><W> को </W><W> 'आफ्टर </W><W> थॅट' </W><W> मानते </W><W> हुए </W><W> खारिज </W><W> कर </W><W> दिया। </W><W> पीठ </W><W> में </W><W> मनोनीत </W><W> मुख्य </W><W> न्यायाधीश </W><W> केजी </W><W> बालाकृष्णन, </W><W> बीएन </W><W> अग्रवाल </W><W> और </W><W> जीपी </W><W> माथुर </W><W> जैसे </W><W> वरिष्ठ </W><W> जज </W><W> शामिल </W><W> थे। </W><W> सभरवाल </W><W> का </W><W> सुप्रीम </W><W> कोर्ट </W><W> में </W><W> आज </W><W> आखिरी </W><W> दिन </W><W> था </W><W> इस </W><W> वजह </W><W> से </W><W> यह </W><W> फैसला </W><W> भी </W><W> उनका </W><W> आखिरी </W><W> फैसला </W><W> है। </W><W> १४ </W><W> जनवरी </W><W> को </W><W> उनकी </W><W> जगह </W><W> जस्टिस </W><W> बालाकृष्णन </W><W> मुख्य </W><W> न्यायाधीश </W><W> का </W><W> कार्यभार </W><W> संभालेंगे। </W></P><P><W> पैरवी </W><W> बहुत </W><W> लापरवाह </W><W> तरीकेसे </W><W> की </W><W> गई </W></P><P><W> याचिका </W><W> में </W><W> कशमीरी </W><W> आतंकी </W><W> अफजल </W><W> ने </W><W> कहा </W><W> था </W><W> कि </W><W> निचली </W><W> अदालत </W><W> में </W><W> सुनवाई </W><W> के </W><W> दौरान </W><W> उसकी </W><W> उचित </W><W> पैरवी </W><W> नहीं </W><W> हो </W><W> पाई </W><W> जिसके </W><W> कारण </W><W> उसे </W><W> न्याय </W><W> नहीं </W><W> मिल </W><W> पाया। </W><W> उसका </W><W> यह </W><W> भी </W><W> कहना </W><W> था </W><W> कि </W><W> सेशन </W><W> जज </W><W> एसएन </W><W> धींगरा </W><W> ने </W><W> उसके </W><W> लिए </W><W> जो </W><W> एमाइकस </W><W> क्यूरी </W><W> अधिवक्ता </W><W> नियुक्त </W><W> किया </W><W> था </W><W> वह </W><W> बहुत </W><W> ही </W><W> जूनियर </W><W> वकील </W><W> था। </W><W> दरअसल </W><W> वह </W><W> मामले </W><W> में </W><W> अफजल </W><W> की </W><W> पूर्व </W><W> वकील </W><W> रही </W><W> सीमा </W><W> गुलाटी </W><W> का </W><W> जूनियर </W><W> नीरज </W><W> बंसल </W><W> था। </W><W> बंसल </W><W> की </W><W> कानूनी </W><W> समझ </W><W> पर </W><W> संदेह </W><W> व्यक्त </W><W> करते </W><W> हुए </W><W> अफजल </W><W> ने </W><W> कहा </W><W> है </W><W> उसके </W><W> मामले </W><W> की </W><W> पैरवी </W><W> बहुत </W><W> लापरवाह </W><W> तरीकेसे </W><W> की </W><W> गई। </W><W> बंसल </W><W> को </W><W> यह </W><W> नहीं </W><W> पता </W><W> था </W><W> कि </W><W> केस </W><W> को </W><W> कैसे </W><W> पेश </W><W> किया </W><W> जाए। </W><W> इसके </W><W> अलावा </W><W> उसकी </W><W> पूर्व </W><W> अधिवक्ता </W><W> सीमा </W><W> गुलाटी </W><W> ने </W><W> कभी </W><W> उससे </W><W> कोई </W><W> निर्देश </W><W> नहीं </W><W> लिया </W><W> न </W><W> ही </W><W> उससे </W><W> कोई </W><W> सलाह </W><W> मशविरा </W><W> किया। </W><W> हालांकि </W><W> सेशन </W><W> कोर्ट </W><W> ने </W><W> बंसल </W><W> को </W><W> नियुक्त </W><W> करने </W><W> का </W><W> फैसला </W><W> तब </W><W> किया </W><W> जब </W><W> कशमीरी </W><W> मूल </W><W> के </W><W> अधिवक्ता </W><W> आरएम </W><W> तुफैल </W><W> और </W><W> आइयू </W><W> खान </W><W> सरीखे </W><W> पांच </W><W> वकीलों </W><W> ने </W><W> उसकी </W><W> पैरवी </W><W> करने </W><W> से </W><W> इनकार </W><W> कर </W><W> दिया। </W></P><P><W> अफजल </W><W> ने </W><W> याचिका </W><W> में </W><W> स्वयं </W><W> को </W><W> सुधारने </W><W> की </W><W> दुहाई </W><W> दी </W><W> थी। </W><W> उसने </W><W> कहा </W><W> कि </W><W> वह </W><W> एक </W><W> बार </W><W> पाकिस्तान </W><W> जरूर </W><W> गया </W><W> था </W><W> लेकिन </W><W> वहां </W><W> से </W><W> आने </W><W> के </W><W> बाद </W><W> जब </W><W> बीएसएफ </W><W> ने </W><W> उसे </W><W> पकड़ा </W><W> तो </W><W> उसका </W><W> मन </W><W> बदल </W><W> गया </W><W> और </W><W> उसने </W><W> किसी </W><W> भी </W><W> आतंकी </W><W> घटना </W><W> में </W><W> स्वयं </W><W> को </W><W> शामिल </W><W> नहीं </W><W> किया। </W><W> उसने </W><TIME-ARG ID="6"><LINK EVENT_ARG="4" ID="8" TYPE_REL="EVENT_ARG"/><W> २००१ </W></TIME-ARG><W> में </W><PLACE-ARG ID="5"><LINK EVENT_ARG="4" ID="7" TYPE_REL="EVENT_ARG"/><W> संसद </W></PLACE-ARG><W> पर </W><MAN_MADE_EVENT ID="4" TYPE="TERRORIST_ATTACK"><EVENT-COREF-LINK EVENT_ID="0" ID="11" TYPE_REL="EVENT_COREF"/><W> हमले </W></MAN_MADE_EVENT><W> की </W><W> वारदात </W><W> में </W><W> हाथ </W><W> होने </W><W> से </W><W> भी </W><W> इंकार </W><W> किया। </W><W> गौरतलब </W><W> है </W><W> कि </W><W> जैश-ए-मोहम्मद </W><W> का </W><W> आतंकी </W><W> अफजल </W><TIME-ARG ID="2"><LINK EVENT_ARG="1" ID="9" TYPE_REL="EVENT_ARG"/><W> १३ </W><W> दिसंबर </W><W> २००१ </W></TIME-ARG><W> को </W><W> हुए </W><PLACE-ARG ID="3"><LINK EVENT_ARG="1" ID="10" TYPE_REL="EVENT_ARG"/><W> संसद </W></PLACE-ARG><W> पर </W><MAN_MADE_EVENT ID="1" TYPE="TERRORIST_ATTACK"><EVENT-COREF-LINK EVENT_ID="0" ID="12" TYPE_REL="EVENT_COREF"/><W> हमले </W></MAN_MADE_EVENT><W> और </W><W> उसकी </W><W> साजिश </W><W> में </W><W> शामिल </W><W> था। </W><W> इस </W><W> आतंकी </W><W> हमले </W><W> में </W><W> पांच </W><W> आतंकियों </W><W> समेत </W><W> बारह </W><W> लोग </W><W> मारे </W><W> गए </W><W> थे। </W><W> २००२ </W><W> में </W><W> दिल्ली </W><W> की </W><W> अदालत </W><W> ने </W><W> अफजल </W><W> समेत </W><W> तीन </W><W> दोषियों </W><W> को </W><W> मौत </W><W> की </W><W> सजा </W><W> सुनाई </W><W> थी। </W></P></DOCUMENT>