<?xml version="1.0" encoding="UTF-8"?>
<DOCUMENT><P><W> fullnews_id_4944331.utf8 </W></P><P><W> अफजल </W><W> की </W><W> सजा </W><W> टली </W><W> तो </W><W> अशोक </W><W> चक्र </W><W> लौटा </W><W> देंगे </W></P><P><W> फर्रुखाबाद। </W></P><P><PLACE-ARG ID="1"><LINK EVENT_ARG="0" ID="5" TYPE_REL="EVENT_ARG"/><W> संसद </W></PLACE-ARG><W> पर </W><W> हुए </W><MAN_MADE_EVENT ID="0" TYPE="TERRORIST_ATTACK"><W> हमले </W></MAN_MADE_EVENT><W> में </W><W> शहीद </W><W> हुई </W><W> केंद्रीय </W><W> सुरक्षा </W><W> बल </W><W> की </W><W> जवान </W><W> कमलेश </W><W> के </W><W> पिता </W><W> और </W><W> उसकी </W><W> पुत्रियां </W><W> हमले </W><W> के </W><W> अभियुक्त </W><W> अफजल </W><W> को </W><W> फांसी </W><W> दिए </W><W> जाने </W><W> के </W><W> हुक्म </W><W> से </W><W> काफी </W><W> खुश </W><W> हैं, </W><W> लेकिन </W><W> कई </W><W> जिम्मेदार </W><W> लोगों </W><W> की </W><W> ओर </W><W> से </W><W> महामहिम </W><W> राष्ट्रपति </W><W> से </W><W> फांसी </W><W> की </W><W> सजा </W><W> टाले </W><W> जाने </W><W> की </W><W> अपील </W><W> से </W><W> नाराज </W><W> भी </W><W> हैं। </W><W> पिता </W><W> राजाराम </W><W> ने </W><W> कहते </W><W> है </W><W> कि </W><W> सोचिए </W><W> आतंकवादी </W><W> अगर </W><W> संसद </W><W> के </W><W> अंदर </W><W> घुस </W><W> जाते </W><W> तो </W><W> देश </W><W> का </W><W> क्या </W><W> होता? </W><W> इसलिए </W><W> आतंकी </W><W> को </W><W> मौत </W><W> की </W><W> सजा </W><W> मिलनी </W><W> ही </W><W> चाहिए। </W><W> किसी </W><W> भी </W><W> कारण </W><W> से </W><W> उसकी </W><W> मौत </W><W> की </W><W> सजा </W><W> टली </W><W> तो </W><W> बेटी </W><W> की </W><W> बहादुरी </W><W> पर </W><W> मिला </W><W> अशोक </W><W> चक्र </W><W> महामहिम </W><W> को </W><W> वापस </W><W> कर </W><W> दिया </W><W> जाएगा। </W></P><P><W> परिजनों </W><W> के </W><W> साथ </W><W> पदक </W><W> का </W><W> भी </W><W> अपमान </W></P><P><W> केंद्रीय </W><W> सुरक्षा </W><W> बल </W><W> की </W><W> जवान </W><W> कमलेश </W><W> का </W><W> जन्म </W><W> बढ़पुर </W><W> ब्लाक </W><W> के </W><W> गांव </W><W> नरायनपुर </W><W> में </W><W> हुआ </W><W> था। </W><TIME-ARG ID="3"><LINK EVENT_ARG="2" ID="6" TYPE_REL="EVENT_ARG"/><W> १३ </W><W> दिसंबर </W><W> २००१ </W></TIME-ARG><W> को </W><PLACE-ARG ID="4"><LINK EVENT_ARG="2" ID="7" TYPE_REL="EVENT_ARG"/><W> संसद </W></PLACE-ARG><W> में </W><W> हुए </W><MAN_MADE_EVENT ID="2" TYPE="TERRORIST_ATTACK"><EVENT-COREF-LINK EVENT_ID="0" ID="8" TYPE_REL="EVENT_COREF"/><W> हमले </W></MAN_MADE_EVENT><W> में </W><W> कमलेश </W><W> आतंकियों </W><W> की </W><W> गोलियों </W><W> से </W><W> शहीद </W><W> हो </W><W> गई </W><W> थी। </W><W> उसके </W><W> १२ </W><W> गोलियां </W><W> लगी </W><W> थीं। </W><W> फांसी </W><W> की </W><W> सजा </W><W> माफ </W><W> करने </W><W> को </W><W> लेकर </W><W> उठ </W><W> रही </W><W> आवाजों </W><W> से </W><W> परिजन </W><W> काफी </W><W> दुखी </W><W> हैं। </W><W> बुधवार </W><W> को </W><W> 'अमर </W><W> उजाला' </W><W> से </W><W> अपने </W><W> आवास </W><W> नरायनपुर </W><W> में </W><W> बातचीत </W><W> में </W><W> शहीद </W><W> के </W><W> पिता </W><W> राजाराम </W><W> ने </W><W> कहा </W><W> कि </W><W> २६ </W><W> जनवरी </W><W> २००२ </W><W> को </W><W> राष्ट्रपति </W><W> भवन </W><W> में </W><W> बेटी </W><W> की </W><W> बहादुरी </W><W> पर </W><W> अशोक </W><W> चक्र </W><W> दिया </W><W> गया </W><W> था। </W><W> अगर </W><W> आतंकी </W><W> की </W><W> फांसी </W><W> सजा </W><W> कम </W><W> की </W><W> गई </W><W> तो </W><W> शहीद </W><W> के </W><W> परिजनों </W><W> के </W><W> साथ </W><W> ही </W><W> साथ </W><W> पदक </W><W> का </W><W> भी </W><W> अपमान </W><W> होगा। </W><W> उन्होंने </W><W> कहा </W><W> कि </W><W> संसद </W><W> पर </W><W> हुए </W><W> हमले </W><W> के </W><W> दिन </W><W> उनकी </W><W> बेटी </W><W> उपवास </W><W> रखे </W><W> थी। </W></P><P><W> फांसी </W><W> की </W><W> सजा </W><W> को </W><W> कम </W><W> न </W><W> करें </W><W> महामहिम </W></P><P><W> आतंकियों </W><W> ने </W><W> अपने </W><W> मंसूबों </W><W> को </W><W> पूरा </W><W> करने </W><W> के </W><W> लिए </W><W> उसे </W><W> मौत </W><W> के </W><W> घाट </W><W> उतार </W><W> दिया </W><W> था, </W><W> लेकिन </W><W> हम </W><W> सभी </W><W> को </W><W> गर्व </W><W> है </W><W> कि </W><W> आतंकी </W><W> अपने </W><W> मंसूबों </W><W> में </W><W> कामयाब </W><W> नहीं </W><W> हो </W><W> सके </W><W> थे। </W><W> यदि </W><W> अब </W><W> फांसी </W><W> की </W><W> सजा </W><W> माफ </W><W> हो </W><W> गई </W><W> तो </W><W> तब </W><W> की </W><W> कसर </W><W> अब </W><W> पूरी </W><W> हो </W><W> जाएगी। </W><W> उन्होंने </W><W> महामहिम </W><W> से </W><W> प्रार्थना </W><W> की </W><W> कि </W><W> वे </W><W> अफजल </W><W> की </W><W> फांसी </W><W> की </W><W> सजा </W><W> को </W><W> कम </W><W> न </W><W> करें, </W><W> क्योंकि </W><W> उसने </W><W> देश </W><W> की </W><W> अस्मिता </W><W> के </W><W> साथ </W><W> खिलवाड़ </W><W> करने </W><W> का </W><W> प्रयास </W><W> किया </W><W> था। </W><W> अगर </W><W> फांसी </W><W> की </W><W> सजा </W><W> टली </W><W> तो </W><W> सुरक्षा </W><W> बलों </W><W> का </W><W> मनोबल </W><W> गिरेगा </W><W> और </W><W> आतंकियों </W><W> के </W><W> हौसले </W><W> बुलंद </W><W> होंगे। </W><W> शहीद </W><W> के </W><W> पिता </W><W> ने </W><W> जम्मू </W><W> कशमीर </W><W> के </W><W> मुख्यमंत्री </W><W> गुलाम </W><W> नबी </W><W> आजाद </W><W> की </W><W> टिथी </W><W> का </W><W> तीखा </W><W> विरोध </W><W> करते </W><W> हुए </W><W> कहा </W><W> कि </W><W> घाटी </W><W> में </W><W> बवाल </W><W> होने </W><W> के </W><W> डर </W><W> से </W><W> आतंकियों </W><W> को </W><W> माफी </W><W> दिया </W><W> जाना </W><W> कहां </W><W> का </W><W> न्याय </W><W> है। </W><W> ऐसा </W><W> ही </W><W> होता </W><W> रहा </W><W> तो </W><W> कोई </W><W> भी </W><W> बहादुर </W><W> देश </W><W> के </W><W> लिए </W><W> अपने </W><W> प्राणों </W><W> की </W><W> बाजी </W><W> क्यों </W><W> लगाएगा। </W></P></DOCUMENT>