<?xml version="1.0" encoding="UTF-8"?>
<DOCUMENT><P><W> navbharat_2002_10_12_26771478 </W></P><P><W> संसद </W><W> हमले </W><W> में </W><W> शहीद </W><W> पुलिसकर्मियों </W><W> को </W><W> मरणोपरान्त </W><W> कीर्तिचक्र </W></P><P><W> नई </W><W> दिल्ली </W><W> (नस): </W><TIME-ARG ID="1"><LINK EVENT_ARG="0" ID="4" TYPE_REL="EVENT_ARG"/><W> 13 </W><W> दिसम्बर </W></TIME-ARG><W> को </W><PLACE-ARG ID="2"><LINK EVENT_ARG="0" ID="3" TYPE_REL="EVENT_ARG"/><W> संसद </W><W> भवन </W></PLACE-ARG><W> पर </W><W> हुए </W><MAN_MADE_EVENT ID="0" TYPE="TERRORIST_ATTACK"><W> आतंकवादी </W><W> हमले </W></MAN_MADE_EVENT><W> में </W><W> शहीद </W><W> हुए </W><W> दिल्ली </W><W> पुलिस </W><W> के </W><W> पांच </W><W> कर्मियों </W><W> को </W><W> राष्ट्रपति </W><W> ने </W><W> मरणोपरान्त </W><W> कीर्ति </W><W> चक्र </W><W> सम्मानित </W><W> किया। </W><W> कीर्ति </W><W> चक्र </W><W> से </W><W> सम्मानित </W><W> होने </W><W> वाले </W><W> शहीदों </W><W> में </W><W> दिल्ली </W><W> पुलिस </W><W> के </W><W> ए.एस.आई. </W><W> राम </W><W> पाल </W><W> सिंह </W><W> , </W><W> नानक </W><W> चन्द </W><W> , </W><W> हवलदार </W><W> घनश्याम </W><W> , </W><W> हवलदार </W><W> ओमप्रकाश </W><W> और </W><W> बिजेन्द्र </W><W> सिंह </W><W> है। </W><W> 13 </W><W> दिसम्बर </W><W> को </W><W> लाल </W><W> बत्ती </W><W> वाली </W><W> एम्बेसडर </W><W> कार </W><W> में </W><W> सवार </W><W> पांच </W><W> आतंकवादी </W><W> गेट </W><W> न. </W><W> 11 </W><W> से </W><W> संसद </W><W> भवन </W><W> में </W><W> घुसे। </W><W> उस </W><W> समय </W><W> उपराष्ट्रपति </W><W> का </W><W> काफिला </W><W> तैयारी </W><W> कर </W><W> रहा </W><W> था। </W><W> आतंकवादियों </W><W> और </W><W> उपराष्ट्रपति </W><W> की </W><W> सुरक्षा </W><W> में </W><W> तैनात </W><W> कर्मियों </W><W> के </W><W> बीच </W><W> हुई </W><W> झड़प </W><W> के </W><W> बाद </W><W> गोलीबारी </W><W> हुई </W><W> जिसमें </W><W> ए.एस.आई. </W><W> रामपाल </W><W> सिंह </W><W> , </W><W> नानक </W><W> चन्द </W><W> , </W><W> हवलदार </W><W> घनश्याम </W><W> और </W><W> ओमप्रकाश </W><W> की </W><W> मौके </W><W> पर </W><W> मृत्यु </W><W> हो </W><W> गई </W><W> थी </W><W> तथा </W><W> इस </W><W> गोलीबारी </W><W> में </W><W> घायल </W><W> हवलदार </W><W> बिजेन्द्र </W><W> सिंह </W><W> ने </W><W> अस्पताल </W><W> में </W><W> दम </W><W> तोड़ </W><W> दिया </W><W> था। </W><W> दो </W><W> इंस्पेक्टरों </W><W> को </W><W> वीरता </W><W> पदक </W><W> से </W><W> सम्मानित </W><W> किया </W><W> गया: </W><W> राष्ट्रपति </W><W> ने </W><W> दिल्ली </W><W> पुलिस </W><W> के </W><W> दो </W><W> इंस्पेक्टरों </W><W> ईश्वर </W><W> सिंह </W><W> और </W><W> राजेन्द्र </W><W> कुमार </W><W> बख्शी </W><W> को </W><W> वीरता </W><W> पदक </W><W> से </W><W> सम्मानित </W><W> किया। </W><W> दोनों </W><W> इंस्पेक्टरों </W><W> ने </W><W> पिछले </W><W> साल </W><W> 17 </W><W> जून </W><W> को </W><W> दरियागंज </W><W> निवासी </W><W> अमित </W><W> गोगिया </W><W> को </W><W> अपहरणकर्ताओं </W><W> के </W><W> चंगुल </W><W> से </W><W> सकुशल </W><W> रिहा </W><W> करवाया </W><W> था। </W><W> अपहरणकर्ताओं </W><W> ने </W><W> उसकी </W><W> रिहाई </W><W> के </W><W> लिए </W><W> पांच </W><W> करोड़ </W><W> रुपए </W><W> की </W><W> फिरौती </W><W> मांगी </W><W> थी। </W><W> अपराध </W><W> शाखा </W><W> के </W><W> कर्मियों </W><W> ने </W><W> अमित </W><W> गोगिया </W><W> को </W><W> मुक्त </W><W> कराने </W><W> के </W><W> लिए </W><W> बदमाशों </W><W> से </W><W> मुठभेड़ </W><W> की </W><W> थी </W><W> जिसमें </W><W> गिरोह </W><W> का </W><W> सरगना </W><W> ब्रह्मा </W><W> प्रकाश </W><W> मार </W><W> गिराया </W><W> गया </W><W> था </W><W> तथा </W><W> तीन </W><W> साथियों </W><W> को </W><W> घायल </W><W> अवस्था </W><W> में </W><W> पकड़ा </W><W> था। </W><W> उद्योगपति </W><W> की </W><W> सकुशल </W><W> रिहाई </W><W> में </W><W> दोनों </W><W> इंस्पेक्टरों </W><W> ने </W><W> वीरता </W><W> का </W><W> परिचय </W><W> देते </W><W> हुए </W><W> बदमाशों </W><W> को </W><W> मुकाबला </W><W> किया </W><W> था। </W></P></DOCUMENT>