<?xml version="1.0" encoding="UTF-8"?>
<DOCUMENT><P><W> navbharat_2002_1_29_1173607 </W></P><P><W> जिहाद </W><W> के </W><W> ठेकेदार </W><W> बन </W><W> रहे </W><W> हैं </W><W> लश्कर </W><W> व </W><W> जैश </W><W> : </W><W> मुशर्रफ </W></P><P><W> इस्लामाबाद </W><W> (भाषा): </W><W> पाकिस्तान </W><W> के </W><W> राष्ट्रपति </W><W> परवेज </W><W> मुशर्रफ </W><W> ने </W><W> माना </W><W> कि </W><W> लश्करे </W><W> तैयबा </W><W> और </W><W> जैशे </W><W> मोहम्मद </W><W> जैसे </W><W> चरमपंथी </W><W> संगठन </W><W> अनेक </W><W> देशों </W><W> में </W><W> जिहाद </W><W> के </W><W> ठेकेदार </W><W> बन </W><W> गए </W><W> हैं </W><W> जिससे </W><W> देश </W><W> पर </W><W> आतंकवाद </W><W> को </W><W> बढ़ावा </W><W> देने </W><W> का </W><W> आरोप </W><W> लगने </W><W> लगा </W><W> है </W><W> , </W><W> लेकिन </W><W> उन्होंने </W><W> 20 </W><W> वांछित </W><W> अपराधियों </W><W> और </W><W> उग्रवादियों </W><W> को </W><W> भारत </W><W> को </W><W> सौंपने </W><W> की </W><W> संभावना </W><W> से </W><W> इनकार </W><W> किया। </W><W> मुशर्रफ </W><W> ने </W><W> इस </W><W> बात </W><W> से </W><W> इनकार </W><W> किया </W><W> है </W><W> कि </W><W> पाकिस्तानी </W><W> खुफिया </W><W> एजेंसी </W><W> आईएसआई </W><W> पाकिस्तान </W><W> की </W><W> सियासत </W><W> में </W><W> कोई </W><W> अस्थिरता </W><W> पैदा </W><W> कर </W><W> रही </W><W> है। </W><W> उन्होंने </W><W> एक </W><W> हफ्ते </W><W> की </W><W> अपनी </W><W> अमेरिका </W><W> यात्रा </W><W> की </W><W> समाप्ति </W><W> पर </W><W> पाकिस्तानी </W><W> मीडिया </W><W> को </W><W> संबोधित </W><W> करते </W><W> हुए </W><W> कहा </W><W> कि </W><W> लश्कर </W><W> और </W><W> जैश </W><W> जैसे </W><W> संगठनों </W><W> ने </W><W> अनेक </W><W> देशों </W><W> में </W><W> जिहाद </W><W> की </W><W> ठेकेदारी </W><W> शुरू </W><W> कर </W><W> दी </W><W> है </W><W> और </W><W> अंतरराष्ट्रीय </W><W> राजनीति </W><W> में </W><W> सक्रिय </W><W> भागीदारी </W><W> निभाने </W><W> लगे </W><W> हैं। </W><W> पाकिस्तानी </W><W> मीडिया </W><W> की </W><W> रिपोर्टों </W><W> के </W><W> अनुसार </W><W> मुशर्रफ </W><W> ने </W><W> कहा </W><W> कि </W><W> इस </W><W> तरह </W><W> की </W><W> दखलंदाजी </W><W> गलत </W><W> है </W><W> और </W><W> इसी </W><W> के </W><W> कारण </W><W> पूरी </W><W> दुनिया </W><W> में </W><W> पाकिस्तान </W><W> पर </W><W> आतंकवाद </W><W> को </W><W> बढ़ावा </W><W> देने </W><W> का </W><W> आरोप </W><W> लगने </W><W> लगा </W><W> है। </W><W> उन्होंने </W><W> कहा </W><W> कि </W><W> पाकिस्तान </W><W> में </W><W> स्थापित </W><W> संगठनों </W><W> ने </W><W> अफगानिस्तान </W><W> और </W><W> चेचेन्या </W><W> में </W><W> अपनी </W><W> गतिविधियां </W><W> चलाने </W><W> का </W><W> दावा </W><W> करना </W><W> शुरू </W><W> कर </W><W> दिया </W><W> है </W><W> , </W><W> इसकी </W><W> इजाजत </W><W> नहीं </W><W> दी </W><W> जा </W><W> सकती </W><W> है। </W><W> उन्होंने </W><W> इसके </W><W> खिलाफ </W><W> जरूरी </W><W> कदम </W><W> उठाए </W><W> हैं। </W><W> मुशर्रफ </W><W> ने </W><W> सरहद </W><W> पार </W><W> से </W><W> भारत </W><W> में </W><W> फैलाए </W><W> जा </W><W> रहे </W><W> आतंकवाद </W><W> में </W><W> दोनों </W><W> संगठनों </W><W> का </W><W> हाथ </W><W> होने </W><W> का </W><W> कोई </W><W> जिक्र </W><W> नहीं </W><W> किया। </W><W> पाकिस्तान </W><W> ने </W><W> पहले </W><W> दावा </W><W> किया </W><W> था </W><W> कि </W><W> देश </W><W> में </W><W> गड़बडि़यां </W><W> फैलाने </W><W> के </W><W> कारण </W><W> सांप्रदायिक </W><W> संगठनों </W><W> के </W><W> साथ </W><W> लश्कर </W><W> और </W><W> जैश </W><W> पर </W><W> भी </W><W> प्रतिबंध </W><W> लगा </W><W> दिया </W><W> गया </W><W> है। </W><W> लेकिन </W><W> कार्रवाई </W><W> तभी </W><W> हुई </W><W> जब </W><W> भारत </W><W> ने </W><PLACE-ARG ID="1"><LINK EVENT_ARG="0" ID="2" TYPE_REL="EVENT_ARG"/><W> संसद </W></PLACE-ARG><W> पर </W><W> हुए </W><MAN_MADE_EVENT ID="0" TYPE="TERRORIST_ATTACK"><W> हमले </W></MAN_MADE_EVENT><W> के </W><W> लिए </W><W> इन </W><W> दोनों </W><W> आतंकवादी </W><W> संगठनों </W><W> को </W><W> जिम्मेदार </W><W> ठहराया। </W><W> मुशर्रफ </W><W> ने </W><W> कहा </W><W> कि </W><W> लश्कर </W><W> और </W><W> जैश </W><W> दोनों </W><W> को </W><W> पाकिस्तान </W><W> के </W><W> राष्ट्रीय </W><W> हित </W><W> में </W><W> प्रतिबंधित </W><W> किया </W><W> गया </W><W> है। </W><W> उनका </W><W> कहना </W><W> था </W><W> कि </W><W> उनके </W><W> 12 </W><W> जनवरी </W><W> के </W><W> संबोधन </W><W> के </W><W> बाद </W><W> भारत </W><W> को </W><W> सरहद </W><W> पर </W><W> से </W><W> अपनी </W><W> सेना </W><W> हटा </W><W> लेनी </W><W> चाहिए </W><W> थी </W><W> , </W><W> लेकिन </W><W> भारत </W><W> ने </W><W> सेना </W><W> नहीं </W><W> हटाई। </W><W> उनका </W><W> कहना </W><W> था </W><W> कि </W><W> भारत </W><W> ने </W><W> ऐसा </W><W> आंतरिक </W><W> राजनीतिक </W><W> कारणों </W><W> से </W><W> किया। </W><W> पाकिस्तानी </W><W> राष्ट्रपति </W><W> ने </W><W> फिर </W><W> दोहराया </W><W> कि </W><W> स्वतंत्रता </W><W> संग्राम </W><W> और </W><W> आतंकवाद </W><W> के </W><W> बीच </W><W> फर्क </W><W> होता </W><W> है। </W><W> उन्होंने </W><W> कहा </W><W> कि </W><W> कश्मीर </W><W> में </W><W> आंदोलन </W><W> स्वतंत्रता </W><W> संग्राम </W><W> है </W><W> न </W><W> कि </W><W> आतंकवाद </W><W> । </W><W> उन्होंने </W><W> पाकिस्तानी </W><W> पत्रकारों </W><W> से </W><W> कहा </W><W> कि </W><W> वे </W><W> यह </W><W> बात </W><W> उनके </W><W> हवाले </W><W> से </W><W> लिख </W><W> सकते </W><W> हैं। </W><W> मुशर्रफ </W><W> ने </W><W> कहा </W><W> कि </W><W> वह </W><W> 20 </W><W> अपराधियों </W><W> और </W><W> उग्रवादियों </W><W> के </W><W> प्रत्यर्पण </W><W> की </W><W> भारत </W><W> की </W><W> मांग </W><W> पर </W><W> अमल </W><W> नहीं </W><W> करने </W><W> जा </W><W> रहे </W><W> हैं। </W><W> उन्होंने </W><W> आईएसआई </W><W> की </W><W> विवादास्पद </W><W> छवि </W><W> के </W><W> संबंध </W><W> में </W><W> कहा </W><W> कि </W><W> पाकिस्तान </W><W> के </W><W> राजनीतिक </W><W> नेतृत्व </W><W> ने </W><W> अतीत </W><W> में </W><W> उसका </W><W> दुरुपयोग </W><W> किया </W><W> था </W><W> , </W><W> लेकिन </W><W> उन्होंने </W><W> इस </W><W> बात </W><W> से </W><W> इनकार </W><W> किया </W><W> कि </W><W> देश </W><W> में </W><W> सरकारों </W><W> को </W><W> गिराने </W><W> या </W><W> अस्थिर </W><W> करने </W><W> में </W><W> उसकी </W><W> कोई </W><W> भूमिका </W><W> थी। </W></P></DOCUMENT>