<?xml version="1.0" encoding="UTF-8"?>
<DOCUMENT><P><W> navbharat_2002_1_9_2032534741 </W></P><P><W> अफगान </W><W> सुरक्षा </W><W> बलों </W><W> ने </W><W> लश्कर </W><W> का </W><W> जखीरा </W><W> जब्त </W><W> किया </W></P><P><W> काबुल </W><W> (रायटर): </W><W> अफगानिस्तान </W><W> में </W><W> सुरक्षाकर्मियों </W><W> ने </W><W> पाकिस्तान </W><W> की </W><W> सीमा </W><W> से </W><W> लगे </W><W> एक </W><W> गांव </W><W> में </W><W> एक </W><W> कश्मीरी </W><W> संगठन </W><W> के </W><W> हथियारों </W><W> का </W><W> जखीरा </W><W> जब्त </W><W> किया </W><W> है। </W><W> यह </W><W> जानकारी </W><W> रविवार </W><W> को </W><W> रेडियो </W><W> अफगानिस्तान </W><W> ने </W><W> दी। </W><W> रेडियो </W><W> के </W><W> अनुसार </W><W> कुनार </W><W> प्रांत </W><W> के </W><W> जरकानो </W><W> जिले </W><W> में </W><W> लश्करे </W><W> तैयबा </W><W> संगठन </W><W> से </W><W> संबंधित </W><W> हथगोले </W><W> , </W><W> बारूदी </W><W> सुरंगे </W><W> , </W><W> मोर्टार </W><W> के </W><W> गोले </W><W> और </W><W> कई </W><W> कारतूसों </W><W> का </W><W> जखीरा </W><W> बरामद </W><W> किए </W><W> गए। </W><W> लश्कर </W><W> उन </W><W> दो </W><W> कश्मीरी </W><W> आतंकवादी </W><W> संगठनों </W><W> में </W><W> से </W><W> एक </W><W> है </W><W> , </W><W> जिस </W><W> पर </W><PLACE-ARG ID="1"><LINK EVENT_ARG="0" ID="2" TYPE_REL="EVENT_ARG"/><W> भारतीय </W><W> संसद </W></PLACE-ARG><W> पर </W><MAN_MADE_EVENT ID="0" TYPE="TERRORIST_ATTACK"><W> हमले </W></MAN_MADE_EVENT><W> के </W><W> बाद </W><W> पाकिस्तान </W><W> ने </W><W> प्रतिबंध </W><W> लगा </W><W> दिया </W><W> था। </W><W> अमेरिका </W><W> ने </W><W> भी </W><W> लश्कर </W><W> पर </W><W> प्रतिबंध </W><W> लगा </W><W> रखा </W><W> है </W><W> और </W><W> उसके </W><W> पूर्व </W><W> सुप्रीमो </W><W> हफीज </W><W> मोहम्मद </W><W> सईद </W><W> का </W><W> नाम </W><W> भारत </W><W> द्वारा </W><W> पाकिस्तान </W><W> को </W><W> सौंपी </W><W> गई </W><W> 20 </W><W> आतंकवादियों </W><W> की </W><W> सूची </W><W> में </W><W> भी </W><W> शामिल </W><W> है। </W></P></DOCUMENT>