<?xml version="1.0" encoding="UTF-8"?>
<DOCUMENT><P><W> navbharat_2002_2_24_3769278 </W></P><P><W> दिसंबर-जनवरी </W><W> के </W><W> दौरान </W><W> पाक </W><W> गोलाबारी </W><W> में </W><W> 18 </W><W> जवान </W><W> मारे </W><W> गए </W></P><P><W> नई </W><W> दिल्ली </W><W> (भाषा): </W><PLACE-ARG ID="3"><LINK EVENT_ARG="0" ID="8" TYPE_REL="EVENT_ARG"/><W> जम्मू-कश्मीर </W><W> में </W><W> नियंत्रण </W><W> रेखा </W><W> और </W><W> अंतरराष्ट्रीय </W><W> सीमा </W></PLACE-ARG><W> पर </W><W> पाकिस्तानी </W><W> सैनिकों </W><W> द्वारा </W><W> की </W><W> गई </W><MAN_MADE_EVENT ID="0" TYPE="SHOOT_OUT"><W> गोलीबारी </W></MAN_MADE_EVENT><W> में </W><W> दिसंबर </W><W> 2001 </W><W> से </W><W> जनवरी </W><W> 2002 </W><W> के </W><W> बीच </W><W> कुल </W><W> 18 </W><W> भारतीय </W><W> जवान </W><W> शहीद </W><W> हुए। </W><W> रक्षामंत्री </W><W> जार्ज </W><W> फर्नांडिस </W><W> ने </W><W> गुरुवार </W><W> को </W><W> लोकसभा </W><W> में </W><W> एक </W><W> प्रश्न </W><W> के </W><W> लिखित </W><W> उत्तर </W><W> में </W><W> कहा </W><W> कि </W><W> इस </W><W> अवधि </W><W> में </W><W> पाक </W><MAN_MADE_EVENT ID="10" TYPE="SHOOT_OUT"><EVENT-COREF-LINK EVENT_ID="0" ID="11" TYPE_REL="EVENT_COREF"/><W> गोलीबारी </W></MAN_MADE_EVENT><W> के </W><W> कारण </W><W> जम्मू-कश्मीर </W><W> में </W><W> 16 </W><W> बंकर </W><W> नष्ट </W><W> हुए </W><W> तथा </W><W> 14 </W><W> अन्य </W><W> बंकर </W><W> क्षतिग्रस्त </W><W> हुए। </W><W> उन्होंने </W><W> बताया </W><W> कि </W><TIME-ARG ID="5"><LINK EVENT_ARG="2" ID="7" TYPE_REL="EVENT_ARG"/><W> 13 </W><W> दिसंबर </W></TIME-ARG><W> को </W><PLACE-ARG ID="4"><LINK EVENT_ARG="2" ID="6" TYPE_REL="EVENT_ARG"/><W> संसद </W><W> भवन </W></PLACE-ARG><W> पर </W><W> हुए </W><MAN_MADE_EVENT ID="2" TYPE="TERRORIST_ATTACK"><W> आतंकवादी </W><W> हमले </W></MAN_MADE_EVENT><W> के </W><W> तत्काल </W><W> बाद </W><W> भारत-पाक </W><W> सीमा </W><W> पर </W><W> पाक </W><W> सैन्य </W><W> टुकडि़यों </W><W> और </W><W> हथियार </W><W> बंद </W><W> दस्तों </W><W> का </W><W> जमावड़ा </W><W> देखा </W><W> गया। </W><W> इसके </W><W> बाद </W><W> से </W><W> पाक </W><W> सेना </W><W> की </W><W> गतिविधियों </W><W> पर </W><W> नजर </W><W> रखने </W><W> के </W><W> साथ </W><W> ही </W><W> उच्च </W><W> सतर्कता </W><W> बरती </W><W> जा </W><W> रही </W><W> है। </W><W> उन्होंने </W><W> बताया </W><W> कि </W><W> आतंकवादी </W><W> गतिविधियों </W><W> में </W><W> शहीद </W><W> हुए </W><W> जवानों </W><W> के </W><W> निकटतम </W><W> रिश्तेदारों </W><W> के </W><W> लिए </W><W> सरकार </W><W> एक </W><W> व्यापक </W><W> कल्याण </W><W> पैकेज </W><W> तैयार </W><W> कर </W><W> लागू </W><W> करने </W><W> जा </W><W> रही </W><W> है। </W><W> रक्षा </W><W> मंत्री </W><W> ने </W><W> बताया </W><W> कि </W><W> दिसंबर </W><W> 2001 </W><W> से </W><W> जनवरी </W><W> 2002 </W><W> के </W><W> बीच </W><W> गोलीबारी </W><W> में </W><W> कुल </W><W> 134 </W><W> पाक </W><W> बंकर </W><W> नष्ट </W><W> हुए </W><W> तथा </W><W> 64 </W><W> अन्य </W><W> बंकरों </W><W> को </W><W> क्षति </W><W> पहुंची। </W></P></DOCUMENT>