<?xml version="1.0" encoding="UTF-8"?>
<DOCUMENT><P><W> navbharat_2002_2_2_1583346 </W></P><P><W> अमेरिकी </W><W> प्रयास </W><W> से </W><W> भारत-पाक </W><W> तनाव </W><W> जून </W><W> तक </W><W> घटेगा: </W><W> मुशर्रफ </W></P><P><W> इस्लामाबाद </W><W> (एजेंसियां): </W><W> पाकिस्तान </W><W> के </W><W> राष्ट्रपति </W><W> जनरल </W><W> परवेज </W><W> मुशर्रफ </W><W> ने </W><W> कहा </W><W> है </W><W> कि </W><W> अमेरिका </W><W> द्वारा </W><W> लगातार </W><W> जारी </W><W> प्रयासों </W><W> के </W><W> कारण </W><W> भारत </W><W> और </W><W> पाकिस्तान </W><W> के </W><W> बीच </W><W> वर्तमान </W><W> सैनिक </W><W> तनाव </W><W> इस </W><W> वर्ष </W><W> मई-जून </W><W> तक </W><W> कम </W><W> हो </W><W> सकता </W><W> है। </W><W> लाहौर </W><W> में </W><W> बुद्धिजीवियों </W><W> की </W><W> एक </W><W> बैठक </W><W> को </W><W> संबोधित </W><W> करते </W><W> हुए </W><W> मुशर्रफ </W><W> ने </W><W> दावा </W><W> किया </W><W> कि </W><W> पाकिस्तान </W><W> की </W><W> सैनिक </W><W> क्षमता </W><W> ने </W><W> भारत </W><W> को </W><W> चौतरफा </W><MAN_MADE_EVENT ID="0" TYPE="TERRORIST_ATTACK"><W> हमला </W></MAN_MADE_EVENT><W> करने </W><W> से </W><W> रोक </W><W> रखा </W><W> है। </W><W> मुशर्रफ </W><W> ने </W><W> यह </W><W> भी </W><W> कहा </W><W> कि </W><W> सीमा </W><W> पर </W><W> सेना </W><W> तब </W><W> तक </W><W> जमी </W><W> रहेगी </W><W> जब </W><W> तक </W><W> भारत </W><W> अपनी </W><W> सेना </W><W> वापस </W><W> नहीं </W><W> बुला </W><W> लेता </W><W> है। </W><W> स्थानीय </W><W> समाचारपत्र </W><W> ' </W><W> द </W><W> न्यूज </W><W> ' </W><W> के </W><W> अनुसार </W><W> जनरल </W><W> मुशर्रफ </W><W> ने </W><W> मंगलवार </W><W> रात </W><W> लाहौर </W><W> में </W><W> कहा </W><W> कि </W><W> अंतरराष्ट्रीय </W><W> सीमा </W><W> पर </W><W> भारतीय </W><W> सेना </W><W> के </W><W> जमावडे़ </W><W> के </W><W> जवाब </W><W> में </W><W> पाकिस्तानी </W><W> सेना </W><W> को </W><W> सीमा </W><W> पर </W><W> तैनात </W><W> करने </W><W> में </W><W> कोई </W><W> दिक्कत </W><W> नहीं </W><W> है। </W><W> उन्होंने </W><W> कहा </W><W> कि </W><W> जब </W><W> तक </W><W> भारत </W><W> सीमा </W><W> पर </W><W> तनाव </W><W> कम </W><W> करने </W><W> के </W><W> लिए </W><W> कदम </W><W> नहीं </W><W> उठाता </W><W> , </W><W> तब </W><W> तक </W><W> शांति </W><W> स्थापना </W><W> की </W><W> नई </W><W> पहल </W><W> नहीं </W><W> की </W><W> जाएगी। </W><W> जनरल </W><W> मुशर्रफ </W><W> का </W><W> यह </W><W> बयान </W><W> भारत </W><W> के </W><W> रक्षा </W><W> मंत्री </W><W> जॉर्ज </W><W> फर्नांडिस </W><W> के </W><W> उस </W><W> बयान </W><W> के </W><W> बाद </W><W> आया </W><W> है </W><W> जिसमें </W><W> उन्होंने </W><W> कहा </W><W> था </W><W> कि </W><W> सीमा </W><W> से </W><W> सेना </W><W> नहीं </W><W> हटाई </W><W> जाएगी </W><W> क्योंकि </W><W> पाकिस्तान </W><W> ने </W><W> शर्तों </W><W> को </W><W> पूरा </W><W> नहीं </W><W> किया </W><W> है। </W><W> गौरतलब </W><W> है </W><W> कि </W><W> भारत </W><W> ने </W><PLACE-ARG ID="5"><LINK EVENT_ARG="1" ID="7" TYPE_REL="EVENT_ARG"/><W> संसद </W><W> भवन </W></PLACE-ARG><W> पर </W><TIME-ARG ID="3"><LINK EVENT_ARG="1" ID="6" TYPE_REL="EVENT_ARG"/><W> 13 </W><W> दिसंबर </W></TIME-ARG><W> के </W><MAN_MADE_EVENT ID="1" TYPE="TERRORIST_ATTACK"><W> आतंकवादी </W><W> हमले </W></MAN_MADE_EVENT><W> के </W><W> बाद </W><W> पाकिस्तान </W><W> पर </W><W> आतंकवाद </W><W> फैलाने </W><W> का </W><W> आरोप </W><W> लगाते </W><W> हुए </W><W> सीमा </W><W> पर </W><W> सेना </W><W> की </W><W> तैनाती </W><W> कर </W><W> दी </W><W> है। </W><W> भारत </W><W> ने </W><W> पाकिस्तान </W><W> से </W><W> मांग </W><W> की </W><W> है </W><W> कि </W><W> वह </W><W> कश्मीर </W><W> में </W><W> आतंकवादी </W><W> कार्रवाइयों </W><W> का </W><W> समर्थन </W><W> करना </W><W> बंद </W><W> करें </W><W> और </W><W> 20 </W><W> आतंकवादियों </W><W> को </W><W> सौंप </W><W> दे। </W><W> पाकिस्तान </W><W> ने </W><W> कश्मीर </W><W> में </W><W> आतंकवादी </W><W> कार्रवाई </W><W> कर </W><W> रहे </W><W> संगठनों </W><W> को </W><W> राजनीतिक </W><W> , </W><W> कूटनीतिक </W><W> और </W><W> नैतिक </W><W> समर्थन </W><W> देना </W><W> स्वीकार </W><W> किया </W><W> है </W><W> लेकिन </W><W> आतंकवाद </W><W> का </W><W> समर्थन </W><W> करने </W><W> से </W><W> साफ </W><W> इनकार </W><W> किया </W><W> है। </W><W> पाकिस्तान </W><W> ने </W><TIME-ARG ID="4"><LINK EVENT_ARG="2" ID="8" TYPE_REL="EVENT_ARG"/><W> 13 </W><W> दिसंबर </W></TIME-ARG><W> के </W><MAN_MADE_EVENT ID="2" TYPE="TERRORIST_ATTACK"><W> आतंकवादी </W><W> हमले </W></MAN_MADE_EVENT><W> के </W><W> बाद </W><W> पांच </W><W> आतंकवादी </W><W> संगठनों </W><W> को </W><W> प्रतिबंधित </W><W> किया </W><W> है </W><W> और </W><W> लगभग </W><W> दो </W><W> हजार </W><W> आतंकवादियों </W><W> को </W><W> हिरासत </W><W> में </W><W> लिया </W><W> है। </W></P></DOCUMENT>