<?xml version="1.0" encoding="UTF-8"?>
<DOCUMENT><P><W> navbharat_2002_4_16_8888502 </W></P><P><W> लश्कर-ए-तैयबा </W><W> को </W><W> यूरोपीय </W><W> संघ </W><W> ने </W><W> काली </W><W> सूची </W><W> में </W><W> डाला </W></P><P><W> लंदन </W><W> (वार्ता): </W><W> यूरोपीय </W><W> संघ </W><W> ने </W><W> आतंकवाद </W><W> के </W><W> खिलाफ </W><W> जारी </W><W> अभियान </W><W> के </W><W> तहत </W><TIME-ARG ID="5"><LINK EVENT_ARG="0" ID="7" TYPE_REL="EVENT_ARG"/><W> 13 </W><W> दिसंबर </W></TIME-ARG><W> को </W><PLACE-ARG ID="2"><LINK EVENT_ARG="0" ID="6" TYPE_REL="EVENT_ARG"/><W> भारतीय </W><W> संसद </W><W> परिसर </W></PLACE-ARG><W> पर </W><MAN_MADE_EVENT ID="0" TYPE="TERRORIST_ATTACK"><W> हमले </W></MAN_MADE_EVENT><W> के </W><W> लिए </W><W> जिम्मेदार </W><W> लश्कर-ए-तैयबा </W><W> तथा </W><W> दो </W><W> सिख </W><W> संगठनों </W><W> बब्बर </W><W> खालसा </W><W> और </W><W> इंटरनेशनल </W><W> सिख </W><W> यूथ </W><W> फेडरेशन </W><W> को </W><W> काली </W><W> सूची </W><W> में </W><W> डाल </W><W> दिया </W><W> है। </W><PLACE-ARG ID="3"><LINK EVENT_ARG="1" ID="9" TYPE_REL="EVENT_ARG"/><W> अमेरिका </W></PLACE-ARG><W> पर </W><TIME-ARG ID="4"><LINK EVENT_ARG="1" ID="8" TYPE_REL="EVENT_ARG"/><W> 11 </W><W> सितंबर </W></TIME-ARG><W> के </W><MAN_MADE_EVENT ID="1" TYPE="TERRORIST_ATTACK"><W> हमले </W></MAN_MADE_EVENT><W> के </W><W> बाद </W><W> आतंकवादी </W><W> संगठनों </W><W> के </W><W> धन </W><W> के </W><W> स्रोतों </W><W> तथा </W><W> उनके </W><W> नेटवर्क </W><W> के </W><W> खिलाफ </W><W> जारी </W><W> अभियान </W><W> के </W><W> तहत </W><W> यूरोपीय </W><W> संघ </W><W> ने </W><W> शुक्रवार </W><W> को </W><W> काली </W><W> सूची </W><W> में </W><W> डाले </W><W> गए </W><W> आतंकवादी </W><W> संगठनों </W><W> के </W><W> नामों </W><W> की </W><W> एक </W><W> और </W><W> सूची </W><W> जारी </W><W> की। </W><W> यूरोपीय </W><W> संघ </W><W> की </W><W> इस </W><W> नई </W><W> सूची </W><W> में </W><W> दुनिया </W><W> भर </W><W> में </W><W> आतंकवादी </W><W> गतिविधियों </W><W> को </W><W> अंजाम </W><W> देने </W><W> अथवा </W><W> उनकी </W><W> साजिश </W><W> रचने </W><W> वाले </W><W> 36 </W><W> व्यक्तियों </W><W> तथा </W><W> 23 </W><W> संगठनों </W><W> को </W><W> शामिल </W><W> किया </W><W> गया </W><W> है। </W><W> इस </W><W> नई </W><W> सूची </W><W> में </W><W> कुदिर्स्तान </W><W> वर्कर्स </W><W> पार्टी </W><W> , </W><W> मिस्र </W><W> का </W><W> सबसे </W><W> बड़ा </W><W> आतंकवादी </W><W> संगठन </W><W> अलगमा </W><W> अल </W><W> इस्लामिया </W><W> , </W><W> तुर्की </W><W> का </W><W> वामपंथी </W><W> छापामार </W><W> संगठन </W><W> डीएचकेपीसी </W><W> और </W><W> ईरान </W><W> का </W><W> मुजाहिद्दीन-ए-खलक </W><W> शामिल </W><W> है। </W><W> यूरोपीय </W><W> देशों </W><W> के </W><W> इस </W><W> 15 </W><W> सदस्यीय </W><W> संगठन </W><W> ने </W><W> 7 </W><W> व्यक्तियों </W><W> के </W><W> साथ-साथ </W><W> स्पेन </W><W> के </W><W> बास्क </W><W> अलगाववादियों </W><W> के </W><W> ईटीए </W><W> संगठन </W><W> का </W><W> साथ </W><W> देने </W><W> वाले </W><W> अस्कातसुना </W><W> संगठन </W><W> को </W><W> भी </W><W> काली </W><W> सूची </W><W> में </W><W> डाल </W><W> दिया </W><W> है। </W></P></DOCUMENT>