<?xml version="1.0" encoding="UTF-8"?>
<DOCUMENT><P><W> navbharat_2002_4_28_10084162 </W></P><P><W> पाक </W><W> के </W><W> खिलाफ </W><W> फिर </W><W> राजनयिक </W><W> अभियान </W><W> छेड़ेगा </W><W> भारत </W></P><P><W> विशेष </W><W> संवाददाता </W><W> नई </W><W> दिल्ली: </W><PLACE-ARG ID="1"><LINK EVENT_ARG="0" ID="6" TYPE_REL="EVENT_ARG"/><W> जम्मू-कश्मीर </W></PLACE-ARG><W> में </W><W> पाकिस्तान </W><W> द्वारा </W><W> प्रायोजित </W><MAN_MADE_EVENT ID="0" TYPE="TERRORIST_ATTACK"><W> आतंकवादी </W><W> हिंसा </W></MAN_MADE_EVENT><W> के </W><W> जारी </W><W> रहने </W><W> के </W><W> मद्देनजर </W><W> सरकार </W><W> ने </W><W> पाकिस्तान </W><W> की </W><W> आतंकवाद </W><W> समर्थक </W><W> नीतियों </W><W> के </W><W> खिलाफ </W><W> फिर </W><W> व्यापक </W><W> राजनयिक </W><W> अभियान </W><W> छेड़ने </W><W> का </W><W> निर्णय </W><W> किया </W><W> है। </W><W> यहां </W><W> आधिकारिक </W><W> सूत्रों </W><W> ने </W><W> यह </W><W> जानकारी </W><W> देते </W><W> हुए </W><W> बताया </W><W> कि </W><W> नए </W><W> सिरे </W><W> से </W><W> इस </W><W> कूटनीतिक </W><W> अभियान </W><W> के </W><W> संचालन </W><W> के </W><W> लिए </W><W> विदेश </W><W> मंत्री </W><W> ने </W><W> 27 </W><W> मई </W><W> से </W><W> 12 </W><W> दिनों </W><W> के </W><W> लिए </W><W> अफ्रीका </W><W> के </W><W> तीन </W><W> देशों </W><W> की </W><W> प्रस्तावित </W><W> यात्रा </W><W> स्थगित </W><W> कर </W><W> दी </W><W> है। </W><W> सूत्रों </W><W> ने </W><W> बताया </W><W> कि </W><W> पाकिस्तान </W><W> की </W><W> आतंकवाद </W><W> समर्थक </W><W> नीतियों </W><W> से </W><W> अंतरराष्ट्रीय </W><W> समुदाय </W><W> को </W><W> अवगत </W><W> कराने </W><W> के </W><W> लिए </W><W> तथा </W><W> पाकिस्तान </W><W> के </W><W> कुप्रचार </W><W> का </W><W> भी </W><W> जवाब </W><W> देने </W><W> के </W><W> लिए </W><W> यहां </W><W> विदेश </W><W> मंत्रालय </W><W> समुचित </W><W> उपाय </W><W> करेगा। </W><W> सूत्रों </W><W> ने </W><W> बताया </W><W> कि </W><W> इस </W><W> अभियान </W><W> के </W><W> लिए </W><W> राजधानी </W><W> में </W><W> ही </W><W> रहने </W><W> के </W><W> उद्देश्य </W><W> से </W><W> विदेश </W><W> मंत्री </W><W> ने </W><W> केन्या </W><W> , </W><W> तंजानिया </W><W> और </W><W> मॉरीशस </W><W> का </W><W> दौरा </W><W> रद्द </W><W> कर </W><W> दिया </W><W> है। </W><W> सूत्रों </W><W> के </W><W> अनुसार </W><W> , </W><W> भारत </W><W> अब </W><W> पाकिस्तान </W><W> के </W><W> खिलाफ </W><W> और </W><W> भी </W><W> कड़े </W><W> राजनयिक </W><W> कदम </W><W> उठा </W><W> सकता </W><W> है। </W><W> उल्लेखनीय </W><W> है </W><W> कि </W><W> गत </W><TIME-ARG ID="4"><LINK EVENT_ARG="2" ID="7" TYPE_REL="EVENT_ARG"/><W> 13 </W><W> दिसंबर </W></TIME-ARG><W> को </W><W> यहां </W><PLACE-ARG ID="3"><LINK EVENT_ARG="2" ID="8" TYPE_REL="EVENT_ARG"/><W> संसद </W></PLACE-ARG><W> पर </W><MAN_MADE_EVENT ID="2" TYPE="TERRORIST_ATTACK"><W> हमले </W></MAN_MADE_EVENT><W> के </W><W> बाद </W><W> भारत </W><W> ने </W><W> इस्लामाबाद </W><W> से </W><W> अपने </W><W> उच्चायुक्त </W><W> को </W><W> वापस </W><W> बुला </W><W> लिया </W><W> था </W><W> और </W><W> नई </W><W> दिल्ली </W><W> में </W><W> पाकिस्तान </W><W> उच्चायोग </W><W> के </W><W> स्टाफ </W><W> की </W><W> संख्या </W><W> में </W><W> आधा </W><W> करने </W><W> का </W><W> निर्णय </W><W> किया </W><W> था। </W><W> इसके </W><W> साथ </W><W> ही </W><W> विदेशों </W><W> में </W><W> भारतीय </W><W> दूतावासों </W><W> से </W><W> कहा </W><W> गया </W><W> है </W><W> कि </W><W> पाकिस्तान </W><W> के </W><W> कुत्सित </W><W> इरादे </W><W> से </W><W> मेजबान </W><W> देशों </W><W> को </W><W> अवगत </W><W> कराए। </W><W> सूत्रों </W><W> ने </W><W> कहा </W><W> कि </W><W> पाकिस्तान </W><W> द्वारा </W><W> करवाए </W><W> जा </W><W> रहे </W><MAN_MADE_EVENT ID="5" TYPE="TERRORIST_ATTACK"><W> आतंकवादी </W><W> हमलों </W></MAN_MADE_EVENT><W> का </W><W> समुचित </W><W> जवाब </W><W> देने </W><W> की </W><W> भी </W><W> तैयारी </W><W> की </W><W> जा </W><W> रही </W><W> है। </W></P></DOCUMENT>