<?xml version="1.0" encoding="UTF-8"?>
<DOCUMENT><P><W> navbharat_2002_5_4_10679480 </W></P><P><W> मुशर्रफ </W><W> के </W><W> जज्बे </W><W> पर </W><W> अमेरिका </W><W> को </W><W> संदेह </W></P><P><W> वाशिंगटन </W><W> (वार्ता/भाषा): </W><W> अमेरिका </W><W> ने </W><W> संदेह </W><W> जताया </W><W> है </W><W> कि </W><W> पाकिस्तान </W><W> के </W><W> राष्ट्रपति </W><W> जनरल </W><W> परवेज </W><W> मुशर्रफ </W><W> आतंकवाद </W><W> के </W><W> खिलाफ </W><W> अपनी </W><W> घोषित </W><W> लड़ाई </W><W> को </W><W> पूरी </W><W> तरह </W><W> जारी </W><W> रख </W><W> पाने </W><W> में </W><W> सफल </W><W> हो </W><W> पाएंगे। </W><W> दुनिया </W><W> भर </W><W> में </W><W> आतंकवाद </W><W> पर </W><W> वर्ष </W><W> 2001 </W><W> की </W><W> वार्षिक </W><W> रिपोर्ट </W><W> में </W><W> आतंकवाद </W><W> के </W><W> खिलाफ </W><W> लड़ाई </W><W> में </W><W> मुशर्रफ </W><W> की </W><W> अब </W><W> तक </W><W> की </W><W> भूमिका </W><W> की </W><W> प्रशंसा </W><W> की </W><W> गई </W><W> है </W><W> लेकिन </W><W> इस </W><W> बात </W><W> पर </W><W> शंका </W><W> भी </W><W> जताई </W><W> गई </W><W> है </W><W> कि </W><W> स्थानीय </W><W> आतंकवादियों </W><W> के </W><W> खिलाफ </W><W> उनकी </W><W> सख्त </W><W> नीतियों </W><W> और </W><W> आतंकवाद </W><W> के </W><W> विरोध </W><W> की </W><W> उनकी </W><W> वचनबद्धता </W><W> को </W><W> पूरी </W><W> तरह </W><W> लागू </W><W> किया </W><W> जा </W><W> सकेगा। </W><W> भारत </W><W> के </W><W> बारे </W><W> में </W><W> रिपोर्ट </W><W> में </W><W> कहा </W><W> गया </W><W> है </W><W> कि </W><W> पूरे </W><W> वर्ष </W><W> आतंकवादी </W><W> घटनाओं </W><W> का </W><W> निशाना </W><W> रहे </W><W> भारत </W><W> ने </W><PLACE-ARG ID="3"><LINK EVENT_ARG="0" ID="10" TYPE_REL="EVENT_ARG"/><W> अमेरिका </W></PLACE-ARG><W> पर </W><TIME-ARG ID="6"><LINK EVENT_ARG="0" ID="9" TYPE_REL="EVENT_ARG"/><W> 11 </W><W> सितंबर </W></TIME-ARG><W> के </W><MAN_MADE_EVENT ID="0" TYPE="TERRORIST_ATTACK"><W> आतंकवादी </W><W> हमलों </W></MAN_MADE_EVENT><W> के </W><W> बाद </W><W> अमेरिका </W><W> की </W><W> सैन्य </W><W> कार्रवाई </W><W> में </W><W> अपना </W><W> पूरा </W><W> सहयोग </W><W> दिया। </W><W> रिपोर्ट </W><W> जारी </W><W> होने </W><W> के </W><W> बाद </W><W> एक </W><W> वरिष्ठ </W><W> अमेरिकी </W><W> अधिकारी </W><W> ने </W><W> संवाददाता </W><W> सम्मेलन </W><W> में </W><W> कहा </W><W> कि </W><W> अमेरिका </W><W> ने </W><W> पाकिस्तान </W><W> को </W><W> स्पष्ट </W><W> तौर </W><W> पर </W><W> बता </W><W> दिया </W><W> है </W><W> कि </W><W> उसे </W><W> कश्मीर </W><W> में </W><W> घुसपैठ </W><W> रोकना </W><W> चाहिए </W><W> और </W><W> सीमा </W><W> पर </W><W> तनाव </W><W> कम </W><W> करना </W><W> चाहिए। </W><W> रिपोर्ट </W><W> में </W><W> कहा </W><W> गया </W><W> है </W><W> कि </W><W> भारत </W><W> में </W><W> सन् </W><W> 2001 </W><W> के </W><W> दौरान </W><W> विभिन्न </W><W> उग्रवादी </W><W> गतिविधियों </W><W> , </W><W> खासकर </W><W> कश्मीर </W><W> की </W><W> घटनाओं </W><W> से </W><W> संबधित </W><W> सुरक्षा </W><W> समस्याएं </W><W> बनी </W><W> रहीं। </W><W> रिपोर्ट </W><W> में </W><PLACE-ARG ID="8"><LINK EVENT_ARG="1" ID="11" TYPE_REL="EVENT_ARG"/><W> जम्मू-कश्मीर </W><W> विधानसभा </W></PLACE-ARG><W> और </W><W> फिर </W><PLACE-ARG ID="4"><LINK EVENT_ARG="1" ID="12" TYPE_REL="EVENT_ARG"/><W> भारतीय </W><W> संसद </W></PLACE-ARG><W> पर </W><W> किए </W><W> गए </W><MAN_MADE_EVENT ID="1" TYPE="TERRORIST_ATTACK"><W> आतंकवादी </W><W> हमलों </W></MAN_MADE_EVENT><W> का </W><W> जिक्र </W><W> करते </W><W> हुए </W><W> कहा </W><W> गया </W><W> है </W><W> कि </W><W> भारत </W><W> लश्कर-ए-तैय्यबा </W><W> और </W><W> जैश-ए-मोहम्मद </W><W> जैसे </W><W> उग्रवादी </W><W> संगठनों </W><W> के </W><W> अलावा </W><W> पूर्वोत्तर </W><W> भारत </W><W> में </W><W> कई </W><W> अलगाववादी </W><W> आन्दोलनों </W><W> से </W><W> त्रस्त </W><W> रहा। </W><W> रिपोर्ट </W><W> में </W><TIME-ARG ID="7"><LINK EVENT_ARG="2" ID="13" TYPE_REL="EVENT_ARG"/><W> जनवरी </W><W> 2002 </W></TIME-ARG><W> को </W><PLACE-ARG ID="5"><LINK EVENT_ARG="2" ID="14" TYPE_REL="EVENT_ARG"/><W> कोलकाता </W><W> में </W><W> अमेरिकन </W><W> सेंटर </W></PLACE-ARG><W> के </W><W> बाहर </W><W> हुई </W><MAN_MADE_EVENT ID="2" TYPE="SHOOT_OUT"><W> गोलीबारी </W></MAN_MADE_EVENT><W> का </W><W> भी </W><W> उल्लेख </W><W> है। </W><W> रिपोर्ट </W><W> पर </W><W> प्रतिक्रिया </W><W> जताते </W><W> हुए </W><W> विदेश </W><W> मंत्री </W><W> कोलिन </W><W> पॉवेल </W><W> ने </W><W> कहा </W><W> कि </W><W> प्रौद्योगिकी </W><W> एवं </W><W> वैश्वीकरण </W><W> के </W><W> प्रसार </W><W> के </W><W> साथ </W><W> आतंकवाद </W><W> के </W><W> फैलने </W><W> का </W><W> भी </W><W> खतरा </W><W> बढ़ा </W><W> है। </W><W> रिपोर्ट </W><W> में </W><W> कहा </W><W> गया </W><W> है </W><W> कि </W><W> हरकत-उल-मुजाहिदीन </W><W> को </W><W> उसकी </W><W> आतंकवादी </W><W> कार्रवाइयों </W><W> के </W><W> लिए </W><W> पाकिस्तान </W><W> , </W><W> सऊदी </W><W> अरब </W><W> और </W><W> पाकिस्तानी </W><W> कब्जे </W><W> वाले </W><W> कश्मीर </W><W> से </W><W> धन </W><W> मिलता </W><W> है। </W><W> इसके </W><W> अनुसार </W><W> लश्कर-ए-तैय्यबा </W><W> को </W><W> फारस </W><W> की </W><W> खाड़ी </W><W> में </W><W> रहने </W><W> वाले </W><W> पाकिस्तानियों </W><W> से </W><W> और </W><W> जैश-ए-मोहम्मद </W><W> को </W><W> तालिबान </W><W> तथा </W><W> अरब </W><W> सूत्रों </W><W> के </W><W> अलावा </W><W> ओसामा </W><W> बिन </W><W> लादेन </W><W> से </W><W> जुडे़ </W><W> लोगों </W><W> के </W><W> जरिए </W><W> धन </W><W> मिलता </W><W> है। </W><W> श्रीलंका </W><W> के </W><W> बारे </W><W> में </W><W> रिपोर्ट </W><W> में </W><W> वहां </W><W> की </W><W> जातीय </W><W> समस्या </W><W> को </W><W> सुलझाने </W><W> के </W><W> लिए </W><W> नावेर् </W><W> के </W><W> प्रयासों </W><W> के </W><W> प्रति </W><W> बुश </W><W> प्रशासन </W><W> के </W><W> पूर्ण </W><W> समर्थन </W><W> को </W><W> दुहराया </W><W> गया </W><W> है। </W><W> रिपोर्ट </W><W> में </W><W> कहा </W><W> गया </W><W> है </W><W> कि </W><W> वर्ष </W><W> 2001 </W><W> में </W><W> दुनिया </W><W> भर </W><W> में </W><W> आतंकवाद </W><W> के </W><W> कारण </W><W> साढे़ </W><W> तीन </W><W> हजार </W><W> से </W><W> अधिक </W><W> मौतें </W><W> हुई </W><W> हैं </W><W> , </W><W> जो </W><W> आतंकवाद </W><W> द्वारा </W><W> एक </W><W> वर्ष </W><W> में </W><W> मारे </W><W> गए </W><W> लोगों </W><W> की </W><W> अब </W><W> तक </W><W> की </W><W> सर्वाधिक </W><W> संख्या </W><W> है। </W><W> इसमें </W><W> ईरान </W><W> को </W><W> अब </W><W> भी </W><W> दुनिया </W><W> में </W><W> आतंकवाद </W><W> का </W><W> सबसे </W><W> बड़ा </W><W> प्रायोजक </W><W> देश </W><W> माना </W><W> गया </W><W> है </W><W> , </W><W> जबकि </W><W> सूडान </W><W> और </W><W> लीबिया </W><W> के </W><W> बारे </W><W> में </W><W> कहा </W><W> गया </W><W> है </W><W> कि </W><W> इन्होंने </W><W> कुछ </W><W> कदम </W><W> उठाए </W><W> हैं </W><W> , </W><W> लेकिन </W><W> वे </W><W> अपर्याप्त </W><W> हैं। </W><W> आतंकवाद </W><W> के </W><W> प्रायोजक </W><W> देशों </W><W> की </W><W> सूची </W><W> में </W><W> कोई </W><W> परिवर्तन </W><W> नहीं </W><W> किया </W><W> गया </W><W> है। </W><W> इस </W><W> वर्ष </W><W> भी </W><W> इसमें </W><W> ईरान </W><W> , </W><W> सूडान </W><W> , </W><W> इराक </W><W> , </W><W> लीबिया </W><W> , </W><W> उत्तर </W><W> कोरिया </W><W> , </W><W> क्यूबा </W><W> और </W><W> सीरिया </W><W> शामिल </W><W> हैं। </W></P></DOCUMENT>