<?xml version="1.0" encoding="UTF-8"?>
<DOCUMENT><P><W> fullnews_id_2571137_date_5_7_2004.utf8 </W></P><P><W> अफजल </W><W> को </W><W> फांसी </W><W> की </W><W> सजा </W><W> बरकरार, </W><W> गिलानी </W><W> व </W><W> अफशां </W><W> बरी </W></P><P><W> शौकत </W><W> का </W><W> मृत्युदंड </W><W> दस </W><W> साल </W><W> के </W><W> सश्रम </W><W> करावास </W><W> में </W><W> बदला </W></P><P><W> नई </W><W> दिल्ली। </W></P><P><PLACE-ARG ID="2"><LINK EVENT_ARG="0" ID="5" TYPE_REL="EVENT_ARG"/><W> संसद </W><W> भवन </W></PLACE-ARG><W> पर </W><TIME-ARG ID="1"><LINK EVENT_ARG="0" ID="4" TYPE_REL="EVENT_ARG"/><W> १३ </W><W> दिसंबर </W><W> २००१ </W></TIME-ARG><W> को </W><W> हुए </W><MAN_MADE_EVENT ID="0" TYPE="TERRORIST_ATTACK"><W> हमले </W></MAN_MADE_EVENT><W> के </W><W> साजिशकर्ता </W><W> जैश-ए-मोहम्मद </W><W> के </W><W> आतंकी </W><PARTICIPANT-ARG ID="3"><LINK EVENT_ARG="0" ID="6" TYPE_REL="EVENT_ARG"/><W> मोहम्मद </W><W> अफजल </W></PARTICIPANT-ARG><W> को </W><W> मिली </W><W> मौत </W><W> की </W><W> सजा </W><W> सुप्रीम </W><W> कोर्ट </W><W> ने </W><W> बहाल </W><W> रखी </W><W> है। </W><W> यद्यपि, </W><W> कोर्ट </W><W> ने </W><W> दूसरे </W><W> आतंकी </W><W> शौकत </W><W> हुसैन </W><W> गुरु </W><W> को </W><W> मिले </W><W> मृत्युदंड </W><W> को </W><W> १० </W><W> वर्ष </W><W> के </W><W> सश्रम </W><W> कारावास </W><W> में </W><W> तब्दील </W><W> कर </W><W> दिया। </W><W> साथ </W><W> ही </W><W> अदालत </W><W> ने </W><W> दिल्ली </W><W> पुलिस </W><W> की </W><W> अपील </W><W> खारिज </W><W> करते </W><W> हुए </W><W> दिल्ली </W><W> विशवविद्यालय </W><W> के </W><W> जाकिर </W><W> हुसैन </W><W> कालेज </W><W> के </W><W> व्याख्याता </W><W> एस.ए.आर </W><W> गिलानी </W><W> और </W><W> शौकत </W><W> हुसैन </W><W> की </W><W> नी </W><W> नवजोत </W><W> संधू </W><W> उर्फ </W><W> अफशां </W><W> गुरु </W><W> को </W><W> बरी </W><W> किए </W><W> जाने </W><W> के </W><W> हाईकोर्ट </W><W> के </W><W> फैसले </W><W> को </W><W> भी </W><W> बरकरार </W><W> रखा।सुनवाई </W><W> अदालत </W><W> ने </W><W> मोहम्मद </W><W> अफजल, </W><W> शौकत </W><W> हुसैन </W><W> गुरु </W><W> और </W><W> एसएआर </W><W> गिलानी </W><W> को </W><W> मृत्युदंड </W><W> व </W><W> अफशां </W><W> गुरु </W><W> को </W><W> पांच </W><W> साल </W><W> कैद </W><W> की </W><W> सजा </W><W> दी </W><W> थी। </W><W> बाद </W><W> में </W><W> दिल्ली </W><W> हाईकोर्ट </W><W> ने </W><W> मोहम्मद </W><W> अफजल </W><W> और </W><W> शौकत </W><W> हुसैन </W><W> को </W><W> मृत्युदंड </W><W> की </W><W> पुष्टि </W><W> करते </W><W> हुए </W><W> अकाट्य </W><W> साक्ष्क्ष्यों </W><W> के </W><W> अभाव </W><W> में </W><W> गिलानी </W><W> और </W><W> नवजोत </W><W> संधू </W><W> को </W><W> बरी </W><W> कर </W><W> दिया </W><W> था। </W><W> अफजल </W><W> और </W><W> शौकत </W><W> ने </W><W> हाईकोर्ट </W><W> के </W><W> फैसले </W><W> के </W><W> खिलाफ </W><W> सुप्रीम </W><W> कोर्ट </W><W> में </W><W> अपील </W><W> की </W><W> थी </W><W> और </W><W> दिल्ली </W><W> पुलिस </W><W> ने </W><W> हाईकोर्ट </W><W> द्वारा </W><W> गिलानी </W><W> और </W><W> अफशां </W><W> को </W><W> बरी </W><W> करने </W><W> के </W><W> फैसले </W><W> को </W><W> चुनौती </W><W> दी </W><W> थी। </W><W> लगभग </W><W> छह </W><W> महीने </W><W> तक </W><W> अपीलों </W><W> पर </W><W> सुनवाई </W><W> करने </W><W> के </W><W> बाद </W><W> सुप्रीम </W><W> कोर्ट </W><W> ने </W><W> गत </W><W> ४ </W><W> मई </W><W> को </W><W> अपना </W><W> फैसला </W><W> सुरक्षित </W><W> रख </W><W> लिया </W><W> था। </W></P><P><W> न्यायमूर् </W><W> पीवी </W><W> रेड्डी </W><W> व </W><W> न्यायमूर् </W><W> पीपी </W><W> नावलेकर </W><W> की </W><W> खंडपीठ </W><W> ने </W><W> २७१ </W><W> नों </W><W> के </W><W> अपने </W><W> फैसले </W><W> में </W><W> पाकिस्तान </W><W> में </W><W> आतंकी </W><W> प्रशिक्षण </W><W> पाने </W><W> वाले </W><W> अफजल </W><W> की </W><W> अपील </W><W> खारिज </W><W> कर </W><W> मृत्युदंड </W><W> को </W><W> बरकरार </W><W> रखते </W><W> हुए </W><W> कहा </W><W> कि </W><W> इसमें </W><W> कोई </W><W> शक </W><W> नहीं </W><W> है </W><W> कि </W><W> अफजल </W><W> संसद </W><W> पर </W><W> हुए </W><W> आतंकवादी </W><MAN_MADE_EVENT ID="7" TYPE="TERRORIST_ATTACK"><EVENT-COREF-LINK EVENT_ID="0" ID="20" TYPE_REL="EVENT_COREF"/><W> हमले </W></MAN_MADE_EVENT><W> के </W><W> षड्यंत्र </W><W> में </W><W> शामिल </W><W> था। </W><W> अदालत </W><W> के </W><W> अनुसार </W><W> सभी </W><W> साक्ष्क्ष्यों </W><W> व </W><W> गवाहों </W><W> के </W><W> बयानों </W><W> से </W><W> यह </W><W> साबित </W><W> होता </W><W> है </W><W> कि </W><W> संसद </W><W> पर </W><W> हुए </W><W> हमले </W><W> में </W><W> उसने </W><W> मुख्य </W><W> भूमिका </W><W> निभाई </W><W> थी। </W><W> अदालत </W><W> के </W><W> अनुसार </W><W> अफजल </W><W> ही </W><W> मुख्य </W><W> षड्यंत्रकारी </W><W> था। </W><PLACE-ARG ID="9"><LINK EVENT_ARG="8" ID="10" TYPE_REL="EVENT_ARG"/><W> संसद </W></PLACE-ARG><W> पर </W><W> हुए </W><MAN_MADE_EVENT ID="8" TYPE="TERRORIST_ATTACK"><EVENT-COREF-LINK EVENT_ID="0" ID="21" TYPE_REL="EVENT_COREF"/><W> हमले </W></MAN_MADE_EVENT><W> को </W><W> दुर्लभतम </W><W> की </W><W> श्रेणी </W><W> में </W><W> रखते </W><W> हुए </W><W> अदालत </W><W> ने </W><W> आगे </W><W> कहा </W><W> कि </W><W> यदि </W><W> अफजल </W><W> को </W><W> मृत्युदंड </W><W> नहीं </W><W> दिया </W><W> गया </W><W> तो </W><W> सामाजिक </W><W> व </W><W> राजनीतिक </W><W> संरचना </W><W> का </W><W> ढांचा </W><W> चरमरा </W><W> जाएगा। </W><W> अदालत </W><W> के </W><W> अनुसार </W><PLACE-ARG ID="12"><LINK EVENT_ARG="11" ID="13" TYPE_REL="EVENT_ARG"/><W> संसद </W></PLACE-ARG><W> पर </W><MAN_MADE_EVENT ID="11" TYPE="TERRORIST_ATTACK"><EVENT-COREF-LINK EVENT_ID="0" ID="22" TYPE_REL="EVENT_COREF"/><W> हमला </W></MAN_MADE_EVENT><W> देश </W><W> की </W><W> लोकतांत्रिक </W><W> व्यवस्था </W><W> की </W><W> सर्वोच्च </W><W> संस्था </W><W> पर </W><W> हमला </W><W> है। </W><W> लिहाजा </W><W> इसके </W><W> मुख्य </W><W> अपराधी </W><W> को </W><W> फांसी </W><W> से </W><W> कम </W><W> की </W><W> सजा </W><W> नहीं </W><W> दी </W><W> जा </W><W> सकती। </W></P><P><W> अदालत </W><W> ने </W><W> शौकत </W><W> हुसैन </W><W> की </W><W> अपील </W><W> आंशिक </W><W> रूप </W><W> से </W><W> स्वीकार </W><W> करते </W><W> हुए </W><W> मृत्युदंड </W><W> की </W><W> सजा </W><W> घटाकर </W><W> भारतीय </W><W> दंड </W><W> संहिता </W><W> की </W><W> धारा-१२३ </W><W> के </W><W> तहत </W><W> देश </W><W> के </W><W> खिलाफ </W><W> रचे </W><W> गए </W><W> षड्यंत्र </W><W> को </W><W> छुपाने </W><W> के </W><W> आरोप </W><W> में </W><W> १० </W><W> वर्ष </W><W> का </W><W> सश्रम </W><W> कारावास </W><W> और </W><W> २५ </W><W> हजार </W><W> रुपये </W><W> जुर्माने </W><W> की </W><W> सजा </W><W> दी </W><W> और </W><W> जुर्माना </W><W> न </W><W> देने </W><W> पर </W><W> एक </W><W> वर्ष </W><W> की </W><W> अतिरिक्त </W><W> कैद </W><W> का </W><W> दंड </W><W> भी </W><W> दिया। </W><W> अदालत </W><W> ने </W><W> फैसले </W><W> में </W><W> साफ </W><W> तौर </W><W> पर </W><W> यह </W><W> भी </W><W> कहा </W><W> कि </W><W> साक्ष्क्ष्यों </W><W> के </W><W> अभाव </W><W> में </W><W> गिलानी </W><W> व </W><W> नवजोत </W><W> को </W><W> बरी </W><W> किया </W><W> जा </W><W> रहा </W><W> है। </W><W> साथ </W><W> ही </W><W> अदालत </W><W> ने </W><W> अपने </W><W> फैसले </W><W> में </W><W> माना </W><W> कि </W><W> बेशक </W><W> गिलानी </W><W> का </W><W> संसद </W><W> पर </W><W> हमले </W><W> की </W><W> घटना </W><W> से </W><W> कोई </W><W> लेना-देना </W><W> नहीं </W><W> हो, </W><W> लेकिन </W><PLACE-ARG ID="15"><LINK EVENT_ARG="14" ID="18" TYPE_REL="EVENT_ARG"/><W> संसद </W></PLACE-ARG><W> पर </W><MAN_MADE_EVENT ID="14" TYPE="TERRORIST_ATTACK"><EVENT-COREF-LINK EVENT_ID="0" ID="23" TYPE_REL="EVENT_COREF"/><W> हमले </W></MAN_MADE_EVENT><W> के </W><W> बाद </W><W> उसने </W><W> जो </W><W> खुशी </W><W> जाहिर </W><W> की </W><W> थी </W><W> उससे </W><W> शक </W><W> होना </W><W> स्वाभाविक </W><W> है, </W><W> लेकिन </W><W> महज </W><W> संदेह </W><W> के </W><W> आधार </W><W> पर </W><W> उसे </W><W> सजा </W><W> नहीं </W><W> दी </W><W> जा </W><W> सकती </W><W> है। </W></P><P><W> गौरतलब </W><W> है </W><W> कि </W><W> दिल्ली </W><W> पुलिस </W><W> की </W><W> ओर </W><W> से </W><W> वरिष्ठ </W><W> अधिवक्ता </W><W> गोपाल </W><W> सुब्रमण्यम </W><W> और </W><W> अभियुक्तों </W><W> की </W><W> ओर </W><W> से </W><W> वरिष्ठ </W><W> अधिवक्ता </W><W> राम </W><W> जेठमलानी </W><W> ने </W><W> अदालत </W><W> में </W><W> अपनी </W><W> दलील </W><W> दी </W><W> थीं। </W><PLACE-ARG ID="17"><LINK EVENT_ARG="16" ID="19" TYPE_REL="EVENT_ARG"/><W> संसद </W></PLACE-ARG><W> पर </W><W> हुए </W><W> आतंकवादी </W><PLACE-ARG ID="16"><EVENT-COREF-LINK EVENT_ID="0" ID="24" TYPE_REL="EVENT_COREF"/><W> हमले </W></PLACE-ARG><W> में </W><W> ९ </W><W> लोगों </W><W> की </W><W> मौत </W><W> हो </W><W> गई </W><W> थी </W><W> और </W><W> १३ </W><W> लोग </W><W> घायल </W><W> हुए </W><W> थे। </W><W> इस </W><W> घटना </W><W> में </W><W> पांच </W><W> आतंकवादी </W><W> भी </W><W> मारे </W><W> गए </W><W> थे। </W></P></DOCUMENT>