<?xml version="1.0" encoding="UTF-8"?>
<DOCUMENT><P><W> navbharat_2002_8_24_21879133 </W></P><P><W> इस </W><W> बार </W><W> भारत </W><W> हो </W><W> सकता </W><W> है </W><W> अल </W><W> कायदा </W><W> का </W><W> निशाना </W></P><P><W> नई </W><W> दिल्ली </W><W> (वार्ता): </W><W> अन्तरराष्ट्रीय </W><W> आतंकवादी </W><W> संगठन </W><W> ' </W><W> अल </W><W> कायदा </W><W> ' </W><W> एक </W><W> बार </W><W> फिर </W><W> एकजुट </W><W> हो </W><W> सकता </W><W> है </W><W> और </W><W> बड़ी </W><W> ताकत </W><W> के </W><W> साथ </W><W> हमला </W><W> कर </W><W> सकता </W><W> है। </W><W> इस </W><W> बार </W><W> भारत </W><W> उसकी </W><W> सूची </W><W> में </W><W> ऊपर </W><W> है। </W><W> इस्लामी </W><W> आतंकवाद </W><W> के </W><W> विशेषज्ञ </W><W> डा. </W><W> रोहन </W><W> गुणारत्न </W><W> जिन्होंने </W><W> हाल </W><W> में </W><W> ' </W><W> अल </W><W> कायदा </W><W> के </W><W> विश्वव्यापी </W><W> आतंक </W><W> ' </W><W> पर </W><W> पुस्तक </W><W> भी </W><W> लिखी </W><W> है </W><W> , </W><W> एक </W><W> भेंटवार्ता </W><W> में </W><W> कहा </W><W> कि </W><W> कुख्यात </W><W> आतंकवादी </W><W> सरगना </W><W> ओसामा </W><W> बिन </W><W> लादेन </W><W> संभवत: </W><W> जिन्दा </W><W> है </W><W> और </W><W> वह </W><W> अलकायदा </W><W> को </W><W> एकजुट </W><W> कर </W><W> सकता </W><W> है। </W><W> अमरीकी </W><W> कांग्रेस </W><W> , </W><W> संयुक्त </W><W> राष्ट्र </W><W> और </W><W> आस्ट्रेलियाई </W><W> संसद </W><W> में </W><TIME-ARG ID="4"><LINK EVENT_ARG="0" ID="8" TYPE_REL="EVENT_ARG"/><W> 11 </W><W> सितंबर </W></TIME-ARG><W> के </W><MAN_MADE_EVENT ID="0" TYPE="TERRORIST_ATTACK"><W> हमले </W></MAN_MADE_EVENT><W> पर </W><W> अपना </W><W> भाषण </W><W> देने </W><W> वाले </W><W> डा </W><W> 0 </W><W> गुणारत्न </W><W> ने </W><W> कहा </W><W> कि </W><W> नई </W><W> सदी </W><W> का </W><W> पहला </W><W> युद्ध </W><W> किसी </W><W> राष्ट्र </W><W> के </W><W> खिलाफ </W><W> नहीं </W><W> बल्कि </W><W> आतंकवादी </W><W> संगठन </W><W> अल </W><W> कायदा </W><W> के </W><W> विरुद्ध </W><W> लड़ा </W><W> गया </W><W> पर </W><W> वह </W><W> विफल </W><W> हो </W><W> गया। </W><W> डा </W><W> 0 </W><W> गुणारत्न </W><W> ने </W><W> कहा </W><W> कि </W><W> अल </W><W> कायदा </W><W> ने </W><W> आतंक </W><W> फैलाने </W><W> के </W><W> लिए </W><W> भारत </W><W> पर </W><W> बड़े </W><MAN_MADE_EVENT ID="1" TYPE="TERRORIST_ATTACK"><W> हमले </W></MAN_MADE_EVENT><W> की </W><W> योजना </W><W> बनाई </W><W> है </W><W> जो </W><W> अल </W><W> कायदा </W><W> का </W><W> नया </W><W> कार्यक्षेत्र </W><W> है। </W><W> उन्होंने </W><TIME-ARG ID="5"><LINK EVENT_ARG="2" ID="9" TYPE_REL="EVENT_ARG"/><W> 11 </W><W> सितंबर </W></TIME-ARG><W> के </W><MAN_MADE_EVENT ID="2" TYPE="TERRORIST_ATTACK"><W> हमले </W></MAN_MADE_EVENT><W> और </W><PLACE-ARG ID="7"><LINK EVENT_ARG="3" ID="11" TYPE_REL="EVENT_ARG"/><W> भारतीय </W><W> संसद </W></PLACE-ARG><W> पर </W><TIME-ARG ID="6"><LINK EVENT_ARG="3" ID="10" TYPE_REL="EVENT_ARG"/><W> 13 </W><W> दिसंबर </W></TIME-ARG><W> के </W><MAN_MADE_EVENT ID="3" TYPE="TERRORIST_ATTACK"><W> हमले </W></MAN_MADE_EVENT><W> के </W><W> बीच </W><W> संभावनाएं </W><W> भी </W><W> रेखांकित </W><W> की </W><W> हैं। </W><W> उनका </W><W> कहना </W><W> हैं </W><W> कि </W><W> अल </W><W> कायदा </W><W> आमतौर </W><W> पर </W><W> सांकेतिक </W><W> हमला </W><W> करता </W><W> है </W><W> और </W><W> अपने </W><W> सहयोगी </W><W> संगठनों </W><W> को </W><W> इस </W><W> काम </W><W> को </W><W> अंजाम </W><W> देने </W><W> की </W><W> जिम्मेदारी </W><W> देता </W><W> है। </W><W> इस </W><W> तरह </W><W> वह </W><W> उनसे </W><W> दोस्ती </W><W> मजबूत </W><W> बनाता </W><W> है। </W><W> उनका </W><W> कहना </W><W> है </W><W> कि </W><W> ओसामा </W><W> के </W><W> साथ </W><W> पाकिस्तान </W><W> का </W><W> संबंध </W><W> है </W><W> और </W><W> ओसामा </W><W> के </W><W> लिए </W><W> पाकिस्तान </W><W> सुरक्षित </W><W> स्थान </W><W> बना </W><W> हुआ </W><W> है। </W><W> पाकिस्तान </W><W> न </W><W> केवल </W><W> राजनीतिक </W><W> वैचारिक </W><W> बल्कि </W><W> नैतिक </W><W> रूप </W><W> से </W><W> भी </W><W> उसका </W><W> समर्थक </W><W> बना </W><W> हुआ </W><W> है। </W><W> उन्होंने </W><W> कहा </W><W> कि </W><W> अल </W><W> कायदा </W><W> ने </W><W> दक्षिण </W><W> एशिया </W><W> के </W><W> कई </W><W> संगठनों </W><W> में </W><W> अपनी </W><W> घुसपैठ </W><W> की </W><W> है। </W><W> इनमें </W><W> हरकत </W><W> उल </W><W> मुजाहिदीन </W><W> , </W><W> जैश </W><W> ए </W><W> मोहम्मद </W><W> , </W><W> हिज्बुल </W><W> मुजाहिदीन </W><W> तथा </W><W> लश्करे </W><W> तय्यबा </W><W> शामिल </W><W> हैं। </W></P></DOCUMENT>