<?xml version="1.0" encoding="UTF-8"?>
<DOCUMENT><P><W> navbharat_2003_10_23_248458 </W></P><P><W> एक </W><W> बार </W><W> फिर </W><W> सुलह </W><W> का </W><W> हाथ </W><W> -कुलदीप </W><W> कुमार </W></P><P><W> सुरक्षा </W><W> मामलों </W><W> की </W><W> कैबिनेट </W><W> समिति </W><W> ने </W><W> कई </W><W> ऐसे </W><W> फैसले </W><W> लिए </W><W> , </W><W> जिनका </W><W> स्वागत </W><W> किया </W><W> जाना </W><W> चाहिए। </W><W> भारत </W><W> ने </W><W> पाकिस्तान </W><W> के </W><W> साथ </W><W> संबंध </W><W> सुधारने </W><W> के </W><W> लिए </W><W> उसके </W><W> सामने </W><W> 12 </W><W> प्रस्ताव </W><W> रखे </W><W> हैं। </W><W> दूसरी </W><W> तरफ </W><W> केन्द्र </W><W> सरकार </W><W> ने </W><W> यह </W><W> भी </W><W> तय </W><W> किया </W><W> है </W><W> कि </W><W> हुर्रियत </W><W> कांफ्रेंस </W><W> के </W><W> साथ </W><W> उप </W><W> प्रधानमंत्री </W><W> लालकृष्ण </W><W> आडवाणी </W><W> वार्ता </W><W> करेंगे। </W><W> इन </W><W> फैसलों </W><W> की </W><W> आवश्यकता </W><W> से </W><W> इनकार </W><W> नहीं </W><W> किया </W><W> जा </W><W> सकता </W><W> , </W><W> लेकिन </W><W> यह </W><W> आशा </W><W> तो </W><W> की </W><W> जा </W><W> सकती </W><W> है </W><W> कि </W><W> सरकार </W><W> पारदर्शिता </W><W> बरतते </W><W> हुए </W><W> देशवासियों </W><W> को </W><W> विश्वास </W><W> में </W><W> ले </W><W> और </W><W> बताए </W><W> कि </W><W> स्थिति </W><W> में </W><W> ऐसा </W><W> कौन </W><W> सा </W><W> बदलाव </W><W> आया </W><W> है </W><W> जिसे </W><W> ध्यान </W><W> में </W><W> रखकर </W><W> उसने </W><W> ये </W><W> फैसले </W><W> लिए </W><W> हैं। </W><W> जहाँ </W><W> तक </W><W> सीमा </W><W> पार </W><W> से </W><W> हो </W><W> रहे </W><W> आतंकवाद </W><W> का </W><W> प्रश्न </W><W> है </W><W> , </W><W> उसमें </W><W> किसी </W><W> प्रकार </W><W> की </W><W> कमी </W><W> देखने </W><W> में </W><W> नहीं </W><W> आई </W><W> है। </W><W> इसके </W><W> विपरीत </W><W> पिछले </W><W> कुछ </W><W> सप्ताह </W><W> से </W><W> आतंकवादी </W><W> हमलों </W><W> में </W><W> काफी </W><W> तेजी </W><W> आई </W><W> है </W><W> , </W><W> जिसके </W><W> परिणामस्वरूप </W><W> बड़ी </W><W> संख्या </W><W> में </W><W> निर्दोष </W><W> नागरिक </W><W> जख्मी </W><W> हो </W><W> रहे </W><W> हैं। </W><W> मुख्यमंत्री </W><PLACE-ARG ID="1"><LINK EVENT_ARG="0" ID="5" TYPE_REL="EVENT_ARG"/><W> मुफ्ती </W><W> मोहम्मद </W><W> सईद </W><W> का </W><W> निवास </W></PLACE-ARG><W> स्थान </W><W> भी </W><MAN_MADE_EVENT ID="0" TYPE="TERRORIST_ATTACK"><W> आतंकवादी </W><W> हमले </W></MAN_MADE_EVENT><W> का </W><W> निशाना </W><W> बन </W><W> चुका </W><W> है। </W><W> इन </W><W> घटनाओं </W><W> के </W><W> पीछे </W><W> जो </W><W> आतंकवादी </W><W> संगठन </W><W> हैं </W><W> , </W><W> उनके </W><W> सिर </W><W> पर </W><W> पाकिस्तान </W><W> का </W><W> हाथ </W><W> है </W><W> और </W><W> पाकिस्तान </W><W> द्वारा </W><W> उन्हें </W><W> मिलने </W><W> वाले </W><W> समर्थन </W><W> में </W><W> भी </W><W> कोई </W><W> कमी </W><W> नहीं </W><W> आई </W><W> है। </W><W> फिर </W><W> भारत </W><W> सरकार </W><W> द्वारा </W><W> लिए </W><W> गए </W><W> फैसलों </W><W> का </W><W> क्या </W><W> आधार </W><W> या </W><W> औचित्य </W><W> है </W><W> ? </W><W> यदि </W><W> ध्यान </W><W> से </W><W> देखा </W><W> जाए </W><W> तो </W><W> भारत </W><W> द्वारा </W><W> पाकिस्तान </W><W> के </W><W> सामने </W><W> रखे </W><W> गए </W><W> प्रस्तावों </W><W> में </W><W> से </W><W> कई </W><W> ऐसे </W><W> हैं </W><W> जिनके </W><W> पीछे </W><W> कोई </W><W> नई </W><W> पहल </W><W> करने </W><W> के </W><W> लिए </W><W> आवश्यक </W><W> कल्पना </W><W> शक्ति </W><W> या </W><W> निर्णय </W><W> लेने </W><W> की </W><W> क्षमता </W><W> नहीं </W><W> , </W><W> बल्कि </W><W> भारत </W><W> की </W><W> विवशताजन्य </W><W> दयनीयता </W><W> है। </W><W> यह </W><W> केवल </W><W> अपने </W><W> उन </W><W> हाथों </W><W> को </W><W> खोलने </W><W> की </W><W> कोशिश </W><W> है </W><W> , </W><W> जिन्हें </W><W> हमने </W><W> स्वयं </W><W> बांध </W><W> रखा </W><W> है। </W><W> इसके </W><W> साथ </W><W> ही </W><W> यह </W><W> वाजपेयी </W><W> सरकार </W><W> की </W><W> पाकिस्तान </W><W> और </W><W> कश्मीर </W><W> नीति </W><W> की </W><W> विफलता </W><W> की </W><W> भी </W><W> परोक्ष </W><W> स्वीकारोक्ति </W><W> है। </W><W> भारत </W><W> के </W><W> अधिकतर </W><W> प्रस्तावों </W><W> का </W><W> संबंध </W><W> उन </W><W> कदमों </W><W> को </W><W> वापस </W><W> लेने </W><W> से </W><W> है </W><W> , </W><W> जो </W><W> उसने </W><W> पाकिस्तान </W><W> द्वारा </W><W> जम्मू-कश्मीर </W><W> तथा </W><W> भारत </W><W> के </W><W> अन्य </W><W> भागों </W><W> में </W><W> आतंकवाद </W><W> प्रायोजित </W><W> करने </W><W> से </W><W> क्षुब्ध </W><W> होकर </W><W> उठाए </W><W> थे। </W><W> यह </W><W> कोई </W><W> नई </W><W> शांति </W><W> पहल </W><W> नहीं </W><W> , </W><W> यह </W><W> तो </W><W> अपनी </W><W> गलतियों </W><W> को </W><W> सुधारने </W><W> की </W><W> कोशिश </W><W> है। </W><W> यह </W><W> उस </W><W> अंधी </W><W> गली </W><W> से </W><W> बाहर </W><W> निकलने </W><W> का </W><W> प्रयास </W><W> है </W><W> , </W><W> जिसमें </W><W> हम </W><W> खुद </W><W> ही </W><W> घुसे </W><W> थे। </W><W> यह </W><W> कहना </W><W> ज्यादती </W><W> होगी </W><W> कि </W><W> सभी </W><W> प्रस्ताव </W><W> ऐसे </W><W> हैं। </W><W> श्रीनगर </W><W> से </W><W> मुजफ्फराबाद </W><W> के </W><W> बीच </W><W> बस </W><W> सेवा </W><W> शुरू </W><W> करना </W><W> , </W><W> राजस्थान </W><W> और </W><W> सिंध </W><W> को </W><W> रेल </W><W> या </W><W> बस </W><W> मार्ग </W><W> से </W><W> जोड़ना </W><W> , </W><W> एक-दूसरे </W><W> के </W><W> मछुआरों </W><W> को </W><W> न </W><W> पकड़ना </W><W> और </W><W> नागरिकों </W><W> की </W><W> सहूलियत </W><W> के </W><W> लिए </W><W> वीजा </W><W> शिविर </W><W> लगाना- </W><W> ये </W><W> प्रस्ताव </W><W> जरूर </W><W> ऐसे </W><W> हैं </W><W> जिनमें </W><W> वाजपेयी </W><W> सरकार </W><W> की </W><W> कल्पनाशीलता </W><W> और </W><W> आत्मविश्वास </W><W> झलकते </W><W> हैं। </W><W> इनके </W><W> अलावा </W><W> अन्य </W><W> प्रस्तावों </W><W> में </W><W> केवल </W><W> कदमताल </W><W> है </W><W> , </W><W> आगे </W><W> की </W><W> ओर </W><W> बढ़ने </W><W> का </W><W> प्रयास </W><W> नहीं। </W><W> हमारी </W><W> कभी </W><W> भी </W><W> पाकिस्तान </W><W> के </W><W> प्रति </W><W> सुचिंतित </W><W> एवं </W><W> स्थिर </W><W> नीति </W><W> नहीं </W><W> रही। </W><W> नीति </W><W> संबंधी </W><W> इस </W><W> ढुलमुलपन </W><W> ने </W><W> हमारी </W><W> विश्वसनीयता </W><W> को </W><W> भी </W><W> क्षति </W><W> पहुँचाई </W><W> है। </W><W> करगिल </W><W> युद्ध </W><W> के </W><W> बाद </W><W> भारत </W><W> ने </W><W> घोषणा </W><W> की </W><W> कि </W><W> जब </W><W> तक </W><W> पाकिस्तान </W><W> सीमा </W><W> पार </W><W> से </W><W> होने </W><W> वाले </W><W> आतंकवाद </W><W> को </W><W> समर्थन </W><W> देना </W><W> बंद </W><W> नहीं </W><W> करता </W><W> , </W><W> उसके </W><W> साथ </W><W> बातचीत </W><W> नहीं </W><W> की </W><W> जाएगी। </W><W> उधर </W><W> पाकिस्तान </W><W> हर </W><W> मंच </W><W> से </W><W> घोषणा </W><W> करता </W><W> रहा </W><W> कि </W><W> वह </W><W> तो </W><W> भारत </W><W> के </W><W> साथ </W><W> बातचीत </W><W> करके </W><W> कश्मीर </W><W> समस्या </W><W> को </W><W> सुलझाने </W><W> को </W><W> आतुर </W><W> है </W><W> , </W><W> लेकिन </W><W> भारत </W><W> की </W><W> इसमें </W><W> कोई </W><W> दिलचस्पी </W><W> नहीं। </W><W> इस </W><W> सबसे </W><W> अंतरराष्ट्रीय </W><W> समुदाय </W><W> में </W><W> भी </W><W> बेचैनी </W><W> पैदा </W><W> हुई </W><W> , </W><W> क्योंकि </W><W> आणविक </W><W> हथियारों </W><W> से </W><W> लैस </W><W> दो </W><W> पड़ोसी </W><W> शत्रु </W><W> देशों </W><W> के </W><W> बीच </W><W> संवादहीनता </W><W> सचमुच </W><W> खतरनाक </W><W> सिद्ध </W><W> हो </W><W> सकती </W><W> है। </W><W> सरकार </W><W> की </W><W> इस </W><W> नीति </W><W> को </W><W> विपक्ष </W><W> का </W><W> समर्थन </W><W> नहीं </W><W> मिला </W><W> , </W><W> लेकिन </W><W> वह </W><W> इस </W><W> पर </W><W> चलती </W><W> रही। </W><W> शुरू </W><W> में </W><W> ऐसे </W><W> संकेत </W><W> भी </W><W> दिए </W><W> गए </W><W> कि </W><W> भारत </W><W> एक </W><W> लोकतांत्रिक </W><W> देश </W><W> होने </W><W> के </W><W> नाते </W><W> नवाज </W><W> शरीफ </W><W> सरकार </W><W> का </W><W> तख्तापलट </W><W> करके </W><W> सत्ता </W><W> में </W><W> आए </W><W> सैनिक </W><W> तानाशाह </W><W> जनरल </W><W> परवेज </W><W> मुशर्रफ </W><W> से </W><W> बात </W><W> नहीं </W><W> करना </W><W> चाहता। </W><W> लेकिन </W><W> फिर </W><W> अचानक </W><W> वह </W><W> नीति </W><W> बदल </W><W> दी </W><W> गई </W><W> और </W><W> मुशर्रफ </W><W> को </W><W> आगरा </W><W> आने </W><W> का </W><W> निमंत्रण </W><W> दे </W><W> दिया </W><W> गया। </W><W> उनके </W><W> आने </W><W> के </W><W> पहले </W><W> ही </W><W> हम </W><W> उनके </W><W> प्रति </W><W> इतने </W><W> अधिक </W><W> भावाकुल </W><W> हो </W><W> गए </W><W> कि </W><W> विधिवत </W><W> राष्ट्रपति </W><W> बनने </W><W> के </W><W> पहले </W><W> ही </W><W> प्रधानमंत्री </W><W> अटल </W><W> बिहारी </W><W> वाजपेयी </W><W> ने </W><W> मुशर्रफ </W><W> को </W><W> मुबारकबाद </W><W> भी </W><W> दे </W><W> डाली। </W><W> आगरा </W><W> शिखर </W><W> सम्मेलन </W><W> की </W><W> विफलता </W><W> के </W><W> बाद </W><PLACE-ARG ID="3"><LINK EVENT_ARG="2" ID="4" TYPE_REL="EVENT_ARG"/><W> जम्मू-कश्मीर </W><W> विधानसभा </W><W> और </W><W> भारतीय </W><W> संसद </W></PLACE-ARG><W> पर </W><W> हुए </W><W> जबर्दस्त </W><MAN_MADE_EVENT ID="2" TYPE="TERRORIST_ATTACK"><W> आतंकवादी </W><W> हमलों </W></MAN_MADE_EVENT><W> के </W><W> बाद </W><W> हमने </W><W> फिर </W><W> से </W><W> पाकिस्तान </W><W> से </W><W> कुट्टी </W><W> कर </W><W> ली </W><W> , </W><W> वायु </W><W> संपर्क </W><W> तोड़ </W><W> लिए </W><W> , </W><W> उच्चायोग </W><W> में </W><W> कर्मचारियों </W><W> की </W><W> संख्या </W><W> घटा </W><W> दी </W><W> , </W><W> अपने </W><W> उच्चायुक्त </W><W> को </W><W> इस्लामाबाद </W><W> से </W><W> वापस </W><W> बुला </W><W> लिया </W><W> और </W><W> महीनों </W><W> तक </W><W> पाकिस्तानी </W><W> उच्चायुक्त </W><W> की </W><W> अनदेखी </W><W> कर </W><W> उप </W><W> उच्चायुक्त </W><W> के </W><W> साथ </W><W> बात </W><W> करते </W><W> रहे। </W><W> दस </W><W> माह </W><W> तक </W><W> सेना </W><W> को </W><W> सीमा </W><W> पर </W><W> तैनात </W><W> कर </W><W> दिया </W><W> गया। </W><W> फिर </W><W> एकाएक </W><W> इन </W><W> सभी </W><W> निर्णयों </W><W> को </W><W> एक-एक </W><W> कर </W><W> उलटना </W><W> शुरू </W><W> किया। </W><W> गत </W><W> 22 </W><W> अक्टूबर </W><W> को </W><W> किए </W><W> गए </W><W> प्रस्ताव </W><W> इसी </W><W> शृंखला </W><W> की </W><W> कड़ी </W><W> हैं। </W><W> सबसे </W><W> अधिक </W><W> हास्यास्पद </W><W> स्थिति </W><W> खेलों </W><W> की </W><W> रही। </W><W> हम </W><W> पाकिस्तान </W><W> के </W><W> साथ </W><W> त्रिकोणीय </W><W> या </W><W> बहुकोणीय </W><W> टूर्नामेंटों </W><W> में </W><W> तो </W><W> खेलते </W><W> रहे </W><W> , </W><W> लेकिन </W><W> द्विपक्षीय </W><W> स्तर </W><W> पर </W><W> खेलने </W><W> से </W><W> बचते </W><W> रहे। </W><W> पाकिस्तान </W><W> इसके </W><W> विरुद्ध </W><W> बावेला </W><W> करता </W><W> रहा। </W><W> अब </W><W> यदि </W><W> पाकिस्तान </W><W> भारत </W><W> के </W><W> प्रस्ताव </W><W> को </W><W> स्वीकार </W><W> कर </W><W> लेता </W><W> है </W><W> , </W><W> तो </W><W> खेलप्रेमियों </W><W> के </W><W> लिए </W><W> यह </W><W> बहुत </W><W> बड़ी </W><W> खुशखबरी </W><W> होगी। </W><W> रेल </W><W> सम्पर्क </W><W> बहाल </W><W> करने </W><W> को </W><W> वायु </W><W> सम्पर्क </W><W> की </W><W> बहाली </W><W> से </W><W> जोड़कर </W><W> सरकार </W><W> कोई </W><W> बहुत </W><W> बुद्धिमत्ता </W><W> का </W><W> काम </W><W> नहीं </W><W> कर </W><W> रही। </W><W> वायु </W><W> संपर्क </W><W> भारत </W><W> ने </W><W> ही </W><W> तोड़ा </W><W> था </W><W> , </W><W> जिसके </W><W> कारण </W><W> मुशर्रफ </W><W> को </W><W> चीन </W><W> होते </W><W> हुए </W><W> काठमांडू </W><W> जाना </W><W> पड़ा </W><W> था। </W><W> आम </W><W> आदमी </W><W> के </W><W> लिए </W><W> बस </W><W> और </W><W> रेल </W><W> का </W><W> अधिक </W><W> महत्व </W><W> है। </W><W> इसलिए </W><W> रेल </W><W> और </W><W> बस </W><W> सम्पर्कों </W><W> की </W><W> बहाली </W><W> और </W><W> उनमें </W><W> विस्तार </W><W> की </W><W> भारतीय </W><W> और </W><W> पाकिस्तानी </W><W> यात्रियों </W><W> को </W><W> बेताबी </W><W> से </W><W> प्रतीक्षा </W><W> है। </W><W> अच्छा </W><W> होता </W><W> यदि </W><W> इन्हें </W><W> वायु </W><W> सम्पर्क </W><W> की </W><W> बहाली </W><W> से </W><W> न </W><W> जोड़ा </W><W> जाता। </W><W> वाजपेयी </W><W> सरकार </W><W> ने </W><W> जो </W><W> प्रक्रिया </W><W> शुरू </W><W> की </W><W> है </W><W> , </W><W> उसकी </W><W> परिणति </W><W> पहले </W><W> विदेश </W><W> सचिवों </W><W> , </W><W> फिर </W><W> विदेश </W><W> मंत्रियों </W><W> और </W><W> अंतत: </W><W> शासनाध्यक्षों </W><W> के </W><W> बीच </W><W> वार्ता </W><W> में </W><W> होनी </W><W> चाहिए। </W><W> वार्ताओं </W><W> की </W><W> विफलता </W><W> के </W><W> कारण </W><W> संवाद </W><W> की </W><W> प्रक्रिया </W><W> अवरुद्ध </W><W> नहीं </W><W> होनी </W><W> चाहिए। </W><W> इसके </W><W> साथ </W><W> ही </W><W> सरकार </W><W> को </W><W> देश </W><W> के </W><W> भीतर </W><W> विभिन्न </W><W> विचार </W><W> वाले </W><W> दलों </W><W> और </W><W> व्यक्तियों </W><W> के </W><W> साथ </W><W> संवाद </W><W> शुरू </W><W> करके </W><W> राष्ट्रीय </W><W> आम </W><W> राय </W><W> बनाने </W><W> की </W><W> कोशिश </W><W> भी </W><W> करनी </W><W> चाहिए </W><W> , </W><W> ताकि </W><W> जम्मू-कश्मीर </W><W> के </W><W> बारे </W><W> में </W><W> जब </W><W> भी </W><W> पाकिस्तान </W><W> के </W><W> साथ </W><W> बात </W><W> हो </W><W> सरकार </W><W> उसके </W><W> सामने </W><W> ऐसा </W><W> प्रस्ताव </W><W> पेश </W><W> कर </W><W> सके </W><W> जिसके </W><W> पीछे </W><W> पूरे </W><W> भारत </W><W> की </W><W> सहमति </W><W> हो। </W><W> अलगाववादी </W><W> हुर्रियत </W><W> कांफ्रेंस </W><W> से </W><W> उप </W><W> प्रधानमंत्री </W><W> के </W><W> स्तर </W><W> पर </W><W> बात </W><W> करने </W><W> का </W><W> फैसला </W><W> लेकर </W><W> वाजपेयी </W><W> सरकार </W><W> ने </W><W> व्यावहारिकता </W><W> का </W><W> परिचय </W><W> दिया </W><W> है। </W><W> हुर्रियत </W><W> कांफ्रेंस </W><W> का </W><W> प्रभाव </W><W> भले </W><W> ही </W><W> उतना </W><W> न </W><W> हो </W><W> जितना </W><W> वह </W><W> दिखाती </W><W> है </W><W> , </W><W> लेकिन </W><W> कश्मीरियों </W><W> के </W><W> एक </W><W> तबके </W><W> का </W><W> वह </W><W> निश्चित </W><W> रूप </W><W> से </W><W> प्रतिनिधित्व </W><W> करती </W><W> है। </W><W> यह </W><W> तबका </W><W> कश्मीर </W><W> की </W><W> आजादी </W><W> के </W><W> दिवास्वप्न </W><W> में </W><W> खोया </W><W> हुआ </W><W> है। </W><W> सरकार </W><W> का </W><W> काम </W><W> इस </W><W> वर्ग </W><W> को </W><W> आतंकवादी </W><W> संगठनों </W><W> के </W><W> चंगुल </W><W> से </W><W> मुक्त </W><W> कर </W><W> यह </W><W> समझाना </W><W> है </W><W> कि </W><W> स्विट्जरलैंड </W><W> जैसा </W><W> देश </W><W> बनना </W><W> कश्मीर </W><W> के </W><W> लिए </W><W> किन </W><W> कारणों </W><W> से </W><W> संभव </W><W> नहीं </W><W> है। </W><W> जब </W><W> तक </W><W> कश्मीर </W><W> के </W><W> अंदरूनी </W><W> हालात </W><W> नहीं </W><W> सुधरते </W><W> , </W><W> पाकिस्तान </W><W> का </W><W> मनोबल </W><W> नहीं </W><W> गिरेगा। </W><W> हुर्रियत </W><W> कांफ्रेंस </W><W> की </W><W> मांग </W><W> रही </W><W> है </W><W> कि </W><W> उसे </W><W> प्रत्यक्ष </W><W> या </W><W> परोक्ष </W><W> रूप </W><W> से </W><W> पाकिस्तान </W><W> के </W><W> साथ </W><W> बातचीत </W><W> में </W><W> शामिल </W><W> किया </W><W> जाए </W><W> , </W><W> क्योंकि </W><W> एकमात्र </W><W> वही </W><W> कश्मीरियों </W><W> की </W><W> प्रतिनिधि </W><W> है। </W><W> राज्य </W><W> विधानसभा </W><W> चुनाव </W><W> के </W><W> बाद </W><W> उसका </W><W> यह </W><W> दावा </W><W> कमजोर </W><W> पड़ा </W><W> है। </W><W> वह </W><W> इन </W><W> चुनावों </W><W> के </W><W> स्वतंत्र </W><W> और </W><W> निष्पक्ष </W><W> चरित्र </W><W> पर </W><W> कितना </W><W> ही </W><W> संदेह </W><W> क्यों </W><W> न </W><W> करे </W><W> , </W><W> अंतरराष्ट्रीय </W><W> समुदाय </W><W> अपने </W><W> राजनयिकों </W><W> और </W><W> मीडिया </W><W> के </W><W> जरिए </W><W> जान </W><W> गया </W><W> है </W><W> कि </W><W> आतंकवाद </W><W> की </W><W> छाया </W><W> में </W><W> जितना </W><W> स्वतंत्र </W><W> और </W><W> निष्पक्ष </W><W> चुनाव </W><W> संभव </W><W> था </W><W> , </W><W> उतना </W><W> हुआ। </W><W> हुर्रियत </W><W> के </W><W> कमजोर </W><W> पड़ने </W><W> के </W><W> कारण </W><W> ही </W><W> सैयद </W><W> अली </W><W> शाह </W><W> गिलानी </W><W> ने </W><W> अपनी </W><W> खिचड़ी </W><W> अलग </W><W> पकाने </W><W> की </W><W> सोची </W><W> है। </W><W> अब </W><W> यदि </W><W> आडवाणी </W><W> हुर्रियत </W><W> नेताओं </W><W> से </W><W> बात </W><W> करते </W><W> हैं </W><W> , </W><W> तो </W><W> इन </W><W> नेताओं </W><W> का </W><W> अहं </W><W> भी </W><W> तुष्ट </W><W> होगा </W><W> और </W><W> आडवाणी </W><W> उनकी </W><W> मांग </W><W> की </W><W> अव्यावहारिकता </W><W> भी </W><W> उन्हें </W><W> समझा </W><W> पाएंगे। </W><W> आशा </W><W> की </W><W> जानी </W><W> चाहिए </W><W> कि </W><W> इस </W><W> बार </W><W> सरकार </W><W> एक </W><W> कदम </W><W> आगे </W><W> बढ़ा </W><W> कर </W><W> दो </W><W> कदम </W><W> पीछे </W><W> नहीं </W><W> हटाएगी। </W></P></DOCUMENT>