<?xml version="1.0" encoding="UTF-8"?>
<DOCUMENT><P><W> navbharat_2003_10_23_248697 </W></P><P><W> जिलानी </W><W> के </W><W> बचाव </W><W> में </W><W> शिक्षक </W><W> मानवाधिकार </W><W> आयोग </W><W> तक </W><W> गए </W></P><P><W> नगर </W><W> संवाददाता </W><W> नई </W><W> दिल्ली: </W><TIME-ARG ID="1"><LINK EVENT_ARG="0" ID="5" TYPE_REL="EVENT_ARG"/><W> 13 </W><W> दिसंबर </W><W> , </W><W> 2001 </W></TIME-ARG><W> को </W><PLACE-ARG ID="2"><LINK EVENT_ARG="0" ID="6" TYPE_REL="EVENT_ARG"/><W> संसद </W></PLACE-ARG><W> पर </W><W> हुए </W><MAN_MADE_EVENT ID="0" TYPE="TERRORIST_ATTACK"><W> हमले </W></MAN_MADE_EVENT><W> के </W><W> आरोपी </W><W> शिक्षक </W><W> एसएआर </W><W> जिलानी </W><W> के </W><W> बचाव </W><W> में </W><W> दिल्ली </W><W> विश्वविद्यालय </W><W> के </W><W> शिक्षक </W><W> ने </W><W> अब </W><W> राष्ट्रीय </W><W> मानवाधिकार </W><W> आयोग </W><W> के </W><W> अध्यक्ष </W><W> तक </W><W> अपनी </W><W> बात </W><W> पहुंचाई </W><W> है। </W><W> जिलानी </W><W> के </W><W> पक्ष </W><W> में </W><W> करीब </W><W> 250 </W><W> लोगों </W><W> के </W><W> हस्ताक्षरों </W><W> वाला </W><W> एक </W><W> पत्र </W><W> आयोग </W><W> के </W><W> अध्यक्ष </W><W> को </W><W> सौंपा </W><W> गया </W><W> है </W><W> , </W><W> जिसमें </W><W> कहा </W><W> गया </W><W> है </W><W> कि </W><W> जिलानी </W><W> को </W><W> न्याय </W><W> से </W><W> दूर </W><W> रखा </W><W> गया </W><W> है। </W><W> उल्लेखनीय </W><W> है </W><W> कि </W><W> स्पेशल </W><W> कोर्ट </W><W> जिलानी </W><W> को </W><W> मौत </W><W> की </W><W> सजा </W><W> सुना </W><W> चुकी </W><W> है। </W><W> दिल्ली </W><W> यूनिवर्सिटी </W><W> टीचर्स </W><W> इन </W><W> डिफेंस </W><W> ऑफ </W><W> एसएआर </W><W> जिलानी </W><W> के </W><W> संयोजक </W><W> नीरज </W><W> मलिक </W><W> और </W><W> तृप्ता </W><W> वाही </W><W> ने </W><W> आयोग </W><W> के </W><W> अध्यक्ष </W><W> को </W><W> लिखे </W><W> पत्र </W><W> में </W><W> कहा </W><W> है </W><W> कि </W><W> 13 </W><W> दिसंबर </W><W> की </W><W> घटना </W><W> के </W><W> आरोपी </W><W> जिलानी </W><W> को </W><W> न्याय </W><W> तक </W><W> नहीं </W><W> पहुंचने </W><W> दिया </W><W> गया। </W><W> संस्था </W><W> के </W><W> नेताओं </W><W> ने </W><W> कहा </W><W> कि </W><W> अपने </W><W> भाई </W><W> से </W><W> कश्मीरी </W><W> में </W><W> बात </W><W> करने </W><W> के </W><W> आधार </W><W> पर </W><W> ही </W><W> उन्हें </W><W> कठघरे </W><W> में </W><W> खड़ा </W><W> कर </W><W> दिया </W><W> गया। </W><W> शिक्षकों </W><W> ने </W><W> कहा </W><W> कि </W><W> कुछ </W><W> कॉल्स </W><W> के </W><W> बारे </W><W> में </W><W> जिलानी </W><W> अपना </W><W> पक्ष </W><W> रखने </W><W> की </W><W> इजाजत </W><W> चाहते </W><W> थे </W><W> , </W><W> लेकिन </W><W> उन्हें </W><W> इसकी </W><W> अनुमति </W><W> नहीं </W><W> दी </W><W> गई। </W><W> शिक्षकों </W><W> ने </W><W> आयोग </W><W> के </W><W> अध्यक्ष </W><W> से </W><W> अनुरोध </W><W> किया </W><W> है </W><W> कि </W><W> वह </W><W> इस </W><W> मामले </W><W> में </W><W> दखल </W><W> दें। </W><W> शिक्षकों </W><W> के </W><W> अनुसार </W><W> , </W><W> एक </W><W> निर्दोष </W><W> आदमी </W><W> की </W><W> जिंदगी </W><W> दांव </W><W> पर </W><W> है </W><W> और </W><W> भारतीय </W><W> लोकतंत्र </W><W> की </W><W> प्रतिष्ठा </W><W> भी। </W><W> जिलानी </W><W> के </W><W> पक्ष </W><W> में </W><W> आए </W><W> इन </W><W> शिक्षकों </W><W> का </W><W> कहना </W><W> है </W><W> कि </W><PLACE-ARG ID="4"><LINK EVENT_ARG="3" ID="7" TYPE_REL="EVENT_ARG"/><W> संसद </W></PLACE-ARG><W> पर </W><MAN_MADE_EVENT ID="3" TYPE="TERRORIST_ATTACK"><EVENT-COREF-LINK EVENT_ID="0" ID="8" TYPE_REL="EVENT_COREF"/><W> हमला </W></MAN_MADE_EVENT><W> करने </W><W> वाले </W><W> आतंकवादियों </W><W> से </W><W> जिलानी </W><W> का </W><W> कोई </W><W> संबंध </W><W> जाहिर </W><W> नहीं </W><W> हुआ </W><W> और </W><W> न </W><W> ही </W><W> उनके </W><W> घर </W><W> से </W><W> व </W><W> उनके </W><W> पास </W><W> से </W><W> किसी </W><W> भी </W><W> तरह </W><W> के </W><W> हथियार </W><W> व </W><W> आपत्तिजनक </W><W> दस्तावेज </W><W> बरामद </W><W> हुए </W><W> हैं। </W><W> शिक्षकों </W><W> के </W><W> अनुसार </W><W> , </W><W> विश्वविद्यालय </W><W> के </W><W> कई </W><W> शिक्षक </W><W> जिलानी </W><W> को </W><W> व्यक्तिगत </W><W> रूप </W><W> से </W><W> जानते </W><W> हैं </W><W> और </W><W> वह </W><W> एक </W><W> अच्छे </W><W> विद्वान </W><W> हैं। </W><W> शिक्षकों </W><W> ने </W><W> जिलानी </W><W> पर </W><W> एक </W><W> विवादास्पद </W><W> खबर </W><W> दिखाने </W><W> के </W><W> लिए </W><W> एक </W><W> टीवी </W><W> चैनल </W><W> को </W><W> भी </W><W> जमकर </W><W> कोसा </W><W> है। </W></P></DOCUMENT>