<?xml version="1.0" encoding="UTF-8"?>
<DOCUMENT><P><W> navbharat_2003_10_28_255440 </W></P><P><W> जंग </W><W> की </W><W> धमकियों </W><W> के </W><W> बीच </W><W> रमजान </W><W> लाया </W><W> मुहब्बत </W><W> का </W><W> रंग </W></P><P><W> नभाटा </W><W> समाचार </W><W> वाघा </W><W> सीमा </W><W> (अमृतसर): </W><PLACE-ARG ID="1"><LINK EVENT_ARG="0" ID="4" TYPE_REL="EVENT_ARG"/><W> संसद </W><W> भवन </W></PLACE-ARG><W> पर </W><TIME-ARG ID="2"><LINK EVENT_ARG="0" ID="3" TYPE_REL="EVENT_ARG"/><W> दिसम्बर </W><W> 2001 </W></TIME-ARG><W> को </W><W> हुए </W><MAN_MADE_EVENT ID="0" TYPE="TERRORIST_ATTACK"><W> आतंकवादी </W><W> हमले </W></MAN_MADE_EVENT><W> के </W><W> बाद </W><W> ताहिरा </W><W> हजूर </W><W> पाकिस्तान </W><W> की </W><W> ऐसी </W><W> पहली </W><W> युवती </W><W> बन </W><W> गई </W><W> है </W><W> , </W><W> जो </W><W> एक </W><W> भारतीय </W><W> युवक </W><W> से </W><W> निकाह </W><W> करने </W><W> के </W><W> लिए </W><W> लाहौर-दिल्ली </W><W> सद्भावना </W><W> बस </W><W> में </W><W> बैठकर </W><W> मंगलवार </W><W> को </W><W> भारत </W><W> पहुंची। </W><W> ताहिरा </W><W> पाकिस्तान </W><W> के </W><W> पंजाब </W><W> प्रांत </W><W> के </W><W> शहर </W><W> फैसलाबाद </W><W> की </W><W> रहने </W><W> वाली </W><W> है </W><W> , </W><W> उसके </W><W> पिता </W><W> हजूर </W><W> अहमद </W><W> पेशे </W><W> से </W><W> डॉक्टर </W><W> हैं </W><W> और </W><W> मां </W><W> नसीरा </W><W> एक </W><W> गृहणी। </W><W> इस </W><W> परिवार </W><W> का </W><W> संबंध </W><W> अहमदिया </W><W> मुस्लिम </W><W> समुदाय </W><W> से </W><W> है </W><W> , </W><W> जिन्हें </W><W> पाकिस्तान </W><W> में </W><W> मौलिक </W><W> अधिकार </W><W> भी </W><W> हासिल </W><W> नहीं </W><W> हैं। </W><W> वाघा </W><W> सीमा </W><W> पर </W><W> ताहिरा </W><W> का </W><W> स्वागत </W><W> करने </W><W> के </W><W> लिए </W><W> उसका </W><W> होने </W><W> वाला </W><W> पति </W><W> मकबूल </W><W> अहमद </W><W> अपने </W><W> रिश्तेदारों </W><W> के </W><W> साथ </W><W> वहां </W><W> पहुंचा </W><W> हुआ </W><W> था। </W><W> मंगलवार </W><W> सुबह </W><W> लगभग </W><W> नौ </W><W> बजे </W><W> जैसे </W><W> भारत-पाक </W><W> सीमा </W><W> का </W><W> दरवाजा </W><W> खुला </W><W> और </W><W> सामने </W><W> से </W><W> बस </W><W> आते </W><W> दिखाई </W><W> दी </W><W> , </W><W> मकबूल </W><W> की </W><W> खुशी </W><W> का </W><W> ठिकाना </W><W> न </W><W> रहा। </W><W> बस </W><W> कस्टम </W><W> हाल </W><W> के </W><W> सामने </W><W> जब </W><W> रुकी </W><W> तो </W><W> उसमें </W><W> से </W><W> उतरने </W><W> वाली </W><W> पहली </W><W> मुसाफिर </W><W> ताहिरा </W><W> ही </W><W> थी। </W><W> उसने </W><W> बुर्का </W><W> पहन </W><W> रखा </W><W> था </W><W> और </W><W> हाथ </W><W> में </W><W> भारतीय </W><W> तिरंगा </W><W> था। </W><W> मकबूल </W><W> ने </W><W> ताहिरा </W><W> के </W><W> गले </W><W> में </W><W> माला </W><W> पहना </W><W> कर </W><W> उसका </W><W> गर्मजोशी </W><W> से </W><W> स्वागत </W><W> किया। </W><W> मकबूल </W><W> और </W><W> ताहिरा </W><W> की </W><W> मंगनी </W><W> मार्च </W><W> 2001 </W><W> में </W><W> फैसलाबाद </W><W> में </W><W> हुई </W><W> थी। </W><W> पहली </W><W> भेंट </W><W> में </W><W> ही </W><W> ताहिरा </W><W> को </W><W> मकबूल </W><W> से </W><W> प्यार </W><W> हो </W><W> गया </W><W> था। </W><W> दिसंबर </W><W> 2001 </W><W> के </W><W> आखिरी </W><W> हफ्ते </W><W> में </W><W> दोनों </W><W> की </W><W> शादी </W><W> भारत </W><W> में </W><W> करने </W><W> का </W><W> कार्यक्रम </W><W> तय </W><W> हुआ। </W><W> दुर्भाग्य </W><W> से </W><W> यह </W><W> दिन </W><W> आने </W><W> से </W><W> पहले </W><W> ही </W><W> भारत-पाक </W><W> संबंधों </W><W> में </W><W> दरार </W><W> पड़ </W><W> गई </W><W> , </W><W> जिसके </W><W> बाद </W><W> यह </W><W> शादी </W><W> खटाई </W><W> में </W><W> पड़ </W><W> गई। </W><W> काफी </W><W> इंतजार </W><W> के </W><W> बाद </W><W> मकबूल </W><W> ने </W><W> ताहिरा </W><W> को </W><W> संदेश </W><W> भेजा </W><W> कि </W><W> अब </W><W> शायद </W><W> हालात </W><W> जल्दी </W><W> ठीक </W><W> न </W><W> हों </W><W> इसलिए </W><W> अगर </W><W> वह </W><W> पाकिस्तान </W><W> में </W><W> ही </W><W> किसी </W><W> युवक </W><W> से </W><W> शादी </W><W> करना </W><W> चाहती </W><W> है </W><W> तो </W><W> वह </W><W> इसके </W><W> लिए </W><W> आजाद </W><W> है। </W><W> ताहिरा </W><W> का </W><W> जवाब </W><W> आया </W><W> कि </W><W> वह </W><W> लंबे </W><W> समय </W><W> तक </W><W> इंतजार </W><W> कर </W><W> लेगी </W><W> पर </W><W> शादी </W><W> मकबूल </W><W> से </W><W> ही </W><W> करेगी। </W><W> ताहिरा </W><W> ने </W><W> वाघा </W><W> बार्डर </W><W> पर </W><W> नभाटा </W><W> को </W><W> बताया </W><W> कि </W><W> उसे </W><W> बड़ी </W><W> मुश्किलों </W><W> के </W><W> बाद </W><W> शादी </W><W> के </W><W> लिए </W><W> दो </W><W> महीने </W><W> का </W><W> वीजा </W><W> मिला </W><W> है </W><W> लेकिन </W><W> उसके </W><W> मां-बाप </W><W> शादी </W><W> में </W><W> शामिल </W><W> नहीं </W><W> हो </W><W> सकेंगे। </W><W> उसने </W><W> ख्वाहिश </W><W> जताई </W><W> कि </W><W> जिन </W><W> लड़कों </W><W> या </W><W> लड़कियों </W><W> के </W><W> निकाह </W><W> भारत </W><W> या </W><W> पाकिस्तान </W><W> में </W><W> तय </W><W> हो </W><W> चुके </W><W> हैं। </W><W> दोनों </W><W> देशों </W><W> को </W><W> उन्हें </W><W> उदारता </W><W> से </W><W> वीजा </W><W> देना </W><W> चाहिए। </W><W> इस </W><W> अवसर </W><W> पर </W><W> मकबूल </W><W> ने </W><W> कहा </W><W> कि </W><W> मंगलवार </W><W> को </W><W> रमजान </W><W> का </W><W> पहला </W><W> दिन </W><W> है। </W><W> खुदा </W><W> ने </W><W> इस </W><W> मुबारक </W><W> दिन </W><W> में </W><W> उसे </W><W> ताहिरा </W><W> के </W><W> रूप </W><W> में </W><W> अनमोल </W><W> तोहफा </W><W> दिया </W><W> है </W><W> इसलिए </W><W> यह </W><W> दिन </W><W> उसके </W><W> लिए </W><W> ईद </W><W> से </W><W> कम </W><W> नहीं </W><W> है। </W><W> उसने </W><W> बताया </W><W> कि </W><W> उनका </W><W> निकाह </W><W> 7 </W><W> नवंबर </W><W> को </W><W> कादिया </W><W> में </W><W> होगा। </W><W> रुखसत </W><W> होने </W><W> की </W><W> रस्में </W><W> रमजान </W><W> का </W><W> महीना </W><W> खत्म </W><W> होने </W><W> पर </W><W> पूरी </W><W> की </W><W> जाएंगी। </W><W> जब </W><W> उससे </W><W> पूछा </W><W> गया </W><W> कि </W><W> इतने </W><W> दिन </W><W> ताहिरा </W><W> कहां </W><W> रहेगी </W><W> , </W><W> तो </W><W> उसने </W><W> हंसते </W><W> हुए </W><W> जवाब </W><W> दिया </W><W> कि </W><W> शायद </W><W> घर </W><W> वाले </W><W> उसे </W><W> ही </W><W> घर </W><W> से </W><W> बाहर </W><W> करके </W><W> ताहिरा </W><W> को </W><W> अपने </W><W> पास </W><W> रखें। </W><W> उसने </W><W> भारत </W><W> सरकार </W><W> व </W><W> पूर्व </W><W> प्रधानमंत्री </W><W> इंदकुमार </W><W> गुजराल </W><W> और </W><W> उन </W><W> लोगों </W><W> का </W><W> धन्यवाद </W><W> किया </W><W> , </W><W> जिन्होंने </W><W> ताहिरा </W><W> को </W><W> वीजा </W><W> दिलाने </W><W> के </W><W> लिए </W><W> उसकी </W><W> मदद </W><W> की। </W></P></DOCUMENT>