<?xml version="1.0" encoding="UTF-8"?>
<DOCUMENT><DESC/><TIME>332</TIME><P><PLACE-ARG ID="0"><LINK EVENT_ARG="2" ID="28" TYPE_REL="EVENT_ARG"/><W> दक्षिण </W><W> कोलकाता </W><W> में </W><W> कपड़े </W><W> की </W><W> दुकान </W></PLACE-ARG><W> में </W><MAN_MADE_EVENT ID="2" TYPE="FIRE"><W> आग </W><W> लगने </W></MAN_MADE_EVENT><W> से </W><AFTER_EFFECTS-ARG ID="10"><LINK EVENT_ARG="2" ID="29" TYPE_REL="EVENT_ARG"/><W> लाखों </W><W> की </W><W> हुई </W><W> हानि </W></AFTER_EFFECTS-ARG><W> ।  </W></P><P><PLACE-ARG ID="1"><LINK EVENT_ARG="3" ID="30" TYPE_REL="EVENT_ARG"/><W>  दक्षिण </W><W> कोलकाता </W><W> के </W><W> गरियाहाट </W><W> इलाके </W><W> में </W><W> स्थित </W><W> एक </W><W> कपड़े </W><W> की </W><W> दुकान </W></PLACE-ARG><W> में </W><TIME-ARG ID="16"><LINK EVENT_ARG="3" ID="31" TYPE_REL="EVENT_ARG"/><W> रविवार </W><W> तड़के </W></TIME-ARG><MAN_MADE_EVENT ID="3" TYPE="FIRE"><EVENT-COREF-LINK EVENT_ID="2" ID="21" TYPE_REL="EVENT_COREF"/><W> भीषण </W><W> आग </W></MAN_MADE_EVENT><W> लग </W><W> गई। </W><MAN_MADE_EVENT ID="4" TYPE="FIRE"><EVENT-COREF-LINK EVENT_ID="2" ID="22" TYPE_REL="EVENT_COREF"/><W> आग </W></MAN_MADE_EVENT><W> में </W><AFTER_EFFECTS-ARG ID="11"><LINK EVENT_ARG="4" ID="32" TYPE_REL="EVENT_ARG"/><W> लाखों </W><W> रुपये </W><W> का </W><W> सामान </W><W> जल </W><W> गया </W><W> और </W><W> आसपास </W><W> की </W><W> कई </W><W> दुकानें </W><W> भी </W><W> क्षतिग्रस्त </W><W> हो </W><W> गईं। </W></AFTER_EFFECTS-ARG><W> दमकल </W><W> विभाग </W><W> के </W><W> एक </W><W> वरिष्ठ </W><W> अधिकारी </W><W> ने </W><W> बताया </W><W> कि </W><AFTER_EFFECTS-ARG ID="12"><LINK EVENT_ARG="4" ID="33" TYPE_REL="EVENT_ARG"/><W> दमकल </W><W> की </W><W> करीब </W><W> 19 </W><W> गाड़ियों </W><W> ने </W><W> आग </W><W> पर </W><W> काबू </W><W> पाया। </W></AFTER_EFFECTS-ARG><TIME-ARG ID="17"><LINK EVENT_ARG="15" ID="34" TYPE_REL="EVENT_ARG"/><W> देर </W><W> रात </W><W> करीब </W><W> एक </W><W> बजे </W></TIME-ARG><PLACE-ARG ID="15"><LINK EVENT_ARG="5" ID="35" TYPE_REL="EVENT_ARG"/><W> ‘ट्रेडर </W><W> एसेंबली’ </W><W> इमारत </W></PLACE-ARG><W> में </W><MAN_MADE_EVENT ID="5" TYPE="FIRE"><EVENT-COREF-LINK EVENT_ID="2" ID="36" TYPE_REL="EVENT_COREF"/><W> आग </W><W> लगी </W></MAN_MADE_EVENT><W> थी। </W><W> अधिकारी </W><W> ने </W><W> बताया </W><W> कि </W><MAN_MADE_EVENT ID="6" TYPE="FIRE"><EVENT-COREF-LINK EVENT_ID="2" ID="23" TYPE_REL="EVENT_COREF"/><W> घटना </W></MAN_MADE_EVENT><W> में </W><CASUALTIES-ARG ID="14"><LINK EVENT_ARG="6" ID="37" TYPE_REL="EVENT_ARG"/><W> कोई </W><W> हताहत </W><W> नहीं </W><W> हुआ </W><W> है। </W></CASUALTIES-ARG><W> संदेह </W><W> है </W><W> कि </W><MAN_MADE_EVENT ID="18" TYPE="FIRE"><EVENT-COREF-LINK EVENT_ID="2" ID="24" TYPE_REL="EVENT_COREF"/><W> आग </W></MAN_MADE_EVENT><REASON-ARG ID="19"><LINK EVENT_ARG="18" ID="38" TYPE_REL="EVENT_ARG"/><W> एक </W><W> ट्रांसफॉर्मर </W><W> में </W><W> विस्फोट </W></REASON-ARG><W> के </W><W> कारण </W><W> लगी </W><W> थी। </W></P><P><W> दमकल </W><W> विभाग </W><W> के </W><W> एक </W><W> अधिकारी </W><W> ने </W><W> कहा, </W><MAN_MADE_EVENT ID="7" TYPE="FIRE"><EVENT-COREF-LINK EVENT_ID="2" ID="25" TYPE_REL="EVENT_COREF"/><W> ‘‘आग </W></MAN_MADE_EVENT><W> पर </W><AFTER_EFFECTS-ARG ID="13"><LINK EVENT_ARG="7" ID="39" TYPE_REL="EVENT_ARG"/><W> काबू </W><W> पा </W><W> लिया </W><W> गया </W><W> है। </W></AFTER_EFFECTS-ARG><W> हमारे </W><W> कर्मी </W><W> उसे </W><W> बुझाने </W><W> की </W><W> पूरी </W><W> कोशिश </W><W> कर </W><W> रहे </W><W> हैं। </W><MAN_MADE_EVENT ID="8" TYPE="FIRE"><EVENT-COREF-LINK EVENT_ID="2" ID="26" TYPE_REL="EVENT_COREF"/><W> आग </W><W> लगने </W></MAN_MADE_EVENT><W> के </W><W> सही </W><W> कारणों </W><W> का </W><W> पता </W><W> नहीं </W><W> चल </W><W> पाया </W><W> है </W><W> लेकिन </W><W> प्राथमिक </W><W> जानकारी </W><W> से </W><W> प्रतीत </W><W> होता </W><W> है </W><W> कि </W><MAN_MADE_EVENT ID="9" TYPE="FIRE"><EVENT-COREF-LINK EVENT_ID="2" ID="27" TYPE_REL="EVENT_COREF"/><W> आग </W></MAN_MADE_EVENT><REASON-ARG ID="20"><LINK EVENT_ARG="9" ID="40" TYPE_REL="EVENT_ARG"/><W> शायद </W><W> ट्रांसफॉर्मर </W><W> में </W><W> विस्फोट </W><W> के </W><W> कारण </W></REASON-ARG><W> लगी।’’ </W></P></DOCUMENT>