<?xml version="1.0" encoding="UTF-8"?>
<DOCUMENT><DESC/><TIME>283</TIME><P><W> भारतीय </W><W> क्रिकेटर </W><W> मोहम्मद </W><W> शमी </W><W> की </W><W> पत्नी </W><W> हसीन </W><W> जहां </W><W> द्वारा </W><W> जबसे </W><W> शमी </W><W> के </W><W> किसी </W><W> अन्य </W><W> महिला </W><W> के </W><W> साथ </W><W> संबंध </W><W> होने </W><W> का </W><W> आरोप </W><W> लगाया </W><W> गया </W><W> है </W><W> तबसे </W><W> ही </W><W> शमी </W><W> मीडिया </W><W> की </W><W> सुर्खियों </W><W> में </W><W> बने </W><W> हुए </W><W> हैं। </W><W> आए </W><W> दिन </W><W> शमी </W><W> और </W><W> हसीन </W><W> जहां </W><W> दोनों </W><W> ही </W><W> एक </W><W> दूसरे </W><W> पर </W><W> गंभीर </W><W> आरोप </W><W> लगाते </W><W> हुए </W><W> दिखाई </W><W> रहे </W><W> हैं। </W><W> वहीं </W><W> इस </W><W> बीच </W><CASUALTIES-ARG ID="3"><LINK EVENT_ARG="0" ID="10" TYPE_REL="EVENT_ARG"/><PARTICIPANT-ARG ID="4"><W> मोहम्मद </W><W> शमी </W></PARTICIPANT-ARG></CASUALTIES-ARG><MAN_MADE_EVENT ID="0" TYPE="VEHICULAR_COLLISION"><W> सड़क </W><W> हादसे </W></MAN_MADE_EVENT><W> का </W><W> शिकार </W><W> हो </W><W> गए </W><W> हैं </W><W> और </W><W> उन्हें </W><W> गंभीर </W><W> चोट </W><W> आई </W><W> हैं। </W><TIME-ARG ID="7"><LINK EVENT_ARG="0" ID="11" TYPE_REL="EVENT_ARG"/><W> रविवार </W><W> सुबह </W></TIME-ARG><W> मोहम्मद </W><W> शमी </W><PLACE-ARG ID="5"><LINK EVENT_ARG="0" ID="12" TYPE_REL="EVENT_ARG"/><W> देहरादून </W></PLACE-ARG><W> से </W><PLACE-ARG ID="6"><LINK EVENT_ARG="0" ID="13" TYPE_REL="EVENT_ARG"/><W> दिल्ली </W></PLACE-ARG><W> आ </W><W> रहे </W><W> थे </W><W> कि </W><W> तभी </W><W> उनकी </W><MAN_MADE_EVENT ID="1" TYPE="VEHICULAR_COLLISION"><EVENT-COREF-LINK EVENT_ID="0" ID="14" TYPE_REL="EVENT_COREF"/><W> कार </W><W> का </W><W> एक्सिडेंट </W></MAN_MADE_EVENT><W> हो </W><W> गया। </W><W> उनकी </W><REASON-ARG ID="8"><LINK EVENT_ARG="1" ID="17" TYPE_REL="EVENT_ARG"/><W> कार </W><W> को </W><W> ट्रक </W><W> ने </W><W> टक्कर </W><W> मार </W><W> दी </W><W> जिसके </W><W> कारण </W><W> उनका </W><W> गाड़ी </W><W> से </W><W> नियंत्रण </W><W> छूट </W></REASON-ARG><W> गया </W><W> और </W><W> यह </W><MAN_MADE_EVENT ID="9" TYPE="VEHICULAR_COLLISION"><EVENT-COREF-LINK EVENT_ID="1" ID="15" TYPE_REL="EVENT_COREF"/><W> हादसा </W></MAN_MADE_EVENT><W> हो </W><W> गया। </W></P><P><W> शमी </W><W> के </W><W> सिर </W><W> पर </W><W> चोट </W><W> आई </W><W> है </W><W> और </W><W> उन्हें </W><W> टाके </W><W> लगे </W><W> हैं। </W><W> शमी </W><W> के </W><MAN_MADE_EVENT ID="2" TYPE="VEHICULAR_COLLISION"><EVENT-COREF-LINK EVENT_ID="9" ID="16" TYPE_REL="EVENT_COREF"/><W> एक्सिडेंट </W></MAN_MADE_EVENT><W> की </W><W> खबर </W><W> कुछ </W><W> ही </W><W> समय </W><W> में </W><W> मीडिया </W><W> की </W><W> सुर्खियों </W><W> में </W><W> छा </W><W> गई। </W><W> इस </W><W> खबर </W><W> के </W><W> सामने </W><W> आते </W><W> ही </W><W> सोशल </W><W> मीडिया </W><W> यूजर्स </W><W> शमी </W><W> के </W><W> एक्सिडेंट </W><W> को </W><W> साजिश </W><W> करार </W><W> दे </W><W> रहे </W><W> हैं </W><W> और </W><W> इसकी </W><W> जांच </W><W> करने </W><W> की </W><W> मांग </W><W> कर </W><W> रहे </W><W> हैं। </W><W> एक </W><W> ट्विटर </W><W> यूजर </W><W> ने </W><W> लिखा, </W><W> “इसकी </W><W> जांच </W><W> करो, </W><W> यह </W><W> एक </W><W> हादसे </W><W> के </W><W> बजाए </W><W> कोई </W><W> घटना </W><W> हो </W><W> सकती </W><W> है।” </W><W> एक </W><W> ने </W><W> लिखा, </W><W> “कहीं </W><W> ये </W><W> शमी </W><W> को </W><W> जड़ </W><W> से </W><W> उखाड़ </W><W> फेंकने </W><W> की </W><W> गहरी </W><W> साजिश </W><W> तो </W><W> नहीं?” </W></P><P><W> वहीं </W><W> कई </W><W> यूजर्स </W><W> इसके </W><W> पीछ </W><W> शमी </W><W> की </W><W> पत्नी </W><W> हसीन </W><W> जहां </W><W> का </W><W> हाथ </W><W> होने </W><W> का </W><W> शक </W><W> जता </W><W> रहे </W><W> हैं। </W><W> एक </W><W> ने </W><W> लिखा, </W><W> “बीवी </W><W> ने </W><W> कराया </W><W> होगा।” </W><W> एक </W><W> ने </W><W> लिखा, </W><W> “मैं </W><W> समझता </W><W> हूं </W><W> कि </W><W> यह </W><W> दुर्घटना </W><W> होने </W><W> के </W><W> बजाए </W><W> योजना </W><W> के </W><W> तहत </W><W> किया </W><W> गया </W><W> हमला </W><W> है।” </W><W> वहीं </W><W> कई </W><W> लोग </W><W> शमी </W><W> के </W><W> जल्दी </W><W> ठीक </W><W> होने </W><W> की </W><W> प्रार्थना </W><W> भी </W><W> कर </W><W> रहे </W><W> हैं </W><W> और </W><W> कह </W><W> रहे </W><W> हैं </W><W> कि </W><W> वे </W><W> उन्हें </W><W> जल्द </W><W> ही </W><W> दिल्ली </W><W> डेयरडेविल्स </W><W> के </W><W> लिए </W><W> गेंदबाजी </W><W> करते </W><W> हुए </W><W> देखना </W><W> चाहते </W><W> हैं। </W><W> आपको </W><W> बता </W><W> दें </W><W> कि </W><W> शमी </W><W> की </W><W> पत्नी </W><W> हसीन </W><W> जहां </W><W> ने </W><W> उनपर </W><W> मैच </W><W> फिक्सिंग </W><W> का </W><W> भी </W><W> आरोप </W><W> लगाया </W><W> था, </W><W> जिसके </W><W> बाद </W><W> बीसीसीआई </W><W> ने </W><W> अपनी </W><W> जांच </W><W> पूरी </W><W> कर </W><W> शमी </W><W> को </W><W> क्लीन </W><W> चिट </W><W> दे </W><W> दी </W><W> थी। </W><W> शमी </W><W> आईपीएल </W><W> सीजन </W><W> 11 </W><W> के </W><W> लिए </W><W> खेलने </W><W> जा </W><W> रहे </W><W> हैं </W><W> लेकिन </W><W> उनकी </W><W> चोट </W><W> को </W><W> लेकर </W><W> अभी </W><W> यह </W><W> कहा </W><W> नहीं </W><W> जा </W><W> सकता </W><W> कि </W><W> शमी </W><W> 7 </W><W> अप्रैल </W><W> से </W><W> शुरू </W><W> होने </W><W> वाले </W><W> आईपीएल </W><W> मैचों </W><W> में </W><W> खेलेंगे </W><W> या </W><W> नहीं। </W></P></DOCUMENT>