<?xml version="1.0" encoding="UTF-8"?>
<DOCUMENT><P><W> कर्मचारियों </W><W> में </W><W> मची </W><W> अफरातफरी, </W><W> अधिकारियों </W><W> के </W><W> भी </W><W> उड़े </W><W> होश </W></P><P><PLACE-ARG ID="0"><LINK EVENT_ARG="2" ID="7" TYPE_REL="EVENT_ARG"/><W> मुरादाबाद। </W><W> अमरोहा </W><W> जिले </W><W> के </W><W> गजरौला </W><W> नगर </W></PLACE-ARG><W> में </W><W> स्थित </W><PLACE-ARG ID="1"><LINK EVENT_ARG="2" ID="8" TYPE_REL="EVENT_ARG"/><W> एक </W><W> फैक्ट्री </W><W> के </W><W> प्लांट </W></PLACE-ARG><W> में </W><MAN_MADE_EVENT ID="2" TYPE="INDUSTRIAL_ACCIDENT"><W> गैस </W><W> लीकेज </W></MAN_MADE_EVENT><W> से </W><CASUALTIES-ARG ID="3"><LINK EVENT_ARG="2" ID="9" TYPE_REL="EVENT_ARG"/><W> दो </W><W> कर्मचारियों </W><W> की </W><W> हालत </W><W> बिगड़ </W><W> गई। </W></CASUALTIES-ARG><W> इनमें </W><W> से </W><W> एक </W><W> ने </W><W> इलाज </W><W> के </W><W> दौरान </W><W> दम </W><W> तोड़ </W><W> दिया, </W><W> जबकि </W><W> दूसरा </W><W> जिंदगी </W><W> और </W><W> मौत </W><W> के </W><W> बीच </W><W> झूल </W><W> रहा </W><W> है। </W><W> घटना </W><W> से </W><W> मृतक </W><W> के </W><W> परिजनों </W><W> में </W><W> कोहराम </W><W> मचा </W><W> है। </W><W> फिलहाल, </W><W> अभी </W><W> तक </W><W> परिजनों </W><W> ने </W><W> मसले </W><W> में </W><W> कोई </W><W> कानूनी </W><W> कार्रवाई </W><W> नहीं </W><W> की </W><W> है। </W></P><P><W> औद्योगिक </W><W> नगरी </W><W> गजरौला </W><W> में </W><W> लगी </W><W> तमाम </W><W> फैक्ट्रियों </W><W> में </W><W> अक्सर </W><W> कोई </W><W> न </W><W> कोई </W><W> घटना </W><W> होती </W><W> रहती </W><W> है। </W><TIME-ARG ID="4"><LINK EVENT_ARG="2" ID="10" TYPE_REL="EVENT_ARG"/><W> सोमवार </W><W> की </W><W> सुबह </W></TIME-ARG><PLACE-ARG ID="5"><LINK EVENT_ARG="2" ID="11" TYPE_REL="EVENT_ARG"/><W> हाइवे </W><W> किनारे </W><W> स्थित </W><W> एक </W><W> बड़ी </W><W> फैक्ट्री </W><W> के </W><W> फाइन </W><W> केमिकल </W><W> प्लांट </W></PLACE-ARG><W> में </W><MAN_MADE_EVENT ID="13" TYPE="INDUSTRIAL_ACCIDENT"><EVENT-COREF-LINK EVENT_ID="2" ID="14" TYPE_REL="EVENT_COREF"/><W> गैस </W><W> लीकेज </W></MAN_MADE_EVENT><W> हो </W><W> गई। </W><W> इससे </W><W> कर्मचारियों </W><W> में </W><W> अफरातफरी </W><W> मच </W><W> गई। </W><W> काम </W><W> कर </W><W> रहे </W><W> दो </W><CASUALTIES-ARG ID="6"><LINK EVENT_ARG="2" ID="12" TYPE_REL="EVENT_ARG"/><W> कर्मचारी </W><W> गैस </W><W> की </W><W> चपेट </W><W> में </W><W> आकर </W><W> बेहोश </W><W> हो </W><W> गये, </W><W> जबकि </W><W> अन्य </W><W> भाग </W><W> निकले। </W></CASUALTIES-ARG><W> शोर </W><W> मचते </W><W> ही </W><W> अधिकारियों </W><W> में </W><W> हड़कंप </W><W> मच </W><W> गया। </W><W> आननफानन </W><W> में </W><W> दोनों </W><W> कर्मचारियों </W><W> को </W><W> बेहोशी </W><W> की </W><W> हालत </W><W> में </W><W> सामुदायिक </W><W> स्वास्थ्य </W><W> केंद्र </W><W> में </W><W> भर्ती </W><W> कराया </W><W> गया, </W><W> लेकिन </W><W> चिकित्सकों </W><W> ने </W><W> तबियत </W><W> चिंताजनक </W><W> देखते </W><W> हुए </W><W> उनको </W><W> मुरादाबाद </W><W> अस्पताल </W><W> रेफर </W><W> कर </W><W> दिया। </W></P><P><W> यहां </W><W> दोनों </W><W> का </W><W> चिकित्सकों </W><W> ने </W><W> उपचार </W><W> शुरू </W><W> किया। </W><W> जिंदगियों </W><W> को </W><W> बचाने </W><W> की </W><W> पुरजोर </W><W> कोशिश </W><W> की </W><W> लेकिन </W><W> इनमें </W><W> से </W><W> एक </W><W> कर्मी </W><W> पवन </W><W> कुमार </W><W> निवासी </W><W> धुनपुरी </W><W> थाना </W><W> गजरौला </W><W> की </W><W> सांसें </W><W> मौत </W><W> से </W><W> जंग </W><W> लड़ते-लड़ते </W><W> थम </W><W> गई। </W><W> दूसरे </W><W> की </W><W> स्थिति </W><W> नाजुक </W><W> बनी </W><W> है। </W><W> डाक्टर </W><W> उसको </W><W> बचाने </W><W> के </W><W> प्रयास </W><W> में </W><W> जुटे </W><W> हैं। </W><W> इधर </W><W> कर्मी </W><W> की </W><W> मौत </W><W> की </W><W> खबर </W><W> सुनते </W><W> ही </W><W> परिजनों </W><W> के </W><W> होश </W><W> उड़ </W><W> गये। </W><W> रोते-बिलखते </W><W> हुए </W><W> परिजन </W><W> अस्पताल </W><W> की </W><W> ओर </W><W> दौड़ </W><W> पड़े। </W><W> फैक्ट्री </W><W> के </W><W> अधिकारी </W><W> मौके </W><W> पर </W><W> पहुंच </W><W> गए </W><W> हैं। </W><W> पुलिस </W><W> को </W><W> सूचना </W><W> दे </W><W> दी </W><W> गई </W><W> है। </W><W> इंस्पेक्टर </W><W> हरपाल </W><W> सिंह </W><W> ने </W><W> बताया </W><W> कि </W><W> तहरीर </W><W> मिलने </W><W> पर </W><W> मामले </W><W> में </W><W> कार्रवाई </W><W> होगी। </W><W> लाश </W><W> का </W><W> पोस्टमार्टम </W><W> कराया </W><W> जाएगा। </W></P></DOCUMENT>