<?xml version="1.0" encoding="UTF-8"?>
<DOCUMENT><DESC/><TIME>2655</TIME><P><W> तोक्यो। </W><PLACE-ARG ID="0"><LINK EVENT_ARG="1" ID="9" TYPE_REL="EVENT_ARG"/><W> जापान </W></PLACE-ARG><W> में </W><W> अचानक </W><NATURAL_EVENT ID="1" TYPE="VOLCANO"><W> ज्वालामुखी </W><W> फटने </W></NATURAL_EVENT><W> से </W><W> मरने </W><W> वालों </W><W> की </W><W> संख्या </W><W> बुधवार </W><W> को </W><W> उस </W><W> समय </W><W> 48 </W><W> हो </W><W> गई </W><W> जब </W><W> राहतकर्मियों </W><W> ने </W><W> 12 </W><W> शव </W><W> और </W><W> खोजे। </W><TIME-ARG ID="2"><LINK EVENT_ARG="1" ID="10" TYPE_REL="EVENT_ARG"/><W> बीते </W><W> शनिवार </W><W> को </W><W> दोपहर </W></TIME-ARG><W> के </W><W> समय </W><NATURAL_EVENT ID="3" TYPE="VOLCANO"><EVENT-COREF-LINK EVENT_ID="1" ID="16" TYPE_REL="EVENT_COREF"/><W> फटा </W><W> ज्वालामुखी </W></NATURAL_EVENT><NAME-ARG ID="4"><LINK EVENT_ARG="3" ID="11" TYPE_REL="EVENT_ARG"/><W> माउंट </W><W> ओंटेक </W></NAME-ARG><PLACE-ARG ID="5"><LINK EVENT_ARG="3" ID="12" TYPE_REL="EVENT_ARG"/><W> जापान </W></PLACE-ARG><W> में </W><W> 90 </W><W> साल </W><W> में </W><W> सबसे </W><W> भीषण </W><W> ज्वालामुखीय </W><W> आपदा </W><W> है। </W><CASUALTIES-ARG ID="6"><LINK EVENT_ARG="3" ID="13" TYPE_REL="EVENT_ARG"/><W> रविवार </W><W> तक </W><W> 36 </W><W> शव </W><W> मिल </W><W> चुके </W><W> थे, </W><W> लेकिन </W><W> इनमें </W><W> से </W><W> कई </W><W> ध्वस्त </W><W> पहाड़ </W><W> पर </W><W> फंसे </W><W> हैं </W></CASUALTIES-ARG><W> क्योंकि </W><W> आपातकालीन </W><W> सहायताकर्मियों </W><W> को </W><W> जहरीली </W><W> गैस </W><W> और </W><W> ज्वालामुखी </W><W> के </W><W> फिर </W><W> से </W><W> उठने </W><W> के </W><W> जोखिम </W><W> के </W><W> चलते </W><W> राहत </W><W> कार्य </W><W> रोकना </W><W> पड़ा </W><W> है। </W></P><P><W> अन्य </W><W> मौतों </W><W> का </W><W> समाचार </W><W> उन </W><W> मीडिया </W><W> खबरों </W><W> के </W><W> बाद </W><W> आया </W><W> है </W><W> जिनमें </W><W> कहा </W><W> गया </W><W> था </W><W> कि </W><CASUALTIES-ARG ID="7"><LINK EVENT_ARG="3" ID="14" TYPE_REL="EVENT_ARG"/><W> 20 </W><W> लोगों </W><W> का </W><W> कुछ </W><W> पता </W><W> नहीं </W></CASUALTIES-ARG><W> है </W><W> जहां </W><W> अब </W><W> भी </W><AFTER_EFFECTS-ARG ID="8"><LINK EVENT_ARG="3" ID="15" TYPE_REL="EVENT_ARG"/><W> भाप </W><W> और </W><W> गैस </W><W> निकल </W><W> रही </W></AFTER_EFFECTS-ARG><W> है। </W><W> करीब </W><W> एक </W><W> हजार </W><W> सैनिक, </W><W> पुलिस </W><W> और </W><W> दमकलकर्मी </W><W> रविवार </W><W> को </W><W> खोजे </W><W> गए </W><W> 14 </W><W> और </W><W> शवों </W><W> को </W><W> नीचे </W><W> लाने </W><W> में </W><W> सफल </W><W> रहे </W><W> हैं। </W><W> प्रसारक </W><W> एनएचके </W><W> ने </W><W> कहा </W><W> कि </W><W> राहतकर्मियों </W><W> ने </W><W> और </W><W> शव </W><W> देखे </W><W> हैं </W><W> जिन्हें </W><W> वे </W><W> अब </W><W> तक </W><W> लाने </W><W> में </W><W> सफल </W><W> नहीं </W><W> हुए </W><W> हैं </W><W> । </W></P><P><W>   </W></P></DOCUMENT>