<?xml version="1.0" encoding="UTF-8"?>
<DOCUMENT><P><TIME-ARG ID="4"><LINK EVENT_ARG="0" ID="19" TYPE_REL="EVENT_ARG"/><W> मुंबई </W></TIME-ARG><W> में </W><TIME-ARG ID="9"><LINK EVENT_ARG="0" ID="20" TYPE_REL="EVENT_ARG"/><W> गुरुवार </W><W> शाम </W></TIME-ARG><W> को </W><W> एक </W><W> बड़ा </W><W> हादसा </W><W> हुआ </W><W> है। </W><W> यहां </W><W> पर </W><TIME-ARG ID="5"><LINK EVENT_ARG="0" ID="21" TYPE_REL="EVENT_ARG"/><W> बांद्रा </W><W> स्टेशन </W><W> के </W><W> पास </W></TIME-ARG><TIME-ARG ID="10"><W> शाम </W></TIME-ARG><W> को </W><TIME-ARG ID="6"><LINK EVENT_ARG="0" ID="22" TYPE_REL="EVENT_ARG"/><W> बेहरमपाड़ा </W></TIME-ARG><W> इलाके </W><W> में </W><W> भीषण </W><MAN_MADE_EVENT ID="0" TYPE="FIRE"><W> आग </W><W> लग </W></MAN_MADE_EVENT><W> गई। </W><MAN_MADE_EVENT ID="8" TYPE="FIRE"><EVENT-COREF-LINK EVENT_ID="0" ID="23" TYPE_REL="EVENT_COREF"/><W> हादसे </W></MAN_MADE_EVENT><W> में </W><W> एक </W><W> शख्स </W><W> के </W><W> घायल </W><W> होने </W><W> की </W><W> खबर </W><W> आ </W><W> रही </W><W> है, </W><W> जो </W><CASUALTIES-ARG ID="7"><LINK EVENT_ARG="8" ID="25" TYPE_REL="EVENT_ARG"/><W> फायरमैन </W></CASUALTIES-ARG><W> बताया </W><W> जा </W><W> रहा </W><W> है। </W><W> वह </W><W> आग </W><W> बुझाते </W><W> वक्त </W><W> घायल </W><W> हुआ </W><W> था। </W><W> वहीं, </W><MAN_MADE_EVENT ID="1" TYPE="FIRE"><EVENT-COREF-LINK EVENT_ID="0" ID="24" TYPE_REL="EVENT_COREF"/><W> हादसे </W></MAN_MADE_EVENT><W> से </W><W> शहर </W><W> में </W><AFTER_EFFECTS-ARG ID="11"><LINK EVENT_ARG="1" ID="26" TYPE_REL="EVENT_ARG"/><W> लोकल </W><W> ट्रेन </W><W> सेवा </W><W> प्रभावित </W><W> हुई </W></AFTER_EFFECTS-ARG><W> है। </W><W> मीडिया </W><W> रिपोर्ट्स </W><W> के </W><W> मुताबिक, </W><W> आग </W><W> स्टेशन </W><W> के </W><W> पास </W><W> बनी </W><W> झुग्गी-झोपड़ियों </W><W> में </W><W> लगी </W><W> थी। </W><MAN_MADE_EVENT ID="2" TYPE="FIRE"><EVENT-COREF-LINK EVENT_ID="0" ID="27" TYPE_REL="EVENT_COREF"/><W> घटना </W></MAN_MADE_EVENT><W> के </W><W> दौरान </W><W> आस-पास </W><W> के </W><PARTICIPANT-ARG ID="12"><LINK EVENT_ARG="2" ID="28" TYPE_REL="EVENT_ARG"/><W> लोगों </W><W> में </W><W> अफरा-तफरी </W><W> का </W><W> माहौल </W></PARTICIPANT-ARG><W> बन </W><W> गया </W><W> था। </W><W> सूचना </W><W> के </W><W> बाद </W><W> आग </W><W> बुझाने </W><W> के </W><W> लिए </W><W> करीब </W><PARTICIPANT-ARG ID="13"><LINK EVENT_ARG="2" ID="29" TYPE_REL="EVENT_ARG"/><W> 16 </W><W> दमकल </W><W> की </W><W> गाड़ियां, </W><W> 12 </W><W> पानी </W><W> के </W><W> टैंकर </W><W> और </W><W> तीन </W><W> एंबुलेंस </W><W> मौके </W><W> पर </W><W> पहुंचे। </W></PARTICIPANT-ARG><W> करीब </W><W> शाम </W><W> साढ़े </W><W> चार </W><W> बजे </W><W> मुंबई </W><W> दमकल </W><W> विभाग </W><W> ने </W><W> इसे </W><INTENSITY-ARG ID="14"><LINK EVENT_ARG="2" ID="30" TYPE_REL="EVENT_ARG"/><W> चौथे </W><W> स्तर </W><W> (लेवेल </W><W> 4) </W><W> की </W><W> भीषण </W><W> आग </W></INTENSITY-ARG><W> बताया। </W><W> वह </W><W> इतनी </W><W> भयावह </W><W> थी </W><W> कि </W><W> स्टेशन </W><W> पर </W><W> यात्रियों </W><W> के </W><W> लिए </W><W> बना </W><AFTER_EFFECTS-ARG ID="15"><LINK EVENT_ARG="2" ID="31" TYPE_REL="EVENT_ARG"/><W> फुटओवर </W><W> ब्रिज </W><W> भी </W><W> इसकी </W><W> चपेट </W><W> में </W><W> आ </W><W> गया। </W></AFTER_EFFECTS-ARG><MAN_MADE_EVENT ID="3" TYPE="FIRE"><EVENT-COREF-LINK EVENT_ID="0" ID="32" TYPE_REL="EVENT_COREF"/><W> हादसे </W></MAN_MADE_EVENT><W> के </W><W> कारण </W><AFTER_EFFECTS-ARG ID="16"><LINK EVENT_ARG="3" ID="33" TYPE_REL="EVENT_ARG"/><W> बांद्रा </W><W> हार्बर </W><W> लाइन </W><W> की </W><W> ट्रेनों </W><W> का </W><W> आवागमन </W><W> रोक </W></AFTER_EFFECTS-ARG><W> दिया </W><W> गया </W><W> है। </W><W> हालांकि, </W><W> जबकि </W><AFTER_EFFECTS-ARG ID="17"><LINK EVENT_ARG="3" ID="34" TYPE_REL="EVENT_ARG"/><W> स्टेशन </W><W> को </W><W> खाली </W><W> कराया </W></AFTER_EFFECTS-ARG><W> गया </W><W> है। </W><W> वहीं, </W><W> पास </W><W> के </W><AFTER_EFFECTS-ARG ID="18"><LINK EVENT_ARG="3" ID="35" TYPE_REL="EVENT_ARG"/><W> बांद्रा </W><W> भाभा </W><W> अस्पताल </W><W> और </W><W> वीएन </W><W> देसाई </W><W> अस्पताल </W><W> को </W><W> इस </W><W> बाबत </W><W> अलर्ट </W><W> किया </W><W> गया </W></AFTER_EFFECTS-ARG><W> है। </W></P></DOCUMENT>