<?xml version="1.0" encoding="UTF-8"?>
<DOCUMENT><DESC/><TIME>1323</TIME><P><PLACE-ARG ID="0"><LINK EVENT_ARG="4" ID="24" TYPE_REL="EVENT_ARG"/><W> मुंबई: </W></PLACE-ARG><PLACE-ARG ID="1"><LINK EVENT_ARG="4" ID="25" TYPE_REL="EVENT_ARG"/><W> माहिम </W></PLACE-ARG><W> में </W><MAN_MADE_EVENT ID="4" TYPE="FIRE"><W> आग </W></MAN_MADE_EVENT><W> से </W><AFTER_EFFECTS-ARG ID="15"><LINK EVENT_ARG="4" ID="26" TYPE_REL="EVENT_ARG"/><W> खाक </W><W> हुए </W><W> 40 </W><W> घर, </W></AFTER_EFFECTS-ARG><CASUALTIES-ARG ID="14"><LINK EVENT_ARG="4" ID="27" TYPE_REL="EVENT_ARG"/><W> कोई </W><W> हताहत नहीं </W></CASUALTIES-ARG><W> । </W></P><P><PLACE-ARG ID="2"><LINK EVENT_ARG="5" ID="28" TYPE_REL="EVENT_ARG"/><W> मुंबई </W><W> के </W><W> माहिम </W><W> में </W><W> झुग्‍गी </W><W> बस्‍ती </W></PLACE-ARG><W> में </W><TIME-ARG ID="9"><LINK EVENT_ARG="5" ID="29" TYPE_REL="EVENT_ARG"/><W> सोमवार </W></TIME-ARG><W> को </W><MAN_MADE_EVENT ID="5" TYPE="FIRE"><EVENT-COREF-LINK EVENT_ID="4" ID="19" TYPE_REL="EVENT_COREF"/><W> आग </W><W> लगने </W></MAN_MADE_EVENT><W> से </W><AFTER_EFFECTS-ARG ID="16"><LINK EVENT_ARG="5" ID="30" TYPE_REL="EVENT_ARG"/><W> लगभग </W><W> 40 </W><W> घर </W><W> खाक </W></AFTER_EFFECTS-ARG><W> हो </W><W> गए। </W><MAN_MADE_EVENT ID="6" TYPE="FIRE"><EVENT-COREF-LINK EVENT_ID="4" ID="20" TYPE_REL="EVENT_COREF"/><W> आग </W></MAN_MADE_EVENT><TIME-ARG ID="10"><LINK EVENT_ARG="6" ID="31" TYPE_REL="EVENT_ARG"/><W> सुबह </W></TIME-ARG><PLACE-ARG ID="3"><LINK EVENT_ARG="6" ID="32" TYPE_REL="EVENT_ARG"/><W> एसएल </W><W> रहेजा </W><W> रोड </W><W> पर </W><W> स्थित </W><W> मकान </W></PLACE-ARG><W> से </W><W> भड़की </W><W> और </W><AFTER_EFFECTS-ARG ID="17"><LINK EVENT_ARG="6" ID="33" TYPE_REL="EVENT_ARG"/><W> बाद </W><W> में </W><W> आसपास </W><W> के </W><W> घर </W><W> भी </W><W> चपेट </W><W> में </W><W> आ </W><W> गए। </W></AFTER_EFFECTS-ARG><W> हालांकि </W><MAN_MADE_EVENT ID="12" TYPE="FIRE"><EVENT-COREF-LINK EVENT_ID="4" ID="21" TYPE_REL="EVENT_COREF"/><W> घटना </W></MAN_MADE_EVENT><W> में </W><CASUALTIES-ARG ID="13"><LINK EVENT_ARG="11" ID="34" TYPE_REL="EVENT_ARG"/><W> कोई </W><W> हताहत </W><W> नहीं </W><W> हुआ </W></CASUALTIES-ARG><W> है। </W></P><P><W> जानकारी </W><W> के </W><W> अनुसार </W><TIME-ARG ID="11"><LINK EVENT_ARG="18" ID="35" TYPE_REL="EVENT_ARG"/><W> सुबह </W><W> 11 </W><W> बजे </W></TIME-ARG><W> फायर </W><W> ब्रिगेड </W><W> के </W><W> कंट्रोल </W><W> रूम </W><W> को </W><MAN_MADE_EVENT ID="7" TYPE="FIRE"><EVENT-COREF-LINK EVENT_ID="4" ID="22" TYPE_REL="EVENT_COREF"/><W> आग </W><W> लगने </W></MAN_MADE_EVENT><W> की </W><W> सूचना </W><W> मिली। </W><W> इसके </W><W> बाद </W><AFTER_EFFECTS-ARG ID="18"><LINK EVENT_ARG="7" ID="36" TYPE_REL="EVENT_ARG"/><W> पांच </W><W> दमकलों </W><W> को </W><W> मौके </W><W> पर </W><W> भेजा </W><W> गया। </W><W> आग </W><W> पर </W><W> काबू </W><W> पा </W><W> लिया </W><W> गया </W><W> है </W></AFTER_EFFECTS-ARG><W> लेकिन </W><MAN_MADE_EVENT ID="8" TYPE="FIRE"><EVENT-COREF-LINK EVENT_ID="4" ID="23" TYPE_REL="EVENT_COREF"/><W> आग </W><W> लगने </W></MAN_MADE_EVENT><W> के </W><W> कारणों </W><W> का </W><W> पता </W><W> नहीं </W><W> चल </W><W> पाया </W><W> है। </W></P></DOCUMENT>