<?xml version="1.0" encoding="UTF-8"?>
<DOCUMENT><DESC/><TIME>1748</TIME><P><PLACE-ARG ID="0"><LINK EVENT_ARG="10" ID="77" TYPE_REL="EVENT_ARG"/><W> बंगाल </W></PLACE-ARG><W> में </W><MAN_MADE_EVENT ID="10" TYPE="RIOTS"><W> सियासी </W><W> हिंसा </W></MAN_MADE_EVENT><W> का </W><W> दौर </W><W> जारी, </W><PLACE-ARG ID="1"><LINK EVENT_ARG="12" ID="78" TYPE_REL="EVENT_ARG"/><W> उत्तर </W><W> 24 </W><W> परगना </W></PLACE-ARG><W> में </W><MAN_MADE_EVENT ID="12" TYPE="NORMAL_BOMBING"><EVENT-COREF-LINK EVENT_ID="10" ID="58" TYPE_REL="EVENT_COREF"/><W> धमाका, </W></MAN_MADE_EVENT><CASUALTIES-ARG ID="29"><LINK EVENT_ARG="12" ID="79" TYPE_REL="EVENT_ARG"/><W> तीन </W><W> मरे, </W><W> तीन </W><W> जख्मी। </W></CASUALTIES-ARG></P><P><PLACE-ARG ID="2"><LINK EVENT_ARG="11" ID="80" TYPE_REL="EVENT_ARG"/><W> कोलकाता। </W></PLACE-ARG><TIME-ARG ID="35"><LINK EVENT_ARG="11" ID="81" TYPE_REL="EVENT_ARG"/><W> चुनाव </W><W> से </W><W> पहले </W><W> और </W><W> बाद </W><W> में </W><W> भी </W></TIME-ARG><PLACE-ARG ID="3"><LINK EVENT_ARG="11" ID="82" TYPE_REL="EVENT_ARG"/><W> पश्चिम </W><W> बंगाल </W></PLACE-ARG><W> में </W><MAN_MADE_EVENT ID="11" TYPE="RIOTS"><EVENT-COREF-LINK EVENT_ID="12" ID="59" TYPE_REL="EVENT_COREF"/><W> राजनीतिक </W><W> हिंसा </W></MAN_MADE_EVENT><W> का </W><W> दौर </W><W> जारी </W><W> है </W><W> और </W><MAN_MADE_EVENT ID="13" TYPE="RIOTS"><EVENT-COREF-LINK EVENT_ID="11" ID="60" TYPE_REL="EVENT_COREF"/><W> एक </W><W> के </W><W> बाद </W><W> एक </W><W> हत्याएं </W></MAN_MADE_EVENT><W> हो </W><W> रही </W><W> हैं। </W><TIME-ARG ID="36"><LINK EVENT_ARG="14" ID="83" TYPE_REL="EVENT_ARG"/><W> बुधवार </W></TIME-ARG><W> को </W><W> भी </W><W> इसी </W><W> कड़ी </W><W> में </W><PLACE-ARG ID="4"><LINK EVENT_ARG="14" ID="84" TYPE_REL="EVENT_ARG"/><W> उत्तर </W><W> 24 </W><W> परगना </W></PLACE-ARG><W> में </W><W> एक </W><MAN_MADE_EVENT ID="14" TYPE="RIOTS"><EVENT-COREF-LINK EVENT_ID="13" ID="61" TYPE_REL="EVENT_COREF"/><W> धमाका </W></MAN_MADE_EVENT><W> हुआ </W><W> है </W><W> जिसमें </W><CASUALTIES-ARG ID="30"><LINK EVENT_ARG="14" ID="85" TYPE_REL="EVENT_ARG"/><W> दो </W><W> लोगों </W><W> की </W><W> मौत </W></CASUALTIES-ARG><W> हो </W><W> चुकी </W><W> है। </W><W> वहीं </W><MAN_MADE_EVENT ID="15" TYPE="RIOTS"><EVENT-COREF-LINK EVENT_ID="14" ID="62" TYPE_REL="EVENT_COREF"/><W> एक </W><W> अन्य </W><W> घटना </W></MAN_MADE_EVENT><W> में </W><CASUALTIES-ARG ID="31"><LINK EVENT_ARG="15" ID="86" TYPE_REL="EVENT_ARG"/><W> एक </W><W> शख्स </W><W> घायल </W></CASUALTIES-ARG><W> हुआ </W><W> है। </W><W> इस </W><W> तरह </W><TIME-ARG ID="37"><LINK EVENT_ARG="16" ID="87" TYPE_REL="EVENT_ARG"/><W> पिछले </W><W> 24 </W><W> घंटे </W></TIME-ARG><W> में </W><W> हुई </W><MAN_MADE_EVENT ID="16" TYPE="RIOTS"><EVENT-COREF-LINK EVENT_ID="15" ID="63" TYPE_REL="EVENT_COREF"/><W> हिंसा </W></MAN_MADE_EVENT><W> में </W><CASUALTIES-ARG ID="32"><LINK EVENT_ARG="16" ID="88" TYPE_REL="EVENT_ARG"/><W> तीन </W><W> लोगों </W><W> की </W><W> मौत </W><W> हुई </W><W> है </W><W> और </W><W> तीन </W><W> अन्य </W><W> घायल </W></CASUALTIES-ARG><W> हो </W><W> गए </W><W> हैं। </W><W> मारे </W><W> गए </W><W> तीनों </W><W> ही </W><W> तृणमूल </W><W> कांग्रेस </W><W> के </W><W> समर्थक </W><W> बताए </W><W> गए </W><W> हैं </W><W> । </W></P><P><PLACE-ARG ID="5"><LINK EVENT_ARG="17" ID="89" TYPE_REL="EVENT_ARG"/><W> उत्तर </W><W> 24 </W><W> परगना </W><W> के </W><W> संदेशखाली </W></PLACE-ARG><W> में </W><W> हुई </W><MAN_MADE_EVENT ID="17" TYPE="RIOTS"><EVENT-COREF-LINK EVENT_ID="15" ID="64" TYPE_REL="EVENT_COREF"/><W> हिंसा </W></MAN_MADE_EVENT><W> की </W><W> आग </W><W> अभी </W><W> शांत </W><W> भी </W><W> नहीं </W><W> हुई </W><W> थी </W><W> कि </W><PLACE-ARG ID="6"><LINK EVENT_ARG="18" ID="90" TYPE_REL="EVENT_ARG"/><W> बैरकपुर </W><W> लोकसभा </W><W> क्षेत्र </W><W> के </W><W> जगदल </W></PLACE-ARG><W> में </W><TIME-ARG ID="38"><LINK EVENT_ARG="18" ID="91" TYPE_REL="EVENT_ARG"/><W> सोमवार </W><W> की </W><W> रात </W></TIME-ARG><W> को </W><PARTICIPANT-ARG ID="41"><LINK EVENT_ARG="18" ID="92" TYPE_REL="EVENT_ARG"/><W> अपराधियों </W></PARTICIPANT-ARG><W> द्वारा </W><W> फेंके </W><W> गए </W><MAN_MADE_EVENT ID="18" TYPE="NORMAL_BOMBING"><EVENT-COREF-LINK EVENT_ID="17" ID="65" TYPE_REL="EVENT_COREF"/><W> बम </W></MAN_MADE_EVENT><W> से </W><CASUALTIES-ARG ID="33"><LINK EVENT_ARG="18" ID="93" TYPE_REL="EVENT_ARG"/><W> 2 </W><W> लोगों </W><W> की </W><W> मौत </W></CASUALTIES-ARG><W> हो </W><W> गई </W><W> जबकि </W><CASUALTIES-ARG ID="34"><LINK EVENT_ARG="18" ID="94" TYPE_REL="EVENT_ARG"/><W> 3 </W><W> लोग </W><W> गंभीर </W><W> रूप </W><W> से </W><W> जख्मी </W></CASUALTIES-ARG><W> हो </W><W> गए। </W><AFTER_EFFECTS-ARG ID="52"><LINK EVENT_ARG="18" ID="95" TYPE_REL="EVENT_ARG"/><W> घायलों </W><W> को </W><W> स्थानीय </W><W> अस्पताल </W><W> में </W><W> भर्ती </W><W> कराया </W><W> गया </W><W> है। </W></AFTER_EFFECTS-ARG></P><P><MAN_MADE_EVENT ID="19" TYPE="RIOTS"><EVENT-COREF-LINK EVENT_ID="18" ID="66" TYPE_REL="EVENT_COREF"/><W> हिंसा </W></MAN_MADE_EVENT><W> को </W><W> लेकर </W><PARTICIPANT-ARG ID="42"><LINK EVENT_ARG="20" ID="96" TYPE_REL="EVENT_ARG"/><W> तृणमूल </W></PARTICIPANT-ARG><W> का </W><W> दावा </W><W> है </W><W> कि </W><MAN_MADE_EVENT ID="20" TYPE="NORMAL_BOMBING"><EVENT-COREF-LINK EVENT_ID="19" ID="67" TYPE_REL="EVENT_COREF"/><W> बम </W><W> के </W><W> हमले </W></MAN_MADE_EVENT><W> में </W><W> मारे </W><W> गए </W><W> दोनों </W><W> व्यक्ति </W><W> उनके </W><W> पार्टी </W><W> समर्थक </W><W> थे </W><W> और </W><W> इस </W><MAN_MADE_EVENT ID="21" TYPE="NORMAL_BOMBING"><EVENT-COREF-LINK EVENT_ID="20" ID="68" TYPE_REL="EVENT_COREF"/><W> हमले </W></MAN_MADE_EVENT><W> के </W><W> पीछे </W><PARTICIPANT-ARG ID="43"><LINK EVENT_ARG="21" ID="97" TYPE_REL="EVENT_ARG"/><W> भाजपा </W></PARTICIPANT-ARG><W> का </W><W> हाथ </W><W> होने </W><W> का </W><W> आरोप </W><W> लगाया </W><W> है। </W><W> हालांकि </W><PARTICIPANT-ARG ID="44"><LINK EVENT_ARG="21" ID="98" TYPE_REL="EVENT_ARG"/><W> भाजपा </W></PARTICIPANT-ARG><W> ने </W><PARTICIPANT-ARG ID="45"><LINK EVENT_ARG="21" ID="99" TYPE_REL="EVENT_ARG"/><W> तृणमूल </W></PARTICIPANT-ARG><W> के </W><W> आरोप </W><W> को </W><W> खारिज </W><W> करते </W><W> हुए </W><W> उन्हें </W><W> पूरी </W><W> तरह </W><W> बेबुनियाद </W><W> बताया </W><W> है। </W><AFTER_EFFECTS-ARG ID="53"><LINK EVENT_ARG="21" ID="100" TYPE_REL="EVENT_ARG"/><W> भाजपा </W><W> ने </W><W> इस </W><W> मामले </W><W> की </W><W> निष्पक्ष </W><W> जांच </W><W> कर </W><W> गिरफ्तार </W><W> करने </W><W> की </W><W> मांग </W><W> की </W><W> है। </W></AFTER_EFFECTS-ARG></P><P><W> वहीं </W><W> दूसरी </W><W> ओर </W><PLACE-ARG ID="7"><LINK EVENT_ARG="22" ID="101" TYPE_REL="EVENT_ARG"/><W> पश्चिम </W><W> बर्दवान </W><W> के </W><W> गलसी </W></PLACE-ARG><W> में </W><TIME-ARG ID="39"><LINK EVENT_ARG="22" ID="102" TYPE_REL="EVENT_ARG"/><W> कल </W><W> रात </W></TIME-ARG><MAN_MADE_EVENT ID="22" TYPE="RIOTS"><EVENT-COREF-LINK EVENT_ID="21" ID="69" TYPE_REL="EVENT_COREF"/><W> लाठी </W><W> और </W><W> डंडे </W><W> से </W><W> पीटकर </W><W> एक </W><W> तृणमूल </W><W> कार्यकर्ता </W><W> की </W><W> हत्या </W></MAN_MADE_EVENT><W> किए </W><W> जाने </W><W> का </W><W> आरोप </W><W> है। </W><PARTICIPANT-ARG ID="46"><LINK EVENT_ARG="25" ID="103" TYPE_REL="EVENT_ARG"/><W> तृणमूल </W><W> कांग्रेस </W></PARTICIPANT-ARG><W> ने </W><MAN_MADE_EVENT ID="25" TYPE="RIOTS"><EVENT-COREF-LINK EVENT_ID="22" ID="70" TYPE_REL="EVENT_COREF"/><W> हत्या </W></MAN_MADE_EVENT><W> का </W><W> आरोप </W><PARTICIPANT-ARG ID="47"><LINK EVENT_ARG="25" ID="104" TYPE_REL="EVENT_ARG"/><W> भाजपा </W><W> कार्यकर्ताओं </W></PARTICIPANT-ARG><W> पर </W><W> लगाया </W><W> है </W><W> जबकि </W><PARTICIPANT-ARG ID="48"><LINK EVENT_ARG="25" ID="105" TYPE_REL="EVENT_ARG"/><W> भाजपा </W></PARTICIPANT-ARG><W> ने </W><W> कहा </W><W> है </W><W> कि </W><W> यह </W><PARTICIPANT-ARG ID="49"><LINK EVENT_ARG="25" ID="106" TYPE_REL="EVENT_ARG"/><W> तृणमूल </W><W> कांग्रेस </W></PARTICIPANT-ARG><W> की </W><W> आपसी </W><W> गुटबाजी </W><W> का </W><W> नतीजा </W><W> है। </W></P><P><TIME-ARG ID="40"><LINK EVENT_ARG="23" ID="109" TYPE_REL="EVENT_ARG"/><W> गत </W><W> दिनों </W></TIME-ARG><PLACE-ARG ID="8"><LINK EVENT_ARG="23" ID="110" TYPE_REL="EVENT_ARG"/><W> उत्तर </W><W> 24 </W><W> परगना </W><W> जिले </W><W> के </W><W> संदेशखाली </W></PLACE-ARG><W> में </W><PARTICIPANT-ARG ID="50"><LINK EVENT_ARG="23" ID="111" TYPE_REL="EVENT_ARG"/><W> तृणमूल </W><W> कांग्रेस </W><W> तथा </W><W> भाजपा </W><W> कार्यकर्ताओं </W></PARTICIPANT-ARG><W> के </W><W> बीच </W><REASON-ARG ID="75"><LINK EVENT_ARG="23" ID="112" TYPE_REL="EVENT_ARG"/><W> झंडा </W><W> खोलने </W><W> को </W><W> लेकर </W></REASON-ARG><W> हुए </W><MAN_MADE_EVENT ID="23" TYPE="RIOTS"><EVENT-COREF-LINK EVENT_ID="25" ID="107" TYPE_REL="EVENT_COREF"/><W> संघर्ष </W></MAN_MADE_EVENT><W> में </W><PARTICIPANT-ARG ID="51"><LINK EVENT_ARG="24" ID="113" TYPE_REL="EVENT_ARG"/><W> दो </W><W> भाजपा </W><W> कार्यकर्ताओं </W></PARTICIPANT-ARG><W> की </W><MAN_MADE_EVENT ID="24" TYPE="RIOTS"><EVENT-COREF-LINK EVENT_ID="23" ID="108" TYPE_REL="EVENT_COREF"/><W> हत्या </W></MAN_MADE_EVENT><W> के </W><W> बाद </W><TIME-ARG ID="114"><LINK EVENT_ARG="24" ID="115" TYPE_REL="EVENT_ARG"/><W> आज </W></TIME-ARG><AFTER_EFFECTS-ARG ID="54"><LINK EVENT_ARG="24" ID="116" TYPE_REL="EVENT_ARG"/><W> भाजपा </W><W> के </W><W> वरिष्ठ </W><W> नेता </W><W> मुकुल </W><W> रॉय </W><W> मृत </W><W> कार्यकर्ताओं </W><W> के </W><W> घर </W><W> गए </W><W> तथा </W><W> उनके </W><W> परिजनों </W><W> से </W><W> मिले। </W><W> मुकुल </W><W> राय </W><W> ने </W><W> उनके </W><W> परिजनों </W><W> को </W><W> आश्वासन </W><W> दिया </W><W> कि </W><W> जल्द </W><W> ही </W><W> उन्हें </W><W> न्याय </W><W> मिलेगा। </W></AFTER_EFFECTS-ARG><W> गौरतलब </W><W> है </W><W> कि </W><W> पिछले </W><W> दिनों </W><W> ही </W><PLACE-ARG ID="9"><LINK EVENT_ARG="26" ID="117" TYPE_REL="EVENT_ARG"/><W> बंगाल </W></PLACE-ARG><W> में </W><W> जारी </W><MAN_MADE_EVENT ID="26" TYPE="RIOTS"><EVENT-COREF-LINK EVENT_ID="24" ID="72" TYPE_REL="EVENT_COREF"/><W> राजनीतिक </W><W> हिंसा </W></MAN_MADE_EVENT><W> पर </W><AFTER_EFFECTS-ARG ID="55"><LINK EVENT_ARG="26" ID="118" TYPE_REL="EVENT_ARG"/><W> केंद्र </W><W> ने </W><W> कड़ी </W><W> नाराजगी </W><W> जताई </W><W> थी </W></AFTER_EFFECTS-ARG><W> तथा </W><W> राज्य </W><W> सरकार </W><W> को </W><MAN_MADE_EVENT ID="27" TYPE="RIOTS"><EVENT-COREF-LINK EVENT_ID="26" ID="73" TYPE_REL="EVENT_COREF"/><W> हिंसा </W></MAN_MADE_EVENT><W> पर </W><AFTER_EFFECTS-ARG ID="56"><LINK EVENT_ARG="27" ID="119" TYPE_REL="EVENT_ARG"/><W> काबू </W><W> पाने </W><W> के </W><W> लिए </W><W> सख्त </W><W> कदम </W><W> उठाने </W><W> को </W><W> कहा </W><W> था। </W></AFTER_EFFECTS-ARG></P><P><W> राज्य </W><W> में </W><W> बढ़ती </W><MAN_MADE_EVENT ID="28" TYPE="RIOTS"><EVENT-COREF-LINK EVENT_ID="27" ID="74" TYPE_REL="EVENT_COREF"/><W> हिंसा </W></MAN_MADE_EVENT><W> को </W><W> देखते </W><W> हुए </W><AFTER_EFFECTS-ARG ID="57"><LINK EVENT_ARG="28" ID="120" TYPE_REL="EVENT_ARG"/><W> केंद्र </W><W> सरकार </W><W> ने </W><W> एडवाजरी </W><W> जारी </W><W> की </W><W> थी </W><W> जिसके </W><W> जवाब </W><W> में </W><W> राज्य </W><W> सरकार </W><W> ने </W><W> कहा </W><W> था </W><W> कि </W><W> स्थिति </W><W> नियंत्रण </W><W> में </W><W> हैं। </W><W> इसके </W><W> बाद </W><W> राज्यपाल </W><W> केसरीनाथ </W><W> त्रिपाठी </W><W> ने </W><W> भी </W><W> गृहमंत्री </W><W> अमित </W><W> शाह </W><W> से </W><W> मुलाकात </W><W> की </W><W> थी। </W></AFTER_EFFECTS-ARG></P></DOCUMENT>