<?xml version="1.0" encoding="UTF-8"?>
<DOCUMENT><DESC/><TIME>967</TIME><P><PLACE-ARG ID="0"><LINK EVENT_ARG="5" ID="32" TYPE_REL="EVENT_ARG"/><W> हिमाचल </W><W> के </W><W> मंडी </W><W> में </W><W> तीन </W><W> मंजिला </W><W> इमारत </W></PLACE-ARG><W> में </W><MAN_MADE_EVENT ID="5" TYPE="FIRE"><W> लगी </W><W> आग, </W></MAN_MADE_EVENT><CASUALTIES-ARG ID="18"><LINK EVENT_ARG="5" ID="33" TYPE_REL="EVENT_ARG"/><W> 5 </W><W> की </W><W> मौत </W></CASUALTIES-ARG><W> । </W></P><P><PLACE-ARG ID="1"><LINK EVENT_ARG="6" ID="34" TYPE_REL="EVENT_ARG"/><W> मंडी। </W></PLACE-ARG><PLACE-ARG ID="2"><LINK EVENT_ARG="6" ID="35" TYPE_REL="EVENT_ARG"/><W> मंडी </W><W> जिला </W><W> के </W><W> बल्ह </W><W> हलके </W><W> के </W><W> नेरचौक </W><W> बाजार </W></PLACE-ARG><W> में </W><TIME-ARG ID="22"><LINK EVENT_ARG="6" ID="36" TYPE_REL="EVENT_ARG"/><W> सोमवार </W><W> तड़के </W></TIME-ARG><PLACE-ARG ID="3"><LINK EVENT_ARG="6" ID="37" TYPE_REL="EVENT_ARG"/><W> एक </W><W> तीन </W><W> मंजिला </W><W> मकान </W></PLACE-ARG><W> में </W><MAN_MADE_EVENT ID="6" TYPE="FIRE"><EVENT-COREF-LINK EVENT_ID="5" ID="17" TYPE_REL="EVENT_COREF"/><W> आग </W><W> लगने </W></MAN_MADE_EVENT><W> से </W><CASUALTIES-ARG ID="19"><LINK EVENT_ARG="6" ID="38" TYPE_REL="EVENT_ARG"/><W> पांच </W><W> लोगों </W></CASUALTIES-ARG><W> की </W><REASON-ARG ID="26"><LINK EVENT_ARG="6" ID="39" TYPE_REL="EVENT_ARG"/><W> दम </W><W> घुटने </W></REASON-ARG><W> से </W><CASUALTIES-ARG ID="20"><LINK EVENT_ARG="6" ID="40" TYPE_REL="EVENT_ARG"/><W> मौत </W></CASUALTIES-ARG><W> हो </W><W> गई </W><W> है। </W><MAN_MADE_EVENT ID="7" TYPE="FIRE"><EVENT-COREF-LINK EVENT_ID="6" ID="16" TYPE_REL="EVENT_COREF"/><W> आग </W></MAN_MADE_EVENT><W> इतनी </W><INTENSITY-ARG ID="41"><LINK EVENT_ARG="7" ID="42" TYPE_REL="EVENT_ARG"/><W> भीषण </W></INTENSITY-ARG><W> थी </W><W> कि </W><W> किसी </W><W> को </W><W> संभलने </W><W> व </W><W> बाहर </W><W> निकलने </W><W> का </W><W> मौका </W><W> नहीं </W><W> मिला। </W><W> जानकारी </W><W> के </W><W> अनुसार </W><W> नेरचौक </W><W> के </W><W> कपड़ा </W><W> व्यापारी </W><W> विजय </W><W> सोनी </W><W> की </W><W> बेटे </W><W> की </W><W> शादी </W><W> चल </W><W> रही </W><W> थी। </W><W> बारात </W><W> सुंदरनगर </W><W> गई </W><W> हुई </W><W> थी। </W><W> रात </W><W> करीब </W><W> दो </W><W> बजे </W><W> बारात </W><W> से </W><W> लोग </W><W> अपने </W><W> घर </W><W> वापस </W><W> आए। </W></P><P><TIME-ARG ID="23"><LINK EVENT_ARG="8" ID="43" TYPE_REL="EVENT_ARG"/><W> सुबह </W><W> करीब </W><W> साढ़े </W><W> चार </W><W> बजे </W></TIME-ARG><PLACE-ARG ID="4"><LINK EVENT_ARG="8" ID="44" TYPE_REL="EVENT_ARG"/><W> सेवानिवृत्त </W><W> सहायक </W><W> अभियंता </W><W> नरेंद्र </W><W> सोनी </W><W> के </W><W> कमरे </W></PLACE-ARG><W> में </W><W> अचानक </W><MAN_MADE_EVENT ID="8" TYPE="FIRE"><EVENT-COREF-LINK EVENT_ID="7" ID="15" TYPE_REL="EVENT_COREF"/><W> आग </W><W> भड़क </W><W> गई। </W></MAN_MADE_EVENT><W> देखते </W><W> ही </W><W> देखते </W><MAN_MADE_EVENT ID="9" TYPE="FIRE"><EVENT-COREF-LINK EVENT_ID="8" ID="14" TYPE_REL="EVENT_COREF"/><W> आग </W></MAN_MADE_EVENT><W> ने </W><AFTER_EFFECTS-ARG ID="27"><LINK EVENT_ARG="9" ID="45" TYPE_REL="EVENT_ARG"/><W> तीन </W><W> मंजिलों </W><W> को </W><W> अपनी </W><W> आगोश </W><W> में </W><W> ले </W><W> लिया। </W></AFTER_EFFECTS-ARG><W> इस </W><W> दौरान </W><W> किसी </W><W> को </W><W> बाहर </W><W> निकलने </W><W> का </W><W> मौका </W><W> नहीं </W><W> मिला। </W><AFTER_EFFECTS-ARG ID="28"><LINK EVENT_ARG="9" ID="46" TYPE_REL="EVENT_ARG"/><W> लोगों </W><W> ने </W><W> फायर </W><W> बिग्रेड </W><W> व </W><W> पुलिस </W><W> को </W><W> सूचना </W><W> दी। </W><W> वहां </W><W> मौजूद </W><W> लोगों </W><W> ने </W><W> खिड़की </W><W> तोड़कर </W><W> एक </W><W> मंजिल </W><W> से </W><W> नरेंद्र </W><W> सोनी </W><W> पुत्र </W><W> जीवन </W><W> सोनी </W><W> व </W><W> उनकी </W><W> पत्नी </W><W> बीना </W><W> सोनी </W><W> निवासी </W><W> नेरचौक </W><W> को </W><W> बाहर </W><W> निकाला। </W><W> उन्हें </W><W> साथ </W><W> लगते </W><W> नागरिक </W><W> अस्पताल </W><W> ले </W><W> गए </W><W> जहां </W><W> चिकित्सकों </W><W> ने </W><W> उन्हें </W><W> मृत </W><W> घोषित </W><W> कर </W><W> दिया। </W></AFTER_EFFECTS-ARG></P><P><AFTER_EFFECTS-ARG ID="29"><LINK EVENT_ARG="9" ID="47" TYPE_REL="EVENT_ARG"/><W> करीब </W><W> एक </W><W> घंटे </W><W> बाद </W><W> आए </W><W> दमकल </W><W> कर्मियों </W><W> ने </W><W> आग </W><W> पर </W><W> काबू </W><W> पाया। </W><W> वहीं </W><W> पुलिस </W><W> की </W><W> टीम </W><W> भी </W><W> मौके </W><W> पर </W><W> पहुंची। </W><W> स्थानीय </W><W> लोगों </W><W> के </W><W> सहयोग </W><W> से </W><W> आग </W><W> बुझाने </W><W> का </W><W> कार्य </W><W> शुरू </W><W> हुआ। </W><W> इस </W><W> दौरान </W><W> निचली </W><W> मंजिल </W><W> से </W><W> दो </W><W> महिलाओं </W><W> व </W><W> एक </W><W> बच्चे </W><W> का </W><W> शव </W><W> बरामद </W><W> किया। </W><W> इसमें </W><W> सुदेश </W><W> सोहल </W><W> पत्नी </W><W> प्रेम </W><W> सोनी, </W><W> मोना </W><W> पत्नी </W><W> अमित </W><W> कुमार </W><W> व </W><W> साहिल </W><W> पुत्र </W><W> अमित </W><W> कुमार </W><W> निवासी </W><W> सभी </W><W> शिमला </W><W> शामिल </W></AFTER_EFFECTS-ARG><W> है। </W></P><P><AFTER_EFFECTS-ARG ID="30"><LINK EVENT_ARG="10" ID="48" TYPE_REL="EVENT_ARG"/><W> राहत </W><W> व </W><W> बचाव </W><W> कार्य </W><W> अब </W><W> तक </W><W> चल </W><W> रहा </W><W> है। </W></AFTER_EFFECTS-ARG><W> इसकी </W><W> पुष्टि </W><W> पुलिस </W><W> अधीक्षक </W><W> गुरदेव </W><W> शर्मा </W><W> ने </W><W> की </W><W> है। </W><W> उन्होंने </W><W> कहा </W><W> कि </W><MAN_MADE_EVENT ID="10" TYPE="FIRE"><EVENT-COREF-LINK EVENT_ID="9" ID="13" TYPE_REL="EVENT_COREF"/><W> आग </W></MAN_MADE_EVENT><W> से </W><CASUALTIES-ARG ID="21"><LINK EVENT_ARG="10" ID="49" TYPE_REL="EVENT_ARG"/><W> पांच </W><W> लोग </W><W> जिंदा </W><W> जल </W><W> गए </W></CASUALTIES-ARG><W> हैं। </W><W> वहीं </W><AFTER_EFFECTS-ARG ID="31"><LINK EVENT_ARG="10" ID="50" TYPE_REL="EVENT_ARG"/><W> लाखों </W><W> रुपये </W><W> का </W><W> नुकसान </W><W> हुआ </W><W> है। </W></AFTER_EFFECTS-ARG><W> प्रारंभिक </W><W> रूप </W><W> से </W><W> मिली </W><W> जानकारी </W><W> के </W><W> अनुसार </W><MAN_MADE_EVENT ID="11" TYPE="FIRE"><EVENT-COREF-LINK EVENT_ID="10" ID="12" TYPE_REL="EVENT_COREF"/><W> आग </W></MAN_MADE_EVENT><REASON-ARG ID="24"><LINK EVENT_ARG="11" ID="51" TYPE_REL="EVENT_ARG"/><W> शॉर्ट </W><W> सर्किट </W></REASON-ARG><W> के </W><W> कारण </W><W> लगी </W><W> लेकिन </W><REASON-ARG ID="25"><LINK EVENT_ARG="11" ID="52" TYPE_REL="EVENT_ARG"/><W> एलपीजी </W><W> सिलेंडर </W><W> इसकी </W><W> चपेट </W><W> में </W><W> आ </W><W> गए </W><W> जिससे </W><W> यह </W><W> ज्यादा </W><W> भड़क </W><W> गई। </W></REASON-ARG></P></DOCUMENT>