<?xml version="1.0" encoding="UTF-8"?>
<DOCUMENT><DESC/><TIME>1096</TIME><P><W> मुंबई, </W><PLACE-ARG ID="14"><LINK EVENT_ARG="0" ID="15" TYPE_REL="EVENT_ARG"/><W> महाराष्‍ट्र </W><W> के </W><W> बीड </W></PLACE-ARG><W> में </W><TIME-ARG ID="1"><LINK EVENT_ARG="0" ID="16" TYPE_REL="EVENT_ARG"/><W> रविवार </W><W> सुबह </W></TIME-ARG><W> एक </W><MAN_MADE_EVENT ID="0" TYPE="TRANSPORT_HAZARDS"><W> सड़क </W><W> दुर्घटना </W></MAN_MADE_EVENT><W> में </W><W> कम </W><W> से </W><W> कम </W><CASUALTIES-ARG ID="4"><LINK EVENT_ARG="0" ID="17" TYPE_REL="EVENT_ARG"/><W> नौ </W><W> लोगों </W></CASUALTIES-ARG><W> की </W><W> मौत </W><W> हो </W><W> गई, </W><W> जबकि </W><CASUALTIES-ARG ID="6"><LINK EVENT_ARG="0" ID="18" TYPE_REL="EVENT_ARG"/><W> 22 </W><W> अन्‍य </W></CASUALTIES-ARG><W> गंभीर </W><W> रूप </W><W> से </W><W> जख्‍मी </W><W> हो </W><W> गए। </W><W> सभी </W><W> लोग </W><W> एक </W><W> बस </W><W> से </W><W> पुणे </W><W> से </W><W> लातुर </W><W> जा </W><W> रहे </W><W> थे। </W><W> इसी </W><W> दौरान </W><PLACE-ARG ID="7"><W> बीड </W></PLACE-ARG><W> में </W><W> बस </W><W> दुर्घटनाग्रस्‍त </W><W> हो </W><W> गई। </W></P><P><MAN_MADE_EVENT ID="9" TYPE="TRANSPORT_HAZARDS"><EVENT-COREF-LINK EVENT_ID="0" ID="20" TYPE_REL="EVENT_COREF"/><W> हादसे </W></MAN_MADE_EVENT><W> के </W><W> बाद </W><CASUALTIES-ARG ID="10"><LINK EVENT_ARG="9" ID="22" TYPE_REL="EVENT_ARG"/><W> आठ </W><W> लोगों </W></CASUALTIES-ARG><W> ने </W><W> घटनास्‍थल </W><W> पर </W><W> ही </W><W> दम </W><W> तोड़ </W><W> दिया, </W><W> जबकि </W><CASUALTIES-ARG ID="11"><LINK EVENT_ARG="9" ID="23" TYPE_REL="EVENT_ARG"/><W> एक </W><W> अन्‍य </W></CASUALTIES-ARG><W> व्‍यक्ति </W><W> को </W><W> अहमदनगर </W><W> सरकारी </W><W> अस्‍पताल </W><W> में </W><W> मृत </W><W> घोषित </W><W> किया </W><W> गया। </W><AFTER_EFFECTS-ARG ID="12"><LINK EVENT_ARG="9" ID="24" TYPE_REL="EVENT_ARG"/><W> घायलों </W><W> को </W><W> वहीं </W><W> भर्ती </W></AFTER_EFFECTS-ARG><W> कराया </W><W> गया </W><W> है। </W><MAN_MADE_EVENT ID="13" TYPE="TRANSPORT_HAZARDS"><EVENT-COREF-LINK EVENT_ID="9" ID="21" TYPE_REL="EVENT_COREF"/><W> हादसे </W></MAN_MADE_EVENT><W> से </W><W> संबंधित </W><W> अन्‍य </W><W> विवरण </W><W> का </W><W> इंतजार </W><W> है। </W></P></DOCUMENT>