<?xml version="1.0" encoding="UTF-8"?>
<DOCUMENT><DESC/><TIME>7453</TIME><P><PLACE-ARG ID="0"><LINK EVENT_ARG="8" ID="44" TYPE_REL="EVENT_ARG"/><W> उत्तर </W><W> 24 </W><W> परगना </W></PLACE-ARG><TIME-ARG ID="4"><LINK EVENT_ARG="8" ID="45" TYPE_REL="EVENT_ARG"/><W> भाटपाड़ा </W><W> सीट </W><W> पर </W><W> उपचुनाव </W><W> से </W><W> पहले </W></TIME-ARG><MAN_MADE_EVENT ID="8" TYPE="RIOTS"><W> हिंसा, </W></MAN_MADE_EVENT><MAN_MADE_EVENT ID="46" TYPE="SHOOT_OUT"><ASSOCIATED-EVENT-LINK EVENT_ID="8" ID="48" TYPE_REL="ASSOCIATED_EVENT"/><W> गोलीबारी </W></MAN_MADE_EVENT><W> के </W><W> बाद </W><MAN_MADE_EVENT ID="47" TYPE="FIRE"><ASSOCIATED-EVENT-LINK EVENT_ID="8" ID="49" TYPE_REL="ASSOCIATED_EVENT"/><W> फूंकी </W><W> गईं </W><W> गाड़ियां। </W></MAN_MADE_EVENT></P><P><PLACE-ARG ID="1"><LINK EVENT_ARG="9" ID="50" TYPE_REL="EVENT_ARG"/><W> कोलकाता। </W></PLACE-ARG><PLACE-ARG ID="2"><LINK EVENT_ARG="9" ID="51" TYPE_REL="EVENT_ARG"/><W> उत्तर </W><W> 24 </W><W> परगना </W><W> जिलान्तर्गत </W><W> भाटपाड़ा </W></PLACE-ARG><W> में </W><MAN_MADE_EVENT ID="9" TYPE="RIOTS"><EVENT-COREF-LINK EVENT_ID="8" ID="43" TYPE_REL="EVENT_COREF"/><W> चुनावी </W><W> हिंसा </W></MAN_MADE_EVENT><W> की </W><W> खबर </W><W> सामने </W><W> आई </W><W> है। </W><W> इस </W><W> विधानसभा </W><W> सीट </W><W> के </W><W> लिए </W><W> रविवार </W><W> को </W><W> उपचुनाव </W><W> होना </W><W> है। </W><TIME-ARG ID="5"><LINK EVENT_ARG="40" ID="52" TYPE_REL="EVENT_ARG"/><W> शनिवार </W></TIME-ARG><W> को </W><W> यहां </W><MAN_MADE_EVENT ID="40" TYPE="SHOOT_OUT"><ASSOCIATED-EVENT-LINK EVENT_ID="9" ID="42" TYPE_REL="ASSOCIATED_EVENT"/><W> गोलीबारी </W></MAN_MADE_EVENT><W> एवं </W><MAN_MADE_EVENT ID="39" TYPE="FIRE"><ASSOCIATED-EVENT-LINK EVENT_ID="9" ID="41" TYPE_REL="ASSOCIATED_EVENT"/><W> आगजनी </W></MAN_MADE_EVENT><W> की </W><W> गई। </W><PLACE-ARG ID="6"><LINK EVENT_ARG="36" ID="53" TYPE_REL="EVENT_ARG"/><W> आर्यसमाज </W><W> मोड़ </W><W> इलाके </W></PLACE-ARG><W> में </W><MAN_MADE_EVENT ID="36" TYPE="FIRE"><ASSOCIATED-EVENT-LINK EVENT_ID="9" ID="37" TYPE_REL="ASSOCIATED_EVENT"/><W> दो </W><W> गाड़ियों </W><W> को </W><W> जला </W><W> दिया </W></MAN_MADE_EVENT><W> गया </W><W> है। </W></P><P><MAN_MADE_EVENT ID="13" TYPE="RIOTS"><EVENT-COREF-LINK EVENT_ID="9" ID="35" TYPE_REL="EVENT_COREF"/><W> घटना </W></MAN_MADE_EVENT><TIME-ARG ID="7"><LINK EVENT_ARG="13" ID="54" TYPE_REL="EVENT_ARG"/><W> शनिवार </W><W> रात </W><W> 9.30 </W><W> बजे </W></TIME-ARG><W> हुई। </W><AFTER_EFFECTS-ARG ID="19"><LINK EVENT_ARG="13" ID="55" TYPE_REL="EVENT_ARG"/><W> चार </W><W> लोगों </W><W> की </W><W> गिरफ्तारी </W><W> हुई </W><W> है। </W><W> इलाके </W><W> में </W><W> तनाव </W><W> है। </W></AFTER_EFFECTS-ARG></P><P><AFTER_EFFECTS-ARG ID="20"><LINK EVENT_ARG="14" ID="56" TYPE_REL="EVENT_ARG"/><W> केंद्रीय </W><W> बल </W><W> के </W><W> जवान, </W><W> स्थानीय </W><W> पुलिस </W><W> एवं </W><W> रैपिड </W><W> एक्शन </W><W> फोर्स </W><W> के </W><W> जवान </W><W> मौके </W><W> पर </W><W> तैनात </W><W> हैं। </W></AFTER_EFFECTS-ARG><MAN_MADE_EVENT ID="14" TYPE="RIOTS"><EVENT-COREF-LINK EVENT_ID="13" ID="34" TYPE_REL="EVENT_COREF"/><W> घटना </W></MAN_MADE_EVENT><W> के </W><W> लिए </W><AFTER_EFFECTS-ARG ID="21"><LINK EVENT_ARG="14" ID="57" TYPE_REL="EVENT_ARG"/><W> भाजपा </W><W> एवं </W><W> तृणमूल </W><W> ने </W><W> एक-दूसरे </W><W> पर </W><W> आरोप </W><W> लगाया </W><W> है। </W></AFTER_EFFECTS-ARG></P><P><PARTICIPANT-ARG ID="23"><LINK EVENT_ARG="15" ID="58" TYPE_REL="EVENT_ARG"/><W> भाजपा </W><W> नेता </W><W> अर्जुन </W><W> सिंह </W></PARTICIPANT-ARG><W> का </W><W> आरोप </W><W> है </W><W> कि </W><PARTICIPANT-ARG ID="22"><LINK EVENT_ARG="15" ID="59" TYPE_REL="EVENT_ARG"/><W> तृणमूल </W></PARTICIPANT-ARG><W> ने </W><W> बाहरी </W><W> लोगों </W><W> को </W><W> लाकर </W><W> यह </W><MAN_MADE_EVENT ID="15" TYPE="RIOTS"><EVENT-COREF-LINK EVENT_ID="14" ID="33" TYPE_REL="EVENT_COREF"/><W> हिंसा </W></MAN_MADE_EVENT><W> कराई </W><W> है। </W></P><P><PARTICIPANT-ARG ID="24"><LINK EVENT_ARG="27" ID="60" TYPE_REL="EVENT_ARG"/><W> बदमाशों </W></PARTICIPANT-ARG><W> ने </W><MAN_MADE_EVENT ID="27" TYPE="FIRE"><ASSOCIATED-EVENT-LINK EVENT_ID="15" ID="31" TYPE_REL="ASSOCIATED_EVENT"/><W> वाहनों </W><W> में </W><W> आग </W><W> लगाने </W></MAN_MADE_EVENT><W> से </W><W> पहले </W><MAN_MADE_EVENT ID="28" TYPE="SHOOT_OUT"><ASSOCIATED-EVENT-LINK EVENT_ID="15" ID="30" TYPE_REL="ASSOCIATED_EVENT"/><W> गोलियां </W><W> चलाई। </W></MAN_MADE_EVENT><PARTICIPANT-ARG ID="25"><LINK EVENT_ARG="28" ID="61" TYPE_REL="EVENT_ARG"/><W> तृणमूल </W><W> समर्थक </W></PARTICIPANT-ARG><PLACE-ARG ID="3"><LINK EVENT_ARG="28" ID="62" TYPE_REL="EVENT_ARG"/><W> कमरहट्टी </W></PLACE-ARG><W> से </W><W> दो </W><W> वाहनों </W><W> में </W><W> भरकर </W><W> बाहरी </W><W> लोगों </W><W> को </W><W> लाए </W><W> थे। </W></P><P><W> सिंह </W><W> ने </W><W> कहा </W><W> कि </W><W> चुनाव </W><W> आयोग </W><W> के </W><W> समक्ष </W><W> 10 </W><W> दिन </W><W> पहले </W><W> से </W><W> ही </W><W> इस </W><W> तरह </W><W> की </W><MAN_MADE_EVENT ID="16" TYPE="RIOTS"><EVENT-COREF-LINK EVENT_ID="15" ID="32" TYPE_REL="EVENT_COREF"/><W> घटना </W></MAN_MADE_EVENT><W> की </W><W> आशंका </W><W> जताई </W><W> गई </W><W> थी, </W><W> लेकिन </W><W> कार्रवाई </W><W> नहीं </W><W> की </W><W> गई। </W></P><P><W> इस </W><W> उपचुनाव </W><W> में </W><W> अर्जुन </W><W> सिंह </W><W> के </W><W> पुत्र </W><W> पवन </W><W> सिंह </W><W> भाजपा </W><W> के </W><W> उम्मीदवार </W><W> हैं। </W><W> राज्य </W><W> के </W><W> पूर्व </W><W> मंत्री </W><W> मदन </W><W> मित्रा </W><W> यहां </W><W> से </W><W> टीएमसी </W><W> के </W><W> उम्मीदवार </W><W> हैं। </W></P><P><W> उनका </W><W> आरोप </W><W> है </W><W> कि </W><PARTICIPANT-ARG ID="26"><LINK EVENT_ARG="17" ID="63" TYPE_REL="EVENT_ARG"/><W> अर्जुन </W><W> सिंह </W><W> के </W><W> लोगों </W></PARTICIPANT-ARG><W> ने </W><REASON-ARG ID="18"><LINK EVENT_ARG="17" ID="64" TYPE_REL="EVENT_ARG"/><W> दंगा </W><W> भड़काने </W><W> के </W><W> उद्देश्य </W><W> से </W></REASON-ARG><MAN_MADE_EVENT ID="17" TYPE="RIOTS"><EVENT-COREF-LINK EVENT_ID="16" ID="29" TYPE_REL="EVENT_COREF"/><W> हिंसा </W></MAN_MADE_EVENT><W> की। </W></P></DOCUMENT>