<?xml version="1.0" encoding="UTF-8"?>
<DOCUMENT><DESC/><TIME>1434</TIME><P><W> फिर </W><PLACE-ARG ID="0"><LINK EVENT_ARG="6" ID="29" TYPE_REL="EVENT_ARG"/><W> कानपुर </W></PLACE-ARG><W> में </W><MAN_MADE_EVENT ID="6" TYPE="TRANSPORT_HAZARDS"><W> पलटी </W><W> ट्रेन, </W></MAN_MADE_EVENT><CASUALTIES-ARG ID="12"><LINK EVENT_ARG="6" ID="30" TYPE_REL="EVENT_ARG"/><W> 118 </W><W> से </W><W> अधिक </W><W> घायल </W></CASUALTIES-ARG><W> । </W></P><P><PLACE-ARG ID="1"><LINK EVENT_ARG="6" ID="31" TYPE_REL="EVENT_ARG"/><W> कानपुर </W><W> देहात। </W></PLACE-ARG><PARTICIPANT-ARG ID="14"><LINK EVENT_ARG="7" ID="32" TYPE_REL="EVENT_ARG"/><W> इंदौर-पटना </W><W> एक्सप्रेस </W></PARTICIPANT-ARG><W> के </W><PLACE-ARG ID="2"><LINK EVENT_ARG="7" ID="33" TYPE_REL="EVENT_ARG"/><W> कानपुर </W><W> के </W><W> नजदीक </W><W> पुखरायां </W></PLACE-ARG><W> में </W><W> हुए </W><MAN_MADE_EVENT ID="7" TYPE="TRANSPORT_HAZARDS"><W> हादसे </W></MAN_MADE_EVENT><W> के </W><W> निशान </W><W> अभी </W><W> मिटे </W><W> भी </W><W> नहीं </W><W> थे </W><W> कि </W><REASON-ARG ID="16"><LINK EVENT_ARG="3" ID="34" TYPE_REL="EVENT_ARG"/><W> रेलवे </W><W> की </W><W> लापरवाही </W><W> से </W></REASON-ARG><TIME-ARG ID="19"><LINK EVENT_ARG="3" ID="35" TYPE_REL="EVENT_ARG"/><W> बुधवार </W><W> सुबह </W></TIME-ARG><W> एक </W><W> और </W><W> बड़ा </W><PLACE-ARG ID="3"><EVENT-COREF-LINK EVENT_ID="6" ID="25" TYPE_REL="EVENT_COREF"/><W> हादसा </W></PLACE-ARG><W> हो </W><W> गया। </W><W> आशंका </W><W> है </W><W> कि </W><REASON-ARG ID="17"><LINK EVENT_ARG="8" ID="36" TYPE_REL="EVENT_ARG"/><W> पटरी </W><W> चटकी </W><W> होने </W><W> से </W></REASON-ARG><TIME-ARG ID="20"><LINK EVENT_ARG="8" ID="37" TYPE_REL="EVENT_ARG"/><W> सुबह </W><W> 5.18 </W><W> बजे </W></TIME-ARG><PLACE-ARG ID="4"><LINK EVENT_ARG="8" ID="39" TYPE_REL="EVENT_ARG"/><W> टूंडला </W><W> सेक्शन </W><W> के </W><W> रूरा </W><W> स्टेशन </W><W> से </W><W> चंद </W><W> कदम </W><W> पहले </W></PLACE-ARG><PARTICIPANT-ARG ID="15"><LINK EVENT_ARG="8" ID="38" TYPE_REL="EVENT_ARG"/><W> सियालदह </W><W> से </W><W> अजमेर </W><W> जा </W><W> रही </W><W> 12987अप </W><W> सियालदह-अजमेर </W><W> एक्सप्रेस </W></PARTICIPANT-ARG><MAN_MADE_EVENT ID="8" TYPE="TRANSPORT_HAZARDS"><EVENT-COREF-LINK EVENT_ID="6" ID="26" TYPE_REL="EVENT_COREF"/><W> दुर्घटनाग्रस्त </W></MAN_MADE_EVENT><W> हो </W><W> गई। </W></P><P><W> इसमें </W><CASUALTIES-ARG ID="13"><LINK EVENT_ARG="8" ID="40" TYPE_REL="EVENT_ARG"/><W> 118 </W><W> से </W><W> अधिक </W><W> लोग </W><W> घायल </W></CASUALTIES-ARG><W> हो </W><W> गए। </W><AFTER_EFFECTS-ARG ID="21"><LINK EVENT_ARG="8" ID="41" TYPE_REL="EVENT_ARG"/><W> 15 </W><W> बोगियां </W><W> क्षतिग्रस्त </W><W> हुई </W><W> हैं, </W><W> इनमें </W><W> 13 </W><W> स्लीपर </W><W> कोच </W><W> (एस </W><W> 1 </W><W> से </W><W> एस </W><W> 13 </W><W> तक) </W><W> और </W><W> दो </W><W> जनरल </W><W> हैं। </W><W> दो </W><W> बोगियां </W><W> एस-5 </W><W> व </W><W> एस-6 </W><W> नहर </W><W> में </W><W> लटक </W><W> गईं, </W><W> छह </W><W> पलट </W><W> गईं </W><W> और </W><W> सात </W><W> पटरी </W><W> से </W><W> उतर </W><W> गईं। </W></AFTER_EFFECTS-ARG><AFTER_EFFECTS-ARG ID="22"><LINK EVENT_ARG="8" ID="42" TYPE_REL="EVENT_ARG"/><W> घायलों </W><W> को </W><W> कानपुर </W><W> के </W><W> हैलट </W><W> व </W><W> अकबरपुर </W><W> के </W><W> जिला </W><W> अस्पताल </W><W> में </W><W> भर्ती </W><W> कराया </W><W> गया </W><W> है। </W><W> इनमें </W><W> कुछ </W><W> की </W><W> हालत </W><W> गंभीर </W><W> है। </W><W> 118 </W><W> घायलों </W><W> का </W><W> प्राथमिक </W><W> उपचार </W><W> स्टेशन </W><W> पर </W><W> ही </W><W> किया </W><W> गया, </W><W> जिसके </W><W> बाद </W><W> कुछ </W><W> घर </W><W> चले </W><W> गए। </W></AFTER_EFFECTS-ARG><W> पहले </W><W> दो </W><W> लोगों </W><W> की </W><W> मौत </W><W> की </W><W> बात </W><W> सामने </W><W> आई </W><W> थी </W><W> लेकिन </W><W> बाद </W><W> में </W><W> प्रशासन </W><W> ने </W><W> इससे </W><W> इन्कार </W><W> किया। </W></P><P><W> सुबह </W><W> जब </W><MAN_MADE_EVENT ID="10" TYPE="TRANSPORT_HAZARDS"><EVENT-COREF-LINK EVENT_ID="6" ID="27" TYPE_REL="EVENT_COREF"/><W> हादसा </W></MAN_MADE_EVENT><W> हुआ </W><W> तो </W><W> ट्रेन </W><W> 108 </W><W> किमी </W><W> की </W><W> रफ्तार </W><W> से </W><W> जा </W><W> रही </W><W> थी। </W><W> घटनास्थल </W><PLACE-ARG ID="5"><LINK EVENT_ARG="10" ID="43" TYPE_REL="EVENT_ARG"/><W> हावड़ा-दिल्ली </W><W> रूट </W><W> पर </W><W> कानपुर </W><W> से </W><W> करीब </W><W> 45 </W><W> किमी </W><W> दूर </W></PLACE-ARG><W> है। </W><W> सुबह </W><W> का </W><W> समय </W><W> होने </W><W> से </W><W> कुछ </W><W> यात्री </W><W> दैनिक </W><W> क्रियाओं </W><W> में </W><W> व्यस्त </W><W> थे </W><W> और </W><W> कुछ </W><W> सो </W><W> रहे </W><W> थे। </W><W> गाड़ी </W><W> के </W><W> हिचकोले </W><W> लेते </W><W> ही </W><W> चीख </W><W> पुकार </W><W> मच </W><W> गई। </W><W> स्थानीय </W><W> लोग </W><W> थोड़ी </W><W> ही </W><W> देर </W><W> में </W><W> राहत </W><W> व </W><W> बचाव </W><W> कार्य </W><W> में </W><W> जुट </W><W> गए। </W></P><P><W> डीएम </W><W> कुमार </W><W> रविकांत </W><W> सिंह </W><W> व </W><W> एसपी </W><W> प्रभाकर </W><W> चौधरी </W><W> ने </W><W> बताया </W><W> कि </W><AFTER_EFFECTS-ARG ID="23"><LINK EVENT_ARG="10" ID="44" TYPE_REL="EVENT_ARG"/><W> जिन </W><W> लोगों </W><W> की </W><W> मौत </W><W> की </W><W> बात </W><W> कही </W><W> जा </W><W> रही </W><W> थी, </W><W> उनका </W><W> इलाज </W><W> चल </W><W> रहा </W><W> है। </W><W> रेलवे </W><W> की </W><W> रेस्क्यू </W><W> टीम, </W><W> एनडीआरएफ </W><W> व </W><W> सेना </W><W> की </W><W> टीमें </W><W> जब </W><W> पहुंचीं </W><W> तब </W><W> तक </W><W> अधिकांश </W><W> घायलों </W><W> को </W><W> अस्पताल </W><W> भेजा </W><W> जा </W><W> चुका </W><W> था। </W><W> बाद </W><W> में </W><W> सुरक्षित </W><W> बची </W><W> छह </W><W> बोगियों </W><W> को </W><W> अजमेर </W><W> की </W><W> ओर </W><W> रवाना </W><W> किया </W><W> गया। </W></AFTER_EFFECTS-ARG></P><P><W> कुछ </W><W> यात्रियों </W><W> को </W><W> सड़क </W><W> मार्ग </W><W> से </W><W> कानपुर </W><W> व </W><W> कुछ </W><W> को </W><W> टूंडला </W><W> भेजा </W><W> गया। </W><MAN_MADE_EVENT ID="11" TYPE="TRANSPORT_HAZARDS"><EVENT-COREF-LINK EVENT_ID="6" ID="28" TYPE_REL="EVENT_COREF"/><W> हादसे </W></MAN_MADE_EVENT><W> के </W><W> कारणों </W><W> की </W><W> जांच </W><W> की </W><W> जा </W><W> रही </W><W> है। </W><REASON-ARG ID="18"><LINK EVENT_ARG="11" ID="45" TYPE_REL="EVENT_ARG"/><W> प्राथमिक </W><W> तौर </W><W> पर </W><W> रेल </W><W> फ्रैक्चर </W></REASON-ARG><W> बताया </W><W> जा </W><W> रहा। </W></P><P><AFTER_EFFECTS-ARG ID="24"><LINK EVENT_ARG="11" ID="46" TYPE_REL="EVENT_ARG"/><W> गंभीर </W><W> घायलों </W><W> को </W><W> 50 </W><W> और </W><W> मामूली </W><W> को </W><W> 25 </W><W> हजार </W><W> रुपये </W><W> की </W><W> सहायता </W></AFTER_EFFECTS-ARG><W> । </W></P><P><W> मुख्यमंत्री </W><W> अखिलेश </W><W> यादव </W><W> ने </W><W> हादसे </W><W> में </W><W> घायलों </W><W> के </W><W> शीघ्र </W><W> स्वस्थ </W><W> होने </W><W> की </W><W> कामना </W><W> करते </W><W> हुए </W><W> गंभीर </W><W> रूप </W><W> से </W><W> घायलों </W><W> को </W><W> 50 </W><W> हजार </W><W> व </W><W> मामूली </W><W> रूप </W><W> से </W><W> घायलों </W><W> को </W><W> 25 </W><W> हजार </W><W> रुपये </W><W> सहायता </W><W> देने </W><W> की </W><W> घोषणा </W><W> की </W><W> है। </W><W> मुख्यमंत्री </W><W> ने </W><W> अधिकारियों </W><W> को </W><W> निर्देश </W><W> दिए </W><W> हैं </W><W> कि </W><W> घायलों </W><W> के </W><W> इलाज </W><W> की </W><W> मुकम्मल </W><W> व्यवस्था </W><W> की </W><W> जाए। </W></P></DOCUMENT>