<?xml version="1.0" encoding="UTF-8"?>
<DOCUMENT><DESC/><DESC/><TIME>1564</TIME><P><NATURAL_EVENT ID="0" TYPE="STORM"><W> आंधी </W></NATURAL_EVENT><W> से </W><PLACE-ARG ID="1"><LINK EVENT_ARG="0" ID="19" TYPE_REL="EVENT_ARG"/><W> मिजोरम </W></PLACE-ARG><W> में </W><AFTER_EFFECTS-ARG ID="2"><LINK EVENT_ARG="0" ID="20" TYPE_REL="EVENT_ARG"/><W> सैकड़ों </W><W> घर, </W><W> 20 </W><W> सरकारी </W><W> भवन </W><W> तबाह </W></AFTER_EFFECTS-ARG><W> । </W></P><P><PLACE-ARG ID="5"><LINK EVENT_ARG="7" ID="21" TYPE_REL="EVENT_ARG"/><W> आइजोल। </W></PLACE-ARG><PLACE-ARG ID="4"><LINK EVENT_ARG="7" ID="22" TYPE_REL="EVENT_ARG"/><W> पिछले </W><W> कुछ </W><W> दिनों </W></PLACE-ARG><W> से </W><W> मानसून </W><W> के </W><W> पहले </W><W> की </W><W> बारिश </W><W> ने </W><W> राज्य </W><W> में </W><W> विध्वंस </W><W> मचा </W><W> रखा </W><W> है। </W><NATURAL_EVENT ID="7" TYPE="STORM"><EVENT-COREF-LINK EVENT_ID="0" ID="35" TYPE_REL="EVENT_COREF"/><W> आंधी </W></NATURAL_EVENT><W> और </W><NATURAL_EVENT ID="33" TYPE="HAIL_STORMS"><W> ओला </W><W> वृष्टि </W></NATURAL_EVENT><W> से </W><AFTER_EFFECTS-ARG ID="9"><LINK EVENT_ARG="33" ID="37" TYPE_REL="EVENT_ARG"/><W> सैकड़ों </W><W> घर </W><W> और </W><W> 20 </W><W> सरकारी </W><W> भवन </W><W> तबाह </W><W> हो </W><W> चुके </W></AFTER_EFFECTS-ARG><W> हैं। </W><W> यह </W><W> जानकारी </W><W> मिजोरम </W><W> आपदा </W><W> प्रबंधन </W><W> के </W><W> अधिकारी </W><W> ने </W><W> रविवार </W><W> को </W><W> दी। </W><W> अधिकारी </W><W> ने </W><W> बताया </W><W> कि </W><W> कुछ </W><W> लोगों </W><W> की </W><W> जान </W><W> भी </W><W> गई </W><W> है। </W><PLACE-ARG ID="6"><LINK EVENT_ARG="11" ID="24" TYPE_REL="EVENT_ARG"/><W> राज्य </W></PLACE-ARG><W> में </W><TIME-ARG ID="10"><LINK EVENT_ARG="11" ID="25" TYPE_REL="EVENT_ARG"/><W> 7 </W><W> अप्रैल </W></TIME-ARG><W> से </W><NATURAL_EVENT ID="11" TYPE="STORM"><EVENT-COREF-LINK EVENT_ID="0" ID="36" TYPE_REL="EVENT_COREF"/><W> आंधी </W></NATURAL_EVENT><W> की </W><W> तबाही </W><W> जारी </W><W> है। </W></P><P><W> पिछले </W><W> 48 </W><W> घंटे </W><W> के </W><W> दौरान </W><AFTER_EFFECTS-ARG ID="12"><LINK EVENT_ARG="11" ID="26" TYPE_REL="EVENT_ARG"/><W> मिजोरम-बांग्लादेश-त्रिपुरा </W><W> सीमा </W><W> पर </W><W> स्थित </W><W> मामित </W><W> जिले </W><W> में </W><W> कम </W><W> से </W><W> कम </W><W> 350 </W><W> निजी </W><W> घर </W><W> और </W><W> कुछ </W><W> सरकारी </W><W> भवनों </W><W> को </W><W> नुकसान </W></AFTER_EFFECTS-ARG><W> पहुंचा </W><W> है। </W><W> उन्होंने </W><W> बताया </W><W> कि </W><NATURAL_EVENT ID="14" TYPE="HAIL_STORMS"><EVENT-COREF-LINK EVENT_ID="33" ID="34" TYPE_REL="EVENT_COREF"/><W> ओला </W><W> वृष्टि </W></NATURAL_EVENT><W> से </W><AFTER_EFFECTS-ARG ID="13"><LINK EVENT_ARG="14" ID="27" TYPE_REL="EVENT_ARG"/><W> 33 </W><W> परिवार </W><W> बेघर </W><W> हो </W><W> गए </W></AFTER_EFFECTS-ARG><W> हैं। </W><AFTER_EFFECTS-ARG ID="15"><LINK EVENT_ARG="14" ID="28" TYPE_REL="EVENT_ARG"/><W> अंडे </W><W> के </W><W> आकार </W><W> के </W><W> ओलों </W><W> के </W><W> कारण </W><W> उनकी </W><W> टीन </W><W> की </W><W> छत </W><W> बुरी </W><W> तरह </W><W> क्षतिग्रस्त </W></AFTER_EFFECTS-ARG><W> हो </W><W> गई </W><W> है। </W><AFTER_EFFECTS-ARG ID="16"><LINK EVENT_ARG="14" ID="29" TYPE_REL="EVENT_ARG"/><W> एक </W><W> चर्च </W><W> का </W><W> भवन </W><W> मामित </W><W> में </W><W> और </W><W> सिहथिआंग </W><W> गांव </W><W> में </W><W> भी </W><W> एक </W><W> चर्च </W><W> पूरी </W><W> तरह </W><W> उड़ </W><W> गया </W></AFTER_EFFECTS-ARG><W> है। </W><AFTER_EFFECTS-ARG ID="17"><LINK EVENT_ARG="14" ID="30" TYPE_REL="EVENT_ARG"/><W> बिजली </W><W> के </W><W> खंबे </W><W> उखड़ </W><W> गए </W><W> हैं </W><W> और </W><W> तार </W><W> भी </W><W> क्षतिग्रस्त </W></AFTER_EFFECTS-ARG><W> हो </W><W> गए </W><W> हैं </W><W> जिससे </W><AFTER_EFFECTS-ARG ID="18"><LINK EVENT_ARG="14" ID="31" TYPE_REL="EVENT_ARG"/><W> बिजली </W><W> की </W><W> आपूर्ति </W><W> बाधित </W></AFTER_EFFECTS-ARG><W> है। </W></P></DOCUMENT>