<?xml version="1.0" encoding="UTF-8"?>
<DOCUMENT><P><W> नई </W><W> दिल्ली, </W><W> [स्पेशल </W><W> डेस्क]। </W><PLACE-ARG ID="0"><LINK EVENT_ARG="1" ID="16" TYPE_REL="EVENT_ARG"/><W> उत्तर </W><W> प्रदेश </W><W> में </W><W> रायबरेली </W><W> के </W><W> ऊंचाहार </W><W> एनटीपीसी </W><W> इकाई </W></PLACE-ARG><W> में </W><W> बॉयलर </W><W> फटने </W><W> से </W><W> भड़की </W><W> भीषण </W><MAN_MADE_EVENT ID="1" TYPE="FIRE"><W> आग </W></MAN_MADE_EVENT><W> में </W><CASUALTIES-ARG ID="2"><LINK EVENT_ARG="1" ID="17" TYPE_REL="EVENT_ARG"/><W> 26 </W><W> लोगों </W><W> के </W><W> मरने </W><W> की </W><W> पुष्टि </W></CASUALTIES-ARG><W> हुई </W><W> है। </W><W> दुर्घटना </W><W> में </W><CASUALTIES-ARG ID="3"><LINK EVENT_ARG="1" ID="18" TYPE_REL="EVENT_ARG"/><W> घायलों </W><W> की </W><W> संख्या </W><W> भी </W><W> 200 </W><W> से </W><W> ज्यादा </W></CASUALTIES-ARG><W> है। </W><W> शुरुआत </W><W> में </W><W> मृतकों </W><W> की </W><W> असली </W><W> संख्या </W><W> का </W><W> पता </W><W> नहीं </W><W> चल </W><W> पा </W><W> रहा </W><W> था, </W><W> क्योंकि </W><W> शुरुआत </W><W> में </W><W> राहत </W><W> बचाव </W><W> कार्य </W><W> में </W><W> सिर्फ </W><W> उन </W><W> लोगों </W><W> को </W><W> निकाला </W><W> गया, </W><W> जिनकी </W><W> सांसें </W><W> चल </W><W> रही </W><W> थीं। </W><W> इसलिए </W><W> जिन </W><W> लोगों </W><W> की </W><W> दम </W><W> घुटने </W><W> से </W><W> मौत </W><W> हो </W><W> चुकी </W><W> थी, </W><W> उन्हें </W><W> बाद </W><W> में </W><W> निकाला </W><W> गया।  </W></P><P><W> ऊंचाहार </W><W> एनटीपीसी </W><W> की </W><W> इस </W><W> दुर्घटना </W><W> ने </W><W> एक </W><W> बार </W><W> फिर </W><W> इंडस्ट्रियल </W><W> एक्सीडेंट </W><W> की </W><W> तरफ </W><W> ध्यान </W><W> खींचा </W><W> है। </W><W> भारत </W><W> और </W><W> दुनिया </W><W> में </W><W> यह </W><W> पहला </W><W> मौका </W><W> नहीं </W><W> है, </W><W> जब </W><W> इस </W><W> तरह </W><W> का </W><W> हादसा </W><W> हुआ </W><W> हो। </W><W> भोपाल </W><W> गैस </W><W> कांड </W><W> से </W><W> लेकर </W><W> फुकुशिमा </W><W> और </W><W> चर्नोबिल </W><W> तक </W><W> ऐसे </W><W> कई </W><W> इंडस्ट्रियल </W><W> एक्सीडेंट </W><W> हो </W><W> चुके </W><W> हैं। </W><W> देश-दुनिया </W><W> के </W><W> कुछ </W><W> बड़े </W><W> इंडस्ट्रियल </W><W> एक्सीडेंट </W><W> के </W><W> बारे </W><W> में </W><W> भी </W><W> चर्चा </W><W> करेंगे। </W><W> पहले </W><W> समझते </W><W> हैं </W><W> असल </W><W> में </W><W> ऊंचाहार </W><W> में </W><W> हुआ </W><W> क्या? यह </W><W> भी </W><W> पढ़ें: </W><W>  एनटीपीसी </W><W> ऊंचाहार </W><W> में </W><W> बॉयलर </W><W> फटने </W><W> से </W><W> 200 </W><W> से </W><W> ज्यादा </W><W> झुलसे, </W><W> 26 </W><W> के </W><W> मरने </W><W> की </W><W> आशंका </W></P><P><W> ऊंचाहार </W><W> एनटीपीसी </W><W> में </W><W> क्या </W><W> हुआ </W></P><P><W> ऊंचाहार </W><W> एनटीपीसी </W><W> की </W><W> छठी </W><W> यूनिट </W><W> में </W><W> एक </W><W> बॉयलर </W><W> फटने </W><W> से </W><W> यह </W><MAN_MADE_EVENT ID="4" TYPE="INDUSTRIAL_ACCIDENT"><W> दुर्घटना </W></MAN_MADE_EVENT><W> हुई। </W><W> बता </W><W> दें </W><W> कि </W><W> इस </W><W> यूनिट </W><W> की </W><W> क्षमता </W><W> 500 </W><W> मेगावाट </W><W> की </W><W> है। </W><W> इस </W><W> हादसे </W><W> में </W><CASUALTIES-ARG ID="5"><LINK EVENT_ARG="4" ID="19" TYPE_REL="EVENT_ARG"/><W> 200 </W><W> से </W><W> ज्यादा </W><W> लोगों </W><W> के </W><W> झुलस </W><W> गए। </W></CASUALTIES-ARG><W> घायलों </W><W> को </W><W> अस्पतालों </W><W> तक </W><W> पहुंचाने </W><W> के </W><W> लिए </W><W> तुरंत </W><W> वहां </W><W> 50 </W><W> एंबुलेंस </W><W> को </W><W> तैनात </W><W> किया </W><W> गया </W><W> था। </W><W> जिले </W><W> के </W><W> तमाम </W><W> अस्पतालों </W><W> को </W><W> अलर्ट </W><W> पर </W><W> रखा </W><W> गया </W><W> और </W><W> डॉक्टरों </W><W> को </W><W> आपात </W><W> सेवा </W><W> में </W><W> बुला </W><W> लिया </W><W> गया। </W><W> इसके </W><W> अलावा </W><W> राज्य </W><W> की </W><W> राजधानी </W><W> लखनऊ </W><W> में </W><W> भी </W><W> 50 </W><W> बेड </W><W> रिजर्व </W><W> किए </W><W> गए </W><W> थे। </W><W> इस </W><W> हादसे </W><W> में </W><W> एनटीपीसी </W><W> के </W><W> एजीएम </W><W> रैंक </W><W> के </W><W> तीन </W><W> अधिकारी </W><W> भी </W><W> घायल </W><W> हैं। </W><W> एजीएम </W><W> प्रभात </W><W> कुमार, </W><W> एजीएम </W><W> मिश्रीलाल </W><W> और </W><W> एजीएम </W><W> संजीव </W><W> सक्सेना </W><W> को </W><W> भी </W><W> लखनऊ </W><W> रेफर </W><W> किया </W><W> गया।   </W></P><P><W> क्या </W><W> होता </W><W> है </W><W> बॉयलर </W><W> और </W><W> कैसे </W><W> काम </W><W> करता </W><W> है </W></P><P><W> बॉयलर </W><W> असल </W><W> में </W><W> एक </W><W> ऐसा </W><W> यंत्र </W><W> है </W><W> जिसमें </W><W> भाप </W><W> बनती </W><W> है। </W><W> यहां </W><W> हीट </W><W> एनर्जी </W><W> से </W><W> इलेक्ट्रिक </W><W> एनर्जी </W><W> बनाई </W><W> जाती </W><W> है। </W><W> ज्यादातर </W><W> जगहों </W><W> पर </W><W> बिजली </W><W> पैदा </W><W> करने </W><W> के </W><W> लिए </W><W> जो </W><W> टर्बाइन </W><W> घूमती </W><W> है </W><W> वह </W><W> स्टीम </W><W> यानी </W><W> भाप </W><W> से </W><W> ही </W><W> घूमती </W><W> है। </W><W> यहां </W><W> पानी </W><W> गर्म </W><W> होकर </W><W> भाप </W><W> बनता </W><W> है </W><W> और </W><W> उससे </W><W> स्टीम </W><W> टर्बाइन </W><W> घूमती </W><W> है </W><W> और </W><W> इस </W><W> क्रिया </W><W> से </W><W> एक </W><W> इलेक्ट्रिक </W><W> जेनरेटर </W><W> चल </W><W> पड़ता </W><W> है। </W><W> बता </W><W> दें </W><W> कि </W><W> फिरोज </W><W> गांधी </W><W> ऊंचाहार </W><W> थर्मल </W><W> पावर </W><W> प्लांट </W><W> का </W><W> अधिग्रहण </W><W> एनटीपीसी </W><W> ने </W><W> 1992 </W><W> में </W><W> किया </W><W> था। </W><W> 1994 </W><W> तक </W><W> एनटीपीसी </W><W> ने </W><W> यहां </W><W> 15000 </W><W> मेगावाट </W><W> की </W><W> क्षमता </W><W> विकसित </W><W> कर </W><W> ली </W><W> थी। </W></P><P><W>  यह </W><W> भी </W><W> पढ़ें: </W><W> NTPC </W><W> Explosion- </W><W> रायबरेली </W><W> जिला </W><W> अस्पताल </W><W> पहुंचे </W><W> राहुल, </W><W> घायलों </W><W> से </W><W> की </W><W> मुलाकात </W></P><P><W>  बॉयलर </W><W> क्या </W><W> होता </W><W> है </W><W> और </W><W> यह </W><W> कैसे </W><W> काम </W><W> करता </W><W> है </W><W> यह </W><W> तो </W><W> आप </W><W> समझ </W><W> ही </W><W> गए </W><W> हैं। </W><W> चलिए </W><W> अब </W><W> जानते </W><W> हैं </W><W> कुछ </W><W> बड़े </W><W> औद्योगिक </W><W> हादसों </W><W> (इंडस्ट्रियल </W><W> एक्सीडेंट्स) </W><W> के </W><W> बारे </W><W> में। </W></P><P><W>  भोपाल </W><W> गैस </W><W> त्रासदी </W></P><P><W>  जब </W><W> भी </W><W> औद्योगिक </W><W> हादसों </W><W> की </W><W> बात </W><W> होती </W><W> है </W><W> तो </W><W> भारत </W><W> में </W><W> हमेशा </W><W> भोपाल </W><W> गैस </W><W> त्रासदी </W><W> का </W><W> नाम </W><W> सबसे </W><W> ऊपर </W><W> होता </W><W> है। </W><W> मध्य </W><W> प्रदेश </W><W> की </W><W> राजधानी </W><W> भोपाल </W><W> में </W><W> हुए </W><W> इस </W><W> इंटस्ट्रियल </W><W> एक्सीडेंट </W><W> को </W><W> दुनिया </W><W> का </W><W> सबसे </W><W> खतरनाक </W><W> हादसा </W><W> भी </W><W> कहा </W><W> जा </W><W> सकता </W><W> है। </W><W> 2-3 </W><W> दिसंबर </W><W> 1984 </W><W> को </W><W> भोपाल </W><W> में </W><W> यूनियन </W><W> कार्बाइड </W><W> इंडिया </W><W> लिमिटेड </W><W> पेस्टीसाइड </W><W> प्लांट </W><W> में </W><W> गैस </W><W> लीक </W><W> होने </W><W> से </W><W> 3700 </W><W> से </W><W> ज्यादा </W><W> लोगों </W><W> की </W><W> मौत </W><W> हो </W><W> गई </W><W> थी, </W><W> जबकि </W><W> गैर </W><W> आधिकारिक </W><W> आंकड़ा </W><W> 16000 </W><W> से </W><W> अधिक </W><W> है। </W><W> यही </W><W> नहीं </W><W> इस </W><W> हादसे </W><W> में </W><W> 5 </W><W> लाख </W><W> से </W><W> ज्यादा </W><W> लोगों </W><W> को </W><W> मिथाइल </W><W> आसोसाइनेट </W><W> गैस </W><W> व </W><W> अन्य </W><W> कैमिकल </W><W> के </W><W> संपर्क </W><W> में </W><W> आ </W><W> गए </W><W> थे।  </W></P><P><W> चर्नोबिल </W><W> की </W><W> दुर्घटना   </W></P><P><TIME-ARG ID="6"><LINK EVENT_ARG="8" ID="20" TYPE_REL="EVENT_ARG"/><W> 26 </W><W> अप्रैल </W><W> 1986 </W></TIME-ARG><W> को </W><PLACE-ARG ID="7"><LINK EVENT_ARG="8" ID="21" TYPE_REL="EVENT_ARG"/><W> चर्नोबिल </W></PLACE-ARG><W> की </W><W> यह </W><MAN_MADE_EVENT ID="8" TYPE="INDUSTRIAL_ACCIDENT"><W> दुर्घटना </W></MAN_MADE_EVENT><W> हुई </W><W> थी। </W><W> तत्कालीन </W><W> सोवियत </W><W> रूस </W><W> के </W><W> यूक्रेनियन </W><W> सोवियत </W><W> सोशलिस्ट </W><W> रिपब्लिक </W><W> में </W><W> यह </W><W> दुर्घटना </W><W> घटी </W><W> थी। </W><W> इस </W><W> हादसे </W><W> में </W><CASUALTIES-ARG ID="9"><LINK EVENT_ARG="8" ID="22" TYPE_REL="EVENT_ARG"/><W> 31 </W><W> लोगों </W><W> की </W><W> मौत </W></CASUALTIES-ARG><W> हुई </W><W> थी। </W><W> यह </W><W> घटना </W><W> देर </W><W> रात </W><W> सेफ्टी </W><W> टेस्ट </W><W> के </W><W> दौरान </W><W> घटी। </W><W> टेस्ट </W><W> के </W><W> दौरान </W><W> स्टेशन </W><W> में </W><W> दर्शाया </W><W> जा </W><W> रहा </W><W> था </W><W> कि </W><W> स्टेशन </W><W> में </W><W> पावर </W><W> फेलियर </W><W> होने </W><W> से </W><W> ब्लैकआउट </W><W> हो </W><W> गया </W><W> है। </W><W> यही </W><W> नहीं </W><W> सेफ्टी </W><W> सिस्टम </W><W> को </W><W> भी </W><W> जानबूझकर </W><W> बंद </W><W> कर </W><W> दिया </W><W> गया </W><W> था। </W><W> रिक्टर </W><W> के </W><W> डिजाइन </W><W> की </W><W> खामियों </W><W> और </W><W> कुछ </W><W> अन्य </W><W> वजहों </W><W> से </W><W> यह </W><W> सेफ्टी </W><W> चैक </W><W> जल्द </W><W> ही </W><W> ऐसी </W><W> स्थित </W><W> में </W><W> बदल </W><W> गया, </W><W> जिस </W><W> पर </W><W> नियंत्रण </W><W> पाना </W><W> नामुमकिन </W><W> हो </W><W> गया। </W><W> बॉयलर </W><W> में </W><W> पानी </W><W> था </W><W> और </W><W> ज्यादा </W><W> स्टीम </W><W> की </W><W> वजह </W><W> से </W><W> वहां </W><W> जोरदार </W><W> धमाका </W><W> हुआ </W><W> और </W><W> वहां </W><W> आग </W><W> लग </W><W> गई। </W><W> इस </W><W> दुर्घटना </W><W> में </W><W> रेडियोएक्टिव </W><W> मैटेरियल </W><W> पूरे </W><W> पश्चिमी </W><W> यूएसएसआर </W><W> और </W><W> यूरोप </W><W> में </W><W> फैल </W><W> गया </W><W> था। </W><W> चर्नोबिल </W><W> की </W><W> यह </W><W> दुर्घटना </W><W> न्यूक्लियर </W><W> पावर </W><W> प्लांट </W><W> हादसों </W><W> में </W><W> सबसे </W><W> घातक </W><W> थी। </W></P><P><W> फुकुशिमा </W><W> डाइची </W><W> न्यूक्लियर </W><W> हादसा   </W></P><P><TIME-ARG ID="10"><LINK EVENT_ARG="13" ID="23" TYPE_REL="EVENT_ARG"/><W> 11 </W><W> मार्च </W><W> 2011 </W></TIME-ARG><W> को </W><PLACE-ARG ID="11"><LINK EVENT_ARG="12" ID="24" TYPE_REL="EVENT_ARG"/><W> जापान </W></PLACE-ARG><W> में </W><W> आई </W><NATURAL_EVENT ID="12" TYPE="TSUNAMI"><W> सुनामी </W></NATURAL_EVENT><W> और </W><W> जबरदस्त </W><NATURAL_EVENT ID="13" TYPE="EARTHQUAKE"><W> भूकंप </W></NATURAL_EVENT><W> के </W><W> बाद </W><W> फुकुशिमा </W><W> डाइची </W><W> न्यूक्लियर </W><W> प्लांट </W><W> में </W><W> यह </W><W> हादसा </W><W> हुआ। </W><W> दरअसल </W><W> भूकंप </W><W> आते </W><W> ही </W><W> एक्टिव </W><W> रिएक्टर </W><W> अपने </W><W> आप </W><W> बंद </W><W> हो </W><W> गए। </W><W> लेकिन </W><W> सुनामी </W><W> के </W><W> कारण </W><W> इमरजेंसी </W><W> जेनरेटर </W><W> बंद </W><W> हो </W><W> गए </W><W> और </W><W> यही </W><W> जेनरेटर </W><W> रिएक्टर </W><W> को </W><W> ठंडा </W><W> करने </W><W> के </W><W> लिए </W><W> पंप </W><W> को </W><W> विद्युत </W><W> की </W><W> सप्लाई </W><W> करते </W><W> थे। </W><W> कूलिंग </W><W> कम </W><W> होने </W><W> से </W><W> तीन </W><W> न्यूलियर </W><W> प्लांट </W><W> पिघल </W><W> गए। </W><W> इससे </W><MAN_MADE_EVENT ID="26" TYPE="INDUSTRIAL_ACCIDENT"><W> हाइड्रोजन </W><W> ब्लास्ट </W></MAN_MADE_EVENT><W> हुआ </W><W> और </W><W> रेडियोएक्टिव </W><W> मैटेरियल </W><W> हवा </W><W> में </W><W> तैरने </W><W> लगे। </W><W> हालांकि </W><W> इस </W><W> हादसे </W><W> में </W><W> जान-माल </W><W> का </W><W> नुकसान </W><W> नहीं </W><W> हुआ, </W><W> लेकिन </W><W> इस </W><W> हादसे </W><W> ने </W><AFTER_EFFECTS-ARG ID="14"><LINK EVENT_ARG="26" ID="27" TYPE_REL="EVENT_ARG"/><W> दुनियाभर </W><W> में </W><W> डर </W><W> का </W><W> माहौल </W><W> पैदा </W><W> कर </W><W> दिया </W></AFTER_EFFECTS-ARG><W> था। </W><CASUALTIES-ARG ID="15"><LINK EVENT_ARG="26" ID="28" TYPE_REL="EVENT_ARG"/><W> 37 </W><W> लोगों </W><W> को </W><W> मामूली </W><W> चोटें </W><W> आई </W><W> थीं।  </W></CASUALTIES-ARG></P></DOCUMENT>