<?xml version="1.0" encoding="UTF-8"?>
<DOCUMENT><DESC/><TIME>2628</TIME><P><W> कटनी </W><W> (नईदुनिया)। </W><PLACE-ARG ID="3"><LINK EVENT_ARG="0" ID="18" TYPE_REL="EVENT_ARG"/><W> मध्य </W><W> प्रदेश </W><W> के </W><W> कटनी </W><W> जिले </W><W> से </W><W> चोपन </W></PLACE-ARG><W> की </W><W> ओर </W><W> जाने </W><W> वाली </W><W> नाइट </W><W> पैसेंजर </W><MAN_MADE_EVENT ID="0" TYPE="TRANSPORT_HAZARDS"><W> ट्रेन </W><W> दुर्घटनाग्रस्त </W></MAN_MADE_EVENT><W> हो </W><W> गई। </W><MAN_MADE_EVENT ID="1" TYPE="TRANSPORT_HAZARDS"><EVENT-COREF-LINK EVENT_ID="0" ID="15" TYPE_REL="EVENT_COREF"/><W> हादसा </W></MAN_MADE_EVENT><TIME-ARG ID="2"><LINK EVENT_ARG="0" ID="19" TYPE_REL="EVENT_ARG"/><W> शनिवार </W><W> रात </W></TIME-ARG><W> जिले </W><W> के </W><PLACE-ARG ID="4"><LINK EVENT_ARG="0" ID="20" TYPE_REL="EVENT_ARG"/><W> सलहना </W><W> और </W><W> पिपरिया </W><W> कला </W><W> स्टेशन </W><W> के </W><W> बीच </W></PLACE-ARG><W> हुआ। </W><W> ट्रेन </W><W> की </W><REASON-ARG ID="5"><LINK EVENT_ARG="0" ID="21" TYPE_REL="EVENT_ARG"/><W> 5 </W><W> बोगियां </W><W> पटरी </W><W> से </W><W> उतर </W></REASON-ARG><W> गई। </W><MAN_MADE_EVENT ID="6" TYPE="TRANSPORT_HAZARDS"><EVENT-COREF-LINK EVENT_ID="1" ID="16" TYPE_REL="EVENT_COREF"/><W> घटना </W></MAN_MADE_EVENT><W> में </W><CASUALTIES-ARG ID="7"><LINK EVENT_ARG="6" ID="22" TYPE_REL="EVENT_ARG"/><W> 22 </W><W> यात्रियों </W></CASUALTIES-ARG><W> के </W><W> घायल </W><W> होने </W><W> की </W><W> जानकारी </W><W> मिली </W><W> है, इनमें </W><W> से </W><CASUALTIES-ARG ID="8"><LINK EVENT_ARG="6" ID="23" TYPE_REL="EVENT_ARG"/><W> सात </W><W> यात्रियों </W></CASUALTIES-ARG><W> को </W><W> कटनी </W><W> व </W><W> बरही </W><W> के </W><AFTER_EFFECTS-ARG ID="9"><LINK EVENT_ARG="6" ID="24" TYPE_REL="EVENT_ARG"/><W> अस्पताल </W><W> में </W><W> इलाज </W><W> के </W><W> लिए </W><W> भर्ती </W></AFTER_EFFECTS-ARG><W> कराया </W><W> गया </W><W> है। </W><W> वहीं </W><W> मौके </W><W> पर </W><W> पहुंचे </W><W> रेलवे </W><W> के </W><W> डॉक्टरों </W><W> ने </W><W> मामूली </W><W> रूप </W><W> से </W><W> घायल </W><AFTER_EFFECTS-ARG ID="10"><LINK EVENT_ARG="6" ID="25" TYPE_REL="EVENT_ARG"/><W> 15 </W><W> यात्रियों </W><W> का </W><W> इलाज </W><W> किया। </W></AFTER_EFFECTS-ARG><W> हालांकि </W><W> घायलों </W><W> की </W><W> सही </W><W> संख्या </W><W> के </W><W> बारे </W><W> में </W><W> अधिकृत </W><W> तौर </W><W> पर </W><W> रेलवे </W><W> कुछ </W><W> नहीं </W><W> कह </W><W> रहा। </W></P><P><TIME-ARG ID="11"><LINK EVENT_ARG="12" ID="26" TYPE_REL="EVENT_ARG"/><W> रात </W><W> 10 </W><W> बजे </W></TIME-ARG><W> हुआ </W><MAN_MADE_EVENT ID="12" TYPE="TRANSPORT_HAZARDS"><EVENT-COREF-LINK EVENT_ID="6" ID="17" TYPE_REL="EVENT_COREF"/><W> हादसा </W></MAN_MADE_EVENT></P><P><W> रेलवे </W><W> के </W><W> मुताबिक </W><W> कटनी-चोपन </W><W> पैसेंजर </W><W> कटनी </W><W> से </W><W> रवाना </W><W> होकर </W><W> 30 </W><W> किलोमीटर </W><W> दूर </W><W> पहुंची </W><W> थी </W><W> कि </W><TIME-ARG ID="14"><LINK EVENT_ARG="27" ID="30" TYPE_REL="EVENT_ARG"/><W> रात </W><W> 10 </W><W> बजे </W></TIME-ARG><W> जोरदार </W><W> आवाज </W><W> के </W><W> साथ </W><MAN_MADE_EVENT ID="27" TYPE="TRANSPORT_HAZARDS"><W> ट्रेन </W><W> के </W><W> पांच </W><W> डिब्बे </W><W> पटरी </W><W> से </W><W> उतर </W></MAN_MADE_EVENT><W> गए। </W><W> बोगी </W><W> के </W><W> डिब्बे </W><W> उतरने </W><W> से </W><W> यात्रियों </W><W> में </W><AFTER_EFFECTS-ARG ID="28"><LINK EVENT_ARG="27" ID="31" TYPE_REL="EVENT_ARG"/><W> दहशत </W><W> फैल </W><W> गई </W></AFTER_EFFECTS-ARG><W> और </W><W> यात्री </W><W> बोगी </W><W> छोड़कर </W><W> बाहर </W><W> निकल </W><W> आए। </W><W> इस </W><W> अफरातफरी </W><W> में </W><W> कई </W><W> का </W><W> सामान </W><W> छूट </W><W> गया। </W><W> रात </W><W> 10.20 </W><W> बजे </W><W> जबलपुर </W><W> स्टेशन </W><W> को </W><W> सूचना </W><W> मिलने </W><W> के </W><W> बाद </W><W> एक </W><W> के </W><W> बाद </W><W> एक </W><W> पांच </W><W> सायरन </W><W> बजे। </W><W> इसके </W><W> बाद </W><AFTER_EFFECTS-ARG ID="29"><LINK EVENT_ARG="27" ID="32" TYPE_REL="EVENT_ARG"/><W> रिलीफ </W><W> ट्रेन </W><W> को </W><W> यहां </W><W> से </W><W> रवाना </W><W> किया </W></AFTER_EFFECTS-ARG><W> गया। </W><W> रेलवे </W><W> के </W><W> मुताबिक </W><W> घायलों </W><W> को </W><W> आवश्यक </W><W> मदद </W><W> दी </W><W> जा </W><W> रही </W><W> है। </W><W> रेलवे </W><W> के </W><W> पीआरओ </W><W> गुंजन </W><W> गुप्ता </W><W> के </W><W> मुताबिक </W><W> कोई </W><W> यात्री </W><W> गंभीर </W><W> रूप </W><W> से </W><W> घायल </W><W> नहीं </W><W> है। </W></P><P><W> 5 </W><W> बोगियां </W><W> पटरी </W><W> से </W><W> उतरी  </W></P><P><W> जानकारी </W><W> के </W><W> मुताबिक </W><W> रात </W><W> करीब </W><W> 10 </W><W> बजे </W><W> ट्रेन </W><W> नम्बर </W><W> 51675 </W><W> चोपन-भुसावल </W><W> पैसेंजर </W><W> ट्रेन </W><W> दुर्घटनाग्रस्त </W><W> हुई। </W><W> जबलपुर </W><W> रेल </W><W> मंडल </W><W> के </W><W> कटनी </W><W> सिंगरौली </W><W> रेल </W><W> खंड </W><W> के </W><W> सलहना </W><W> स्टेशन </W><W> पर </W><W> ये </W><W> पैसेंजर </W><W> ट्रेन </W><W> दुर्घटनाग्रस्त </W><W> हुई। </W><W> ट्रेन </W><W> कटनी </W><W> से </W><W> सिंगरौली </W><W> की </W><W> ओर </W><W> जा </W><W> रही </W><W> थी। </W><W> ट्रेन </W><W> की </W><W> 5 </W><W> बोगियां </W><W> पटरी </W><W> से </W><W> उतरीं </W><W> और </W><W> तिरछी </W><W> होकर </W><W> गिरने </W><W> जैसी </W><W> स्थिति </W><W> में </W><W> पहुंच </W><W> गई। </W><W> हालांकि </W><W> बोगियां </W><W> पूरी </W><W> तरह </W><W> नहीं </W><W> पलटीं। </W><W> झटका </W><W> लगने </W><W> से </W><W> 19 </W><W> लोगों </W><W> को </W><W> चोटें </W><W> आने </W><W> की </W><W> जानकारी </W><W> मिली </W><W> है। </W><W> कोई </W><W> जनहानि </W><W> नहीं </W><W> हुई </W><W> है। </W></P><P><W> जानकारी </W><W> के </W><W> मुताबिक </W><W> घटना </W><W> होते </W><W> ही </W><W> जबलपुर </W><W> रेलवे </W><W> स्टेशन </W><W> पर </W><W> खतरे </W><W> के </W><W> पांच </W><W> सायरन </W><W> बजे </W><W> जिससे </W><W> पूरे </W><W> स्टेशन </W><W> पर </W><W> हड़कंप </W><W> मच </W><W> गया। </W><W> दुर्घटना </W><W> की </W><W> सूचना </W><W> मिलते </W><W> ही </W><W> तुरंत </W><W> जबलपुर </W><W> स्टेशन </W><W> से </W><W> मेडिकल </W><W> ट्रैन, </W><W> डॉक्टर्स </W><W> स्टाफ </W><W> और </W><W> इमरजेंसी </W><W> स्टाफ </W><W> कटनी </W><W> के </W><W> लिए </W><W> रवाना </W><W> हुआ। </W><W> रेल </W><W> मंडल </W><W> द्वारा </W><W> तत्काल </W><W> रेस्क्यू </W><W> ऑपरेशन </W><W> शुरू </W><W> कर </W><W> दिया </W><W> गया </W><W> हैय़ </W><W> रेलवे </W><W> ने </W><W> हादसे </W><W> को </W><W> लेकर </W><W> हेल्पलाइन </W><W> नंबर </W><W> जारी </W><W> किए </W><W> हैं। </W></P><P><W> हेल्पलाइन </W><W> नंबर  </W></P><P><W> कटनी </W><W> - </W><W> 07622-297468 </W></P><P><W> जबलपुर </W><W> 0761-2677640, </W><W> 2677638। </W></P><P><W> 6 </W><W> अप्रैल </W><W> को </W><W> भी </W><W> बजे </W><W> थे </W><W> 5 </W><W> सायरन </W></P><P><W> जबलपुर </W><W> में </W><W> छह </W><W> अप्रैल </W><W> की </W><W> रात </W><W> 12 </W><W> बजे </W><W> भी </W><W> इसी </W><W> तरह </W><W> एक </W><W> के </W><W> बाद </W><W> एक </W><W> पांच </W><W> सायरन </W><W> बजे </W><W> थे। </W><W> बताया </W><W> गया </W><W> था </W><W> कि </W><W> शहपुरा </W><W> भिटौनी </W><W> रेलवे </W><W> स्टेशन </W><W> पर </W><W> ट्रैक </W><W> पर </W><W> काम </W><W> कर </W><W> रहे </W><W> 5-6 </W><W> मजदूर </W><W> ट्रेन </W><W> से </W><W> कट </W><W> गए </W><W> हैं। </W><W> इसके </W><W> बाद </W><W> स्टेशन </W><W> पर </W><W> अफरातफरी </W><W> का </W><W> माहौल </W><W> बन </W><W> गया </W><W> था। </W><W> 40 </W><W> मिनट </W><W> के </W><W> भीतर </W><W> रिलीफ </W><W> ट्रेन, </W><W> आरपीएफ-जीआरपी </W><W> सहित </W><W> पूरा </W><W> अमला </W><W> स्टेशन </W><W> पर </W><W> जमा </W><W> हो </W><W> गया </W><W> था। </W><W> इसके </W><W> बाद </W><W> बताया </W><W> गया </W><W> था </W><W> कि </W><W> यह </W><W> मॉक </W><W> ड्रिल </W><W> है। </W><W> शनिवार </W><W> की </W><W> घटना </W><W> में </W><W> भी </W><W> कुछ </W><W> ऐसी </W><W> स्थिति </W><W> बनी। </W><W> हालांकि, </W><W> कुछ </W><W> ही </W><W> देर </W><W> में </W><W> घटनास्थल </W><W> के </W><W> फोटो </W><W> वाट्सएप </W><W> और </W><W> फेसबुक </W><W> पर </W><W> साझा </W><W> होने </W><W> लगे </W><W> तो </W><W> कर्मी </W><W> भी </W><W> तुरंत </W><W> जबलपुर </W><W> स्टेशन </W><W> पर </W><W> पहुंच </W><W> गए। </W><W> जबलपुर </W><W> से </W><W> कटनी </W><W> की </W><W> दूरी </W><W> करीब </W><W> 100 </W><W> किलोमीटर </W><W> है। </W></P></DOCUMENT>