<?xml version="1.0" encoding="UTF-8"?>
<DOCUMENT><DESC/><DESC/><DESC/><DESC/><TIME>2761</TIME><P><PLACE-ARG ID="0"><LINK EVENT_ARG="1" ID="23" TYPE_REL="EVENT_ARG"/><W> दिल्ली-एनसीआर </W></PLACE-ARG><W> में </W><NATURAL_EVENT ID="1" TYPE="EARTHQUAKE"><W> भूकंप </W><W> के </W><W> तेज </W><W> झटके, </W></NATURAL_EVENT><W> भूकंप </W><W> की </W><MAGNITUDE-ARG ID="2"><LINK EVENT_ARG="1" ID="24" TYPE_REL="EVENT_ARG"/><W> तीव्रता </W><W> 5 </W></MAGNITUDE-ARG><W> मापी </W><W> गई </W><W> । </W></P><P><W> नई </W><W> दिल्ली। </W><PLACE-ARG ID="3"><LINK EVENT_ARG="6" ID="25" TYPE_REL="EVENT_ARG"/><W> दिल्ली-एनसीआर </W></PLACE-ARG><W> में </W><TIME-ARG ID="4"><LINK EVENT_ARG="6" ID="26" TYPE_REL="EVENT_ARG"/><W> शुक्रवार </W><W> की </W><W> सुबह </W></TIME-ARG><TIME-ARG ID="5"><LINK EVENT_ARG="6" ID="27" TYPE_REL="EVENT_ARG"/><W> 4.27 </W><W> बजे </W></TIME-ARG><NATURAL_EVENT ID="6" TYPE="EARTHQUAKE"><EVENT-COREF-LINK EVENT_ID="1" ID="42" TYPE_REL="EVENT_COREF"/><W> भूकंप </W><W> के </W><W> तेज </W><W> झटके </W></NATURAL_EVENT><W> महसूस </W><W> किए </W><W> गए। </W><W> रिक्टर </W><W> पैमाने </W><W> पर </W><NATURAL_EVENT ID="7" TYPE="EARTHQUAKE"><EVENT-COREF-LINK EVENT_ID="1" ID="44" TYPE_REL="EVENT_COREF"/><W> भूकंप </W></NATURAL_EVENT><W> की </W><MAGNITUDE-ARG ID="8"><LINK EVENT_ARG="7" ID="28" TYPE_REL="EVENT_ARG"/><W> तीव्रता </W><W> 5 </W></MAGNITUDE-ARG><W> थी। </W><EPICENTRE-ARG ID="9"><LINK EVENT_ARG="7" ID="29" TYPE_REL="EVENT_ARG"/><W> हरियाणा </W><W> के </W><W> रोहतक </W></EPICENTRE-ARG><W> में </W><W> भूकंप </W><W> का </W><W> केंद्र </W><W> था। </W><W> इसके </W><W> बाद </W><PLACE-ARG ID="10"><LINK EVENT_ARG="12" ID="30" TYPE_REL="EVENT_ARG"/><W> रोहतक </W></PLACE-ARG><W> में </W><W> एक </W><W> बार </W><W> फिर </W><TIME-ARG ID="11"><LINK EVENT_ARG="12" ID="31" TYPE_REL="EVENT_ARG"/><W> सुबह </W><W> 8 </W><W> बजे </W><W> के </W><W> करीब </W></TIME-ARG><NATURAL_EVENT ID="12" TYPE="EARTHQUAKE"><EVENT-COREF-LINK EVENT_ID="1" ID="43" TYPE_REL="EVENT_COREF"/><W> भूकंप </W><W> के </W><W> झटके </W></NATURAL_EVENT><W> महसूस </W><W> किए </W><W> गए </W><W> लेकिन </W><W> इस </W><W> बार </W><W> इसकी </W><W> तीव्रता </W><W> पहले </W><W> कम </W><MAGNITUDE-ARG ID="13"><LINK EVENT_ARG="12" ID="32" TYPE_REL="EVENT_ARG"/><W> 3.2 </W></MAGNITUDE-ARG><W> रही।  </W></P><P><NATURAL_EVENT ID="14" TYPE="EARTHQUAKE"><EVENT-COREF-LINK EVENT_ID="1" ID="45" TYPE_REL="EVENT_COREF"/><W> भूकंप </W><W> के </W><W> झटके </W></NATURAL_EVENT><W> महसूस </W><W> होने </W><W> के </W><W> बाद </W><AFTER_EFFECTS-ARG ID="15"><LINK EVENT_ARG="14" ID="33" TYPE_REL="EVENT_ARG"/><W> लोग </W><W> घरों </W><W> से </W><W> बाहर </W><W> निकल </W><W> आए। </W></AFTER_EFFECTS-ARG><W> अभी </W><W> तक </W><W> जानमाल </W><W> के </W><W> नुकसान </W><W> की </W><W> कोई </W><W> खबर </W><W> नहीं </W><W> है। </W></P><P><W> शुक्रवार </W><W> को </W><W> तड़के </W><W> जब </W><W> दिल्ली </W><W> और </W><W> इससे </W><W> सटे </W><W> इलाकों </W><W> में </W><W> लोग </W><W> गहरी </W><W> नींद </W><W> में </W><W> डूबे </W><W> हुए </W><W> थे </W><W> तब </W><W> अचानक </W><W> लगे </W><W> झटकों </W><W> ने </W><W> उन्हें </W><W> चौंका </W><W> दिया। </W><W> राजधानी </W><W> से </W><W> सटे </W><W> हरियाणा </W><W> के </W><W> रोहतक </W><W> जिले </W><W> में </W><W> आए </W><W> भूकंप </W><W> ने </W><W> आसपास </W><W> के </W><W> इलाकों </W><W> को </W><W> हिला </W><W> दिया। </W><W> बताया </W><W> जाता </W><W> है </W><W> कि </W><NATURAL_EVENT ID="16" TYPE="EARTHQUAKE"><EVENT-COREF-LINK EVENT_ID="1" ID="41" TYPE_REL="EVENT_COREF"/><W> भूकंप </W></NATURAL_EVENT><W> की </W><W> तीव्रता </W><W> रिक्टर </W><W> स्केल </W><W> पर </W><MAGNITUDE-ARG ID="17"><LINK EVENT_ARG="16" ID="34" TYPE_REL="EVENT_ARG"/><W> 5 </W></MAGNITUDE-ARG><W> थी </W><W> और </W><W> इसका </W><W> केंद्र </W><EPICENTRE-ARG ID="18"><LINK EVENT_ARG="16" ID="35" TYPE_REL="EVENT_ARG"/><W> रोहतक </W><W> जिले </W><W> के </W><W> खरखोदा </W><W> नामक </W><W> स्थान </W><W> पर </W><W> 22 </W><W> किलोमीटर </W><W> गहराई </W></EPICENTRE-ARG><W> में </W><W> था। </W></P><P><W> अब </W><W> तक </W><W> प्राप्त </W><W> जानकारी </W><W> के </W><W> मुताबिक </W><W> यूपी </W><W> के </W><W> शामली, </W><W> हरियाणा </W><W> के </W><W> जींद </W><W> और </W><W> रोहतक </W><W> में </W><W> भूकंप </W><W> के </W><W> तेज </W><W> झटके </W><W> महसूस </W><W> किए </W><W> जाने </W><W> की </W><W> खबर </W><W> है।  </W></P><P><W> फिलहाल </W><W> इस </W><W> भूकंप </W><W> से </W><W> किसी </W><W> भी </W><W> तरह </W><W> के </W><W> जानमाल </W><W> के </W><W> नुकसान </W><W> की </W><W> कोई </W><W> खबर </W><W> नहीं </W><W> है। </W><W> भूकंप </W><W> के </W><W> झटके </W><W> लगने </W><W> पर </W><W> जागे </W><AFTER_EFFECTS-ARG ID="19"><LINK EVENT_ARG="16" ID="36" TYPE_REL="EVENT_ARG"/><W> लोगों </W><W> में </W><W> दहशत </W><W> का </W><W> माहौल </W><W> बना </W></AFTER_EFFECTS-ARG><W> रहा। </W><W> रोहतक </W><W> में </W><W> जब </W><W> अलसुबह </W><W> अचानक </W><W> पंखे, </W><W> खिड़की-दरवाजे </W><W> हिलने </W><W> लगे </W><W> तो </W><AFTER_EFFECTS-ARG ID="20"><LINK EVENT_ARG="16" ID="38" TYPE_REL="EVENT_ARG"/><W> लोग </W><W> घबरा </W><W> गए। </W></AFTER_EFFECTS-ARG><W> वे </W><AFTER_EFFECTS-ARG ID="21"><LINK EVENT_ARG="16" ID="39" TYPE_REL="EVENT_ARG"/><W> घरों </W><W> से </W><W> बाहर </W><W> निकल </W><W> आए। </W></AFTER_EFFECTS-ARG><AFTER_EFFECTS-ARG ID="22"><LINK EVENT_ARG="16" ID="40" TYPE_REL="EVENT_ARG"/><W> कुछ </W><W> लोगों </W><W> ने </W><W> तुरंत </W><W> सोशल </W><W> मीडिया </W><W> पर </W><W> इस </W><W> भूकंप </W><W> के </W><W> बारे </W><W> में </W><W> पुष्टि </W><W> करनी </W><W> चाही </W><W> तो </W><W> कुछ </W><W> ने </W><W> अपने </W><W> अनुभव </W><W> साझा </W></AFTER_EFFECTS-ARG><W> किए। </W></P></DOCUMENT>