<?xml version="1.0" encoding="UTF-8"?>
<DOCUMENT><DESC/><TIME>936</TIME><P><PARTICIPANT-ARG ID="0"><LINK EVENT_ARG="3" ID="56" TYPE_REL="EVENT_ARG"/><W> इंदौर-पटना </W><W> ट्रेन </W></PARTICIPANT-ARG><MAN_MADE_EVENT ID="3" TYPE="TRANSPORT_HAZARDS"><W> हादसा: </W></MAN_MADE_EVENT><CASUALTIES-ARG ID="19"><LINK EVENT_ARG="3" ID="57" TYPE_REL="EVENT_ARG"/><W> 100 </W><W> से </W><W> ज्यादा </W><W> की </W><W> मौत, </W></CASUALTIES-ARG><AFTER_EFFECTS-ARG ID="28"><LINK EVENT_ARG="3" ID="58" TYPE_REL="EVENT_ARG"/><W> अपनों </W><W> को </W><W> ढूंढ </W><W> रहे </W><W> बदहवास </W><W> लोग </W></AFTER_EFFECTS-ARG><W> । </W></P><P><PLACE-ARG ID="22"><LINK EVENT_ARG="4" ID="60" TYPE_REL="EVENT_ARG"/><W> कानपुर। </W></PLACE-ARG><PLACE-ARG ID="59"><LINK EVENT_ARG="4" ID="61" TYPE_REL="EVENT_ARG"/><W> कानपुर </W><W> के </W><W> पास </W><W> स्थि‍त </W><W> पुखराया </W></PLACE-ARG><W> में </W><W> हुए </W><PARTICIPANT-ARG ID="1"><LINK EVENT_ARG="4" ID="62" TYPE_REL="EVENT_ARG"/><W> इंदौर-पटना </W><W> एक्सप्रेस </W><W> ट्रेन </W></PARTICIPANT-ARG><MAN_MADE_EVENT ID="4" TYPE="TRANSPORT_HAZARDS"><EVENT-COREF-LINK EVENT_ID="3" ID="41" TYPE_REL="EVENT_COREF"/><W> दुर्घटना </W></MAN_MADE_EVENT><W> को </W><W> 12 </W><W> घंटे </W><W> से </W><W> ज्‍यादा </W><W> हो </W><W> चुके </W><W> हैं </W><W> और </W><W> इसके </W><W> शिकार </W><W> लोग </W><W> अब </W><W> भी </W><MAN_MADE_EVENT ID="5" TYPE="TRANSPORT_HAZARDS"><EVENT-COREF-LINK EVENT_ID="3" ID="42" TYPE_REL="EVENT_COREF"/><W> हादसे </W></MAN_MADE_EVENT><W> में </W><AFTER_EFFECTS-ARG ID="29"><LINK EVENT_ARG="5" ID="63" TYPE_REL="EVENT_ARG"/><W> हताहत </W><W> हुए </W><W> अपने </W><W> परिजनों </W><W> को </W><W> बदहवास </W><W> होकर </W><W> ढूंढ </W><W> रहे </W><W> हैं। </W></AFTER_EFFECTS-ARG><W> ट्रेन </W><W> में </W><W> सवार </W><W> कोई </W><W> शादी </W><W> में </W><W> जा </W><W> रहा </W><W> था </W><W> तो </W><W> किसी </W><W> शादी </W><W> थी। </W><W> कोई </W><W> रिश्‍तेदारों </W><W> के </W><W> पास </W><W> अर्से </W><W> बाद </W><W> जा </W><W> रहा </W><W> था </W><W> तो </W><W> कोई </W><W> परिवार </W><W> से </W><W> मिलने। </W></P><P><TIME-ARG ID="30"><LINK EVENT_ARG="6" ID="64" TYPE_REL="EVENT_ARG"/><W> रविवार </W><W> सुबह </W><W> 3.10 </W><W> बजे </W></TIME-ARG><PARTICIPANT-ARG ID="2"><LINK EVENT_ARG="6" ID="65" TYPE_REL="EVENT_ARG"/><W> इंदौर-पटना </W><W> एक्‍सप्रेस </W><W> के </W><W> 14 </W><W> डिब्बे </W></PARTICIPANT-ARG><MAN_MADE_EVENT ID="6" TYPE="TRANSPORT_HAZARDS"><EVENT-COREF-LINK EVENT_ID="3" ID="43" TYPE_REL="EVENT_COREF"/><W> पटरी </W><W> से </W><W> उतरने </W></MAN_MADE_EVENT><W> के </W><W> बाद </W><W> अब </W><W> तक </W><W> इस </W><MAN_MADE_EVENT ID="7" TYPE="TRANSPORT_HAZARDS"><EVENT-COREF-LINK EVENT_ID="3" ID="44" TYPE_REL="EVENT_COREF"/><W> हादसे </W></MAN_MADE_EVENT><W> में </W><CASUALTIES-ARG ID="20"><LINK EVENT_ARG="7" ID="66" TYPE_REL="EVENT_ARG"/><W> मरने </W><W> वालों </W><W> की </W><W> संख्या </W><W> बढ़ते-बढ़ते </W><W> 100 </W><W> तक </W></CASUALTIES-ARG><W> पहुंच </W><W> गई </W><W> है </W><W> वहीं </W><CASUALTIES-ARG ID="21"><LINK EVENT_ARG="7" ID="67" TYPE_REL="EVENT_ARG"/><W> 150 </W><W> से </W><W> ज्यादा </W><W> लोग </W><W> घायल </W></CASUALTIES-ARG><W> बताए </W><W> जा </W><W> रहे </W><W> हैं। </W><MAN_MADE_EVENT ID="8" TYPE="TRANSPORT_HAZARDS"><EVENT-COREF-LINK EVENT_ID="3" ID="45" TYPE_REL="EVENT_COREF"/><W> हादसे </W></MAN_MADE_EVENT><W> के </W><W> बाद </W><W> रेलमंत्री </W><W> दुर्घटनास्‍थल </W><W> का </W><W> दौरा </W><W> करेंगे </W><W> वहीं </W><W> केंद्र </W><W> के </W><W> अलावा </W><AFTER_EFFECTS-ARG ID="31"><LINK EVENT_ARG="8" ID="68" TYPE_REL="EVENT_ARG"/><W> केंद्र </W><W> और </W><W> राज्य </W><W> सरकारों </W><W> ने </W><W> भी </W><W> मुआवजे </W><W> का </W><W> ऐलान </W><W> किया </W><W> है। </W></AFTER_EFFECTS-ARG></P><P><W> फिलहाल </W><AFTER_EFFECTS-ARG ID="32"><LINK EVENT_ARG="9" ID="69" TYPE_REL="EVENT_ARG"/><W> राहत </W><W> और </W><W> बचाव </W><W> कार्य </W><W> जारी </W><W> है </W></AFTER_EFFECTS-ARG><W> और </W><MAN_MADE_EVENT ID="9" TYPE="TRANSPORT_HAZARDS"><EVENT-COREF-LINK EVENT_ID="3" ID="46" TYPE_REL="EVENT_COREF"/><W> हादसे </W></MAN_MADE_EVENT><W> में </W><W> मरने </W><W> वालों </W><W> की </W><W> संख्‍या </W><W> बढ़ने </W><W> की </W><W> आशंका </W><W> जताई </W><W> जा </W><W> रही </W><W> है। </W><AFTER_EFFECTS-ARG ID="33"><LINK EVENT_ARG="9" ID="70" TYPE_REL="EVENT_ARG"/><W> रेल </W><W> राज्‍यमंत्री </W><W> मनोज </W><W> सिन्‍हा </W><W> दुर्घटनास्‍थल </W><W> का </W><W> जायजा </W><W> लेने </W><W> पुखराया </W><W> पहुंच </W><W> चुके </W><W> हैं। </W></AFTER_EFFECTS-ARG></P><P><W> मुआवजे </W><W> का </W><W> ऐलान </W><W> करते </W><W> हुए </W><W> मंत्रालय </W><W> ने </W><W> कहा </W><W> है </W><W> कि </W><MAN_MADE_EVENT ID="10" TYPE="TRANSPORT_HAZARDS"><EVENT-COREF-LINK EVENT_ID="3" ID="47" TYPE_REL="EVENT_COREF"/><W> हादसे </W></MAN_MADE_EVENT><W> में </W><W> मारे </W><W> गए </W><W> लोगों </W><W> के </W><W> परिजनों </W><W> को </W><W> 3.5 </W><W> लाख </W><W> रुपए, </W><W> गंभीर </W><W> रूप </W><W> से </W><W> घायल </W><W> लोगों </W><W> को </W><W> 50 </W><W> हजार </W><W> रुपए </W><W> और </W><W> आंशिक </W><W> रूप </W><W> से </W><W> घायल </W><W> लोगों </W><W> को </W><W> 25 </W><W> हजार </W><W> रुपए </W><W> का </W><W> मुआवजा </W><W> दिया </W><W> जाएगा। </W></P><P><W> वहीं </W><W> यूपी </W><W> सरकार </W><W> ने </W><W> भी </W><W> मुआवजे </W><W> का </W><W> ऐलान </W><W> करते </W><W> हुए </W><W> कहा </W><W> है </W><W> कि </W><MAN_MADE_EVENT ID="11" TYPE="TRANSPORT_HAZARDS"><EVENT-COREF-LINK EVENT_ID="3" ID="48" TYPE_REL="EVENT_COREF"/><W> हादसे </W></MAN_MADE_EVENT><W> में </W><W> मरने </W><W> वालों </W><W> के </W><W> परिवार </W><W> को </W><W> 5 </W><W> लाख </W><W> रुपए, </W><W> गंभीर </W><W> घायलों </W><W> को </W><W> 50 </W><W> हजार </W><W> और </W><W> आंशिक </W><W> घायलों </W><W> को </W><W> 25 </W><W> हजार </W><W> रुपए </W><W> दिए </W><W> जाएंगे। </W><W> मध्‍य </W><W> प्रदेश </W><W> सरकार </W><W> ने </W><W> मृतकों </W><W> के </W><W> परिजनों </W><W> को </W><W> दो </W><W> लाख </W><W> रुपए </W><W> और </W><W> गंभीर </W><W> रूप </W><W> से </W><W> घायल </W><W> लोगों </W><W> को </W><W> 50 </W><W> हजार </W><W> रुपए </W><W> देने </W><W> का </W><W> ऐलान </W><W> किया </W><W> है। </W></P><P><W> यूपी </W><W> के </W><W> एडीजी </W><W> दलजीत </W><W> सिंह </W><W> चौधरी </W><W> ने </W><W> एक </W><W> बयान </W><W> में </W><W> कहा </W><W> कि </W><AFTER_EFFECTS-ARG ID="34"><LINK EVENT_ARG="12" ID="71" TYPE_REL="EVENT_ARG"/><W> अब </W><W> तक </W><W> 100 </W><W> शव </W><W> निकाले </W><W> जा </W><W> चुके </W><W> हैं। </W><W> राहत </W><W> और </W><W> बचाव </W><W> कार्य </W><W> जारी </W><W> है। </W></AFTER_EFFECTS-ARG><W> इस </W><MAN_MADE_EVENT ID="12" TYPE="TRANSPORT_HAZARDS"><EVENT-COREF-LINK EVENT_ID="3" ID="52" TYPE_REL="EVENT_COREF"/><W> हादसे </W></MAN_MADE_EVENT><W> में </W><AFTER_EFFECTS-ARG ID="35"><LINK EVENT_ARG="12" ID="72" TYPE_REL="EVENT_ARG"/><W> GS, </W><W> A1, </W><W> B1, </W><W> B2, </W><W> B3, </W><W> BE, </W><W> S1, </W><W> S2, </W><W> S3, </W><W> S4, </W><W> S5, </W><W> S6 </W><W> कोच </W><W> को </W><W> सबसे </W><W> ज्यादा </W><W> नुकसान </W><W> हुआ </W><W> है। </W><W> सबसे </W><W> ज्‍यादा </W><W> नुकसान </W><W> ट्रेन </W><W> की </W><W> एस-1 </W><W> और </W><W> एस-2 </W><W> बोगियों </W><W> को </W><W> पहुंचा </W><W> है। </W></AFTER_EFFECTS-ARG></P><P><MAN_MADE_EVENT ID="13" TYPE="TRANSPORT_HAZARDS"><EVENT-COREF-LINK EVENT_ID="3" ID="49" TYPE_REL="EVENT_COREF"/><W> हादसा </W></MAN_MADE_EVENT><TIME-ARG ID="36"><LINK EVENT_ARG="13" ID="73" TYPE_REL="EVENT_ARG"/><W> रविवार </W><W> अल </W><W> सुबह </W><W> 3.10 </W><W> बजे </W></TIME-ARG><W> हुआ। </W><W> जानकारी </W><W> के </W><PARTICIPANT-ARG ID="37"><LINK EVENT_ARG="25" ID="74" TYPE_REL="EVENT_ARG"/><W> एक्सप्रेस </W><W> ट्रेन </W></PARTICIPANT-ARG><PLACE-ARG ID="24"><LINK EVENT_ARG="25" ID="75" TYPE_REL="EVENT_ARG"/><W> कानपुर </W><W> झांसी </W><W> रेल </W><W> खंड </W><W> के </W><W> पुखरायां </W><W> रेलवे </W><W> स्टेशन </W><W> के </W><W> आगे </W><W> दलेल </W><W> नगर </W><W> रेलवे </W><W> क्रासिंग </W></PLACE-ARG><W> पर </W><MAN_MADE_EVENT ID="25" TYPE="TRANSPORT_HAZARDS"><EVENT-COREF-LINK EVENT_ID="3" ID="50" TYPE_REL="EVENT_COREF"/><W> पटरी </W><W> से </W><W> उतर </W><W> गई। </W></MAN_MADE_EVENT><MAN_MADE_EVENT ID="15" TYPE="TRANSPORT_HAZARDS"><EVENT-COREF-LINK EVENT_ID="3" ID="51" TYPE_REL="EVENT_COREF"/><W> हादसे </W></MAN_MADE_EVENT><W> में </W><W> अब </W><W> तक </W><CASUALTIES-ARG ID="26"><LINK EVENT_ARG="15" ID="76" TYPE_REL="EVENT_ARG"/><W> 96 </W><W> लोगों </W><W> के </W><W> मारे </W><W> जाने </W><W> की </W><W> पुष्टि </W></CASUALTIES-ARG><W> हो </W><W> चुकी </W><W> है। </W><W> आशंका </W><W> जताई </W><W> जा </W><W> रही </W><W> है </W><W> कि </W><W> मरने </W><W> वालों </W><W> की </W><W> संख्‍या </W><W> बढ़ </W><W> सकती </W><W> है। </W><W> पुलिस </W><W> के </W><W> अनुसार </W><MAN_MADE_EVENT ID="16" TYPE="TRANSPORT_HAZARDS"><EVENT-COREF-LINK EVENT_ID="3" ID="53" TYPE_REL="EVENT_COREF"/><W> दुर्घटना </W></MAN_MADE_EVENT><W> के </W><REASON-ARG ID="27"><LINK EVENT_ARG="16" ID="77" TYPE_REL="EVENT_ARG"/><W> कारणों </W><W> का </W><W> फिलहाल </W><W> खुलासा </W><W> नहीं </W><W> हो </W><W> पाया </W><W> है </W></REASON-ARG><W> लेकिन </W><AFTER_EFFECTS-ARG ID="38"><LINK EVENT_ARG="16" ID="78" TYPE_REL="EVENT_ARG"/><W> घायलों </W><W> को </W><W> निकालकर </W><W> अस्‍पताल </W><W> भेजने </W><W> का </W><W> काम </W><W> जारी </W><W> है। </W></AFTER_EFFECTS-ARG></P><P><W> फिलहाल </W><AFTER_EFFECTS-ARG ID="39"><LINK EVENT_ARG="16" ID="79" TYPE_REL="EVENT_ARG"/><W> राहत </W><W> और </W><W> बचाव </W><W> कार्य </W><W> जारी </W><W> है </W><W> और </W><W> डिब्‍बों </W><W> को </W><W> काटकर </W><W> घायलों </W><W> को </W><W> निकाला </W><W> जा </W><W> रहा </W><W> है। </W><W> बताया </W><W> जा </W><W> रहा </W><W> है </W><W> कि </W><W> ट्रेन </W><W> में </W><W> ज्‍यादातर </W><W> एसी </W><W> और </W><W> स्‍लीपर </W><W> क्‍लास </W><W> के </W><W> डिब्‍बे </W><W> क्षतिग्रस्‍त </W><W> हुए </W><W> हैं। </W></AFTER_EFFECTS-ARG></P><P><MAN_MADE_EVENT ID="17" TYPE="TRANSPORT_HAZARDS"><EVENT-COREF-LINK EVENT_ID="3" ID="54" TYPE_REL="EVENT_COREF"/><W> हादसे </W></MAN_MADE_EVENT><W> के </W><W> बाद </W><W> एक </W><W> चश्‍मदीद </W><W> के </W><W> अनुसार </W><MAN_MADE_EVENT ID="18" TYPE="TRANSPORT_HAZARDS"><EVENT-COREF-LINK EVENT_ID="3" ID="55" TYPE_REL="EVENT_COREF"/><W> हादसे </W></MAN_MADE_EVENT><W> के </W><W> वक्‍त </W><W> सभी </W><W> सो </W><W> रहे </W><W> थे। </W><W> ट्रेन </W><W> पहले </W><W> तो </W><W> रूकी </W><W> और </W><W> फिर </W><W> अचानक </W><W> तेज </W><W> रफ्तार </W><W> से </W><W> चलने </W><W> लगी। </W><W> कुछ </W><W> ही </W><W> देर </W><W> में </W><W> ऐसा </W><W> लगा </W><W> भूकंप </W><W> आया </W><W> और </W><W> फिर </W><W> चीख-पुकार </W><W> मच </W><W> गई। </W><W> हमारे </W><W> ही </W><W> डिब्‍बे </W><W> में </W><W> 20-25 </W><W> लोग </W><W> मारे </W><W> गए </W><W> हैं। </W></P><P><AFTER_EFFECTS-ARG ID="40"><LINK EVENT_ARG="18" ID="80" TYPE_REL="EVENT_ARG"/><W> गृहमंत्री </W><W> राजनाथ </W><W> सिंह </W><W> ने </W><W> राहत </W><W> और </W><W> बचाव </W><W> कार्य </W><W> में </W><W> मदद </W><W> के </W><W> लिए </W><W> एनडीआरएफ </W><W> की </W><W> टीम </W><W> भेजने </W><W> के </W><W> आदेश </W><W> दिए </W><W> हैं </W><W> जो </W><W> वहां </W><W> पहुंच </W><W> चुकी </W><W> है। </W><W> इसके </W><W> अलावा </W><W> स्थिति </W><W> पर </W><W> नजर </W><W> रखने </W><W> के </W><W> लिए </W><W> रेल </W><W> राज्‍यमंत्री </W><W> मनोज </W><W> सिन्‍हा </W><W> भी </W><W> मौके </W><W> के </W><W> लिए </W><W> रवाना </W><W> हो </W><W> चुके </W><W> हैं। </W></AFTER_EFFECTS-ARG><W> वहीं </W><W> रेल </W><W> मंत्री </W><W> सुरेश </W><W> प्रभु </W><W> भी </W><W> दुर्घटनास्‍थल </W><W> का </W><W> दौरा </W><W> करेंगे। </W></P></DOCUMENT>