<?xml version="1.0" encoding="UTF-8"?>
<DOCUMENT><DESC/><DESC/><DESC/><TIME>1012</TIME><P><PLACE-ARG ID="2"><LINK EVENT_ARG="0" ID="23" TYPE_REL="EVENT_ARG"/><W> असम: </W></PLACE-ARG><NATURAL_EVENT ID="0" TYPE="FLOODS"><W> बाढ़ </W></NATURAL_EVENT><W> के </W><W> कारण </W><CASUALTIES-ARG ID="4"><LINK EVENT_ARG="0" ID="24" TYPE_REL="EVENT_ARG"/><W> 10 </W><W> लाख </W><W> से </W><W> अधिक </W><W> लोग </W><W> प्रभावित, </W></CASUALTIES-ARG><CASUALTIES-ARG ID="5"><LINK EVENT_ARG="0" ID="25" TYPE_REL="EVENT_ARG"/><W> 61 </W><W> मौत </W></CASUALTIES-ARG><W> । </W></P><P><W> गुवाहाटी। </W><PLACE-ARG ID="3"><LINK EVENT_ARG="1" ID="26" TYPE_REL="EVENT_ARG"/><W> असम </W></PLACE-ARG><W> में </W><NATURAL_EVENT ID="1" TYPE="FLOODS"><EVENT-COREF-LINK EVENT_ID="0" ID="43" TYPE_REL="EVENT_COREF"/><W> बाढ़ </W></NATURAL_EVENT><W> के </W><W> कारण </W><CASUALTIES-ARG ID="6"><LINK EVENT_ARG="1" ID="27" TYPE_REL="EVENT_ARG"/><W> मरने </W><W> वालों </W><W> की </W><W> संख्‍या </W><W> 61 </W></CASUALTIES-ARG><W> तक </W><W> पहुंच </W><W> गई </W><W> है। </W><W> हालांकि </W><W> कुल </W><W> मिलाकर </W><W> स्‍थिति </W><W> में </W><W> सुधार </W><W> के </W><W> संकेत </W><W> मिल </W><W> रहे </W><W> हैं। </W><W> शनिवार </W><W> को </W><W> प्राप्‍त </W><W> आंकड़ों </W><W> के </W><W> अनुसार, </W><PLACE-ARG ID="7"><LINK EVENT_ARG="1" ID="28" TYPE_REL="EVENT_ARG"/><W> असम </W></PLACE-ARG><W> के </W><PLACE-ARG ID="11"><LINK EVENT_ARG="1" ID="29" TYPE_REL="EVENT_ARG"/><W> 24 </W><W> जिले </W></PLACE-ARG><W> में </W><CASUALTIES-ARG ID="8"><LINK EVENT_ARG="1" ID="30" TYPE_REL="EVENT_ARG"/><W> 10 </W><W> लाख </W><W> से </W><W> अधिक </W><W> लोग </W><W> प्रभावित </W></CASUALTIES-ARG><W> हैं </W><W> और </W><CASUALTIES-ARG ID="9"><LINK EVENT_ARG="1" ID="31" TYPE_REL="EVENT_ARG"/><W> मरने </W><W> वालों </W><W> की </W><W> संख्‍या </W><W> 61 </W></CASUALTIES-ARG><W> हो </W><W> गई </W><W> है। </W></P><P><W> असम </W><W> राज्‍य </W><W> आपदा </W><W> प्रबंधन </W><W> प्राधिकरण </W><W> (एएसडीएमए) </W><W> ने </W><W> शनिवार </W><W> को </W><W> बताया </W><W> कि </W><PLACE-ARG ID="10"><LINK EVENT_ARG="14" ID="32" TYPE_REL="EVENT_ARG"/><W> 24 </W><W> जिले </W></PLACE-ARG><W> में </W><PLACE-ARG ID="12"><LINK EVENT_ARG="14" ID="33" TYPE_REL="EVENT_ARG"/><W> 1,795 </W><W> गांवों </W></PLACE-ARG><W> में </W><CASUALTIES-ARG ID="13"><LINK EVENT_ARG="14" ID="34" TYPE_REL="EVENT_ARG"/><W> 11,93,458 </W><W> लोग </W><NATURAL_EVENT ID="14" TYPE="FLOODS"><W> बाढ़ </W></NATURAL_EVENT><W> के </W><W> कारण </W><W> पीड़ित </W></CASUALTIES-ARG><W> हैं। </W><W> प्रभावित </W><PLACE-ARG ID="15"><LINK EVENT_ARG="14" ID="35" TYPE_REL="EVENT_ARG"/><W> जिलों </W><W> में </W><W> धीमाजी, </W><W> बिस्‍वनाथ, </W><W> लखीमपुर, </W><W> सोनितपुर, </W><W> डारंग, </W><W> नालबारी, </W><W> बारपेटा, </W><W> बोंगागांव, </W><W> चिरांग, </W><W> कोकराझार, </W><W> धुबरी, </W><W> सोपुथ </W><W> सालमारा, </W><W> गोलापारा, </W><W> मोरीगांव, </W><W> नागांव, </W><W> कार्बीएंगलोंग, </W><W> गोलाघाट, </W><W> जोरहट </W><W> माजुली, </W><W> सिवसागर, </W><W> चाराईदेव, </W><W> डिब्रूगढ़, </W><W> करीमगंज </W><W> व </W><W> चाचर </W></PLACE-ARG><W> शामिल </W><W> हैं। </W></P><P><W> एएसडीएमए </W><W> के </W><W> रिपोर्ट </W><W> के </W><W> अनुसार, </W><W> कृषि </W><W> की </W><AFTER_EFFECTS-ARG ID="17"><LINK EVENT_ARG="16" ID="37" TYPE_REL="EVENT_ARG"/><W> 66,516 </W><W> हेक्‍टेयर </W><W> जमीन </W><NATURAL_EVENT ID="16" TYPE="FLOODS"><EVENT-COREF-LINK EVENT_ID="0" ID="44" TYPE_REL="EVENT_COREF"/><W> बाढ़ </W></NATURAL_EVENT><W> से </W><W> प्रभावित </W></AFTER_EFFECTS-ARG><W> है। </W><W> अधिकारियों </W><W> का </W><W> कहना </W><W> है </W><W> कि </W><PLACE-ARG ID="18"><LINK EVENT_ARG="16" ID="38" TYPE_REL="EVENT_ARG"/><W> विभिन्‍न </W><W> जिले </W></PLACE-ARG><W> में </W><W> सरकार </W><W> द्वारा </W><W> मुहैया </W><W> कराए </W><W> गए </W><W> 129 </W><W> राहत </W><W> शिविर </W><W> में </W><W> करीब </W><W> 25,000 </W><W> बाढ़ </W><W> प्रभावित </W><W> लोगों </W><W> ने </W><W> शरण </W><W> लिया </W><W> है। </W></P><P><W> इसके </W><W> अलावा </W><AFTER_EFFECTS-ARG ID="19"><LINK EVENT_ARG="16" ID="39" TYPE_REL="EVENT_ARG"/><W> काजीरंगा </W><W> नेशनल </W><W> पार्क </W><W> का </W><W> 52 </W><W> फीसद </W><W> हिस्‍सा </W><W> पानी </W><W> के </W><W> नीचे </W><W> है </W></AFTER_EFFECTS-ARG><W> जिससे </W><W> अगाराटोली, </W><W> कोहोरा, </W><W> बागोरी, </W><W> बुरहापहार </W><W> व </W><W> विश्‍वनाथघाट </W><W> में </W><W> 93 </W><W> शिकार </W><W> विरोधी </W><W> कैंप </W><W> प्रभावित </W><W> हो </W><W> गए </W><W> हैं। </W><W> वनविभाग </W><W> व </W><W> काजीरंगा </W><W> नेशनल </W><W> पार्क </W><W> के </W><W> अधिकारियों </W><W> ने </W><W> अतिरिक्‍त </W><W> सुरक्षाबल </W><W> तैनात </W><W> किया </W><W> है </W><W> ताकि </W><W> जानवरों </W><W> को </W><W> मॉनिटर </W><W> किया </W><W> जा </W><W> सके। </W><NATURAL_EVENT ID="20" TYPE="FLOODS"><EVENT-COREF-LINK EVENT_ID="0" ID="42" TYPE_REL="EVENT_COREF"/><W> बाढ़ </W></NATURAL_EVENT><W> के </W><W> कारण </W><AFTER_EFFECTS-ARG ID="21"><LINK EVENT_ARG="20" ID="40" TYPE_REL="EVENT_ARG"/><W> कई </W><W> जिले </W><W> के </W><W> सड़क </W><W> पुल </W><W> आदि </W><W> टूट </W><W> गए </W></AFTER_EFFECTS-ARG><W> हैं। </W><AFTER_EFFECTS-ARG ID="22"><LINK EVENT_ARG="20" ID="41" TYPE_REL="EVENT_ARG"/><W> निमातीघाट </W><W> में </W><W> जोरहट </W><W> व </W><W> धुबरी </W><W> टाउन </W><W> में </W><W> ब्रह्मपुत्र </W><W> नदी </W><W> का </W><W> बहाव </W><W> खतरे </W><W> के </W><W> निशान </W><W> से </W><W> ऊपर </W></AFTER_EFFECTS-ARG><W> है। </W></P></DOCUMENT>