<?xml version="1.0" encoding="UTF-8"?>
<DOCUMENT><P><W> navbharat_2003_7_7_51765721 </W></P><P><W> आने </W><W> वाले </W><W> वक्त </W><W> में </W><W> और </W><W> उग्र </W><W> होगा </W><W> मौसम </W></P><P><W> नई </W><W> दिल्ली: </W><W> पृथ्वी </W><W> पर </W><W> मौसम </W><W> तथा </W><W> जलवायु </W><W> में </W><W> भारी </W><W> परिवर्तन </W><W> हो </W><W> रहे </W><W> हैं </W><W> और </W><W> विशेषज्ञों </W><W> का </W><W> कहना </W><W> है </W><W> कि </W><W> भविष्य </W><W> में </W><W> ये </W><W> कम </W><W> होने </W><W> के </W><W> बजाय </W><W> बढ़ते </W><W> जाएंगे। </W><W> गर्मी </W><W> में </W><W> बहुत </W><W> अधिक </W><W> गर्मी </W><W> पड़ </W><W> रही </W><W> है </W><W> , </W><W> जाड़ों </W><W> में </W><W> बहुत </W><W> अधिक </W><W> सर्दी। </W><W> जगह-जगह </W><W> बाढ़ </W><W> और </W><W> सूखा </W><W> तथा </W><W> पृथ्वी </W><W> में </W><W> विभिन्न </W><W> स्थानों </W><W> पर </W><W> आंधी </W><W> और </W><W> तूफान </W><W> आ </W><W> रहे </W><W> हैं। </W><W> इन </W><W> सबका </W><W> अर्थ </W><W> है </W><W> कि </W><W> मौसम </W><W> बहुत </W><W> उग्र </W><W> हो </W><W> रहा </W><W> है। </W><W> विश्व </W><W> मौसम </W><W> विज्ञान </W><W> संगठन </W><W> ने </W><W> कहा </W><W> है </W><W> कि </W><W> पिछले </W><W> कुछ </W><W> वर्षों </W><W> में </W><W> वैज्ञानिक </W><W> आकलनों </W><W> से </W><W> संकेत </W><W> मिले </W><W> हैं </W><W> कि </W><W> जलवायु </W><W> परिवर्तन </W><W> से </W><W> पृथ्वी </W><W> का </W><W> तापमान </W><W> बढ़ते </W><W> रहने </W><W> के </W><W> कारण </W><W> ऐसी </W><W> घटनाओं </W><W> की </W><W> संख्या </W><W> तथा </W><W> तीव्रता </W><W> में </W><W> वृद्धि </W><W> होती </W><W> जाएगी। </W><W> संगठन </W><W> ने </W><W> कहा </W><W> है </W><W> कि </W><W> भारत </W><W> में </W><W> मानसून </W><W> पूर्व </W><W> की </W><W> ग्रीष्म </W><W> लहर </W><W> से </W><W> देश </W><W> के </W><W> कुछ </W><W> भागों </W><W> में </W><W> तापमान </W><W> 45 </W><W> डि.से. </W><W> से </W><W> 49 </W><W> डि.से. </W><W> तक </W><W> पहुंच </W><W> गया। </W><W> लू </W><W> तथा </W><W> गर्मी </W><W> के </W><W> कारण </W><W> कम </W><W> से </W><W> कम </W><W> 1400 </W><W> लोगों </W><W> की </W><W> मृत्यु </W><W> हो </W><W> गई। </W><W> जून </W><W> में </W><W> दक्षिणी </W><W> फ्रांस </W><W> में </W><W> उच्चतम </W><W> तापमान </W><W> पहुंच </W><W> गया। </W><W> कुछ </W><W> भागों </W><W> में </W><W> तापमान </W><W> 40 </W><W> अंश </W><W> तक </W><W> हो </W><W> गया </W><W> , </W><W> जो </W><W> किसी </W><W> यूरोपीय </W><W> देश </W><W> के </W><W> लिए </W><W> बहुत </W><W> ज्यादा </W><W> है। </W><W> अति </W><W> ठंडा </W><W> देश </W><W> कहा </W><W> जाने </W><W> वाला </W><W> स्विटजरलैंड </W><W> भी </W><W> ग्रीष्म </W><W> लहर </W><W> से </W><W> नहीं </W><W> बचा। </W><W> पिछले </W><W> 250 </W><W> वर्ष </W><W> में </W><W> जून </W><W> सबसे </W><W> गर्म </W><W> महीना </W><W> रहा </W><W> , </W><W> ऐसा </W><W> पर्यावरण </W><W> इतिहासकारों </W><W> का </W><W> मत </W><W> है। </W><PLACE-ARG ID="6"><LINK EVENT_ARG="0" ID="8" TYPE_REL="EVENT_ARG"/><W> अमेरिका </W></PLACE-ARG><W> में </W><W> मई </W><W> में </W><NATURAL_EVENT ID="0" TYPE="TORNADO"><W> 562 </W><W> टोरनेडो </W><W> (तूफान) </W></NATURAL_EVENT><W> आए </W><W> , </W><W> जिनसे </W><W> 50 </W><W> आदमी </W><W> मर </W><W> गए। </W><W> एक </W><W> मास </W><W> में </W><W> इतने </W><W> तूफान </W><W> कभी </W><W> नहीं </W><W> आए। </W><PLACE-ARG ID="7"><LINK EVENT_ARG="0" ID="9" TYPE_REL="EVENT_ARG"/><W> पूर्वी </W><W> तथा </W><W> द.पू. </W><W> अमेरिका </W></PLACE-ARG><W> में </W><W> एक </W><W> मास </W><W> तक </W><W> जाड़ा </W><W> रहा </W><W> , </W><W> जो </W><W> बहुत </W><W> असामान्य </W><W> बात </W><W> थी। </W><PLACE-ARG ID="10"><LINK EVENT_ARG="1" ID="11" TYPE_REL="EVENT_ARG"/><W> श्रीलंका </W></PLACE-ARG><W> में </W><W> उष्ण </W><W> कटिबंधीय </W><NATURAL_EVENT ID="1" TYPE="CYCLONE"><W> चक्रवात </W></NATURAL_EVENT><W> से </W><W> भारी </W><W> वर्षा </W><W> हुई </W><W> , </W><W> जिससे </W><NATURAL_EVENT ID="2" TYPE="FLOODS"><W> बाढ़ </W></NATURAL_EVENT><W> और </W><NATURAL_EVENT ID="3" TYPE="LAND_SLIDE"><W> भूस्खलन </W></NATURAL_EVENT><W> में </W><CASUALTIES-ARG ID="4"><LINK EVENT_ARG="2" ID="12" TYPE_REL="EVENT_ARG"/><W> 300 </W><W> व्यक्तियों </W><W> की </W><W> मौत </W></CASUALTIES-ARG><W> हो </W><W> गई। </W><PLACE-ARG ID="5"><LINK EVENT_ARG="2" ID="13" TYPE_REL="EVENT_ARG"/><W> दक्षिण-पश्चिम </W><W> श्रीलंका </W></PLACE-ARG><W> में </W><W> जानमाल </W><W> की </W><W> भारी </W><W> क्षति </W><W> हुई। </W><W> अगले </W><W> तीन </W><W> मास </W><W> में </W><W> चाय </W><W> उत्पादन </W><W> में </W><W> 20 </W><W> से </W><W> 30 </W><W> प्रतिशत </W><W> तक </W><W> गिरावट </W><W> आने </W><W> की </W><W> आशंका </W><W> है। </W><W> इस </W><W> प्रकार </W><W> की </W><W> उग्र </W><W> मौसमी </W><W> घटनाओं </W><W> (उच्च </W><W> तापमान </W><W> , </W><W> निमन् </W><W> तापमान </W><W> , </W><W> उच्च </W><W> वर्षा </W><W> तथा </W><W> सूखा) </W><W> को </W><W> लेकर </W><W> मासिक </W><W> तथा </W><W> वार्षिक </W><W> औसत </W><W> निकाला </W><W> जाता </W><W> है। </W><W> देखा </W><W> गया </W><W> है </W><W> कि </W><W> पिछले </W><W> 100 </W><W> वर्ष </W><W> में </W><W> तापमान </W><W> धीरे-धीरे </W><W> बढ़ता </W><W> जा </W><W> रहा </W><W> है। </W><W> मौसम </W><W> संगठन </W><W> ने </W><W> कहा </W><W> है </W><W> कि </W><W> हर </W><W> वर्ष </W><W> पृथ्वी </W><W> पर </W><W> कहीं </W><W> न </W><W> कहीं </W><W> नई </W><W> रिकॉर्ड </W><W> उग्र </W><W> घटनाएं </W><W> घटित </W><W> होती </W><W> रहती </W><W> हैं </W><W> , </W><W> लेकिन </W><W> हाल </W><W> के </W><W> वर्षों </W><W> में </W><W> इस </W><W> प्रकार </W><W> की </W><W> घटनाओं </W><W> में </W><W> वृद्धि </W><W> होती </W><W> देखी </W><W> गई </W><W> है। </W><W> गया </W><W> गया </W><W> है </W><W> कि </W><W> 1861 </W><W> के </W><W> बाद </W><W> से </W><W> पृथ्वी </W><W> का </W><W> औसत </W><W> तापमान </W><W> बढ़ </W><W> गया </W><W> है। </W><W> बीसवीं </W><W> शताब्दी </W><W> में </W><W> यह </W><W> वृद्धि </W><W> 0.6 </W><W> डि.से. </W><W> थी। </W><W> बताया </W><W> जाता </W><W> है </W><W> कि </W><W> पिछले </W><W> एक </W><W> हजार </W><W> साल </W><W> में </W><W> किसी </W><W> भी </W><W> शताब्दी </W><W> के </W><W> लिए </W><W> यह </W><W> वृद्धि </W><W> सबसे </W><W> ज्यादा </W><W> है। </W><W> यह </W><W> भी </W><W> आकलन </W><W> किया </W><W> गया </W><W> है </W><W> कि </W><W> उत्तरी </W><W> गोलार्द्ध </W><W> में </W><W> 1990 </W><W> का </W><W> दशक </W><W> सबसे </W><W> गर्म </W><W> दर्ज </W><W> किया </W><W> गया </W><W> और </W><W> 1998 </W><W> सबसे </W><W> गर्म </W><W> वर्ष </W><W> रहा। </W><W> - </W><W> हरीश </W><W> अग्रवाल </W></P></DOCUMENT>