<?xml version="1.0" encoding="UTF-8"?>
<DOCUMENT><P><W> navbharat_2002_1_2_1597240473 </W></P><P><W> साल </W><W> बाद </W><W> भी </W><W> कंपकंपी </W><W> आती </W><W> है </W><W> गुजरात </W><W> में </W><W> भूकंप </W><W> के </W><W> नाम </W><W> से </W></P><P><W> अहमदाबाद </W><W> (भाषा): </W><W> एक </W><W> वर्ष </W><W> बीत </W><W> जाने </W><W> के </W><W> बाद </W><W> भी </W><PLACE-ARG ID="0"><LINK EVENT_ARG="3" ID="5" TYPE_REL="EVENT_ARG"/><W> गुजरात </W></PLACE-ARG><W> के </W><W> लोगों </W><W> में </W><W> उस </W><W> खौफ </W><W> का </W><W> साया </W><W> अभी </W><W> भी </W><W> मंडरा </W><W> रहा </W><W> है </W><W> , </W><W> जिसने </W><TIME-ARG ID="1"><LINK EVENT_ARG="3" ID="6" TYPE_REL="EVENT_ARG"/><W> पिछले </W><W> वर्ष </W><W> गणतंत्र </W><W> दिवस </W><W> के </W><W> दिन </W></TIME-ARG><CASUALTIES-ARG ID="2"><LINK EVENT_ARG="3" ID="7" TYPE_REL="EVENT_ARG"/><W> हजारों </W><W> लोगों </W><W> को </W><W> लील </W><W> लेने </W><W> और </W><W> लाखों </W><W> को </W><W> बेघर </W><W> कर </W><W> देने </W><W> के </W><W> साथ </W><W> भारी </W><W> तबाही </W><W> मचाई </W></CASUALTIES-ARG><W> थी </W><W> , </W><W> लेकिन </W><W> साथ </W><W> ही </W><W> पुनर्वास </W><W> के </W><W> उपायों </W><W> को </W><W> लेकर </W><W> उनमें </W><W> अनिश्चय </W><W> अभी </W><W> भी </W><W> बना </W><W> हुआ </W><W> है। </W><W> भूकंप </W><W> प्रभावित </W><W> इलाकों </W><W> में </W><W> राहत </W><W> सामग्री </W><W> प्राप्त </W><W> करने </W><W> और </W><W> खर्च </W><W> का </W><W> हिसाब </W><W> , </W><W> मारे </W><W> गए </W><W> लोगों </W><W> की </W><W> संख्या </W><W> और </W><W> गुजरात </W><W> राज्य </W><W> आपदा </W><W> प्रबंध </W><W> प्राधिकरण </W><W> द्वारा </W><W> पुनर्वास </W><W> कार्य </W><W> को </W><W> लेकर </W><W> अभी </W><W> भी </W><W> भ्रम </W><W> की </W><W> स्थिति </W><W> बनी </W><W> हुई </W><W> है। </W><W> सरकारी </W><W> स्तर </W><W> पर </W><W> मृतकों </W><W> की </W><W> संख्या </W><W> 13805 </W><W> बताई </W><W> गई </W><W> है। </W><NATURAL_EVENT ID="3" TYPE="EARTHQUAKE"><W> भूकंप </W></NATURAL_EVENT><W> से </W><W> संपत्ति </W><W> को </W><W> पहुंचे </W><W> 200 </W><W> अरब </W><W> रुपये </W><W> के </W><W> नुकसान </W><W> के </W><W> बाद </W><W> पुनर्वास </W><W> के </W><W> उपायों </W><W> से </W><W> लोग </W><W> नाखुश </W><W> हैं। </W><NATURAL_EVENT ID="4" TYPE="EARTHQUAKE"><EVENT-COREF-LINK EVENT_ID="3" ID="8" TYPE_REL="EVENT_COREF"/><W> भूकंप </W></NATURAL_EVENT><W> प्रभावित </W><W> लोगों </W><W> के </W><W> लिए </W><W> एक </W><W> मंच </W><W> के </W><W> प्रमुख </W><W> प्रकाश </W><W> एन. </W><W> शाह </W><W> का </W><W> कहना </W><W> है </W><W> कि </W><W> भूकंप </W><W> प्रभावित </W><W> लोगों </W><W> के </W><W> लिए </W><W> गुजरात </W><W> सरकार </W><W> द्वारा </W><W> किए </W><W> जा </W><W> रहे </W><W> पुनर्वास </W><W> कार्यक्रमों </W><W> में </W><W> पारदर्शिता </W><W> का </W><W> अभाव </W><W> है। </W><W> उन्होंने </W><W> कहा </W><W> कि </W><W> भूकंप </W><W> में </W><W> मारे </W><W> गए </W><W> लोगों </W><W> की </W><W> संख्या </W><W> को </W><W> लेकर </W><W> भी </W><W> भ्रम </W><W> की </W><W> स्थिति </W><W> बनी </W><W> हुई </W><W> है </W><W> , </W><W> क्योंकि </W><W> राज्य </W><W> सरकार </W><W> लगातार </W><W> मृतकों </W><W> की </W><W> संख्या </W><W> कम </W><W> करती </W><W> जा </W><W> रही </W><W> है। </W><W> शाह </W><W> ने </W><W> कहा </W><W> कि </W><W> राज्य </W><W> में </W><W> भूकंप </W><W> पुनर्वास </W><W> मशीनरी </W><W> प्रभावकारी </W><W> नहीं </W><W> रही </W><W> है। </W><W> पुनर्वास </W><W> कार्यों </W><W> से </W><W> लोगों </W><W> के </W><W> मोहभंग </W><W> का </W><W> अंदाज </W><W> इस </W><W> बात </W><W> से </W><W> लगाया </W><W> जा </W><W> सकता </W><W> है </W><W> कि </W><W> गुजरात </W><W> विधानसभा </W><W> के </W><W> पूर्व </W><W> अध्यक्ष </W><W> कुंदन </W><W> लाल </W><W> ढोलकिया </W><W> ने </W><W> राज्य </W><W> सरकार </W><W> द्वारा </W><W> घोषित </W><W> पुनर्वास </W><W> कार्यक्रम </W><W> पर </W><W> नाखुशी </W><W> जाहिर </W><W> करते </W><W> हुए </W><W> 26 </W><W> जनवरी </W><W> को </W><W> सांकेतिक </W><W> भूख </W><W> हड़ताल </W><W> करने </W><W> की </W><W> घोषणा </W><W> की </W><W> है। </W><W> भूकंप </W><W> के </W><W> बाद </W><W> राज्य </W><W> सरकार </W><W> द्वारा </W><W> लाए </W><W> गए </W><W> एक </W><W> श्वेत </W><W> पत्र </W><W> में </W><W> कहा </W><W> गया </W><W> है </W><W> कि </W><W> केन्द्र </W><W> सरकार </W><W> के </W><W> विभिन्न </W><W> विभागों </W><W> से </W><W> उसे </W><W> आठ </W><W> अरब </W><W> 82 </W><W> करोड़ </W><W> रुपये </W><W> प्राप्त </W><W> हुए। </W><W> इसके </W><W> अलावा </W><W> विश्व </W><W> बैंक </W><W> और </W><W> एशियाई </W><W> विकास </W><W> बैंक </W><W> ने </W><W> क्रमश: </W><W> एक </W><W> अरब </W><W> डालर </W><W> और </W><W> 50 </W><W> करोड़ </W><W> डालर </W><W> की </W><W> सहायता </W><W> देने </W><W> की </W><W> घोषणा </W><W> की। </W><W> इसमें </W><W> अन्य </W><W> राज्य </W><W> सरकारों </W><W> , </W><W> स्वयंसेवी </W><W> एजेंसियों </W><W> , </W><W> विदेशी </W><W> सरकारों </W><W> से </W><W> मिलने </W><W> वाली </W><W> सामग्री </W><W> और </W><W> वित्तीय </W><W> सहायता </W><W> शामिल </W><W> है। </W><W> अप्रवासी </W><W> गुजरातियों </W><W> से </W><W> 13 </W><W> करोड़ </W><W> डालर </W><W> की </W><W> सहायता </W><W> प्राप्त </W><W> हुई। </W><W> श्वेत </W><W> पत्र </W><W> में </W><W> भूकंप </W><W> से </W><W> 4.5 </W><W> अरब </W><W> डालर </W><W> के </W><W> नुकसान </W><W> का </W><W> अनुमान </W><W> लगाया </W><W> गया </W><W> है। </W><W> राज्य </W><W> सरकार </W><W> ने </W><W> भूकंप </W><W> प्रभावित </W><W> जिलों </W><W> , </W><W> उद्योगों </W><W> और </W><W> लघु </W><W> इकाइयों </W><W> के </W><W> लिए </W><W> अनेक </W><W> पैकेज </W><W> की </W><W> घोषणा </W><W> की </W><W> है। </W></P></DOCUMENT>