<?xml version="1.0" encoding="UTF-8"?>
<DOCUMENT><P><W> navbharat_2005_1_26_1001748 </W></P><P><W> भुज </W><W> में </W><W> भूकंप </W><W> के </W><W> झटके, </W><W> जानमाल </W><W> की </W><W> क्षति </W><W> नहीं </W></P><P><W> नई </W><W> दिल्ली </W><W> (भाषा): </W><PLACE-ARG ID="0"><LINK EVENT_ARG="2" ID="13" TYPE_REL="EVENT_ARG"/><W> गुजरात </W><W> के </W><W> भुज </W><W> शहर </W></PLACE-ARG><W> में </W><TIME-ARG ID="1"><LINK EVENT_ARG="2" ID="14" TYPE_REL="EVENT_ARG"/><W> मंगलवार </W><W> को </W><W> मध्य </W><W> रात्रि </W></TIME-ARG><W> में </W><NATURAL_EVENT ID="2" TYPE="EARTHQUAKE"><W> भूकंप </W><W> के </W><W> मामूली </W><W> झटके </W></NATURAL_EVENT><W> महसूस </W><W> किए </W><W> गए। </W><W> रिक्टर </W><W> पैमाने </W><W> पर </W><W> इन </W><W> झटकों </W><W> की </W><MAGNITUDE-ARG ID="3"><LINK EVENT_ARG="2" ID="15" TYPE_REL="EVENT_ARG"/><W> तीव्रता </W><W> 4.5 </W></MAGNITUDE-ARG><W> मापी </W><W> गई। </W><W> गौरतलब </W><W> है </W><W> कि </W><TIME-ARG ID="4"><LINK EVENT_ARG="7" ID="16" TYPE_REL="EVENT_ARG"/><W> चार </W><W> साल </W><W> पहले </W></TIME-ARG><PLACE-ARG ID="5"><LINK EVENT_ARG="7" ID="23" TYPE_REL="EVENT_ARG"/><W> भुज </W></PLACE-ARG><W> में </W><TIME-ARG ID="6"><LINK EVENT_ARG="7" ID="17" TYPE_REL="EVENT_ARG"/><W> 26 </W><W> जनवरी </W></TIME-ARG><W> को </W><W> विनाशकारी </W><NATURAL_EVENT ID="7" TYPE="EARTHQUAKE"><W> भूकंप </W></NATURAL_EVENT><W> आया </W><W> था </W><W> जिसमें </W><W> करीब </W><CASUALTIES-ARG ID="8"><LINK EVENT_ARG="7" ID="18" TYPE_REL="EVENT_ARG"/><W> बारह </W><W> हजार </W><W> लोग </W><W> मारे </W><W> गए </W></CASUALTIES-ARG><W> थे। </W><W> मौसम </W><W> विभाग </W><W> के </W><W> मुताबिक </W><W> रात </W><W> में </W><TIME-ARG ID="9"><LINK EVENT_ARG="10" ID="19" TYPE_REL="EVENT_ARG"/><W> 12 </W><W> बजकर </W><W> 35 </W><W> मिनट </W></TIME-ARG><W> पर </W><W> आए </W><W> इस </W><NATURAL_EVENT ID="10" TYPE="EARTHQUAKE"><EVENT-COREF-LINK EVENT_ID="2" ID="22" TYPE_REL="EVENT_COREF"/><W> भूकंप </W></NATURAL_EVENT><W> का </W><W> केन्द्र </W><EPICENTRE-ARG ID="11"><LINK EVENT_ARG="10" ID="20" TYPE_REL="EVENT_ARG"/><W> 23.3 </W><W> डिग्री </W><W> उत्तरी </W><W> अक्षांश </W><W> और </W><W> 70.2 </W><W> डिग्री </W><W> पूर्वी </W><W> देशांतर </W></EPICENTRE-ARG><W> था। </W><W> अधिकारियों </W><W> ने </W><W> बताया </W><W> कि </W><W> इस </W><NATURAL_EVENT ID="12" TYPE="EARTHQUAKE"><EVENT-COREF-LINK EVENT_ID="2" ID="21" TYPE_REL="EVENT_COREF"/><W> भूकंप </W></NATURAL_EVENT><W> में </W><W> जान-माल </W><W> के </W><W> नुकसान </W><W> की </W><W> कोई </W><W> खबर </W><W> नहीं </W><W> है। </W><W> सब </W><W> कुछ </W><W> शांत </W><W> है </W><W> और </W><W> पुलिस </W><W> परेड </W><W> ग्राउंड </W><W> में </W><W> वित्त </W><W> मंत्री </W><W> वाजूभाई </W><W> वाला </W><W> की </W><W> मौजूदगी </W><W> में </W><W> गणतंत्र </W><W> दिवस </W><W> के </W><W> मौके </W><W> पर </W><W> झंडारोहण </W><W> कार्यक्रम </W><W> संपन्न </W><W> हुआ। </W></P></DOCUMENT>