<?xml version="1.0" encoding="UTF-8"?>
<DOCUMENT><DESC/><TIME>897</TIME><P><W> navbharat_2002_8_15_20970327 </W></P><P><W> दक्षिण </W><W> कोरिया </W><W> में </W><W> तूफान </W><W> से </W><W> सौ </W><W> से </W><W> अधिक </W><W> मृत </W><W> या </W><W> लापता </W></P><P><W> सोल </W><W> (रायटर)। </W><PLACE-ARG ID="1"><LINK EVENT_ARG="0" ID="9" TYPE_REL="EVENT_ARG"/><W> दक्षिण </W><W> कोरिया </W></PLACE-ARG><W> में </W><W> कल </W><W> आये </W><W> भीषण </W><NATURAL_EVENT ID="0" TYPE="STORM"><W> तूफान </W></NATURAL_EVENT><W> से </W><CASUALTIES-ARG ID="3"><LINK EVENT_ARG="0" ID="8" TYPE_REL="EVENT_ARG"/><W> 100 </W><W> से </W><W> ज्यादा </W><W> लोग </W><W> मारे </W><W> गये </W><W> हैं </W><W> या </W><W> लापता </W></CASUALTIES-ARG><W> हैं। </W><W> राष्ट्रीय </W><W> आपदा </W><W> बचाव </W><W> मुख्यालय </W><W> के </W><W> निदेशक </W><W> किम </W><W> जिन.यंग </W><W> ने </W><W> कहा </W><W> कि </W><W> यह </W><W> संख्या </W><W> बढ </W><W> सकती </W><W> है </W><W> क्योंकि </W><W> लापता </W><W> या </W><W> मलबे </W><W> में </W><W> दबे </W><W> लोगों </W><W> की </W><W> तलाश </W><W> जारी </W><W> है। </W><W> उन्होंने </W><W> कहा </W><W> कि </W><W> इस </W><W> बार </W><W> आए </W><NATURAL_EVENT ID="4" TYPE="STORM"><EVENT-COREF-LINK EVENT_ID="0" ID="11" TYPE_REL="EVENT_COREF"/><W> तूफान </W></NATURAL_EVENT><W> से </W><W> संपत्ति </W><W> को </W><W> हुआ </W><W> नुकसान </W><W> अब </W><W> तक </W><W> का </W><W> सबसे </W><W> बडा </W><W> नुकसान </W><W> है। </W><NATURAL_EVENT ID="6" TYPE="STORM"><EVENT-COREF-LINK EVENT_ID="0" ID="12" TYPE_REL="EVENT_COREF"/><W> तूफान </W></NATURAL_EVENT><W> के </W><W> कारण </W><W> नदियों </W><W> में </W><AFTER_EFFECTS-ARG ID="5"><LINK EVENT_ARG="6" ID="10" TYPE_REL="EVENT_ARG"/><NATURAL_EVENT ID="7" TYPE="FLOODS"><W> बाढ </W></NATURAL_EVENT><W> आ </W><W> गयी </W></AFTER_EFFECTS-ARG><W> है </W><W> और </W><W> जगह </W><W> जगह </W><W> मिट्टी </W><W> और </W><W> कीचड </W><W> के </W><W> पहाड़ </W><W> से </W><W> खडे </W><W> हो </W><W> गये </W><W> हैं </W><W> । </W><W> अधिकारियों </W><W> के </W><W> अनुसार </W><W> 1959 </W><W> के </W><W> बाद </W><W> से </W><W> कोरियाई </W><W> प्रायद्वीप </W><W> में </W><W> ऐसा </W><W> भीषण </W><W> तूफान </W><W> नहीं </W><W> आया </W><W> है </W><W> । </W></P></DOCUMENT>