<?xml version="1.0" encoding="UTF-8"?>
<DOCUMENT><P><W> navbharat_2005_8_31_1215798 </W></P><P><W> 'कैटरीना' </W><W> के </W><W> कहर </W><W> ने </W><W> ली </W><W> 200 </W><W> लोगों </W><W> की </W><W> जान </W></P><P><W> वॉशिंगटन </W><W> (वार्ता): </W><PLACE-ARG ID="0"><LINK EVENT_ARG="1" ID="11" TYPE_REL="EVENT_ARG"/><W> अमेरिका </W><W> के </W><W> दक्षिण </W><W> में </W><W> स्थित </W><W> न्यू </W><W> ऑर्लिअंज, </W><W> मिसिसिपी, </W><W> ऐलबामा, </W><W> टेनेसी </W><W> और </W><W> लूइजियाना </W><W> सहित </W><W> कई </W><W> शहरों </W></PLACE-ARG><W> में </W><NATURAL_EVENT ID="1" TYPE="STORM"><W> समुद्री </W><W> तूफान </W></NATURAL_EVENT><NAME-ARG ID="2"><LINK EVENT_ARG="1" ID="12" TYPE_REL="EVENT_ARG"/><W> 'कैटरीना' </W></NAME-ARG><W> द्वारा </W><W> मचाए </W><W> गए </W><W> मौत </W><W> और </W><W> तबाही </W><W> के </W><W> तांडव </W><W> ने </W><CASUALTIES-ARG ID="3"><LINK EVENT_ARG="1" ID="13" TYPE_REL="EVENT_ARG"/><W> कम-से-कम </W><W> 200 </W><W> लोगों </W><W> की </W><W> जान </W><W> ले </W><W> ली </W></CASUALTIES-ARG><W> है। </W><W> शुरुआती </W><W> अनुमानों </W><W> के </W><W> मुताबिक, </W><AFTER_EFFECTS-ARG ID="4"><LINK EVENT_ARG="1" ID="14" TYPE_REL="EVENT_ARG"/><W> अमेरिकी </W><W> इकॉनमी </W><W> को </W><W> इससे </W><W> 26 </W><W> अरब </W><W> डॉलर </W><W> का </W><W> नुकसान </W><W> पहुंचा </W></AFTER_EFFECTS-ARG><W> है। </W><W> कैटरीना </W><W> से </W><W> सबसे </W><W> ज्यादा </W><W> प्रभावित </W><W> शहर </W><W> न्यू </W><W> ऑर्लिअंज </W><W> के </W><W> महापौर </W><W> रे </W><W> नेगिन </W><W> ने </W><W> कहा </W><W> कि </W><W> प्रशासन </W><W> ने </W><W> मृतकों </W><W> की </W><W> गिनती </W><W> से </W><W> अपना </W><W> ध्यान </W><W> हटाते </W><W> हुए </W><W> सारा </W><W> ध्यान </W><W> राहत </W><W> और </W><W> बचाव </W><W> कार्य </W><W> पर </W><W> केंद्रित </W><W> कर </W><W> दिया </W><W> है। </W><W> उन्होंने </W><W> कहा </W><W> कि </W><W> खराब </W><W> मौसम </W><W> की </W><W> वजह </W><W> से </W><W> राहत </W><W> और </W><W> बचाव </W><W> कर्मियों </W><W> को </W><W> प्रभावित </W><W> जगहों </W><W> पर </W><W> पहुंचने </W><W> में </W><W> मुश्किलों </W><W> का </W><W> सामना </W><W> करना </W><W> पड़ </W><W> रहा </W><W> है। </W><W> अधिकारियों </W><W> के </W><W> मुताबिक, </W><NATURAL_EVENT ID="5" TYPE="STORM"><EVENT-COREF-LINK EVENT_ID="1" ID="19" TYPE_REL="EVENT_COREF"/><W> कैटरीना </W></NATURAL_EVENT><W> ने </W><W> लगभग </W><CASUALTIES-ARG ID="6"><LINK EVENT_ARG="5" ID="15" TYPE_REL="EVENT_ARG"/><W> 200 </W><W> लोगों </W><W> को </W><W> मौत </W></CASUALTIES-ARG><W> का </W><W> शिकार </W><W> बनाया </W><W> है, </W><W> लेकिन </W><W> इस </W><W> संख्या </W><W> के </W><W> जल्द </W><W> ही </W><W> बढ़ने </W><W> की </W><W> आशंका </W><W> है। </W><W> मिसिसिपी </W><W> के </W><W> गवर्नर </W><W> हेली </W><W> बॉर्बर </W><W> ने </W><W> कहा </W><W> कि </W><W> अपुष्ट </W><W> खबरों </W><W> के </W><W> मुताबिक, </W><W> अकेले </W><W> हैरिसन </W><W> काउंटी </W><W> में </W><W> ही </W><W> 80 </W><W> लोगों </W><W> के </W><W> मरने </W><W> की </W><W> खबर </W><W> है </W><W> और </W><W> यह </W><W> संख्या </W><W> अभी </W><W> और </W><W> बढ़ </W><W> सकती </W><W> है। </W><W> इस </W><W> बीच </W><W> ऐतिहासिक </W><W> शहर </W><W> न्यू </W><W> ऑर्लिअंज </W><W> में </W><W> पोंटचार्ट्रेन </W><W> झील </W><W> का </W><W> पानी </W><W> घुसने </W><W> से </W><W> बाढ़ </W><W> जैसी </W><W> स्थिति </W><W> पैदा </W><W> हो </W><W> गई </W><W> है। </W><W> सेना </W><W> के </W><W> इंजीनियर </W><W> हेलिकॉप्टरों </W><W> की </W><W> मदद </W><W> से </W><W> बालू </W><W> के </W><W> बोरे </W><W> गिराकर </W><W> शहर </W><W> में </W><W> पानी </W><W> घुसने </W><W> से </W><W> रोकने </W><W> की </W><W> कोशिश </W><W> में </W><W> लगे </W><W> हुए </W><W> हैं। </W><W> डिपॉर्टमेंटल </W><W> स्टोरों </W><W> में </W><W> लूट </W><W> की </W><W> घटनाओं </W><W> ने </W><W> कैटरीना </W><W> की </W><W> तबाही </W><W> से </W><W> पहले </W><W> से </W><W> परेशान </W><W> हुए </W><W> लोगों </W><W> की </W><W> मुसीबत </W><W> और </W><W> बढ़ा </W><W> दी </W><W> है। </W><W> अमेरिकन </W><W> मेडिकल </W><W> रिस्पॉन्स </W><W> के </W><W> अभियान </W><W> सुपरवाइजर </W><W> मार्क </W><W> विलियम्स </W><W> ने </W><W> कहा </W><W> कि </W><W> मृतकों </W><W> की </W><W> संख्या </W><W> इतनी </W><W> है </W><W> कि </W><W> बचाव </W><W> कर्मी </W><W> उन्हें </W><W> हटाने </W><W> की </W><W> जगह </W><W> बस </W><W> किनारे </W><W> लगाकर </W><W> आगे </W><W> बढ़ </W><W> जा </W><W> रहे </W><W> हैं। </W><W> उन्होंने </W><W> कहा </W><W> कि </W><W> तबाही </W><W> इतने </W><W> भयानक </W><W> पैमाने </W><W> पर </W><W> हुई </W><W> है </W><W> कि </W><W> नुकसान </W><W> का </W><W> अनुमान </W><W> भी </W><W> लगा </W><W> पाना </W><W> अभी </W><W> मुमकिन </W><W> नहीं </W><W> है। </W><W> रेडक्रॉस </W><W> ने </W><W> बताया </W><W> कि </W><W> अमेरिका </W><W> खाड़ी </W><W> क्षेत्र </W><W> में </W><W> स्थित </W><W> उसके </W><W> विभिन्न </W><W> केंद्रों </W><W> में </W><W> 37 </W><W> हजार </W><W> से </W><W> अधिक </W><W> लोग </W><W> पनाह </W><W> लिए </W><W> हैं। </W><W> जोखिम </W><W> विश्लेषकों </W><W> ने </W><W> कैटरीना </W><W> से </W><W> हुए </W><W> नुकसान </W><W> का </W><W> शुरुआती </W><W> आकलन </W><W> करते </W><W> हुए </W><W> कहा </W><W> है </W><W> कि </W><W> इसने </W><W> अमेरिकी </W><W> इकॉनमी </W><W> को </W><W> लगभग </W><W> 26 </W><W> अरब </W><W> डॉलर </W><W> की </W><W> क्षति </W><W> पहुंचाई </W><W> है। </W><W> यह </W><W> अमेरिका </W><W> के </W><W> इतिहास </W><W> में </W><W> सबसे </W><W> बड़ी </W><W> आर्थिक </W><W> क्षति </W><W> है </W><W> और </W><W> इसने </W><TIME-ARG ID="7"><LINK EVENT_ARG="8" ID="17" TYPE_REL="EVENT_ARG"/><W> 1992 </W></TIME-ARG><W> में </W><PLACE-ARG ID="10"><LINK EVENT_ARG="8" ID="16" TYPE_REL="EVENT_ARG"/><W> मेयामी </W><W> शहर </W></PLACE-ARG><W> में </W><W> आए </W><NATURAL_EVENT ID="8" TYPE="STORM"><W> तूफान </W></NATURAL_EVENT><NAME-ARG ID="9"><LINK EVENT_ARG="8" ID="18" TYPE_REL="EVENT_ARG"/><W> 'एंड्रयू' </W></NAME-ARG><W> को </W><W> भी </W><W> पीछे </W><W> छोड़ </W><W> दिया </W><W> है। </W></P></DOCUMENT>