<?xml version="1.0" encoding="UTF-8"?>
<DOCUMENT><P><W> navbharat_2009_1_16_3986958 </W></P><P><PLACE-ARG ID="17"><W> ताज </W></PLACE-ARG><W> पहुंचकर </W><W> दी </W><CASUALTIES-ARG ID="18"><W> शहीद </W><W> बेटे </W></CASUALTIES-ARG><W> को </W><W> श्रद्धांजलि </W></P><P><W> मुम्बई।। </W><TIME-ARG ID="2"><LINK EVENT_ARG="0" ID="9" TYPE_REL="EVENT_ARG"/><W> पिछले </W><W> दिनों </W></TIME-ARG><W> हुए </W><MAN_MADE_EVENT ID="0" TYPE="TERRORIST_ATTACK"><W> आतंकवादी </W><W> हमलों </W></MAN_MADE_EVENT><W> के </W><W> दौरान </W><PLACE-ARG ID="4"><LINK EVENT_ARG="0" ID="10" TYPE_REL="EVENT_ARG"/><W> ताजमहल </W><W> होटल </W></PLACE-ARG><W> में </W><PARTICIPANT-ARG ID="8"><LINK EVENT_ARG="0" ID="11" TYPE_REL="EVENT_ARG"/><W> आतंकवादियों </W></PARTICIPANT-ARG><W> के </W><W> खिलाफ </W><W> एनएसजी </W><W> कार्रवाई </W><W> करते </W><W> वक्त </W><W> शहीद </W><W> हुए </W><W> एनएसजी </W><W> के </W><CASUALTIES-ARG ID="6"><LINK EVENT_ARG="0" ID="12" TYPE_REL="EVENT_ARG"/><W> मेजर </W><W> संदीप </W><W> उन्नीकृष्णन </W></CASUALTIES-ARG><W> के </W><W> माता-पिता </W><W> ने </W><W> होटल </W><W> का </W><W> दौरा </W><W> किया। </W><W> इसरो </W><W> के </W><W> पूर्व </W><W> अधिकारी </W><W> के. </W><W> उन्नीकृष्णन </W><W> और </W><W> उनकी </W><W> पत्नी </W><W> धनलक्ष्मी </W><W> ने </W><W> ताज </W><W> होटल </W><W> की </W><W> छठवीं </W><W> मंजिल </W><W> पर </W><W> करीब </W><W> आधा </W><W> घंटा </W><W> बिताया </W><W> और </W><W> अपने </W><W> बेटे </W><W> को </W><W> श्रद्धांजलि </W><W> अर्पित </W><W> की। </W><W> गौरतलब </W><W> है </W><W> कि </W><TIME-ARG ID="3"><LINK EVENT_ARG="1" ID="13" TYPE_REL="EVENT_ARG"/><W> 26 </W><W> नवंबर </W></TIME-ARG><W> के </W><MAN_MADE_EVENT ID="1" TYPE="TERRORIST_ATTACK"><EVENT-COREF-LINK EVENT_ID="0" ID="16" TYPE_REL="EVENT_COREF"/><W> आतंकी </W><W> हमलों </W></MAN_MADE_EVENT><W> में </W><W> एनएसजी </W><W> कार्रवाई </W><W> के </W><W> दौरान </W><PLACE-ARG ID="5"><LINK EVENT_ARG="1" ID="14" TYPE_REL="EVENT_ARG"/><W> होटल </W></PLACE-ARG><W> की </W><W> छठवीं </W><W> मंजिल </W><W> पर </W><W> ही </W><CASUALTIES-ARG ID="7"><LINK EVENT_ARG="1" ID="15" TYPE_REL="EVENT_ARG"/><W> मेजर </W><W> संदीप </W><W> उन्नीकृष्णन </W></CASUALTIES-ARG><W> ने </W><W> अंतिम </W><W> सांस </W><W> ली </W><W> थी। </W><W> संदीप </W><W> के </W><W> माता-पिता </W><W> की </W><W> इच्छा </W><W> के </W><W> अनुरूप </W><W> उनके </W><W> दौरे </W><W> को </W><W> ज्यादा </W><W> तरजीह </W><W> नहीं </W><W> दी </W><W> गई। </W></P></DOCUMENT>