<?xml version="1.0" encoding="UTF-8"?>
<DOCUMENT><P><W> navbharat_2007_11_17_2548948 </W></P><P><W> बांग्लादेश </W><W> में </W><W> चक्रवात </W><W> से </W><W> 1700 </W><W> से </W><W> ज्यादा </W><W> लोगों </W><W> की </W><W> मौत </W></P><P><W> ढाका </W><W> : </W><PLACE-ARG ID="1"><LINK EVENT_ARG="0" ID="12" TYPE_REL="EVENT_ARG"/><W> दक्षिणपश्चिम </W><W> बांग्लादेश </W></PLACE-ARG><W> में </W><W> आए </W><W> भीषण </W><NATURAL_EVENT ID="0" TYPE="STORM"><W> चक्रवाती </W><W> तूफान </W></NATURAL_EVENT><W> के </W><W> कारण </W><CASUALTIES-ARG ID="8"><LINK EVENT_ARG="0" ID="13" TYPE_REL="EVENT_ARG"/><W> मरने </W><W> वालों </W><W> की </W><W> संख्या </W><W> 1700 </W></CASUALTIES-ARG><W> के </W><W> आंकड़े </W><W> को </W><W> भी </W><W> पार </W><W> कर </W><W> गई </W><W> है </W><W> और </W><W> इसमें </W><W> और </W><W> इजाफा </W><W> होने </W><W> की </W><W> आशंका </W><W> है। </W><W> सेना </W><W> के </W><W> हेलिकाप्टर </W><W> और </W><W> हवाई </W><W> जहाजों </W><W> की </W><W> मदद </W><W> से </W><W> राहतकर्मी </W><NATURAL_EVENT ID="3" TYPE="STORM"><EVENT-COREF-LINK EVENT_ID="0" ID="22" TYPE_REL="EVENT_COREF"/><W> चक्रवात </W></NATURAL_EVENT><W> में </W><W> बचे </W><W> लोगों </W><W> तक </W><W> पहुंचने </W><W> की </W><W> कोशिश </W><W> कर </W><W> रहे </W><W> हैं। </W><W> इस </W><NATURAL_EVENT ID="2" TYPE="STORM"><EVENT-COREF-LINK EVENT_ID="3" ID="21" TYPE_REL="EVENT_COREF"/><W> चक्रवात </W></NATURAL_EVENT><W> के </W><W> कारण </W><W> सैकड़ों </W><W> मकान </W><W> बर्बाद </W><W> हो </W><W> गए </W><W> हैं </W><W> और </W><W> बिजली </W><W> और </W><W> संचार </W><W> व्यवस्था </W><W> पूरी </W><W> तरह </W><W> से </W><W> चरमरा </W><W> गई </W><W> है। </W><W> अधिकारियों </W><W> ने </W><W> बताया </W><W> कि </W><NAME-ARG ID="6"><LINK EVENT_ARG="4" ID="15" TYPE_REL="EVENT_ARG"/><W> SIDR </W></NAME-ARG><NATURAL_EVENT ID="4" TYPE="STORM"><EVENT-COREF-LINK EVENT_ID="2" ID="20" TYPE_REL="EVENT_COREF"/><W> चक्रवात </W></NATURAL_EVENT><W> के </W><W> कारण </W><W> अबतक </W><CASUALTIES-ARG ID="9"><LINK EVENT_ARG="4" ID="14" TYPE_REL="EVENT_ARG"/><W> 1070 </W><W> लोगों </W><W> की </W><W> मौत </W><W> की </W><W> पुष्टि </W></CASUALTIES-ARG><W> हो </W><W> चुकी </W><W> है। </W><TIME-ARG ID="10"><LINK EVENT_ARG="4" ID="16" TYPE_REL="EVENT_ARG"/><W> गुरुवार </W><W> की </W><W> रात </W></TIME-ARG><W> आए </W><W> इस </W><NATURAL_EVENT ID="5" TYPE="STORM"><EVENT-COREF-LINK EVENT_ID="4" ID="19" TYPE_REL="EVENT_COREF"/><W> चक्रवात </W></NATURAL_EVENT><W> में </W><W> अभी </W><W> अनेक </W><W> लोगों </W><W> के </W><W> और </W><W> मारे </W><W> जाने </W><W> की </W><W> आशंका </W><W> है </W><W> क्योंकि </W><W> दक्षिणी </W><W> तट </W><W> के </W><W> अनेक </W><W> इलाकों </W><W> तक </W><W> अभी </W><W> भी </W><W> बचावकर्मी </W><W> पहुंच </W><W> ही </W><W> नहीं </W><W> पाए </W><W> हैं। </W><W> टीवी </W><W> पर </W><W> दिखाए </W><W> जा </W><W> रहे </W><W> दृश्यों </W><W> में </W><W> राहत </W><W> कर्मियों </W><W> को </W><W> बालू </W><W> और </W><W> कीचड़ </W><W> से </W><W> शवों </W><W> को </W><W> निकालते </W><W> दिखाया </W><W> गया </W><W> है। </W><W> कई </W><W> जगहों </W><W> पर </W><W> लोगों </W><W> को </W><W> इस </W><W> आपदा </W><W> में </W><W> मारे </W><W> गए </W><W> अपने </W><W> परिजनों </W><W> और </W><W> मित्रों </W><W> के </W><W> शवों </W><W> के </W><W> पास </W><W> शोक </W><W> मनाते </W><W> करते </W><W> देखा </W><W> गया। </W><W> पाटुखाली </W><W> जिले </W><W> में </W><W> एक </W><W> अधेड़ </W><W> उम्र </W><W> के </W><W> व्यक्ति </W><W> ने </W><W> टीवी </W><W> टीम </W><W> के </W><W> सदस्यों </W><W> को </W><W> बताया, </W><W> 'मेरी </W><W> पांच </W><W> वषीर्य </W><W> बेटी </W><W> को </W><W> चक्रवात </W><W> जब </W><W> मेरी </W><W> गोद </W><W> से </W><W> बहा </W><W> ले </W><W> गया </W><W> उस </W><W> वक्त </W><W> वह </W><W> चिल्ला </W><W> रही </W><W> थी </W><W> 'पिताजी </W><W> मुझे </W><W> मत </W><W> छोड़िए।' </W><W> चश्मदीदों </W><W> के </W><W> मुताबिक </W><W> कई </W><W> शव </W><W> अब </W><W> भी </W><W> नहरों </W><W> और </W><W> ठहरे </W><W> हुए </W><W> पानी </W><W> में </W><W> दिखाई </W><W> दे </W><W> रहे </W><W> हैं </W><W> या </W><W> फिर </W><NATURAL_EVENT ID="11" TYPE="STORM"><EVENT-COREF-LINK EVENT_ID="5" ID="18" TYPE_REL="EVENT_COREF"/><W> तूफान </W></NATURAL_EVENT><W> के </W><W> दौरान </W><W> आई </W><W> बालू </W><W> में </W><W> दबे </W><W> हुए </W><W> हैं। </W><W> चक्रवात </W><W> से </W><W> पहले </W><W> करीब </W><W> 15 </W><W> लाख </W><W> लोगों </W><W> को </W><W> सुरक्षित </W><W> स्थानों </W><W> पर </W><W> पहुंचा </W><W> दिया </W><W> गया </W><W> था </W><W> लेकिन </W><W> अब </W><W> भी </W><W> हजारों </W><W> की </W><W> संख्या </W><W> में </W><W> मछुआरे </W><W> लापता </W><W> हैं। </W><W> नैशनल </W><W> ग्रिड </W><W> के </W><W> ध्वस्त </W><W> होने </W><W> के </W><W> चलते </W><W> बांग्लादेश </W><W> में </W><W> शुक्रवार </W><W> रात </W><W> अंधेरा </W><W> छाया </W><W> रहा। </W><W> मौसम </W><W> विभाग </W><W> ने </W><W> कहा </W><NATURAL_EVENT ID="7" TYPE="STORM"><EVENT-COREF-LINK EVENT_ID="11" ID="17" TYPE_REL="EVENT_COREF"/><W> sidr </W></NATURAL_EVENT><W> 1876 </W><W> के </W><W> बाद </W><W> आए </W><W> तूफानों </W><W> में </W><W> सबसे </W><W> ज्यादा </W><W> तीव्रता </W><W> वाला </W><W> है </W><W> और </W><W> इसके </W><W> कारण </W><W> करीब </W><W> पांच </W><W> मिनट </W><W> तक </W><W> 223 </W><W> किलोमीटर </W><W> प्रतिघंटा </W><W> की </W><W> रफ्तार </W><W> से </W><W> हवाएं </W><W> चलीं। </W></P></DOCUMENT>