<?xml version="1.0" encoding="UTF-8"?>
<DOCUMENT><P><W> navbharat_2002_6_22_15586477 </W></P><P><W> जापान </W><W> में </W><W> तूफान </W><W> आने </W><W> से </W><W> अफरा-तफरी </W><W> का </W><W> माहौल </W></P><P><W> तोक्यो </W><W> (एपी): </W><PLACE-ARG ID="1"><LINK EVENT_ARG="0" ID="7" TYPE_REL="EVENT_ARG"/><W> फिलिपींस </W></PLACE-ARG><W> में </W><CASUALTIES-ARG ID="2"><LINK EVENT_ARG="0" ID="8" TYPE_REL="EVENT_ARG"/><W> दर्जनों </W><W> लोगों </W></CASUALTIES-ARG><W> की </W><W> जान </W><W> लेने </W><W> के </W><W> बाद </W><W> इलाके </W><W> में </W><W> आए </W><W> उष्ण </W><NAME-ARG ID="3"><LINK EVENT_ARG="0" ID="9" TYPE_REL="EVENT_ARG"/><W> कटिबंधीय </W></NAME-ARG><NATURAL_EVENT ID="0" TYPE="STORM"><W> तूफान </W></NATURAL_EVENT><W> ने </W><TIME-ARG ID="4"><LINK EVENT_ARG="0" ID="10" TYPE_REL="EVENT_ARG"/><W> बुधवार </W></TIME-ARG><W> को </W><PLACE-ARG ID="5"><LINK EVENT_ARG="0" ID="11" TYPE_REL="EVENT_ARG"/><W> जापान </W></PLACE-ARG><W> में </W><W> भी </W><AFTER_EFFECTS-ARG ID="6"><LINK EVENT_ARG="0" ID="12" TYPE_REL="EVENT_ARG"/><W> अफरा-तफरी </W><W> मचा </W><W> दी </W></AFTER_EFFECTS-ARG><W> , </W><W> जिसके </W><W> चलते </W><W> हजारों </W><W> लोगों </W><W> को </W><W> सुरक्षित </W><W> स्थानों </W><W> पर </W><W> भेजना </W><W> पड़ा </W><W> जबकि </W><W> एक </W><W> व्यक्ति </W><W> उफनती </W><W> नदी </W><W> की </W><W> चपेट </W><W> में </W><W> आने </W><W> के </W><W> बाद </W><W> लापता </W><W> हो </W><W> गया। </W><W> बताया </W><W> जाता </W><W> है </W><W> कि </W><W> क्षेत्र </W><W> में </W><W> दो </W><W> और </W><W> तूफान </W><W> आने </W><W> वाले </W><W> हैं </W><W> जिससे </W><W> ताइवान </W><W> और </W><W> प्रशांत </W><W> द्वीपों </W><W> गुआम </W><W> तथा </W><W> मारियांस </W><W> में </W><W> भारी </W><W> बाढ़ </W><W> आने </W><W> की </W><W> आशंका </W><W> पैदा </W><W> हो </W><W> गई </W><W> है। </W><W> इस </W><NATURAL_EVENT ID="13" TYPE="STORM"><EVENT-COREF-LINK EVENT_ID="0" ID="28" TYPE_REL="EVENT_COREF"/><W> तूफान </W></NATURAL_EVENT><W> ने </W><TIME-ARG ID="14"><LINK EVENT_ARG="13" ID="21" TYPE_REL="EVENT_ARG"/><W> बुधवार </W></TIME-ARG><W> को </W><PLACE-ARG ID="15"><LINK EVENT_ARG="13" ID="22" TYPE_REL="EVENT_ARG"/><W> जापान </W><W> के </W><W> दक्षिणी </W><W> तट </W></PLACE-ARG><W> को </W><W> छुआ </W><W> और </W><W> उसके </W><W> बाद </W><W> पूरे </W><W> देश </W><W> में </W><W> भारी </W><W> वर्षा </W><W> हुई। </W><NATURAL_EVENT ID="16" TYPE="STORM"><EVENT-COREF-LINK EVENT_ID="13" ID="27" TYPE_REL="EVENT_COREF"/><W> तूफान </W></NATURAL_EVENT><W> का </W><W> सबसे </W><W> ज्यादा </W><W> असर </W><PLACE-ARG ID="17"><LINK EVENT_ARG="16" ID="23" TYPE_REL="EVENT_ARG"/><W> मध्य </W><W> जापान </W><W> के </W><W> ओगाकी </W><W> शहर </W></PLACE-ARG><W> में </W><W> देखा </W><W> गया। </W><W> वहां </W><W> दस </W><W> हजार </W><W> से </W><W> ज्यादा </W><W> लोगों </W><W> को </W><W> शहर </W><W> खाली </W><W> करने </W><W> का </W><W> आदेश </W><W> दिया </W><W> गया। </W><W> यहां </W><W> एक </W><W> नदी </W><W> के </W><W> पास </W><W> काम </W><W> कर </W><W> रहे </W><W> दो </W><W> व्यक्ति </W><W> उफनती </W><W> नदी </W><W> में </W><W> बह </W><W> गए </W><W> जिनमें </W><W> से </W><W> एक </W><W> को </W><W> बाद </W><W> में </W><W> हेलीकाप्टर </W><W> से </W><W> बचा </W><W> लिया </W><W> गया। </W><PLACE-ARG ID="19"><LINK EVENT_ARG="18" ID="24" TYPE_REL="EVENT_ARG"/><W> जापान </W></PLACE-ARG><W> में </W><NATURAL_EVENT ID="18" TYPE="STORM"><EVENT-COREF-LINK EVENT_ID="16" ID="26" TYPE_REL="EVENT_COREF"/><W> तूफान </W></NATURAL_EVENT><W> के </W><W> कारण </W><W> जान </W><W> माल </W><W> का </W><W> ज्यादा </W><W> नुकसान </W><W> होने </W><W> का </W><W> समाचार </W><W> नहीं </W><W> है </W><W> लेकिन </W><W> इसके </W><W> चलते </W><W> देशभर </W><W> में </W><AFTER_EFFECTS-ARG ID="20"><LINK EVENT_ARG="18" ID="25" TYPE_REL="EVENT_ARG"/><W> परिवहन </W><W> व्यवस्था </W><W> ठप </W><W> हो </W><W> गई </W></AFTER_EFFECTS-ARG><W> है। </W><W> कुछ </W><W> राजमार्गों </W><W> को </W><W> बंद </W><W> करने </W><W> के </W><W> साथ </W><W> ही </W><W> तोक्यो </W><W> तथा </W><W> ओसाका </W><W> के </W><W> बीच </W><W> चलने </W><W> वाली </W><W> कई </W><W> सुपर </W><W> एक्सप्रेस </W><W> ट्रेनों </W><W> को </W><W> रद्द </W><W> कर </W><W> दिया </W><W> गया </W><W> है। </W></P></DOCUMENT>