<?xml version="1.0" encoding="UTF-8"?>
<DOCUMENT><P><W> navbharat_2009_5_6_4491971 </W></P><P><PLACE-ARG ID="7"><LINK EVENT_ARG="0" ID="31" TYPE_REL="EVENT_ARG"/><W> छत्तीसगढ़ </W></PLACE-ARG><W> में </W><MAN_MADE_EVENT ID="0" TYPE="TERRORIST_ATTACK"><EVENT-COREF-LINK EVENT_ID="1" ID="56" TYPE_REL="EVENT_COREF"/><W> नक्सली </W><W> हमले </W></MAN_MADE_EVENT><W> से </W><CASUALTIES-ARG ID="25"><LINK EVENT_ARG="0" ID="32" TYPE_REL="EVENT_ARG"/><W> 11 </W><W> की </W><W> मौत </W></CASUALTIES-ARG></P><P><W> रायपुर </W><W> ।। </W><PLACE-ARG ID="8"><LINK EVENT_ARG="1" ID="36" TYPE_REL="EVENT_ARG"/><W> छत्तीसगढ़ </W></PLACE-ARG><W> के </W><PLACE-ARG ID="9"><LINK EVENT_ARG="1" ID="35" TYPE_REL="EVENT_ARG"/><W> दंतेवाड़ा </W><W> जिले </W></PLACE-ARG><W> में </W><PARTICIPANT-ARG ID="26"><LINK EVENT_ARG="1" ID="33" TYPE_REL="EVENT_ARG"/><W> नक्सलियों </W></PARTICIPANT-ARG><W> द्वारा </W><W> किए </W><W> गए </W><PLACE-ARG ID="10"><LINK EVENT_ARG="1" ID="34" TYPE_REL="EVENT_ARG"/><W> बारूदी </W><W> सुरंग </W></PLACE-ARG><MAN_MADE_EVENT ID="1" TYPE="TERRORIST_ATTACK"><W> विस्फोट </W></MAN_MADE_EVENT><W> में </W><W> सीआरपीएफ </W><W> के </W><CASUALTIES-ARG ID="15"><LINK EVENT_ARG="1" ID="37" TYPE_REL="EVENT_ARG"/><W> दो </W><W> जवानों </W></CASUALTIES-ARG><W> और </W><CASUALTIES-ARG ID="16"><LINK EVENT_ARG="1" ID="38" TYPE_REL="EVENT_ARG"/><W> पांच </W><W> विशेष </W><W> पुलिस </W><W> अधिकारियों </W></CASUALTIES-ARG><W> (एसपीओ) </W><W> समेत </W><CASUALTIES-ARG ID="17"><LINK EVENT_ARG="1" ID="39" TYPE_REL="EVENT_ARG"/><W> 11 </W><W> लोगों </W><W> की </W><W> मौत </W></CASUALTIES-ARG><W> हो </W><W> गई। </W><MAN_MADE_EVENT ID="2" TYPE="TERRORIST_ATTACK"><EVENT-COREF-LINK EVENT_ID="1" ID="57" TYPE_REL="EVENT_COREF"/><W> हमले </W></MAN_MADE_EVENT><W> में </W><CASUALTIES-ARG ID="18"><LINK EVENT_ARG="2" ID="40" TYPE_REL="EVENT_ARG"/><W> तीन </W><W> अन्य </W><W> एसपीओ </W><W> घायल </W></CASUALTIES-ARG><W> हो </W><W> गए। </W><W> मरने </W><W> वालों </W><W> में </W><CASUALTIES-ARG ID="19"><LINK EVENT_ARG="2" ID="41" TYPE_REL="EVENT_ARG"/><W> चार </W><W> नागरिक </W></CASUALTIES-ARG><W> भी </W><W> शामिल </W><W> हैं। </W><W> बस्तर </W><W> क्षेत्र </W><W> के </W><W> आईजी </W><W> ए. </W><W> एन. </W><W> उपाध्याय </W><W> ने </W><W> बुधवार </W><W> को </W><W> बताया </W><W> कि </W><W> जिले </W><W> की </W><PLACE-ARG ID="11"><LINK EVENT_ARG="3" ID="43" TYPE_REL="EVENT_ARG"/><W> इंजरम </W><W> पुलिस </W><W> चौकी </W></PLACE-ARG><W> के </W><W> तहत </W><PLACE-ARG ID="12"><LINK EVENT_ARG="3" ID="46" TYPE_REL="EVENT_ARG"/><W> सिरगुड़ा </W><W> गांव </W></PLACE-ARG><W> के </W><W> पास </W><PARTICIPANT-ARG ID="27"><LINK EVENT_ARG="3" ID="45" TYPE_REL="EVENT_ARG"/><W> नक्सलियों </W></PARTICIPANT-ARG><W> ने </W><PLACE-ARG ID="13"><LINK EVENT_ARG="3" ID="44" TYPE_REL="EVENT_ARG"/><W> बारूदी </W><W> सुरंग </W></PLACE-ARG><W> में </W><MAN_MADE_EVENT ID="3" TYPE="TERRORIST_ATTACK"><EVENT-COREF-LINK EVENT_ID="1" ID="58" TYPE_REL="EVENT_COREF"/><W> विस्फोट </W></MAN_MADE_EVENT><W> कर </W><W> एक </W><PARTICIPANT-ARG ID="28"><LINK EVENT_ARG="3" ID="47" TYPE_REL="EVENT_ARG"/><W> ट्रैक्टर </W></PARTICIPANT-ARG><W> को </W><W> उड़ा </W><W> दिया। </W><MAN_MADE_EVENT ID="4" TYPE="TERRORIST_ATTACK"><EVENT-COREF-LINK EVENT_ID="1" ID="59" TYPE_REL="EVENT_COREF"/><W> विस्फोट </W></MAN_MADE_EVENT><W> के </W><W> कारण </W><W> ट्रैक्टर </W><W> पर </W><W> सवार </W><W> सीआरपीएफ </W><W> के </W><CASUALTIES-ARG ID="20"><LINK EVENT_ARG="4" ID="48" TYPE_REL="EVENT_ARG"/><W> दो </W><W> जवान </W></CASUALTIES-ARG><W> और </W><W> पांच </W><W> एसपीओ </W><W> समेत </W><CASUALTIES-ARG ID="21"><LINK EVENT_ARG="4" ID="49" TYPE_REL="EVENT_ARG"/><W> 11 </W><W> लोगों </W></CASUALTIES-ARG><W> की </W><W> मृत्यु </W><W> हो </W><W> गई </W><W> व </W><CASUALTIES-ARG ID="22"><LINK EVENT_ARG="4" ID="50" TYPE_REL="EVENT_ARG"/><W> तीन </W><W> एसपीओ </W><W> घायल </W></CASUALTIES-ARG><W> हो </W><W> गए। </W><W> उपाध्याय </W><W> ने </W><W> बताया </W><W> कि </W><W> इंजरम </W><W> चौकी </W><W> से </W><W> यह </W><W> संयुक्त </W><W> दल </W><W> गश्त </W><W> के </W><W> लिए </W><W> भेज्जी </W><W> गांव </W><W> रवाना </W><W> हुआ </W><W> था। </W><W> वापसी </W><W> में </W><W> पुलिस </W><W> दल </W><W> ने </W><W> ट्रैक्टर </W><W> को </W><W> रोका </W><W> और </W><W> उसमें </W><W> सवार </W><W> हो </W><W> गए। </W><W> ट्रैक्टर </W><W> में </W><W> कुछ </W><W> नागरिक </W><W> भी </W><W> थे। </W><W> ट्रैक्टर </W><W> को </W><W> इंजरम </W><W> चौकी </W><W> से </W><W> चार </W><W> किलोमीटर </W><W> पहले </W><PARTICIPANT-ARG ID="29"><LINK EVENT_ARG="5" ID="52" TYPE_REL="EVENT_ARG"/><W> नक्सलियों </W></PARTICIPANT-ARG><W> ने </W><PLACE-ARG ID="14"><LINK EVENT_ARG="5" ID="51" TYPE_REL="EVENT_ARG"/><W> बारूदी </W><W> सुरंग </W></PLACE-ARG><W> से </W><MAN_MADE_EVENT ID="5" TYPE="NORMAL_BOMBING"><EVENT-COREF-LINK EVENT_ID="1" ID="60" TYPE_REL="EVENT_COREF"/><W> उड़ा </W></MAN_MADE_EVENT><W> दिया। </W><CASUALTIES-ARG ID="23"><LINK EVENT_ARG="5" ID="53" TYPE_REL="EVENT_ARG"/><W> घायलों </W></CASUALTIES-ARG><W> को </W><W> प्राथमिक </W><W> इलाज </W><W> के </W><W> लिए </W><W> फिलहाल </W><W> इंजरम </W><W> के </W><W> अस्पताल </W><W> में </W><W> भर्ती </W><W> कराया </W><W> गया </W><W> है। </W><CASUALTIES-ARG ID="24"><LINK EVENT_ARG="5" ID="54" TYPE_REL="EVENT_ARG"/><W> घायलों </W></CASUALTIES-ARG><W> को </W><W> इंजरम </W><W> से </W><W> निकालने </W><W> के </W><W> लिए </W><W> हेलिकॉप्टर </W><W> भी </W><W> रवाना </W><W> किया </W><W> गया। </W><W> ध्यान </W><W> हो </W><W> कि </W><W> देशभर </W><W> में </W><W> हो </W><W> रहे </W><W> लोकसभा </W><W> चुनाव </W><W> के </W><W> दौरान </W><PARTICIPANT-ARG ID="30"><W> नक्सलियों </W></PARTICIPANT-ARG><W> ने </W><MAN_MADE_EVENT ID="6" TYPE="NORMAL_BOMBING"><W> हमले </W></MAN_MADE_EVENT><W> तेज </W><W> कर </W><W> दिए </W><W> हैं। </W></P></DOCUMENT>