<?xml version="1.0" encoding="UTF-8"?>
<DOCUMENT><P><W> navbharat_2005_9_1_1217150 </W></P><P><W> 'कैटरीना' </W><W> अमेरिकी </W><W> इतिहास </W><W> की </W><W> सबसे </W><W> बड़ी </W><W> ट्रैजिडी: </W><W> बुश </W></P><P><W> न्यू </W><W> यॉर्क </W><W> (भाषा/रॉयटर्स): </W><NATURAL_EVENT ID="0" TYPE="STORM"><W> कैटरीना </W></NATURAL_EVENT><W> से </W><TIME-ARG ID="1"><LINK EVENT_ARG="0" ID="2" TYPE_REL="EVENT_ARG"/><W> न्यू </W><W> ऑर्लिअंस </W><W> शहर </W></TIME-ARG><W> पर </W><W> बरपे </W><W> कहर </W><W> से </W><W> बचे </W><W> लोगों </W><W> के </W><W> वहां </W><W> से </W><W> पलायन </W><W> के </W><W> बीच </W><W> अमेरिकी </W><W> रक्षा </W><W> मंत्रालय </W><W> ने </W><W> प्रभावित </W><W> इलाकों </W><W> में </W><W> भारी </W><W> पैमाने </W><W> पर </W><W> बचाव </W><W> अभियान </W><W> शुरू </W><W> कर </W><W> दिया </W><W> है। </W><W> अमेरिकी </W><W> राष्ट्रपति </W><W> जॉर्ज </W><W> डब्ल्यू. </W><W> बुश </W><W> ने </W><W> इस </W><W> त्रासदी </W><W> को </W><W> 'अमेरिकी </W><W> इतिहास </W><W> की </W><W> सबसे </W><W> भयानक </W><W> आपदा' </W><W> की </W><W> संज्ञा </W><W> देते </W><W> हुए </W><W> कहा </W><W> कि </W><W> इससे </W><W> प्रभावित </W><W> हुए </W><W> राज्यों </W><W> को </W><W> इस </W><W> त्रासदी </W><W> से </W><W> पूरी </W><W> तरह </W><W> से </W><W> उबरने </W><W> में </W><W> अभी </W><W> सालों </W><W> लगेंगे। </W><W> प्रभावित </W><W> इलाकों </W><W> का </W><W> हवाई </W><W> सर्वेक्षण </W><W> करने </W><W> के </W><W> कुछ </W><W> घंटों </W><W> के </W><W> बाद </W><W> राष्ट्रपति </W><W> बुश </W><W> ने </W><W> एक </W><W> संवाददाता </W><W> सम्मेलन </W><W> में </W><W> कहा </W><W> कि </W><W> कैटरीना </W><W> से </W><W> प्रभावित </W><W> लोगों </W><W> की </W><W> जान </W><W> बचाने </W><W> और </W><W> पीडि़तों </W><W> की </W><W> भोजन </W><W> संबंधी </W><W> जरूरतों </W><W> को </W><W> पूरा </W><W> करने </W><W> के </W><W> लिए </W><W> उनका </W><W> प्रशासन </W><W> तेजी </W><W> से </W><W> कार्रवाई </W><W> कर </W><W> रहा </W><W> है। </W><W> बावजूद </W><W> इसके </W><W> इस </W><W> त्रासदी </W><W> जिसने </W><W> खाड़ी </W><W> तटों </W><W> को </W><W> पूरी </W><W> तरह </W><W> से </W><W> उजाड़ </W><W> दिया, </W><W> से </W><W> उबरने </W><W> में </W><W> वर्षों </W><W> लग </W><W> जाएंगे। </W><W> इस </W><W> बीच, </W><W> अमेरिकी </W><W> रक्षा </W><W> मंत्रालय </W><W> ने </W><W> भारी </W><W> पैमाने </W><W> पर </W><W> बचाव </W><W> अभियान </W><W> शुरू </W><W> कर </W><W> दिया </W><W> है। </W><W> यह </W><W> अमेरिकी </W><W> इतिहास </W><W> में </W><W> सबसे </W><W> बड़े </W><W> अभियानों </W><W> में </W><W> से </W><W> एक </W><W> है। </W><W> पूरा </W><W> न्यू </W><W> ऑर्लिअंस </W><W> शहर </W><W> किसी </W><W> रणभूमि </W><W> की </W><W> तरह </W><W> दिख </W><W> रहा </W><W> है </W><W> और </W><W> बचाव </W><W> कर्मियों </W><W> को </W><W> तूफान </W><W> के </W><W> कहर </W><W> से </W><W> बचे </W><W> लोगों </W><W> का </W><W> पता </W><W> लगाने </W><W> के </W><W> लिए </W><W> सख्त </W><W> मशक्कत </W><W> करनी </W><W> पड़ </W><W> रही </W><W> है। </W><W> अमेरिकी </W><W> सेना </W><W> के </W><W> इंजीनियर </W><W> टूटे </W><W> हुए </W><W> बांधों </W><W> को </W><W> रेत </W><W> के </W><W> बोरों </W><W> और </W><W> कंक्रीट </W><W> के </W><W> बैरियरों </W><W> से </W><W> पाटने </W><W> की </W><W> कोशिश </W><W> कर </W><W> रहे </W><W> हैं। </W><W> लेकिन </W><W> अभी </W><W> तक </W><W> उनकी </W><W> मशक्कत </W><W> अकारत </W><W> गई </W><W> है। </W><W> वहीं, </W><W> तूफान </W><W> की </W><W> तबाही </W><W> झेल </W><W> रहे </W><W> न्यू </W><W> ऑर्लिअंस </W><W> में </W><W> गुरुवार </W><W> को </W><W> भी </W><W> जमकर </W><W> लूटपाट </W><W> का </W><W> सिलसिला </W><W> जारी </W><W> रहा। </W><W> एक </W><W> ओर </W><W> सुरक्षाकर्मी </W><W> लोगों </W><W> की </W><W> जान </W><W> बचाने </W><W> में </W><W> जुटे </W><W> हुए </W><W> हैं </W><W> वहीं </W><W> दूसरी </W><W> ओर </W><W> शहर </W><W> में </W><W> लुटेरों </W><W> का </W><W> आतंक </W><W> था। </W><W> प्रशासन </W><W> को </W><W> बचाव </W><W> और </W><W> राहत </W><W> कार्यों </W><W> के </W><W> लिए </W><W> 1500 </W><W> पुलिस </W><W> कमिर्यों </W><W> को </W><W> कानून-व्यवस्था </W><W> के </W><W> कार्यों </W><W> से </W><W> हटाना </W><W> पड़ा। </W><W> नगरवासियों </W><W> ने </W><W> बताया </W><W> कि </W><W> सैकड़ों </W><W> की </W><W> तादाद </W><W> में </W><W> लुटेरे, </W><W> हथियारबंद </W><W> डाकू </W><W> और </W><W> कार-चोर </W><W> शहर </W><W> की </W><W> सड़कों </W><W> पर </W><W> घूम </W><W> रहे </W><W> हैं। </W><W> शहर </W><W> में </W><W> गोलियां </W><W> भी </W><W> चली </W><W> हैं। </W><W> अधिकारियों </W><W> ने </W><W> बताया </W><W> कि </W><W> लुटेरों </W><W> ने </W><W> खाना </W><W> ले </W><W> जा </W><W> रहे </W><W> सरकारी </W><W> पुलिस </W><W> के </W><W> एक </W><W> ट्रक </W><W> पर </W><W> भी </W><W> धावा </W><W> बोल </W><W> दिया। </W><W> शहर </W><W> में </W><W> खाना </W><W> और </W><W> पानी </W><W> का </W><W> जखीरा </W><W> खत्म </W><W> हो </W><W> रहा </W><W> है। </W><W> इन </W><W> हालात </W><W> पर </W><W> लोगों </W><W> में </W><W> नाराजगी </W><W> बढ़ </W><W> रही </W><W> है। </W><W> इन </W><W> सबको </W><W> देखते </W><W> हुए </W><W> नगिन </W><W> ने </W><W> शहर </W><W> को </W><W> पूरी </W><W> तरह </W><W> खाली </W><W> करने </W><W> का </W><W> आदेश </W><W> जारी </W><W> कर </W><W> दिया </W><W> है। </W></P></DOCUMENT>