<?xml version="1.0" encoding="UTF-8"?>
<DOCUMENT><DESC/><TIME>559</TIME><P><W> navbharat_2003_10_6_218042 </W></P><P><W> मेक्सिको </W><W> में </W><W> समुद्री </W><W> तूफान </W><W> के </W><W> बाद </W><W> हाई </W><W> एलर्ट </W><W> घोषित </W></P><P><W> मेक्सिको </W><W> शहर </W><W> (एएफपी): </W><PLACE-ARG ID="1"><LINK EVENT_ARG="0" ID="11" TYPE_REL="EVENT_ARG"/><W> मेक्सिको </W></PLACE-ARG><W> ने </W><W> अपने </W><PLACE-ARG ID="2"><LINK EVENT_ARG="0" ID="10" TYPE_REL="EVENT_ARG"/><W> पूर्वी </W><W> तट </W></PLACE-ARG><W> में </W><W> आए </W><W> भयंकर </W><W> समुद्री </W><NATURAL_EVENT ID="0" TYPE="STORM"><W> तूफान </W></NATURAL_EVENT><W> के </W><W> देश </W><W> में </W><W> आपताकाल </W><W> की </W><W> घोषणा </W><W> की </W><W> है। </W><NATURAL_EVENT ID="3" TYPE="STORM"><EVENT-COREF-LINK EVENT_ID="0" ID="18" TYPE_REL="EVENT_COREF"/><W> तूफान </W></NATURAL_EVENT><NAME-ARG ID="4"><LINK EVENT_ARG="3" ID="12" TYPE_REL="EVENT_ARG"/><W> लैरी </W></NAME-ARG><W> मैक्सिको </W><W> के </W><W> खाड़ी </W><W> तट </W><W> और </W><W> दो </W><W> अन्य </W><W> तटों </W><W> को </W><W> अपनी </W><W> गिरफ्त </W><W> में </W><W> ले </W><W> चुका </W><W> है। </W><W> राष्ट्रीय </W><W> मौसम </W><W> विभाग </W><W> के </W><W> प्रवक्ता </W><W> जुआन </W><W> जोस </W><W> पेस्त्राना </W><W> के </W><W> अनुसार </W><W> तूफान </W><W> की </W><W> चेतावनी </W><W> मैक्सिको </W><W> के </W><W> वेराक्ररुज </W><W> से </W><W> स्यूडेड </W><W> डेल </W><W> कारमन </W><W> तक </W><W> के </W><W> खाड़ी </W><W> तट </W><W> पर </W><W> लागू </W><W> रहेगी। </W><W> उन्होंने </W><W> बताया </W><W> कि </W><W> ' </W><NATURAL_EVENT ID="5" TYPE="STORM"><EVENT-COREF-LINK EVENT_ID="0" ID="17" TYPE_REL="EVENT_COREF"/><W> लैरी </W></NATURAL_EVENT><W> ' </W><W> के </W><W> कारण </W><AFTER_EFFECTS-ARG ID="6"><LINK EVENT_ARG="5" ID="13" TYPE_REL="EVENT_ARG"/><W> टेबास्को </W><W> राज्य </W><W> में </W><W> भारी </W><W> बारिश </W><W> और </W><W> भूस्खलन </W><W> की </W><W> घटनायें </W></AFTER_EFFECTS-ARG><W> हुई </W><W> है। </W><W> उन्होंने </W><W> बताया </W><W> कि </W><NATURAL_EVENT ID="8" TYPE="STORM"><EVENT-COREF-LINK EVENT_ID="0" ID="16" TYPE_REL="EVENT_COREF"/><W> तूफान </W></NATURAL_EVENT><W> के </W><W> कारण </W><AFTER_EFFECTS-ARG ID="7"><LINK EVENT_ARG="8" ID="14" TYPE_REL="EVENT_ARG"/><W> समुद्री </W><W> हवायें </W><SPEED-ARG ID="9"><LINK EVENT_ARG="8" ID="15" TYPE_REL="EVENT_ARG"/><W> 95 </W><W> किलोमीटर </W><W> प्रति </W><W> घंटा </W></SPEED-ARG><W> की </W><W> रफ्तार </W><W> से </W><W> चल </W><W> रही </W></AFTER_EFFECTS-ARG><W> हैं। </W></P></DOCUMENT>