<?xml version="1.0" encoding="UTF-8"?>
<DOCUMENT><P><W> navbharat_2006_8_11_1885942 </W></P><P><W> चीन </W><W> में </W><W> तूफान </W><W> से </W><W> भारी </W><W> तबाही, </W><W> काफी </W><W> लोग </W><W> मरे </W></P><P><W> पेइचिंग </W><W> (पीटीआई) </W><W> : </W><W> भीषण </W><NATURAL_EVENT ID="0" TYPE="STORM"><W> तूफान </W></NATURAL_EVENT><NAME-ARG ID="4"><LINK EVENT_ARG="0" ID="20" TYPE_REL="EVENT_ARG"/><W> 'साओमी' </W></NAME-ARG><W> से </W><PLACE-ARG ID="5"><LINK EVENT_ARG="0" ID="21" TYPE_REL="EVENT_ARG"/><W> पूर्वी </W><W> चीन </W><W> के </W><W> झेझियांग </W><W> राज्य </W></PLACE-ARG><W> में </W><CASUALTIES-ARG ID="11"><LINK EVENT_ARG="0" ID="22" TYPE_REL="EVENT_ARG"/><W> ९८ </W><W> लोग </W><W> मारे </W><W> गए </W><W> और </W><W> १४९ </W><W> लोग </W><W> लापता </W></CASUALTIES-ARG><W> हैं। </W><CASUALTIES-ARG ID="12"><LINK EVENT_ARG="0" ID="23" TYPE_REL="EVENT_ARG"/><W> लाखों </W><W> लोग </W><W> बेघर </W></CASUALTIES-ARG><W> हो </W><W> गए </W><W> हैं। </W><W> बड़े </W><W> पैमाने </W><W> पर </W><AFTER_EFFECTS-ARG ID="17"><LINK EVENT_ARG="0" ID="24" TYPE_REL="EVENT_ARG"/><W> मकान </W><W> भी </W><W> तबाह </W></AFTER_EFFECTS-ARG><W> हुए </W><W> हैं। </W><AFTER_EFFECTS-ARG ID="18"><LINK EVENT_ARG="0" ID="25" TYPE_REL="EVENT_ARG"/><W> काफी </W><W> शव </W><W> मलबे </W><W> में </W><W> अभी </W><W> भी </W><W> दबे </W><W> हुए </W></AFTER_EFFECTS-ARG><W> हैं। </W><W> यह </W><NATURAL_EVENT ID="1" TYPE="STORM"><EVENT-COREF-LINK EVENT_ID="0" ID="37" TYPE_REL="EVENT_COREF"/><W> तूफान </W></NATURAL_EVENT><SPEED-ARG ID="19"><LINK EVENT_ARG="1" ID="26" TYPE_REL="EVENT_ARG"/><W> २४४ </W><W> किलोमीटर </W><W> प्रति </W><W> घंटे </W></SPEED-ARG><W> की </W><W> रफ्तार </W><W> से </W><W> आया। </W><W> पिछले </W><W> ५० </W><W> सालों </W><W> में </W><W> इतना </W><W> भीषण </W><NATURAL_EVENT ID="2" TYPE="STORM"><EVENT-COREF-LINK EVENT_ID="1" ID="36" TYPE_REL="EVENT_COREF"/><W> तूफान </W></NATURAL_EVENT><PLACE-ARG ID="6"><LINK EVENT_ARG="2" ID="27" TYPE_REL="EVENT_ARG"/><W> चीन </W></PLACE-ARG><W> में </W><W> नहीं </W><W> आया </W><W> था। </W><W> यह </W><W> जानकारी </W><W> शुक्रवार </W><W> को </W><W> दी </W><W> गई। </W><NATURAL_EVENT ID="3" TYPE="STORM"><EVENT-COREF-LINK EVENT_ID="2" ID="35" TYPE_REL="EVENT_COREF"/><W> 'साओमी' </W></NATURAL_EVENT><W> ने </W><TIME-ARG ID="10"><LINK EVENT_ARG="3" ID="28" TYPE_REL="EVENT_ARG"/><W> गुरुवार </W><W> शाम </W></TIME-ARG><W> को </W><W> कहर </W><W> ढाया </W><W> था। </W><W> इसी </W><W> राज्य </W><W> के </W><PLACE-ARG ID="16"><LINK EVENT_ARG="3" ID="29" TYPE_REL="EVENT_ARG"/><W> कांगनान </W><W> काउंटी </W></PLACE-ARG><W> में </W><W> लगभग </W><W> १० </W><W> लाख </W><W> लोगों </W><W> को </W><W> सुरक्षित </W><W> स्थानों </W><W> पर </W><W> ले </W><W> जाया </W><W> गया </W><W> है। </W><W> इस </W><W> इलाके </W><W> में </W><CASUALTIES-ARG ID="13"><LINK EVENT_ARG="3" ID="30" TYPE_REL="EVENT_ARG"/><W> ८ </W><W> बच्चों </W><W> समेत </W><W> कम </W><W> से </W><W> कम </W><W> ४१ </W><W> ग्रामीण </W><W> मारे </W><W> गए </W></CASUALTIES-ARG><W> हैं। </W><PLACE-ARG ID="8"><LINK EVENT_ARG="3" ID="31" TYPE_REL="EVENT_ARG"/><W> वेनझोऊ </W></PLACE-ARG><W> में </W><W> भी </W><CASUALTIES-ARG ID="14"><LINK EVENT_ARG="3" ID="32" TYPE_REL="EVENT_ARG"/><W> ८१ </W><W> लोग </W><W> मारे </W><W> गए </W><W> और </W><W> ११ </W><W> अन्य </W><W> लापता </W></CASUALTIES-ARG><W> हैं। </W><W> यहां </W><W> तकरीबन </W><W> डेढ़ </W><W> लाख </W><W> मकान </W><W> नष्ट </W><W> हो </W><W> गए </W><W> हैं। </W><PLACE-ARG ID="9"><LINK EVENT_ARG="3" ID="33" TYPE_REL="EVENT_ARG"/><W> फूजियान </W></PLACE-ARG><W> प्रांत </W><W> में </W><CASUALTIES-ARG ID="15"><LINK EVENT_ARG="3" ID="34" TYPE_REL="EVENT_ARG"/><W> १७ </W><W> लोगों </W><W> के </W><W> मरने </W><W> व </W><W> १३८ </W><W> के </W><W> लापता </W><W> होने </W><W> की </W><W> खबर </W></CASUALTIES-ARG><W> है। </W><W> यहां </W><W> से </W><W> ३२ </W><W> हजार </W><W> लोगों </W><W> को </W><W> सुरक्षित </W><W> क्षेत्रों </W><W> में </W><W> ले </W><W> जाया </W><W> गया </W><W> है। </W></P></DOCUMENT>