<?xml version="1.0" encoding="UTF-8"?>
<DOCUMENT><P><W> navbharat_2008_5_16_3044870 </W></P><P><W> एक </W><W> और </W><W> चक्रवात </W><W> की </W><W> आशंका </W><W> से </W><W> इनकार </W></P><P><W> बैंकॉक </W><W> : </W><NATURAL_EVENT ID="0" TYPE="STORM"><W> नरगिस </W><W> तूफान </W></NATURAL_EVENT><W> से </W><W> तबाह </W><W> हुए </W><PLACE-ARG ID="1"><LINK EVENT_ARG="0" ID="4" TYPE_REL="EVENT_ARG"/><W> म्यांमार </W></PLACE-ARG><W> में </W><W> राहत </W><W> काम </W><W> में </W><W> लगी </W><W> अमेरिकी </W><W> एजेंसी </W><W> ने </W><W> किसी </W><W> ताजा </W><W> चक्रवात </W><W> की </W><W> आशंका </W><W> से </W><W> इनकार </W><W> किया </W><W> है। </W><W> हवाई </W><W> में </W><W> मौजूद </W><W> जॉइंट </W><W> टायफून </W><W> वॉर्निंग </W><W> सेंटर </W><W> ने </W><W> राजधानी </W><W> यांगून </W><W> के </W><W> पास </W><W> एक </W><W> और </W><W> चक्रवात </W><W> की </W><W> आशंका </W><W> जाहिर </W><W> की </W><W> थी। </W><W> वहीं, </W><W> रेड </W><W> क्रॉस </W><W> ने </W><W> तूफान </W><W> से </W><W> मरने </W><W> वालों </W><W> की </W><W> तादाद </W><W> 1.28 </W><W> लाख </W><W> होने </W><W> की </W><W> बात </W><W> कही </W><W> है। </W><W> यह </W><W> सरकारी </W><W> आंकड़े </W><W> से </W><W> कहीं </W><W> ज्यादा </W><W> है। </W><W> एजेंसियों </W><W> ने </W><W> सैन्य </W><W> सरकार </W><W> को </W><W> चेतावनी </W><W> दी </W><W> है </W><W> कि </W><W> प्रभावित </W><W> इलाकों </W><W> में </W><W> जल्द </W><W> से </W><W> जल्द </W><W> सहायता </W><W> पहुंचनी </W><W> चाहिए। </W><W> वहीं </W><W> सैन्य </W><W> सरकार </W><W> ने </W><W> अब </W><W> भी </W><W> बहुत </W><W> थोड़े </W><W> वीजा </W><W> ही </W><W> जारी </W><W> किए </W><W> हैं </W><W> और </W><W> सबसे </W><W> ज्यादा </W><W> प्रभावित </W><W> इलाकों </W><W> में </W><W> राहत </W><W> एजेंसियों </W><W> को </W><W> नहीं </W><W> जाने </W><W> दिया </W><W> जा </W><W> रहा </W><W> है। </W><W> दूसरी </W><W> ओर, </W><W> म्यांमार </W><W> सरकार </W><W> ने </W><W> राहत </W><W> कार्य </W><W> के </W><W> लिए </W><W> आ </W><W> रहे </W><W> पांच </W><W> और </W><W> विमानों </W><W> को </W><W> मंजूरी </W><W> दे </W><W> दी </W><W> है। </W><W> यूएस </W><W> आर्मी </W><W> अधिकारी </W><W> ने </W><W> बताया </W><W> कि </W><W> प्रभावित </W><W> इलाकों </W><W> में </W><W> हेलिकॉप्टरों </W><W> से </W><W> राहत </W><W> सामग्री </W><W> पहुंचाए </W><W> जाने </W><W> के </W><W> लिए </W><W> अनुमति </W><W> मांगी </W><W> जा </W><W> रही </W><W> है। </W><W> दोबारा </W><W> चक्रवात </W><W> की </W><W> आशंका </W><W> से </W><W> बचाव </W><W> कार्य </W><W> में </W><W> लगी </W><W> अमेरिकी </W><W> एजेंसियों </W><W> के </W><W> बीच </W><W> तनाव </W><W> फैल </W><W> गया </W><W> था। </W><W> यूएस </W><W> एड </W><W> ने </W><W> बुधवार </W><W> को </W><W> एक </W><W> बयान </W><W> जारी </W><W> कर </W><W> कहा </W><W> कि </W><W> सेंटर </W><W> द्वारा </W><W> दी </W><W> गई </W><W> जानकारी </W><W> के </W><W> तहत </W><W> जो </W><W> चक्रवात </W><W> बन </W><W> रहा </W><W> था, </W><W> वह </W><W> काफी </W><W> कमजोर </W><W> हो </W><W> गया </W><W> है। </W><W> हालांकि, </W><W> प्रभावित </W><W> इलाकों </W><W> में </W><W> लगातार </W><W> बारिश </W><W> और </W><W> नदियों </W><W> की </W><W> तेज </W><W> धाराओं </W><W> की </W><W> वजह </W><W> से </W><W> बाढ़ </W><W> का </W><W> खतरा </W><W> हो </W><W> सकता </W><W> है। </W><W> सेंटर </W><W> ने </W><W> अपनी </W><W> वेबसाइट </W><W> पर </W><W> बताया </W><W> कि </W><W> इन्फ्रारेड </W><W> और </W><W> सैटलाइट </W><W> तस्वीरों </W><W> से </W><W> पता </W><W> चलता </W><W> है </W><W> कि </W><W> तूफान </W><W> कमजोर </W><W> हो </W><W> रहा </W><W> है। </W><W> सहायता </W><W> एजेंसियों </W><W> ने </W><W> बताया </W><W> कि </W><W> तेज </W><W> बारिश </W><W> की </W><W> वजह </W><W> से </W><W> राहत </W><W> काम </W><W> में </W><W> पहले </W><W> से </W><W> ही </W><W> दिक्कतें </W><W> आ </W><W> रही </W><W> हैं। </W><W> गौरतलब </W><W> है </W><W> कि </W><W> 2 </W><W> और </W><W> 3 </W><W> मई </W><W> को </W><W> आए </W><W> जबर्दस्त </W><NATURAL_EVENT ID="3" TYPE="STORM"><EVENT-COREF-LINK EVENT_ID="0" ID="6" TYPE_REL="EVENT_COREF"/><W> तूफान </W></NATURAL_EVENT><W> में </W><W> करीब </W><CASUALTIES-ARG ID="2"><LINK EVENT_ARG="3" ID="5" TYPE_REL="EVENT_ARG"/><W> 66 </W><W> हजार </W><W> लोग </W><W> मारे </W><W> गए </W></CASUALTIES-ARG><W> थे। </W><W> संविधान </W><W> के </W><W> पक्ष </W><W> में </W><W> 92.4 </W><W> फीसदी </W><W> वोट </W><W> यांगून </W><W> : </W><W> सरकारी </W><W> टेलिविजन </W><W> के </W><W> मुताबिक, </W><W> म्यांमार </W><W> की </W><W> सैन्य </W><W> सरकार </W><W> समर्थित </W><W> संविधान </W><W> को </W><W> 92.4 </W><W> फीसदी </W><W> वोटों </W><W> के </W><W> साथ </W><W> मंजूर </W><W> कर </W><W> लिया </W><W> गया </W><W> है। </W><W> इसके </W><W> लिए </W><W> चक्रवात </W><W> प्रभावित </W><W> इलाकों </W><W> के </W><W> अतिरिक्त </W><W> पूरे </W><W> देश </W><W> में </W><W> जनमत </W><W> संग्रह </W><W> कराया </W><W> गया </W><W> था। </W><W> इस </W><W> जनमत </W><W> संग्रह </W><W> की </W><W> काफी </W><W> आलोचना </W><W> भी </W><W> हुई </W><W> थी। </W></P></DOCUMENT>