<?xml version="1.0" encoding="UTF-8"?>
<DOCUMENT><P><W> navbharat_2009_1_13_3971443 </W></P><P><MAN_MADE_EVENT ID="11" TYPE="TERRORIST_ATTACK"><EVENT-COREF-LINK EVENT_ID="0" ID="24" TYPE_REL="EVENT_COREF"/><W> मुंबई </W><W> हमले </W></MAN_MADE_EVENT><W> की </W><W> सुनवाई </W><W> के </W><W> लिए </W><W> स्पेशल </W><W> जज </W></P><P><W> मुंबई: </W><W> एम. </W><W> एल. </W><W> तहलियानी </W><W> को </W><TIME-ARG ID="2"><LINK EVENT_ARG="0" ID="15" TYPE_REL="EVENT_ARG"/><W> 26 </W><W> नवंबर </W></TIME-ARG><W> को </W><PLACE-ARG ID="1"><LINK EVENT_ARG="0" ID="14" TYPE_REL="EVENT_ARG"/><W> मुंबई </W></PLACE-ARG><W> में </W><W> हुए </W><MAN_MADE_EVENT ID="0" TYPE="TERRORIST_ATTACK"><W> आतंकवादी </W><W> हमले </W></MAN_MADE_EVENT><W> से </W><W> जुड़े </W><W> मामले </W><W> की </W><W> सुनवाई </W><W> के </W><W> लिए </W><W> स्पेशल </W><W> जज </W><W> नियुक्त </W><W> किया </W><W> गया </W><W> है। </W><W> पुलिस </W><W> कमिश्नर </W><W> हसन </W><W> गफूर </W><W> ने </W><W> सोमवार </W><W> रात </W><W> बताया </W><W> कि </W><W> तहलियानी </W><PARTICIPANT-ARG ID="3"><LINK EVENT_ARG="0" ID="16" TYPE_REL="EVENT_ARG"/><W> आतंकवादी </W><W> मोहम्मद </W><W> आमिर </W><W> अजमल </W><W> कसब </W></PARTICIPANT-ARG><W> के </W><W> खिलाफ </W><W> दर्ज </W><W> 12 </W><W> मामलों </W><W> में </W><W> मुकदमे </W><W> की </W><W> सुनवाई </W><W> करेंगे। </W><PARTICIPANT-ARG ID="4"><LINK EVENT_ARG="5" ID="17" TYPE_REL="EVENT_ARG"/><W> कसब </W></PARTICIPANT-ARG><MAN_MADE_EVENT ID="5" TYPE="TERRORIST_ATTACK"><EVENT-COREF-LINK EVENT_ID="0" ID="23" TYPE_REL="EVENT_COREF"/><W> मुंबई </W><W> हमले </W></MAN_MADE_EVENT><W> से </W><W> जुड़ा </W><W> एकमात्र </W><W> आतंकवादी </W><W> है </W><W> जिसे </W><W> जिंदा </W><W> गिरफ्तार </W><W> किया </W><W> गया </W><W> था। </W><W> सीबीआई </W><W> कोर्ट </W><W> के </W><W> पूर्व </W><W> न्यायाधीश </W><W> तहलियानी </W><W> फिलहाल </W><W> बंबई </W><W> हाई </W><W> कोर्ट </W><W> में </W><W> रजिस्ट्रार </W><W> (निरीक्षण) </W><W> हैं। </W><PLACE-ARG ID="7"><LINK EVENT_ARG="6" ID="18" TYPE_REL="EVENT_ARG"/><W> मुंबई </W></PLACE-ARG><W> में </W><TIME-ARG ID="8"><LINK EVENT_ARG="6" ID="19" TYPE_REL="EVENT_ARG"/><W> 1993 </W></TIME-ARG><W> में </W><W> हुए </W><MAN_MADE_EVENT ID="6" TYPE="TERRORIST_ATTACK"><W> बमकांड </W></MAN_MADE_EVENT><W> में </W><W> सरकारी </W><W> वकील </W><W> रहे </W><W> उज्ज्वल </W><W> निकम </W><W> को </W><W> इस </W><W> मामले </W><W> में </W><W> पहले </W><W> ही </W><W> पब्लिक </W><W> प्रॉसिक्यूटर </W><W> नियुक्त </W><W> किया </W><W> जा </W><W> चुका </W><W> है। </W><W> उम्मीद </W><W> की </W><W> जा </W><W> रही </W><W> है </W><W> कि </W><W> पुलिस </W><W> 24 </W><W> जनवरी </W><W> से </W><W> पहले </W><W> आरोप </W><W> पत्र </W><W> दाखिल </W><W> करेगी। </W><W> अधिकारियों </W><W> ने </W><W> बताया </W><W> कि </W><PARTICIPANT-ARG ID="9"><LINK EVENT_ARG="5" ID="21" TYPE_REL="EVENT_ARG"/><W> कसब </W></PARTICIPANT-ARG><W> के </W><W> खिलाफ </W><W> हत्या, </W><W> हत्या </W><W> का </W><W> प्रयास, </W><W> देश </W><W> के </W><W> खिलाफ </W><W> जंग </W><W> छेड़ने </W><W> जैसे </W><W> मामलों </W><W> में </W><W> मुकदमा </W><W> चलाया </W><W> जाएगा। </W><W> आरोप </W><W> पत्र </W><W> में </W><W> मुख्य </W><W> रूप </W><W> से </W><PARTICIPANT-ARG ID="10"><LINK EVENT_ARG="5" ID="22" TYPE_REL="EVENT_ARG"/><W> कसब </W></PARTICIPANT-ARG><W> की </W><W> पाकिस्तान </W><W> में </W><W> उसके </W><W> आकाओं </W><W> से </W><W> बातचीत, </W><W> उससे </W><W> पूछताछ </W><W> की </W><W> रिपोर्ट </W><W> के </W><W> अतिरिक्त </W><W> जिन </W><W> प्रत्यक्षदर्शियों </W><W> ने </W><W> उसे </W><W> 26 </W><W> नवंबर </W><W> की </W><W> रात </W><W> मौत </W><W> का </W><W> तांडव </W><W> करते </W><W> देखा </W><W> था, </W><W> उसका </W><W> उल्लेख </W><W> होगा। </W><W> महाराष्ट्र </W><W> सरकार </W><W> के </W><W> सूत्रों </W><W> ने </W><W> बताया </W><W> कि </W><W> मुकदमे </W><W> की </W><W> सुनवाई </W><W> कड़ी </W><W> सुरक्षा </W><W> वाले </W><W> ऑर्थर </W><W> जेल </W><W> में </W><W> होगी। </W><W> यहीं </W><W> पर </W><TIME-ARG ID="13"><LINK EVENT_ARG="12" ID="20" TYPE_REL="EVENT_ARG"/><W> 1993 </W></TIME-ARG><W> के </W><MAN_MADE_EVENT ID="12" TYPE="TERRORIST_ATTACK"><EVENT-COREF-LINK EVENT_ID="6" ID="25" TYPE_REL="EVENT_COREF"/><W> मुंबई </W><W> बमकांड </W></MAN_MADE_EVENT><W> की </W><W> सुनवाई </W><W> हुई </W><W> थी। </W></P></DOCUMENT>