<?xml version="1.0" encoding="UTF-8"?>
<DOCUMENT><P><W> navbharat_2003_4_24_44378981 </W></P><P><W> चक्रवात </W><W> से </W><W> निबटने </W><W> के </W><W> लिए </W><W> असम </W><W> को </W><W> सहायता </W><W> का </W><W> आश्वासन </W></P><P><W> नई </W><W> दिल्ली </W><W> (वार्ता/भाषा): </W><W> प्रधानमंत्री </W><W> अटल </W><W> बिहारी </W><W> वाजपेयी </W><W> ने </W><W> असम </W><W> सरकार </W><W> को </W><W> आश्वासन </W><W> दिया </W><W> है </W><W> कि </W><W> वहां </W><W> आए </W><W> भयंकर </W><NATURAL_EVENT ID="2" TYPE="CYCLONE"><W> तूफान </W></NATURAL_EVENT><W> से </W><W> निबटने </W><W> के </W><W> लिए </W><W> केन्द्र </W><W> , </W><W> राज्य </W><W> सरकार </W><W> को </W><W> पूरी </W><W> सहायता </W><W> देगी। </W><W> उन्होंने </W><W> कहा </W><W> कि </W><W> केंद्र </W><W> इस </W><W> मामले </W><W> में </W><W> राज्य </W><W> सरकार </W><W> के </W><W> साथ </W><W> निरंतर </W><W> संपर्क </W><W> में </W><W> है </W><W> तथा </W><W> वह </W><W> पूरी </W><W> मदद </W><W> के </W><W> लिए </W><W> तैयार </W><W> है। </W><W> गुरुवार </W><W> को </W><W> राज्यसभा </W><W> में </W><W> शून्य </W><W> काल </W><W> के </W><W> दौरान </W><W> कांग्रेस </W><W> के </W><W> वरिष्ठ </W><W> नेता </W><W> मनमोहन </W><W> सिंह </W><W> द्वारा </W><W> मामला </W><W> उठाए </W><W> जाने </W><W> पर </W><W> प्रधानमंत्री </W><W> ने </W><W> यह </W><W> आश्वासन </W><W> दिया। </W><W> वाजपेयी </W><W> ने </W><W> कहा </W><W> कि </W><PLACE-ARG ID="3"><LINK EVENT_ARG="1" ID="9" TYPE_REL="EVENT_ARG"/><W> असम </W></PLACE-ARG><W> का </W><NATURAL_EVENT ID="1" TYPE="CYCLONE"><EVENT-COREF-LINK EVENT_ID="2" ID="14" TYPE_REL="EVENT_COREF"/><W> चक्रवात </W></NATURAL_EVENT><W> चिंताजनक </W><W> है। </W><W> हालांकि </W><W> उस </W><W> क्षेत्र </W><W> में </W><W> प्राकृतिक </W><W> प्रकोप </W><W> होते </W><W> रहते </W><W> है </W><W> लेकिन </W><W> यह </W><W> प्रकोप </W><W> भयंकर </W><W> है </W><W> जिसमें </W><AFTER_EFFECTS-ARG ID="4"><LINK EVENT_ARG="1" ID="10" TYPE_REL="EVENT_ARG"/><W> जन </W><W> धन </W><W> की </W><W> काफी </W><W> क्षति </W></AFTER_EFFECTS-ARG><W> हुई </W><W> है। </W><W> उधर </W><W> इस </W><NATURAL_EVENT ID="5" TYPE="STORM"><EVENT-COREF-LINK EVENT_ID="2" ID="15" TYPE_REL="EVENT_COREF"/><W> तूफान </W></NATURAL_EVENT><W> से </W><CASUALTIES-ARG ID="6"><LINK EVENT_ARG="5" ID="11" TYPE_REL="EVENT_ARG"/><W> मरने </W><W> वालों </W><W> की </W><W> संख्या </W><W> बढ़कर </W><W> 40 </W><W> से </W><W> ऊपर </W><W> पहुंच </W><W> गई </W></CASUALTIES-ARG><W> है। </W><W> सरकारी </W><W> सूत्रों </W><W> ने </W><W> गुरुवार </W><W> को </W><W> यहां </W><W> बताया </W><W> कि </W><PLACE-ARG ID="7"><LINK EVENT_ARG="5" ID="12" TYPE_REL="EVENT_ARG"/><W> धुबरी </W><W> जिले </W></PLACE-ARG><W> में </W><CASUALTIES-ARG ID="8"><LINK EVENT_ARG="5" ID="13" TYPE_REL="EVENT_ARG"/><W> 2000 </W><W> से </W><W> अधिक </W><W> लोग </W><W> घायल </W></CASUALTIES-ARG><W> हुए </W><W> हैं </W><W> जिनमें </W><W> 400 </W><W> की </W><W> हालत </W><W> गंभीर </W><W> है। </W><W> नाजुक </W><W> हालत </W><W> वाले </W><W> दस </W><W> घायलों </W><W> को </W><W> गुरुवार </W><W> सुबह </W><W> गोपालपाडा </W><W> सिविल </W><W> अस्पताल </W><W> स्थानान्तरित </W><W> कर </W><W> दिया </W><W> गया। </W><W> जबकि </W><W> धुबरी </W><W> , </W><W> मनकाछार </W><W> और </W><W> गोपालपाडा </W><W> के </W><W> प्रभावित </W><W> गांवों </W><W> में </W><W> युद्ध </W><W> स्तर </W><W> पर </W><W> राहत </W><W> एवं </W><W> चिकित्सा </W><W> कार्य </W><W> चल </W><W> रहा </W><W> है। </W><W> सड़कों </W><W> की </W><W> स्थिति </W><W> काफी </W><W> दयनीय </W><W> होने </W><W> से </W><W> जिला </W><W> प्रशासन </W><W> को </W><W> तत्काल </W><W> राहत </W><W> और </W><W> चिकित्सा </W><W> मुहैया </W><W> कराने </W><W> में </W><W> काफी </W><W> परेशानी </W><W> का </W><W> सामना </W><W> करना </W><W> पड़ </W><W> रहा </W><W> है। </W><W> उपायुक्त </W><W> प्रशान्त </W><W> कुमार </W><W> बरुआ </W><W> राहत </W><W> एवं </W><W> बचाव </W><W> कार्य </W><W> के </W><W> निरीक्षण </W><W> के </W><W> लिये </W><W> इलाके </W><W> में </W><W> तैनात </W><W> हैं। </W><W> प्रभावित </W><W> गांवों </W><W> के </W><W> हजारों </W><W> लोगों </W><W> ने </W><W> कहीं </W><W> और </W><W> शरण </W><W> ले </W><W> रखी </W><W> है </W><W> तथा </W><W> जो </W><W> लोग </W><W> जिंदा </W><W> बचे </W><W> हैं </W><W> वे </W><W> तूफान </W><W> में </W><W> मारे </W><W> गए </W><W> अपने </W><W> परिजनों </W><W> और </W><W> रिश्तेदारों </W><W> के </W><W> अंतिम </W><W> संस्कार </W><W> की </W><W> व्यवस्था </W><W> में </W><W> लगे </W><W> हैं। </W><W> तूफान </W><W> प्रभावित </W><W> गांवों </W><W> के </W><W> अधिकांश </W><W> लोग </W><W> दूसरे </W><W> इलाकों </W><W> में </W><W> रहने </W><W> वाले </W><W> अपने </W><W> रिश्तेदारों </W><W> के </W><W> यहां </W><W> चले </W><W> गए </W><W> हैं </W><W> या </W><W> फिर </W><W> जिला </W><W> प्रशासन </W><W> के </W><W> राहत </W><W> शिविरों </W><W> में </W><W> शरण </W><W> लिए </W><W> हुए </W><W> हैं। </W><W> इस </W><W> तूफान </W><W> ने </W><W> बड़ी </W><W> संख्या </W><W> में </W><W> लोगों </W><W> को </W><W> बेघर </W><W> कर </W><W> दिया </W><W> है। </W><W> इसी </W><W> कड़ी </W><W> में </W><W> अपने </W><W> तहस </W><W> नहस </W><W> घर </W><W> को </W><W> देख </W><W> रही </W><W> 8 </W><W> साल </W><W> की </W><W> जेहरा </W><W> को </W><W> इस </W><W> बात </W><W> का </W><W> आभास </W><W> भी </W><W> नहीं </W><W> है </W><W> कि </W><W> असम </W><W> के </W><W> धुबरी </W><W> जिले </W><W> में </W><W> आये </W><W> चक्रवाती </W><W> तूफान </W><W> ने </W><W> उसके </W><W> माता </W><W> पिता </W><W> को </W><W> हमेशा </W><W> के </W><W> लिए </W><W> छीन </W><W> लिया </W><W> है। </W><W> तूफान </W><W> के </W><W> बाद </W><W> से </W><W> जेहरा </W><W> के </W><W> दो </W><W> भाई </W><W> भी </W><W> लापता </W><W> हैं। </W><W> दूसरी </W><W> ओर </W><W> कासिम </W><W> अली </W><W> आंखों </W><W> में </W><W> आंसू </W><W> लिए </W><W> अपनी </W><W> पत्नी </W><W> और </W><W> बच्चे </W><W> के </W><W> लिये </W><W> ताबूत </W><W> तैयार </W><W> करने </W><W> में </W><W> लगे </W><W> हैं। </W><W> तूफान </W><W> के </W><W> समय </W><W> वह </W><W> परिवार </W><W> के </W><W> लिए </W><W> रात </W><W> का </W><W> खाना </W><W> खरीदने </W><W> बाजार </W><W> गए </W><W> थे। </W><W> वापस </W><W> लौटने </W><W> पर </W><W> उन्हें </W><W> पता </W><W> चला </W><W> कि </W><W> उनका </W><W> घर </W><W> संसार </W><W> लुट </W><W> चुका </W><W> है। </W></P></DOCUMENT>