<?xml version="1.0" encoding="UTF-8"?>
<DOCUMENT><P><W> navbharat_2005_9_10_1226905 </W></P><P><W> कैटरीना: </W><W> राहत </W><W> में </W><W> ढिलाई </W><W> पर </W><W> छिनी </W><W> फेमा </W><W> प्रमुख </W><W> की </W><W> गद्दी </W></P><P><W> वॉशिंगटन </W><W> (एजेंसियां): </W><W> अमेरिका </W><W> में </W><NATURAL_EVENT ID="0" TYPE="STORM"><W> समुद्री </W><W> तूफान </W></NATURAL_EVENT><NAME-ARG ID="1"><LINK EVENT_ARG="0" ID="10" TYPE_REL="EVENT_ARG"/><W> कैटरीना </W></NAME-ARG><W> से </W><W> प्रभावित </W><W> इलाकों </W><W> में </W><W> राहत </W><W> कार्यों </W><W> में </W><W> ढिलाई </W><W> बरतने </W><W> पर </W><W> बुश </W><W> प्रशासन </W><W> ने </W><W> संघीय </W><W> आपदा </W><W> प्रबंधन </W><W> एजेंसी </W><W> (फेमा) </W><W> के </W><W> प्रमुख </W><W> माइकल </W><W> ब्राउन </W><W> को </W><W> उनके </W><W> पद </W><W> से </W><W> हटा </W><W> दिया </W><W> है। </W><W> गृह </W><W> सुरक्षा </W><W> सचिव </W><W> माइकल </W><W> शरटॉफ </W><W> ने </W><W> शुक्रवार </W><W> को </W><W> बताया </W><W> कि </W><W> राहत </W><W> कार्यों </W><W> की </W><W> देखरेख </W><W> अब </W><W> अमेरिकी </W><W> तटरक्षक </W><W> सुरक्षा </W><W> बल </W><W> के </W><W> प्रमुख </W><W> वाइस </W><W> एडमिरल </W><W> थाड </W><W> एलेन </W><W> करेंगे। </W><W> इस </W><W> बीच, </W><W> भारतीय </W><W> वायुसेना </W><W> का </W><W> एक </W><W> विमान </W><W> राहत </W><W> सामग्री </W><W> लेकर </W><W> शनिवार </W><W> सुबह </W><W> अमेरिका </W><W> रवाना </W><W> हो </W><W> गया। </W><NATURAL_EVENT ID="8" TYPE="STORM"><EVENT-COREF-LINK EVENT_ID="0" ID="17" TYPE_REL="EVENT_COREF"/><W> कैटरीना </W></NATURAL_EVENT><W> और </W><W> उसके </W><AFTER_EFFECTS-ARG ID="9"><LINK EVENT_ARG="8" ID="11" TYPE_REL="EVENT_ARG"/><W> बाद </W><W> आई </W><NATURAL_EVENT ID="3" TYPE="FLOODS"><W> बाढ़ </W></NATURAL_EVENT></AFTER_EFFECTS-ARG><W> से </W><W> करीब </W><AFTER_EFFECTS-ARG ID="2"><LINK EVENT_ARG="3" ID="13" TYPE_REL="EVENT_ARG"/><W> 125 </W><W> अरब </W><W> डॉलर </W><W> का </W><W> नुकसान </W></AFTER_EFFECTS-ARG><W> होने </W><W> की </W><W> आशंका </W><W> है। </W><W> न्यू </W><W> ऑर्लियंस </W><W> शहर </W><W> में </W><W> फंसे </W><W> हुए </W><W> लोगों </W><W> को </W><W> बाहर </W><W> निकालने </W><W> के </W><W> के </W><W> बजाय </W><W> अब </W><W> लाशें </W><W> बाहर </W><W> निकालने </W><W> पर </W><W> ज्यादा </W><W> ध्यान </W><W> दिया </W><W> जा </W><W> रहा </W><W> है। </W><PLACE-ARG ID="5"><LINK EVENT_ARG="8" ID="14" TYPE_REL="EVENT_ARG"/><W> ऐलबामा, </W><W> मिसिसिपी </W><W> और </W><W> लूइजियाना </W><W> राज्यों </W></PLACE-ARG><W> में </W><CASUALTIES-ARG ID="4"><LINK EVENT_ARG="8" ID="15" TYPE_REL="EVENT_ARG"/><W> मृतकों </W><W> की </W><W> संख्या </W><W> 300 </W></CASUALTIES-ARG><W> तक </W><W> पहुंच </W><W> गई </W><W> है, </W><W> हालांकि </W><W> यह </W><W> अनुमान </W><W> से </W><W> कहीं </W><W> कम </W><W> है। </W><W> इस </W><NATURAL_EVENT ID="7" TYPE="STORM"><EVENT-COREF-LINK EVENT_ID="0" ID="18" TYPE_REL="EVENT_COREF"/><W> तूफान </W></NATURAL_EVENT><W> से </W><CASUALTIES-ARG ID="6"><LINK EVENT_ARG="7" ID="16" TYPE_REL="EVENT_ARG"/><W> 10 </W><W> लाख </W><W> लोग </W><W> बेघर </W></CASUALTIES-ARG><W> हो </W><W> गए </W><W> हैं। </W><W> अमेरिका </W><W> की </W><W> एक </W><W> आर्थिक </W><W> सलाहकार </W><W> कंपनी </W><W> रिस्क </W><W> मैनेजमेंट </W><W> सॉल्युशंस </W><W> ने </W><W> अपने </W><W> ताजा </W><W> आकलन </W><W> में </W><W> यह </W><W> बात </W><W> कही </W><W> है। </W><W> इससे </W><W> पहले </W><W> की </W><W> रिपोर्ट </W><W> में </W><W> करीब </W><W> 100 </W><W> अरब </W><W> डॉलर </W><W> का </W><W> नुकसान </W><W> होने </W><W> की </W><W> बात </W><W> कही </W><W> गई </W><W> थी। </W><W> रिपोर्ट </W><W> में </W><W> कहा </W><W> गया </W><W> है </W><W> कि </W><W> बाढ़ </W><W> की </W><W> वजह </W><W> से </W><W> नुकसान </W><W> बढ़ा </W><W> है। </W><W> नई </W><W> दिल्ली </W><W> से </W><W> वार्ता </W><W> ने </W><W> खबर </W><W> दी </W><W> है </W><W> कि </W><W> कैटरीना </W><W> प्रभावित </W><W> इलाकों </W><W> के </W><W> लिए </W><W> राहत </W><W> सामग्री </W><W> लेकर </W><W> भारतीय </W><W> वायुसेना </W><W> का </W><W> एक </W><W> विमान </W><W> शनिवार </W><W> सुबह </W><W> पालम </W><W> हवाई </W><W> अड्डे </W><W> से </W><W> रवाना </W><W> हुआ। </W><W> यह </W><W> विमान </W><W> सोमवार </W><W> को </W><W> आर्कन्सॉ </W><W> पहुंचेगा। </W><W> भारत </W><W> से </W><W> 20 </W><W> गोताखोर </W><W> और </W><W> राहत </W><W> कार्य </W><W> विशेषज्ञों </W><W> की </W><W> एक </W><W> टीम </W><W> के </W><W> भी </W><W> अगले </W><W> हफ्ते </W><W> वॉशिंगटन </W><W> पहुंचने </W><W> की </W><W> संभावना </W><W> है। </W><W> भारत </W><W> इससे </W><W> पहले </W><W> अमेरिका </W><W> को </W><W> 50 </W><W> लाख </W><W> डॉलर </W><W> की </W><W> मदद </W><W> दे </W><W> चुका </W><W> है। </W></P></DOCUMENT>