<?xml version="1.0" encoding="UTF-8"?>
<DOCUMENT><P><W> navbharat_2004_4_20_627443 </W></P><P><W> मिजोरम </W><W> में </W><W> चक्रवातीय </W><W> तूफान </W><W> आने </W><W> से </W><W> चार </W><W> मरे </W></P><P><W> ऐजल </W><W> (भाषा): </W><PLACE-ARG ID="6"><LINK EVENT_ARG="0" ID="16" TYPE_REL="EVENT_ARG"/><W> मिजोरम </W><W> के </W><W> दक्षिणी </W><W> भाग </W></PLACE-ARG><W> में </W><TIME-ARG ID="7"><LINK EVENT_ARG="0" ID="17" TYPE_REL="EVENT_ARG"/><W> मंगलवार </W></TIME-ARG><W> को </W><W> आए </W><W> एक </W><W> विनाशकारी </W><NATURAL_EVENT ID="0" TYPE="CYCLONE"><W> चक्रवातीय </W><W> तूफान </W></NATURAL_EVENT><W> में </W><CASUALTIES-ARG ID="4"><LINK EVENT_ARG="0" ID="18" TYPE_REL="EVENT_ARG"/><W> चार </W><W> लोगों </W><W> की </W><W> मौत </W></CASUALTIES-ARG><W> हो </W><W> गई </W><W> और </W><AFTER_EFFECTS-ARG ID="5"><LINK EVENT_ARG="0" ID="19" TYPE_REL="EVENT_ARG"/><W> सैंकड़ों </W><W> मकान </W><W> क्षतिग्रस्त </W></AFTER_EFFECTS-ARG><W> हो </W><W> गए। </W><W> आधिकारिक </W><W> सूत्रों </W><W> ने </W><W> बताया </W><W> कि </W><PLACE-ARG ID="8"><LINK EVENT_ARG="0" ID="20" TYPE_REL="EVENT_ARG"/><W> चेरहलुन </W><W> गांव </W></PLACE-ARG><W> में </W><CASUALTIES-ARG ID="9"><LINK EVENT_ARG="0" ID="21" TYPE_REL="EVENT_ARG"/><W> दो </W><W> लोगों </W><W> की </W><W> मौत </W></CASUALTIES-ARG><REASON-ARG ID="10"><LINK EVENT_ARG="0" ID="22" TYPE_REL="EVENT_ARG"/><W> तेज </W><W> हवा </W></REASON-ARG><W> की </W><W> वजह </W><W> से </W><W> हो </W><W> गई </W><W> जबकि </W><CASUALTIES-ARG ID="11"><LINK EVENT_ARG="1" ID="23" TYPE_REL="EVENT_ARG"/><W> दो </W><W> लोग </W><W> अचानक </W><W> आई </W><NATURAL_EVENT ID="1" TYPE="FLOODS"><W> बाढ़ </W></NATURAL_EVENT><W> में </W><W> बह </W><W> गए। </W></CASUALTIES-ARG><W> अधिकारियों </W><W> ने </W><W> बताया </W><W> कि </W><W> बाढ़ </W><W> में </W><W> बह </W><W> जाने </W><W> वाटे </W><W> दोनों </W><W> लोगों </W><W> के </W><W> शव </W><W> अभी </W><W> तक </W><W> प्राप्त </W><W> नहीं </W><W> हुए </W><W> हैं। </W><W> इस </W><W> विनाशकारी </W><NATURAL_EVENT ID="2" TYPE="STORM"><W> तूफान </W></NATURAL_EVENT><W> में </W><W> दो </W><AFTER_EFFECTS-ARG ID="12"><LINK EVENT_ARG="2" ID="24" TYPE_REL="EVENT_ARG"/><W> सौ </W><W> से </W><W> ज्यादा </W><W> घरों </W><W> को </W><W> नुकसान </W></AFTER_EFFECTS-ARG><W> हुआ </W><W> है। </W><W> इस </W><NATURAL_EVENT ID="3" TYPE="STORM"><W> तूफान </W></NATURAL_EVENT><W> में </W><AFTER_EFFECTS-ARG ID="13"><LINK EVENT_ARG="3" ID="25" TYPE_REL="EVENT_ARG"/><W> एक </W><W> चर्च </W><W> और </W><W> एक </W><W> हॉल </W><W> पूरी </W><W> तरह </W><W> नष्ट </W></AFTER_EFFECTS-ARG><W> हो </W><W> गए। </W><W> इस </W><W> बीच </W><PLACE-ARG ID="14"><LINK EVENT_ARG="15" ID="26" TYPE_REL="EVENT_ARG"/><W> राजधानी </W><W> ऐजल </W><W> और </W><W> इसके </W><W> पास </W><W> के </W><W> इलाकों </W></PLACE-ARG><W> में </W><W> भी </W><NATURAL_EVENT ID="15" TYPE="STORM"><W> तुफान </W></NATURAL_EVENT><W> आया </W><W> लेकिन </W><W> अधिकारियों </W><W> के </W><W> चुनाव </W><W> कार्यों </W><W> में </W><W> लगे </W><W> रहने </W><W> की </W><W> वजह </W><W> से </W><W> अभी </W><W> तक </W><W> नुकसान </W><W> के </W><W> बारे </W><W> में </W><W> कोई </W><W> जानकारी </W><W> नहीं </W><W> मिल </W><W> सकी </W><W> है। </W></P></DOCUMENT>