<?xml version="1.0" encoding="UTF-8"?>
<DOCUMENT><P><W> navbharat_2005_11_7_1287509 </W></P><P><W> अमेरिका </W><W> में </W><W> तूफान </W><W> से </W><W> 22 </W><W> मरे, </W><W> सैकड़ों </W><W> घायल </W></P><P><W> इवान्सविले </W><W> (भाषा) </W><W> : </W><PLACE-ARG ID="1"><LINK EVENT_ARG="0" ID="7" TYPE_REL="EVENT_ARG"/><W> अमेरिका </W><W> के </W><W> केंटकी </W><W> और </W><W> इंडियाना </W><W> प्रांतों </W></PLACE-ARG><W> में </W><TIME-ARG ID="2"><LINK EVENT_ARG="0" ID="8" TYPE_REL="EVENT_ARG"/><W> रविवार </W><W> की </W><W> रात </W></TIME-ARG><W> आए </W><W> जबर्दस्त </W><NATURAL_EVENT ID="0" TYPE="STORM"><W> तूफान </W></NATURAL_EVENT><W> ने </W><W> गहरी </W><W> नींद </W><W> में </W><W> सो </W><W> रहे </W><W> लोगों </W><W> पर </W><W> कहर </W><W> बरपाया। </W><W> जिसमें </W><W> कम </W><W> से </W><W> कम </W><CASUALTIES-ARG ID="3"><LINK EVENT_ARG="0" ID="9" TYPE_REL="EVENT_ARG"/><W> 22 </W><W> लोगों </W><W> की </W><W> मौत </W><W> हो </W><W> गई </W><W> और </W><W> 254 </W><W> लोग </W><W> घायल </W></CASUALTIES-ARG><W> हो </W><W> गए </W><W> हैं। </W><W> ज्यादातर </W><W> मौतें </W><PLACE-ARG ID="5"><LINK EVENT_ARG="0" ID="10" TYPE_REL="EVENT_ARG"/><W> इंडियाना </W><W> वंदेरबर्ग </W><W> काउंटी </W></PLACE-ARG><W> में </W><W> हुई </W><W> जहां </W><CASUALTIES-ARG ID="4"><LINK EVENT_ARG="0" ID="11" TYPE_REL="EVENT_ARG"/><W> 17 </W><W> लोग </W><W> मारे </W></CASUALTIES-ARG><W> गए। </W><W> मौत </W><W> की </W><W> बाकी </W><W> घटनाएं </W><W> पास </W><W> के </W><W> वरिक </W><W> काउंटी </W><W> में </W><W> हुईं। </W><W> स्थानीय </W><W> मौसम </W><W> विभाग </W><W> ने </W><W> आधे </W><W> घंटे </W><W> पहले </W><NATURAL_EVENT ID="6" TYPE="STORM"><EVENT-COREF-LINK EVENT_ID="0" ID="12" TYPE_REL="EVENT_COREF"/><W> तूफान </W></NATURAL_EVENT><W> की </W><W> चेतावनी </W><W> दी। </W><W> पर </W><W> यह </W><W> बेअसर </W><W> रही </W><W> क्योंकि </W><W> ज्यादातर </W><W> लोग </W><W> गहरी </W><W> नींद </W><W> में </W><W> थे। </W></P></DOCUMENT>