<?xml version="1.0" encoding="UTF-8"?>
<DOCUMENT><DESC/><TIME>793</TIME><P><W> navbharat_2003_11_3_264365 </W></P><P><W> ताइवान </W><W> में </W><W> भीषण </W><W> तूफान, </W><W> एक </W><W> की </W><W> मौत </W></P><P><W> ताइपे </W><W> (रॉयटर): </W><PLACE-ARG ID="0"><LINK EVENT_ARG="1" ID="9" TYPE_REL="EVENT_ARG"/><W> ताइवान </W></PLACE-ARG><W> में </W><W> भीषण </W><NATURAL_EVENT ID="1" TYPE="STORM"><W> तूफान </W></NATURAL_EVENT><W> में </W><CASUALTIES-ARG ID="2"><LINK EVENT_ARG="1" ID="10" TYPE_REL="EVENT_ARG"/><W> एक </W><W> व्यक्ति </W><W> की </W><W> मौत </W></CASUALTIES-ARG><W> हो </W><W> गई। </W><W> इसके </W><W> बाद </W><NATURAL_EVENT ID="3" TYPE="STORM"><W> तूफान </W></NATURAL_EVENT><W> ने </W><W> उत्तर </W><W> की </W><W> ओर </W><W> रुख </W><W> कर </W><W> लिया </W><W> है। </W><W> आंतरिक </W><W> मंत्रालय </W><W> के </W><W> एक </W><W> अधिकारी </W><W> ने </W><W> सोमवार </W><W> को </W><W> यहां </W><W> टेलीफोन </W><W> पर </W><W> बताया </W><W> , </W><W> ' </W><W> तूफान </W><W> में </W><W> दक्षिण </W><W> के </W><W> एक </W><W> होटल </W><W> के </W><W> सफाई </W><W> कर्मचारी </W><W> की </W><W> मौत </W><W> हो </W><W> गई </W><W> है </W><W> और </W><W> तीन </W><W> लोग </W><W> लापता </W><W> हैं। </W><W> लेकिन </W><W> कुल </W><W> मिलाकर </W><W> स्थिति </W><W> गंभीर </W><W> नहीं </W><W> है। </W><W> ' </W><W> 90 </W><W> से </W><W> 120 </W><W> किलोमीटर </W><W> प्रतिघंटा </W><W> की </W><W> रफ्तार </W><W> वाली </W><W> तूफानी </W><W> हवाओं </W><W> के </W><W> साथ-साथ </W><W> मूसलाधार </W><W> वर्षा </W><W> भी </W><W> शुरू </W><W> हो </W><W> गई। </W><W> इससे </W><W> कई </W><W> स्थानों </W><W> पर </W><W> बाढ़ </W><W> आ </W><W> गई </W><W> और </W><W> दक्षिण </W><W> तथा </W><W> पूर्वी </W><W> ताइवान </W><W> में </W><W> भूस्खलन </W><W> भी </W><W> हुआ। </W><W> केंद्रीय </W><W> मौसम </W><W> ब्यूरो </W><W> ने </W><W> बताया </W><W> कि </W><W> अंतरराष्ट्रीय </W><W> समयानुसार </W><W> रात </W><W> साढ़े </W><W> नौ </W><W> बजे </W><W> तूफान </W><W> ताइतुंग </W><W> शहर </W><W> से </W><W> 80 </W><W> किलोमीटर </W><W> दक्षिणपूर्व </W><W> में </W><W> था </W><W> और </W><W> यह </W><SPEED-ARG ID="4"><LINK EVENT_ARG="3" ID="11" TYPE_REL="EVENT_ARG"/><W> दस </W><W> किलोमीटर </W><W> प्रति </W><W> घंटा </W><W> की </W><W> रफ्तार </W></SPEED-ARG><W> से </W><W> उत्तर </W><W> की </W><W> ओर </W><W> बढ़ </W><W> रहा </W><W> है। </W><W> ताइवान </W><W> सरकार </W><W> ने </W><W> चीन </W><W> के </W><W> 898 </W><W> मछुआरों </W><W> को </W><W> तूफान </W><W> से </W><W> बचने </W><W> के </W><W> लिए </W><W> बंदरगाहों </W><W> में </W><W> शरण </W><W> लेने </W><W> की </W><W> अनुमति </W><W> दे </W><W> दी। </W><W> ये </W><W> मछुआरे </W><W> 60 </W><W> नावें </W><W> लेकर </W><W> ताइवान </W><W> की </W><W> सीमा </W><W> में </W><W> आए। </W><W> उल्लेखनीय </W><W> है </W><W> कि </W><W> वर्ष </W><TIME-ARG ID="5"><LINK EVENT_ARG="7" ID="13" TYPE_REL="EVENT_ARG"/><W> 2001 </W></TIME-ARG><W> में </W><PLACE-ARG ID="6"><LINK EVENT_ARG="7" ID="12" TYPE_REL="EVENT_ARG"/><W> ताइवान </W></PLACE-ARG><W> में </W><W> भीषण </W><NATURAL_EVENT ID="7" TYPE="STORM"><W> तूफान </W></NATURAL_EVENT><W> के </W><W> कारण </W><CASUALTIES-ARG ID="8"><LINK EVENT_ARG="7" ID="14" TYPE_REL="EVENT_ARG"/><W> 200 </W><W> लोगों </W><W> की </W><W> मौत </W></CASUALTIES-ARG><W> हो </W><W> गई </W><W> थी। </W></P></DOCUMENT>