<?xml version="1.0" encoding="UTF-8"?>
<DOCUMENT><P><W> navbharat_2009_4_17_4413341 </W></P><P><MAN_MADE_EVENT ID="0" TYPE="TERRORIST_ATTACK"><EVENT-COREF-LINK EVENT_ID="1" ID="22" TYPE_REL="EVENT_COREF"/><W> 26/11 </W><W> मामले </W></MAN_MADE_EVENT><W> की </W><W> सुनवाई </W><W> शुरू </W></P><P><W> मुंबई।। </W><PLACE-ARG ID="5"><LINK EVENT_ARG="1" ID="13" TYPE_REL="EVENT_ARG"/><W> मुंबई </W></PLACE-ARG><MAN_MADE_EVENT ID="1" TYPE="TERRORIST_ATTACK"><W> आतंकवादी </W><W> हमले </W></MAN_MADE_EVENT><W> के </W><W> मामले </W><W> की </W><W> सुनवाई </W><W> शुक्रवार </W><W> को </W><W> शुरू </W><W> हो </W><W> गई। </W><W> अभियोजन </W><W> पक्ष </W><W> ने </W><W> इस </W><W> मामले </W><W> में </W><W> गिरफ्तार </W><W> एकमात्र </W><W> जीवित </W><W> आतंकवादी </W><PARTICIPANT-ARG ID="6"><LINK EVENT_ARG="1" ID="18" TYPE_REL="EVENT_ARG"/><W> मोहम्मद </W><W> अजमल </W><W> आमीर </W><W> कसाब </W></PARTICIPANT-ARG><W> और </W><PARTICIPANT-ARG ID="7"><LINK EVENT_ARG="1" ID="17" TYPE_REL="EVENT_ARG"/><W> 2 </W><W> अन्य </W><W> आरोपियों </W></PARTICIPANT-ARG><W> के </W><W> खिलाफ </W><W> मामला </W><W> अदालत </W><W> में </W><W> पेश </W><W> किया। </W><W> विशेष </W><W> सरकारी </W><W> वकील </W><W> उज्जवल </W><W> निकम </W><W> ने </W><PARTICIPANT-ARG ID="10"><LINK EVENT_ARG="1" ID="19" TYPE_REL="EVENT_ARG"/><W> कसाब, </W></PARTICIPANT-ARG><PARTICIPANT-ARG ID="9"><LINK EVENT_ARG="1" ID="20" TYPE_REL="EVENT_ARG"/><W> फहीम </W><W> अंसारी </W></PARTICIPANT-ARG><W> और </W><PARTICIPANT-ARG ID="8"><LINK EVENT_ARG="1" ID="21" TYPE_REL="EVENT_ARG"/><W> सबाउदीन </W><W> अहमद </W></PARTICIPANT-ARG><W> के </W><W> खिलाफ </W><W> बहस </W><W> की </W><W> शुरुआत </W><W> की। </W><W> इन </W><W> पर </W><TIME-ARG ID="4"><LINK EVENT_ARG="2" ID="14" TYPE_REL="EVENT_ARG"/><W> 26/11 </W></TIME-ARG><W> के </W><MAN_MADE_EVENT ID="2" TYPE="TERRORIST_ATTACK"><EVENT-COREF-LINK EVENT_ID="1" ID="23" TYPE_REL="EVENT_COREF"/><W> हमलों </W></MAN_MADE_EVENT><W> में </W><W> शामिल </W><W> होने </W><W> का </W><W> आरोप </W><W> हैं, </W><W> जिनमें </W><CASUALTIES-ARG ID="12"><LINK EVENT_ARG="2" ID="15" TYPE_REL="EVENT_ARG"/><W> 183 </W><W> लोग </W><W> मारे </W></CASUALTIES-ARG><W> गए </W><W> थे। </W><MAN_MADE_EVENT ID="3" TYPE="TERRORIST_ATTACK"><EVENT-COREF-LINK EVENT_ID="1" ID="24" TYPE_REL="EVENT_COREF"/><W> आतंकवादी </W><W> हमलों </W></MAN_MADE_EVENT><W> के </W><W> संबंध </W><W> में </W><PARTICIPANT-ARG ID="11"><LINK EVENT_ARG="3" ID="16" TYPE_REL="EVENT_ARG"/><W> कसाब </W></PARTICIPANT-ARG><W> और </W><W> दोनों </W><W> अन्य </W><W> पर </W><W> 12 </W><W> मामले </W><W> दर्ज </W><W> किए </W><W> गए </W><W> हैं। </W></P></DOCUMENT>