<?xml version="1.0" encoding="UTF-8"?>
<DOCUMENT><P><W> navbharat_2007_10_8_2438418 </W></P><P><W> गुजरात </W><W> में </W><W> भूकंप </W><W> के </W><W> झटके </W></P><P><W> नई </W><W> दिल्ली </W><W> (भाषा): </W><PLACE-ARG ID="4"><LINK EVENT_ARG="0" ID="11" TYPE_REL="EVENT_ARG"/><W> गुजरात </W><W> के </W><W> कच्छ </W><W> क्षेत्र </W></PLACE-ARG><W> में </W><TIME-ARG ID="5"><LINK EVENT_ARG="0" ID="12" TYPE_REL="EVENT_ARG"/><W> सोमवार </W><W> सुबह </W></TIME-ARG><NATURAL_EVENT ID="0" TYPE="EARTHQUAKE"><W> भूकंप </W></NATURAL_EVENT><W> के </W><W> हल्के </W><W> झटके </W><W> महसूस </W><W> किए </W><W> गए। </W><NATURAL_EVENT ID="1" TYPE="EARTHQUAKE"><EVENT-COREF-LINK EVENT_ID="0" ID="20" TYPE_REL="EVENT_COREF"/><W> भूकंप </W></NATURAL_EVENT><W> से </W><W> जानमाल </W><W> के </W><W> नुकसान </W><W> की </W><W> फिलहाल </W><W> कोई </W><W> सूचना </W><W> नहीं </W><W> है। </W><W> मौसम </W><W> विभाग </W><W> ने </W><W> यहां </W><W> बताया </W><W> कि </W><TIME-ARG ID="6"><LINK EVENT_ARG="1" ID="13" TYPE_REL="EVENT_ARG"/><W> सुबह </W><W> 6 </W><W> बजकर </W><W> 43 </W><W> मिनट </W></TIME-ARG><W> पर </W><NATURAL_EVENT ID="2" TYPE="EARTHQUAKE"><EVENT-COREF-LINK EVENT_ID="1" ID="19" TYPE_REL="EVENT_COREF"/><W> भूकंप </W></NATURAL_EVENT><W> के </W><W> झटके </W><W> महसूस </W><W> किए </W><W> गए। </W><W> इसकी </W><MAGNITUDE-ARG ID="7"><LINK EVENT_ARG="2" ID="14" TYPE_REL="EVENT_ARG"/><W> तीव्रता </W><W> रिक्टर </W><W> पैमाने </W><W> पर </W><W> 4.8 </W></MAGNITUDE-ARG><W> मापी </W><W> गई। </W><W> वर्ष </W><TIME-ARG ID="8"><LINK EVENT_ARG="3" ID="15" TYPE_REL="EVENT_ARG"/><W> 2001 </W></TIME-ARG><W> में </W><W> इस </W><W> इलाके </W><W> में </W><TIME-ARG ID="9"><LINK EVENT_ARG="3" ID="16" TYPE_REL="EVENT_ARG"/><W> 26 </W><W> जनवरी </W></TIME-ARG><W> को </W><W> आए </W><W> विनाशकारी </W><NATURAL_EVENT ID="3" TYPE="EARTHQUAKE"><EVENT-COREF-LINK EVENT_ID="2" ID="18" TYPE_REL="EVENT_COREF"/><W> भूकंप </W></NATURAL_EVENT><W> में </W><CASUALTIES-ARG ID="10"><LINK EVENT_ARG="3" ID="17" TYPE_REL="EVENT_ARG"/><W> सैकड़ों </W><W> लोग </W><W> मारे </W><W> गए </W></CASUALTIES-ARG><W> थे। </W></P></DOCUMENT>