<?xml version="1.0" encoding="UTF-8"?>
<DOCUMENT><P><W> navbharat_2009_1_14_3975995 </W></P><P><W> 30 </W><W> जनवरी </W><W> को </W><W> दायर </W><W> होगी </W><W> अजमल </W><W> के </W><W> खिलाफ </W><W> चार्जशीट </W></P><P><W> प्रमुख </W><W> संवाददाता </W><W> मुम्बई।। </W><TIME-ARG ID="4"><LINK EVENT_ARG="0" ID="15" TYPE_REL="EVENT_ARG"/><W> 26 </W><W> नवंबर </W></TIME-ARG><W> के </W><MAN_MADE_EVENT ID="0" TYPE="TERRORIST_ATTACK"><W> आतंकवादी </W><W> हमले </W></MAN_MADE_EVENT><W> में </W><W> गिरफ्तार </W><PARTICIPANT-ARG ID="8"><LINK EVENT_ARG="0" ID="16" TYPE_REL="EVENT_ARG"/><W> मोहम्मद </W><W> अजमल </W><W> कसब </W></PARTICIPANT-ARG><W> व </W><PARTICIPANT-ARG ID="9"><LINK EVENT_ARG="0" ID="17" TYPE_REL="EVENT_ARG"/><W> अन्य </W><W> लोगों </W></PARTICIPANT-ARG><W> के </W><W> खिलाफ </W><W> 30 </W><W> जनवरी </W><W> को </W><W> आरोपपत्र </W><W> दाखिल </W><W> किया </W><W> जाएगा। </W><W> मुम्बई </W><W> क्राइम </W><W> ब्रांच </W><W> के </W><W> एक </W><W> वरिष्ठ </W><W> अधिकारी </W><W> ने </W><W> मंगलवार </W><W> को </W><W> यह </W><W> जानकारी </W><W> दी। </W><W> पहले </W><W> इस </W><W> तरह </W><W> की </W><W> खबरें </W><W> आई </W><W> थीं </W><W> कि </W><W> चार्जशीट </W><W> 24 </W><W> जनवरी </W><W> को </W><W> दाखिल </W><W> होगी, </W><W> पर </W><W> क्राइम </W><W> ब्रांच </W><W> के </W><W> इस </W><W> अधिकारी </W><W> ने </W><W> इन </W><W> खबरों </W><W> को </W><W> सिरे </W><W> से </W><W> खारिज </W><W> कर </W><W> दिया। </W><TIME-ARG ID="5"><LINK EVENT_ARG="1" ID="18" TYPE_REL="EVENT_ARG"/><W> 26 </W><W> नवंबर </W></TIME-ARG><W> के </W><MAN_MADE_EVENT ID="1" TYPE="TERRORIST_ATTACK"><EVENT-COREF-LINK EVENT_ID="0" ID="26" TYPE_REL="EVENT_COREF"/><W> आतंकवादी </W><W> हमले </W></MAN_MADE_EVENT><W> में </W><PARTICIPANT-ARG ID="10"><LINK EVENT_ARG="1" ID="19" TYPE_REL="EVENT_ARG"/><W> अजमल </W></PARTICIPANT-ARG><W> के </W><W> अलावा </W><W> क्राइम </W><W> ब्रांच </W><W> ने </W><PARTICIPANT-ARG ID="11"><LINK EVENT_ARG="1" ID="20" TYPE_REL="EVENT_ARG"/><W> फहीम </W><W> अंसारी, </W><W> सबाउद्दीन </W><W> व </W><W> इमरान </W><W> शहजाद </W></PARTICIPANT-ARG><W> को </W><W> भी </W><W> गिरफ्तार </W><W> किया </W><W> है। </W><W> इन </W><W> सबके </W><W> खिलाफ </W><W> भी </W><W> उसी </W><W> दिन </W><W> चार्जशीट </W><W> दाखिल </W><W> होगी। </W><W> इस </W><W> बीच </W><W> एम. </W><W> एल. </W><W> तहलियानी </W><W> को </W><TIME-ARG ID="6"><LINK EVENT_ARG="2" ID="22" TYPE_REL="EVENT_ARG"/><W> 26 </W><W> नवंबर </W></TIME-ARG><W> को </W><PLACE-ARG ID="13"><LINK EVENT_ARG="2" ID="21" TYPE_REL="EVENT_ARG"/><W> मुम्बई </W></PLACE-ARG><W> में </W><W> हुए </W><MAN_MADE_EVENT ID="2" TYPE="TERRORIST_ATTACK"><EVENT-COREF-LINK EVENT_ID="0" ID="27" TYPE_REL="EVENT_COREF"/><W> आतंकवादी </W><W> हमले </W></MAN_MADE_EVENT><W> से </W><W> जुड़े </W><W> मामले </W><W> की </W><W> सुनवाई </W><W> के </W><W> लिए </W><W> स्पेशल </W><W> जज </W><W> नियुक्त </W><W> किया </W><W> गया </W><W> है। </W><W> मुम्बई </W><W> पुलिस </W><W> कमिश्नर </W><W> हसन </W><W> गफूर </W><W> ने </W><W> बताया </W><W> तहलियानी </W><PARTICIPANT-ARG ID="12"><LINK EVENT_ARG="2" ID="23" TYPE_REL="EVENT_ARG"/><W> अजमल </W><W> कसब </W></PARTICIPANT-ARG><W> के </W><W> खिलाफ </W><W> दर्ज </W><W> 12 </W><W> मामलों </W><W> में </W><W> मुकदमे </W><W> की </W><W> सुनवाई </W><W> करेंगे। </W><W> सीबीआई </W><W> अदालत </W><W> के </W><W> पूर्व </W><W> जज </W><W> तहलियानी </W><W> फिलहाल </W><W> बॉम्बे </W><W> हाईकोर्ट </W><W> में </W><W> रजिस्ट्रार </W><W> (निरीक्षण) </W><W> हैं। </W><PLACE-ARG ID="14"><LINK EVENT_ARG="3" ID="25" TYPE_REL="EVENT_ARG"/><W> मुम्बई </W></PLACE-ARG><W> में </W><TIME-ARG ID="7"><LINK EVENT_ARG="3" ID="24" TYPE_REL="EVENT_ARG"/><W> 1993 </W></TIME-ARG><W> में </W><W> हुए </W><MAN_MADE_EVENT ID="3" TYPE="TERRORIST_ATTACK"><W> बमकांड </W></MAN_MADE_EVENT><W> में </W><W> सरकारी </W><W> अधिवक्ता </W><W> रहे </W><W> उज्ज्वल </W><W> निकम </W><W> को </W><W> पहले </W><W> ही </W><W> लोक </W><W> अभियोजक </W><W> नियुक्त </W><W> किया </W><W> जा </W><W> चुका </W><W> है। </W></P></DOCUMENT>