<?xml version="1.0" encoding="UTF-8"?>
<DOCUMENT><P><W> navbharat_2002_1_9_692358301 </W></P><P><W> तबाही </W><W> की </W><W> बरसी </W><W> मना </W><W> रहे </W><W> लोगों </W><W> को </W><W> फिर </W><W> झिंझोड़ </W><W> दिया </W><W> भूकंप </W><W> ने </W></P><P><W> नई </W><W> दिल्ली </W><W> (वार्ता): </W><PLACE-ARG ID="1"><LINK EVENT_ARG="0" ID="14" TYPE_REL="EVENT_ARG"/><W> गुजरात </W><W> के </W><W> भुज </W><W> शहर </W><W> समेत </W><W> समस्त </W><W> कच्छ </W><W> क्षेत्र </W></PLACE-ARG><W> में </W><TIME-ARG ID="2"><LINK EVENT_ARG="0" ID="15" TYPE_REL="EVENT_ARG"/><W> शनिवार </W><W> रात </W></TIME-ARG><NATURAL_EVENT ID="0" TYPE="EARTHQUAKE"><W> भूकंप </W></NATURAL_EVENT><W> के </W><W> हल्के </W><W> झटके </W><W> महसूस </W><W> किए </W><W> गए </W><W> , </W><W> जिससे </W><W> दहशतजदा </W><W> लोगों </W><W> को </W><W> सुरक्षित </W><W> स्थानों </W><W> पर </W><W> निकलना </W><W> पड़ा </W><W> और </W><W> उनके </W><W> मन </W><W> में </W><W> उस </W><W> विनाशकारी </W><W> भूकंप </W><W> की </W><W> यादें </W><W> एक </W><W> बार </W><W> फिर </W><W> ताजा </W><W> हो </W><W> उठीं </W><W> , </W><W> जिसने </W><W> ठीक </W><W> एक </W><W> वर्ष </W><W> पूर्व </W><W> भारी </W><W> तबाही </W><W> मचाई </W><W> थी। </W><W> अहमदाबाद </W><W> में </W><W> मौसम </W><W> विभाग </W><W> के </W><W> अधिकारियों </W><W> ने </W><W> बताया </W><W> कि </W><NATURAL_EVENT ID="3" TYPE="EARTHQUAKE"><EVENT-COREF-LINK EVENT_ID="0" ID="24" TYPE_REL="EVENT_COREF"/><W> भूकंप </W></NATURAL_EVENT><W> का </W><W> एक </W><W> झटका </W><TIME-ARG ID="5"><LINK EVENT_ARG="3" ID="16" TYPE_REL="EVENT_ARG"/><W> शनिवार </W><W> को </W><W> रात </W><W> नौ </W><W> बजकर </W><W> 47 </W><W> मिनट </W></TIME-ARG><W> पर </W><W> महसूस </W><W> किया </W><W> गया। </W><W> रिक्टर </W><W> पैमाने </W><W> पर </W><W> इसकी </W><W> तीव्रता </W><MAGNITUDE-ARG ID="4"><LINK EVENT_ARG="3" ID="17" TYPE_REL="EVENT_ARG"/><W> 3.6 </W></MAGNITUDE-ARG><W> मापी </W><W> गई </W><W> , </W><W> जबकि </W><NATURAL_EVENT ID="7" TYPE="EARTHQUAKE"><W> दूसरा </W><W> झटका </W></NATURAL_EVENT><TIME-ARG ID="6"><LINK EVENT_ARG="7" ID="18" TYPE_REL="EVENT_ARG"/><W> रविवार </W><W> को </W><W> दोपहर </W><W> 12 </W><W> बजकर </W><W> तीन </W><W> मिनट </W></TIME-ARG><W> पर </W><W> महसूस </W><W> किया </W><W> गया </W><W> , </W><W> जिसकी </W><W> तीव्रता </W><MAGNITUDE-ARG ID="8"><LINK EVENT_ARG="7" ID="19" TYPE_REL="EVENT_ARG"/><W> 3.5 </W></MAGNITUDE-ARG><W> थी। </W><W> इसका </W><W> केंद्र </W><EPICENTRE-ARG ID="9"><LINK EVENT_ARG="7" ID="20" TYPE_REL="EVENT_ARG"/><W> भुज </W><W> के </W><W> नजदीक </W></EPICENTRE-ARG><W> था। </W><W> कहीं </W><W> से </W><W> किसी </W><W> जान-माल </W><W> के </W><W> नुकसान </W><W> की </W><W> जानकारी </W><W> नहीं </W><W> है। </W><W> धमड़का </W><W> , </W><W> रापड़ </W><W> , </W><W> सम्क्याली </W><W> , </W><W> गगोड़ा </W><W> और </W><W> लोदाई </W><W> गांवों </W><W> में </W><W> लोग </W><W> धरती </W><W> कंपन </W><W> कहते </W><W> हुए </W><W> अपने </W><W> घरों </W><W> से </W><W> निकल </W><W> आए। </W><W> भुज </W><W> में </W><TIME-ARG ID="10"><LINK EVENT_ARG="11" ID="21" TYPE_REL="EVENT_ARG"/><W> पिछले </W><W> वर्ष </W><W> 26 </W><W> जनवरी </W><W> की </W><W> सुबह </W></TIME-ARG><W> को </W><W> जबरदस्त </W><NATURAL_EVENT ID="11" TYPE="EARTHQUAKE"><W> भूकंप </W></NATURAL_EVENT><W> आया </W><W> था </W><W> , </W><W> जिसमें </W><CASUALTIES-ARG ID="12"><LINK EVENT_ARG="11" ID="22" TYPE_REL="EVENT_ARG"/><W> 18 </W><W> हजार </W><W> लोगों </W><W> की </W><W> मौत </W></CASUALTIES-ARG><W> हो </W><W> गई </W><W> थी </W><W> और </W><W> लगभग </W><AFTER_EFFECTS-ARG ID="13"><LINK EVENT_ARG="11" ID="23" TYPE_REL="EVENT_ARG"/><W> 25 </W><W> हजार </W><W> करोड़ </W><W> रुपए </W><W> की </W><W> संपत्ति </W><W> नष्ट </W></AFTER_EFFECTS-ARG><W> हुई </W><W> थी। </W></P></DOCUMENT>