<?xml version="1.0" encoding="UTF-8"?>
<DOCUMENT><P><W> navbharat_2010_9_25_6624451 </W></P><P><W> चीन </W><W> में </W><W> फनापी </W><W> तूफान </W><W> से </W><W> 70 </W><W> लोगों </W><W> की </W><W> मौत </W></P><P><W> पेइचिंग।। </W><TIME-ARG ID="2"><LINK EVENT_ARG="0" ID="9" TYPE_REL="EVENT_ARG"/><W> इस </W><W> सप्ताह </W></TIME-ARG><PLACE-ARG ID="1"><LINK EVENT_ARG="0" ID="10" TYPE_REL="EVENT_ARG"/><W> चीन </W><W> के </W><W> कुछ </W><W> भागों </W></PLACE-ARG><W> में </W><W> आए </W><NATURAL_EVENT ID="0" TYPE="STORM"><W> फनापी </W><W> तूफान </W></NATURAL_EVENT><W> से </W><CASUALTIES-ARG ID="3"><LINK EVENT_ARG="0" ID="11" TYPE_REL="EVENT_ARG"/><W> मरने </W><W> वालों </W><W> की </W><W> संख्या </W><W> बढ़ </W><W> कर </W><W> 70 </W><W> हो </W><W> गयी </W></CASUALTIES-ARG><W> है। </W><W> सरकारी </W><W> मीडिया </W><W> ने </W><W> शनिवार </W><W> को </W><W> स्थानीय </W><W> बचाव </W><W> अधिकारियों </W><W> के </W><W> हवाले </W><W> से </W><W> बताया </W><W> कि </W><PLACE-ARG ID="6"><LINK EVENT_ARG="0" ID="12" TYPE_REL="EVENT_ARG"/><W> दक्षिण </W><W> चीन </W><W> के </W><W> गुआंगडोंग </W><W> राज्य </W></PLACE-ARG><W> में </W><W> बचाव </W><W> कर्मियों </W><W> ने </W><W> मलबे </W><W> से </W><W> एक </W><W> दर्जन </W><W> शव </W><W> बरामद </W><W> किये </W><W> हैं, </W><W> जिससे </W><CASUALTIES-ARG ID="4"><LINK EVENT_ARG="0" ID="13" TYPE_REL="EVENT_ARG"/><W> मरने </W><W> वालों </W><W> की </W><W> संख्या </W><W> बढ़ </W><W> कर </W><W> 70 </W><W> हो </W><W> गयी </W></CASUALTIES-ARG><W> है। </W><CASUALTIES-ARG ID="5"><LINK EVENT_ARG="0" ID="14" TYPE_REL="EVENT_ARG"/><W> 65 </W><W> लोग </W><W> अभी </W><W> तक </W><W> लापता </W></CASUALTIES-ARG><W> हैं। </W><W> शिन्हुआ </W><W> समाचार </W><W> एजेंसी </W><W> के </W><W> मुताबिक, </W><W> माओमिंग </W><W> शहर </W><W> के </W><W> मगऊ </W><W> में </W><W> बचाव </W><W> कर्मियों </W><W> ने </W><W> मलबा </W><W> हटाने </W><W> के </W><W> बाद </W><W> शवों </W><W> को </W><W> बरामद </W><W> किया </W><W> है। </W><W> चीन </W><W> में </W><NATURAL_EVENT ID="7" TYPE="FLOODS"><W> बाढ़ </W></NATURAL_EVENT><W> से </W><W> सबसे </W><W> ज्यादा </W><W> प्रभावित </W><W> प्रांत </W><PLACE-ARG ID="8"><LINK EVENT_ARG="7" ID="15" TYPE_REL="EVENT_ARG"/><W> गाओशिनयी </W><W> और </W><W> यांगचुन </W></PLACE-ARG><W> में </W><W> कल </W><W> हेलिकॉप्टर </W><W> से </W><W> राहत </W><W> सामग्री, </W><W> बोतलबंद </W><W> पानी, </W><W> खाना </W><W> और </W><W> तम्बू </W><W> भेजे </W><W> गये। </W></P></DOCUMENT>