<?xml version="1.0" encoding="UTF-8"?>
<DOCUMENT><P><W> navbharat_2007_7_4_2173974 </W></P><P><W> पूर्वी </W><W> चीन </W><W> में </W><W> चक्रवात </W><W> के </W><W> कारण </W><W> 7 </W><W> की </W><W> मौत </W></P><P><W> पेइचिंग </W><W> (भाषा): </W><PLACE-ARG ID="1"><LINK EVENT_ARG="0" ID="6" TYPE_REL="EVENT_ARG"/><W> पूर्वी </W><W> चीन </W></PLACE-ARG><W> में </W><NATURAL_EVENT ID="0" TYPE="STORM"><W> चक्रवात </W></NATURAL_EVENT><W> के </W><W> कारण </W><W> कम </W><W> से </W><W> कम </W><CASUALTIES-ARG ID="2"><LINK EVENT_ARG="0" ID="7" TYPE_REL="EVENT_ARG"/><W> 7 </W><W> लोगों </W><W> की </W><W> मौत </W><W> हो </W><W> गई, </W><W> जबकि </W><W> 93 </W><W> अन्य </W><W> घायल </W></CASUALTIES-ARG><W> हो </W><W> गए। </W><W> अधिकारियों </W><W> ने </W><W> बताया </W><W> कि </W><W> पूर्वी </W><W> चीन </W><W> के </W><W> अनहुई </W><W> प्रांत </W><W> के </W><W> तियांचांग </W><W> शहर </W><W> में </W><W> प्रशासन </W><W> चक्रवात </W><W> के </W><W> हुए </W><W> नुकसान </W><W> का </W><W> आकलन </W><W> करने </W><W> में </W><W> जुटा </W><W> है। </W><NATURAL_EVENT ID="3" TYPE="STORM"><EVENT-COREF-LINK EVENT_ID="0" ID="10" TYPE_REL="EVENT_COREF"/><W> चक्रवात </W></NATURAL_EVENT><W> के </W><W> दौरान </W><W> लगभग </W><SPEED-ARG ID="4"><LINK EVENT_ARG="3" ID="8" TYPE_REL="EVENT_ARG"/><W> 100 </W><W> किलोमीटर </W><W> की </W><W> रफ्तार </W></SPEED-ARG><W> से </W><W> चली </W><W> तेज </W><W> हवा </W><W> के </W><W> कारण </W><AFTER_EFFECTS-ARG ID="5"><LINK EVENT_ARG="3" ID="9" TYPE_REL="EVENT_ARG"/><W> कम </W><W> से </W><W> कम </W><W> 100 </W><W> घर </W><W> तबाह </W><W> हो </W><W> गए, </W></AFTER_EFFECTS-ARG><W> जबकि </W><W> तीन </W><W> गांवों </W><W> के </W><W> लगभग </W><W> 200 </W><W> लोगों </W><W> को </W><W> सुरक्षित </W><W> स्थान </W><W> पर </W><W> पहुंचाया </W><W> गया। </W><W> शिन्हुआ </W><W> समाचार </W><W> एजेंसी </W><W> की </W><W> रपट </W><W> के </W><W> अनुसार </W><W> चक्रवात </W><W> के </W><W> कारण </W><W> घायल </W><W> लोगों </W><W> को </W><W> चिकित्सा </W><W> के </W><W> लिए </W><W> स्थानीय </W><W> अस्पताल </W><W> में </W><W> भर्ती </W><W> कराया </W><W> गया </W><W> है। </W><W> चक्रवात </W><W> के </W><W> बाद </W><W> राहत </W><W> एवं </W><W> बचाव </W><W> अभियान </W><W> की </W><W> देखरेख </W><W> प्रांत </W><W> के </W><W> उपराज्यपाल </W><W> कर </W><W> रहे </W><W> हैं। </W></P></DOCUMENT>