<?xml version="1.0" encoding="UTF-8"?>
<DOCUMENT><P><W> navbharat_2002_4_24_9681003 </W></P><P><W> पूर्वी </W><W> उत्तर </W><W> प्रदेश </W><W> में </W><W> आए </W><W> तूफान </W><W> में </W><W> 20 </W><W> व्यक्ति </W><W> मरे </W></P><P><W> वाराणसी </W><W> (भाषा): </W><W> तीन </W><W> जिलों </W><W> में </W><CASUALTIES-ARG ID="12"><LINK EVENT_ARG="0" ID="13" TYPE_REL="EVENT_ARG"/><W> छह </W><W> और </W><W> मौतों </W></CASUALTIES-ARG><W> के </W><W> साथ </W><W> ही </W><PLACE-ARG ID="11"><LINK EVENT_ARG="0" ID="14" TYPE_REL="EVENT_ARG"/><W> उत्तरप्रदेश </W><W> के </W><W> विभिन्न </W><W> हिस्सों </W></PLACE-ARG><W> में </W><TIME-ARG ID="1"><LINK EVENT_ARG="0" ID="15" TYPE_REL="EVENT_ARG"/><W> शुक्रवार </W><W> की </W><W> रात </W></TIME-ARG><W> को </W><W> आए </W><NATURAL_EVENT ID="0" TYPE="STORM"><W> तूफान </W></NATURAL_EVENT><W> से </W><CASUALTIES-ARG ID="2"><LINK EVENT_ARG="0" ID="16" TYPE_REL="EVENT_ARG"/><W> मरने </W><W> वालों </W><W> की </W><W> संख्या </W><W> बढ़कर </W><W> बीस </W><W> तक </W><W> पहुंच </W><W> गई </W></CASUALTIES-ARG><W> हैं। </W><W> रविवार </W><W> को </W><W> देर </W><W> से </W><W> प्राप्त </W><W> हुई </W><W> रिपोर्टों </W><W> के </W><W> मुताबिक </W><W> बलिया </W><W> , </W><PLACE-ARG ID="3"><LINK EVENT_ARG="0" ID="17" TYPE_REL="EVENT_ARG"/><W> आजमगढ़ </W><W> और </W><W> गाजीपुर </W><W> जिलों </W></PLACE-ARG><W> में </W><AFTER_EFFECTS-ARG ID="4"><LINK EVENT_ARG="0" ID="18" TYPE_REL="EVENT_ARG"/><W> मकान </W><W> ढहने </W><W> की </W><W> घटनाओं </W></AFTER_EFFECTS-ARG><W> में </W><CASUALTIES-ARG ID="5"><LINK EVENT_ARG="0" ID="19" TYPE_REL="EVENT_ARG"/><W> छह </W><W> व्यक्तियों </W><W> की </W><W> मृत्यु </W></CASUALTIES-ARG><W> हो </W><W> गई। </W><W> इससे </W><W> पहले </W><W> सर्वाधिक </W><W> प्रभावित </W><PLACE-ARG ID="6"><LINK EVENT_ARG="0" ID="20" TYPE_REL="EVENT_ARG"/><W> संत </W><W> कबीर </W><W> नगर </W><W> जिले </W></PLACE-ARG><W> में </W><CASUALTIES-ARG ID="7"><LINK EVENT_ARG="0" ID="21" TYPE_REL="EVENT_ARG"/><W> 14 </W><W> लोग </W><W> मारे </W><W> गए </W></CASUALTIES-ARG><W> थे। </W><REASON-ARG ID="8"><LINK EVENT_ARG="0" ID="22" TYPE_REL="EVENT_ARG"/><W> तेज </W><W> हवाओं </W></REASON-ARG><W> से </W><W> कई </W><W> स्थानों </W><W> पर </W><AFTER_EFFECTS-ARG ID="9"><LINK EVENT_ARG="0" ID="23" TYPE_REL="EVENT_ARG"/><W> पेड़ों </W><W> और </W><W> बिजली </W><W> तथा </W><W> टेलीफोन </W><W> के </W><W> खम्भों </W><W> के </W><W> उखड़ </W></AFTER_EFFECTS-ARG><W> जाने </W><W> से </W><W> क्षेत्र </W><W> में </W><AFTER_EFFECTS-ARG ID="10"><LINK EVENT_ARG="0" ID="24" TYPE_REL="EVENT_ARG"/><W> संचार </W><W> व्यवस्था </W><W> बुरी </W><W> तरह </W><W> से </W><W> प्रभावित </W></AFTER_EFFECTS-ARG><W> हुई </W><W> है। </W></P></DOCUMENT>