<?xml version="1.0" encoding="UTF-8"?>
<DOCUMENT><P><W> navbharat_2003_9_3_57547685 </W></P><P><W> भीषण </W><W> तूफाने </W><W> हांगकांग </W><W> में </W><W> कोहराम </W><W> मचाया, </W><W> उडानें </W><W> प्रभावित </W></P><P><W> हांगकांग </W><W> (रॉयटर): </W><PLACE-ARG ID="10"><LINK EVENT_ARG="0" ID="12" TYPE_REL="EVENT_ARG"/><W> हांगकांग </W></PLACE-ARG><W> में </W><TIME-ARG ID="11"><LINK EVENT_ARG="0" ID="13" TYPE_REL="EVENT_ARG"/><W> मंगलवार </W><W> रात </W></TIME-ARG><W> आए </W><W> प्रचंड </W><NATURAL_EVENT ID="0" TYPE="STORM"><W> तूफान </W></NATURAL_EVENT><W> में </W><CASUALTIES-ARG ID="8"><LINK EVENT_ARG="0" ID="14" TYPE_REL="EVENT_ARG"/><W> 22 </W><W> लोगों </W><W> के </W><W> घायल </W></CASUALTIES-ARG><W> होने </W><W> की </W><W> खबर </W><W> है। </W><W> पिछले </W><W> चार </W><W> वर्षों </W><W> में </W><W> यह </W><W> अब </W><W> तक </W><W> का </W><W> भीषण </W><NATURAL_EVENT ID="2" TYPE="STORM"><EVENT-COREF-LINK EVENT_ID="0" ID="22" TYPE_REL="EVENT_COREF"/><W> तूफान </W></NATURAL_EVENT><W> था </W><W> हालांकि </W><W> इसमें </W><W> किसी </W><W> बड़े </W><W> नुकसान </W><W> की </W><W> खबर </W><W> नहीं </W><W> है। </W><W> हांगकांग </W><W> वेधशाला </W><W> के </W><W> प्रवक्ता </W><W> ने </W><W> बताया </W><W> कि </W><W> कल </W><W> रात </W><W> पूरा </W><W> क्षेत्र </W><W> इस </W><NATURAL_EVENT ID="1" TYPE="STORM"><EVENT-COREF-LINK EVENT_ID="2" ID="21" TYPE_REL="EVENT_COREF"/><W> तूफान </W></NATURAL_EVENT><W> की </W><W> चपेट </W><W> में </W><W> आते </W><W> आते </W><W> रह </W><W> गया </W><W> और </W><W> तूफानी </W><W> हवायें </W><W> यहां </W><W> से </W><W> 30 </W><W> किलोमीटर </W><W> दूर </W><W> ही </W><W> दूसरी </W><W> दिशा </W><W> में </W><W> चली </W><W> गई। </W><NATURAL_EVENT ID="3" TYPE="STORM"><EVENT-COREF-LINK EVENT_ID="1" ID="20" TYPE_REL="EVENT_COREF"/><W> तूफान </W></NATURAL_EVENT><W> की </W><W> प्रचंडता </W><W> का </W><W> अंदाजा </W><W> इसी </W><W> बात </W><W> से </W><W> लगाया </W><W> जा </W><W> सकता </W><W> है </W><W> कि </W><W> हांगकांग </W><W> सरकार </W><W> ने </W><W> आपदा </W><W> के </W><W> भीषण </W><W> संकेत </W><W> के </W><W> नौ </W><W> नम्बर </W><W> सायरन </W><W> को </W><W> बजा </W><W> दिया। </W><W> प्रवक्ता </W><W> ने </W><W> बताया </W><W> कि </W><NATURAL_EVENT ID="4" TYPE="STORM"><EVENT-COREF-LINK EVENT_ID="3" ID="19" TYPE_REL="EVENT_COREF"/><W> तूफान </W></NATURAL_EVENT><W> की </W><SPEED-ARG ID="9"><LINK EVENT_ARG="4" ID="15" TYPE_REL="EVENT_ARG"/><W> रफ्तार </W><W> 166 </W><W> किलोमीटर </W><W> प्रति </W><W> घंटा </W></SPEED-ARG><W> थी </W><W> और </W><W> पिछले </W><W> 24 </W><W> घंटों </W><W> में </W><W> 100 </W><W> मिलीमीटर </W><W> वर्षा </W><W> दर्ज </W><W> की </W><W> गई। </W><W> हालांकि </W><W> आज </W><W> सुबह </W><W> इस </W><W> सायरन </W><W> को </W><W> बंद </W><W> कर </W><W> दिया </W><W> गया </W><W> मगर </W><W> लोग </W><W> इस </W><NATURAL_EVENT ID="5" TYPE="STORM"><EVENT-COREF-LINK EVENT_ID="4" ID="18" TYPE_REL="EVENT_COREF"/><W> तूफान </W></NATURAL_EVENT><W> से </W><W> डरे </W><W> हुए </W><W> है। </W><W> हांगकांग </W><W> सरकार </W><W> के </W><W> प्रवक्ता </W><W> के </W><W> अनुसार </W><W> इसमें </W><CASUALTIES-ARG ID="7"><LINK EVENT_ARG="5" ID="16" TYPE_REL="EVENT_ARG"/><W> 22 </W><W> लोग </W><W> घायल </W></CASUALTIES-ARG><W> हुए </W><W> हैं </W><W> जिनमें </W><W> से </W><W> दो </W><W> को </W><W> गंभीर </W><W> हालत </W><W> में </W><W> अस्पताल </W><W> में </W><W> भर्ती </W><W> करा </W><W> दिया </W><W> गया </W><W> है। </W><NATURAL_EVENT ID="6" TYPE="STORM"><EVENT-COREF-LINK EVENT_ID="5" ID="17" TYPE_REL="EVENT_COREF"/><W> तूफान </W></NATURAL_EVENT><W> की </W><W> वजह </W><W> से </W><W> बिजली </W><W> आपूर्ति </W><W> ठप </W><W> हो </W><W> गई </W><W> जिसके </W><W> कारण </W><W> 260 </W><W> से </W><W> ज्यादा </W><W> विमान </W><W> उडॉने </W><W> प्रभावित </W><W> हुई। </W></P></DOCUMENT>