<?xml version="1.0" encoding="UTF-8"?>
<DOCUMENT><DESC/><DESC/><DESC/><DESC/><TIME>1411</TIME><P><W> navbharat_2004_5_10_668112 </W></P><P><W> गुजरात </W><W> तट </W><W> पर </W><W> तूफान </W><W> आने </W><W> की </W><W> आशंका </W></P><P><W> अहमदाबाद </W><W> (वार्ता): </W><PLACE-ARG ID="0"><LINK EVENT_ARG="1" ID="15" TYPE_REL="EVENT_ARG"/><W> गुजरात </W><W> तट </W></PLACE-ARG><W> पर </W><TIME-ARG ID="2"><LINK EVENT_ARG="1" ID="16" TYPE_REL="EVENT_ARG"/><W> आज </W><W> रात </W></TIME-ARG><SPEED-ARG ID="3"><LINK EVENT_ARG="1" ID="17" TYPE_REL="EVENT_ARG"/><W> 60 </W><W> से </W><W> 70 </W><W> किलोमीटर </W><W> की </W><W> रफ्तार </W></SPEED-ARG><W> से </W><NATURAL_EVENT ID="1" TYPE="STORM"><W> तूफान </W></NATURAL_EVENT><W> आने </W><W> की </W><W> आशंका </W><W> है। </W><W> मौसम </W><W> विभाग </W><W> के </W><W> निर्देशक </W><W> आर </W><W> के </W><W> कांकने </W><W> के </W><W> अनुसार </W><W> तूफान </W><W> गुजरात </W><W> तट </W><W> पर </W><W> सूरत </W><W> से </W><W> पोरबंदर </W><W> जिलों </W><W> के </W><W> बीच </W><W> कहीं </W><W> भी </W><W> आ </W><W> सकता </W><W> है। </W><W> श्री </W><W> कांकने </W><W> ने </W><W> बताया </W><W> कि </W><W> इस </W><W> समय </W><NATURAL_EVENT ID="5" TYPE="STORM"><EVENT-COREF-LINK EVENT_ID="1" ID="28" TYPE_REL="EVENT_COREF"/><W> चक्रवात </W></NATURAL_EVENT><W> का </W><W> केंद्र </W><EPICENTRE-ARG ID="4"><LINK EVENT_ARG="5" ID="18" TYPE_REL="EVENT_ARG"/><W> 19.0 </W><W> डिग्री </W><W> उत्तरी </W><W> अक्षांश </W><W> और </W><W> 70.0 </W><W> डिग्री </W><W> पूर्वी </W><W> अक्षांश </W><W> पर </W><W> जूनागढ़ </W><W> जिले </W><W> में </W><W> वेरावल </W><W> के </W><W> दक्षिण </W><W> से </W><W> 250 </W><W> किलोमीटर </W><W> दूर </W></EPICENTRE-ARG><W> है। </W><W> उनके </W><W> अनुसार </W><W> अगले </W><W> छह </W><W> घंटों </W><W> में </W><W> हालांकि </W><W> चक्रवाती </W><W> हवाएं </W><W> कुछ </W><W> कमजोर </W><W> होंगी। </W><W> कल </W><W> रात </W><PLACE-ARG ID="8"><LINK EVENT_ARG="5" ID="19" TYPE_REL="EVENT_ARG"/><W> जूनागढ-राजकोट </W><W> व </W><W> पोरबंदर </W><W> समेत </W><W> सौराष्ट्र </W><W> के </W><W> कई </W><W> जिलों </W></PLACE-ARG><W> में </W><AFTER_EFFECTS-ARG ID="9"><LINK EVENT_ARG="5" ID="20" TYPE_REL="EVENT_ARG"/><W> तेज </W><W> बारिश </W></AFTER_EFFECTS-ARG><W> हुई। </W><W> राज्य </W><W> के </W><W> दक्षिणी </W><W> हिस्से </W><W> में </W><W> भी </W><W> सामान्य </W><W> से </W><W> तेज </W><W> बारिश </W><W> हुई। </W><PLACE-ARG ID="14"><LINK EVENT_ARG="5" ID="21" TYPE_REL="EVENT_ARG"/><W> भरूच </W><W> जिले </W><W> के </W><W> कोठिया </W><W> गांव </W></PLACE-ARG><W> में </W><REASON-ARG ID="12"><LINK EVENT_ARG="5" ID="24" TYPE_REL="EVENT_ARG"/><PARTICIPANT-ARG ID="10"><LINK EVENT_ARG="5" ID="22" TYPE_REL="EVENT_ARG"/><W> एक </W><W> पेड़ </W></PARTICIPANT-ARG><W> के </W><PARTICIPANT-ARG ID="11"><LINK EVENT_ARG="5" ID="23" TYPE_REL="EVENT_ARG"/><W> एक </W><W> घर </W></PARTICIPANT-ARG><W> पर </W><W> गिरने </W></REASON-ARG><W> से </W><CASUALTIES-ARG ID="13"><LINK EVENT_ARG="5" ID="25" TYPE_REL="EVENT_ARG"/><W> एक </W><W> महिला </W><W> व </W><W> उसके </W><W> पांच </W><W> वर्षीय </W><W> बेटे </W><W> की </W><W> मौत </W></CASUALTIES-ARG><W> हो </W><W> गई। </W><W> अधिकारिक </W><W> सूत्रों </W><W> के </W><W> अनुसार </W><PLACE-ARG ID="7"><LINK EVENT_ARG="5" ID="26" TYPE_REL="EVENT_ARG"/><W> समुद्र </W><W> तट </W><W> के </W><W> निकट </W><W> बने </W></PLACE-ARG><AFTER_EFFECTS-ARG ID="6"><LINK EVENT_ARG="5" ID="27" TYPE_REL="EVENT_ARG"/><W> गांवों </W><W> में </W><W> कई </W><W> घर </W><W> क्षतिग्रस्त </W></AFTER_EFFECTS-ARG><W> हुए </W><W> हैं। </W></P></DOCUMENT>