<?xml version="1.0" encoding="UTF-8"?>
<DOCUMENT><P><W> navbharat_2004_5_22_691460 </W></P><P><W> बिहार </W><W> में </W><W> तूफान </W><W> से </W><W> 15 </W><W> से </W><W> अधिक </W><W> लोगों </W><W> की </W><W> मौत </W></P><P><W> पटना </W><W> (वार्ता): </W><PLACE-ARG ID="1"><LINK EVENT_ARG="0" ID="21" TYPE_REL="EVENT_ARG"/><W> बिहार </W></PLACE-ARG><W> में </W><TIME-ARG ID="2"><LINK EVENT_ARG="0" ID="20" TYPE_REL="EVENT_ARG"/><W> पिछले </W><W> दो </W><W> दिनों </W></TIME-ARG><W> के </W><W> दौरान </W><NATURAL_EVENT ID="0" TYPE="STORM"><W> आंधी </W><W> और </W><W> तूफान </W></NATURAL_EVENT><W> से </W><W> कम </W><W> से </W><W> कम </W><CASUALTIES-ARG ID="3"><LINK EVENT_ARG="0" ID="22" TYPE_REL="EVENT_ARG"/><W> 15 </W><W> लोगों </W><W> की </W><W> मौत </W></CASUALTIES-ARG><W> हो </W><W> गयी </W><W> है </W><W> तथा </W><CASUALTIES-ARG ID="4"><LINK EVENT_ARG="0" ID="23" TYPE_REL="EVENT_ARG"/><W> बड़ी </W><W> संख्या </W><W> में </W><W> मवेशियों </W><W> और </W><W> मकानों </W><W> को </W><W> क्षति </W><W> पहुंची </W></CASUALTIES-ARG><W> है। </W><PLACE-ARG ID="5"><LINK EVENT_ARG="0" ID="24" TYPE_REL="EVENT_ARG"/><W> पटना </W><W> समेत </W><W> राज्य </W><W> के </W><W> विभिन्न </W><W> हिस्सों </W></PLACE-ARG><W> में </W><AFTER_EFFECTS-ARG ID="6"><LINK EVENT_ARG="0" ID="25" TYPE_REL="EVENT_ARG"/><W> विद्युत </W><W> आपूर्ति </W><W> व्यवस्था </W><W> भी </W><W> बुरी </W><W> तरह </W><W> से </W><W> प्रभावित </W></AFTER_EFFECTS-ARG><W> हुई </W><W> है। </W><W> जिलों </W><W> से </W><W> प्राप्त </W><W> आधिकारिक </W><W> सूत्रों </W><W> के </W><W> अनुसार </W><PLACE-ARG ID="7"><LINK EVENT_ARG="0" ID="39" TYPE_REL="EVENT_ARG"/><W> पूर्णिया </W></PLACE-ARG><W> में </W><W> सर्वाधिक </W><CASUALTIES-ARG ID="8"><LINK EVENT_ARG="0" ID="26" TYPE_REL="EVENT_ARG"/><W> 13 </W><W> लोगों </W><W> की </W><W> मौत </W></CASUALTIES-ARG><W> हुई </W><W> है </W><W> जबकि </W><PLACE-ARG ID="10"><LINK EVENT_ARG="0" ID="27" TYPE_REL="EVENT_ARG"/><W> रोहतास </W><W> और </W><W> सुपौल </W></PLACE-ARG><W> जिले </W><W> में </W><CASUALTIES-ARG ID="9"><LINK EVENT_ARG="0" ID="28" TYPE_REL="EVENT_ARG"/><W> एक </W><W> एक </W><W> लोगों </W><W> की </W><W> मौत </W></CASUALTIES-ARG><W> हुई </W><W> है। </W><W> पूर्णिया </W><W> प्रमंडल </W><W> के </W><W> जन </W><W> प्रतिनिधियों </W><W> के </W><W> अनुसार </W><NATURAL_EVENT ID="11" TYPE="STORM"><EVENT-COREF-LINK EVENT_ID="0" ID="36" TYPE_REL="EVENT_COREF"/><W> तूफान </W></NATURAL_EVENT><W> से </W><W> कम </W><W> से </W><W> कम </W><CASUALTIES-ARG ID="12"><LINK EVENT_ARG="11" ID="29" TYPE_REL="EVENT_ARG"/><W> 25 </W><W> लोगों </W><W> की </W><W> मौत </W></CASUALTIES-ARG><W> हुई </W><W> है </W><W> और </W><AFTER_EFFECTS-ARG ID="13"><LINK EVENT_ARG="11" ID="30" TYPE_REL="EVENT_ARG"/><W> चार </W><W> सौ </W><W> से </W><W> अधिक </W><W> मकानों </W><W> को </W><W> क्षति </W></AFTER_EFFECTS-ARG><W> पहुंची </W><W> है। </W><W> इसके </W><W> अलावा </W><CASUALTIES-ARG ID="14"><LINK EVENT_ARG="11" ID="31" TYPE_REL="EVENT_ARG"/><W> पचास </W><W> से </W><W> अधिक </W><W> मवेशी </W><W> भी </W><W> मारे </W><W> गये </W></CASUALTIES-ARG><W> हैं। </W><W> आधिकारिक </W><W> सूत्रों </W><W> के </W><W> अनुसार </W><W> अनेक </W><W> स्थानों </W><W> पर </W><NATURAL_EVENT ID="15" TYPE="STORM"><EVENT-COREF-LINK EVENT_ID="0" ID="37" TYPE_REL="EVENT_COREF"/><W> तूफान </W></NATURAL_EVENT><W> की </W><SPEED-ARG ID="16"><LINK EVENT_ARG="15" ID="33" TYPE_REL="EVENT_ARG"/><W> रफ्तार </W><W> 180 </W><W> किलोमीटर </W><W> प्रति </W><W> घंटा </W><W> से </W><W> अधिक </W></SPEED-ARG><W> थी। </W><NATURAL_EVENT ID="17" TYPE="STORM"><EVENT-COREF-LINK EVENT_ID="0" ID="38" TYPE_REL="EVENT_COREF"/><W> आंधी </W><W> और </W><W> तूफान </W></NATURAL_EVENT><W> में </W><W> मृत </W><W> दस </W><W> लोगों </W><W> के </W><W> शव </W><W> पोस्टमार्टम </W><W> के </W><W> लिए </W><W> सदर </W><W> अस्पताल </W><W> में </W><W> लाए </W><W> गये </W><W> हैं। </W><W> इसके </W><W> अलावा </W><W> अमौर </W><W> , </W><W> कस्बा </W><W> और </W><W> बनमंखी </W><W> रेफरल </W><W> अस्पतालों </W><W> में </W><W> भी </W><W> कई </W><W> शवों </W><W> को </W><W> पोस्टमार्टम </W><W> के </W><W> लिए </W><W> लाया </W><W> गया </W><W> है। </W><W> जिले </W><W> के </W><W> जलालगढ़ </W><W> प्रखंड </W><W> में </W><W> सबसे </W><W> ज्यादा </W><W> चार </W><W> महिलाएं </W><W> और </W><CASUALTIES-ARG ID="18"><LINK EVENT_ARG="17" ID="34" TYPE_REL="EVENT_ARG"/><W> 11 </W><W> बच्चों </W><W> की </W><W> मौत </W><W> हुई </W></CASUALTIES-ARG><W> है </W><CASUALTIES-ARG ID="19"><LINK EVENT_ARG="17" ID="35" TYPE_REL="EVENT_ARG"/><W> मृतकों </W><W> में </W><W> पांच </W><W> एक </W><W> ही </W><W> परिवार </W><W> के </W><W> सदस्य </W></CASUALTIES-ARG><W> हैं। </W></P></DOCUMENT>