<?xml version="1.0" encoding="UTF-8"?>
<DOCUMENT><P><W> navbharat_2005_9_6_1222653 </W></P><P><W> कैटरीना </W><W> से </W><W> निपटने </W><W> में </W><W> नाकाम </W><W> रहने </W><W> का </W><W> आरोप </W></P><P><W> न्यू </W><W> यॉर्क </W><W> (भाषा) </W><W> : </W><MAGNITUDE-ARG ID="1"><LINK EVENT_ARG="0" ID="11" TYPE_REL="EVENT_ARG"/><W> कैटरीना </W></MAGNITUDE-ARG><NATURAL_EVENT ID="0" TYPE="STORM"><W> तूफान </W></NATURAL_EVENT><W> से </W><W> पीड़ित </W><W> लोगों </W><W> को </W><W> राहत </W><W> और </W><W> सहायता </W><W> पहुंचाने </W><W> में </W><W> देरी </W><W> के </W><W> लिए </W><W> कड़ी </W><W> आलोचना </W><W> झेल </W><W> रहे </W><W> अमेरिकी </W><W> राष्ट्रपति </W><W> जॉर्ज </W><W> बुश </W><W> ने </W><W> न्यू </W><W> ऑर्लियंस </W><W> का </W><W> दूसरी </W><W> बार </W><W> दौरा </W><W> किया। </W><NATURAL_EVENT ID="2" TYPE="STORM"><EVENT-COREF-LINK EVENT_ID="0" ID="12" TYPE_REL="EVENT_COREF"/><W> तूफान </W></NATURAL_EVENT><W> से </W><W> सबसे </W><W> ज्यादा </W><W> प्रभावित </W><PLACE-ARG ID="3"><LINK EVENT_ARG="2" ID="8" TYPE_REL="EVENT_ARG"/><W> न्यू </W><W> आर्लियंस </W></PLACE-ARG><W> में </W><CASUALTIES-ARG ID="4"><LINK EVENT_ARG="2" ID="9" TYPE_REL="EVENT_ARG"/><W> मरने </W><W> वालों </W><W> की </W><W> तादाद </W><W> 10 </W><W> हजार </W><W> से </W><W> ज्यादा </W></CASUALTIES-ARG><W> होने </W><W> का </W><W> अनुमान </W><W> है, </W><W> वहीं </W><PLACE-ARG ID="6"><W> लुसियाना </W></PLACE-ARG><W> में </W><CASUALTIES-ARG ID="5"><LINK EVENT_ARG="2" ID="10" TYPE_REL="EVENT_ARG"/><W> मृतकों </W><W> की </W><W> तादाद </W><W> 71 </W></CASUALTIES-ARG><W> है। </W><W> पूर्व </W><W> अमेरिकी </W><W> राष्ट्रपति </W><W> बिल </W><W> क्लिंटन </W><W> ने </W><W> बुश </W><W> प्रशासन </W><W> पर </W><W> आरोप </W><W> लगाया </W><W> है </W><W> कि </W><W> वह </W><W> कैटरीना </W><W> से </W><W> निपटने </W><W> में </W><W> पूरी </W><W> तरह </W><W> से </W><W> नाकाम </W><W> रहा। </W><W> उन्होंने </W><W> इसकी </W><W> जांच </W><W> संघीय </W><W> आयोग </W><W> से </W><W> कराने </W><W> की </W><W> मांग </W><W> की </W><W> है। </W><W> इस </W><W> बीच, </W><W> इंजीनियरों </W><W> ने </W><W> उन </W><W> तटबंधों </W><W> की </W><W> दो </W><W> दरारों </W><W> को </W><W> बंद </W><W> कर </W><W> दिया </W><W> है, </W><W> जिससे </W><W> बाढ़ </W><W> का </W><W> पानी </W><W> शहर </W><W> में </W><W> घुस </W><W> रहा </W><W> था। </W><W> बुश </W><W> ने </W><W> अपनी </W><W> यात्रा </W><W> के </W><W> दौरान </W><W> लुसियाना </W><W> के </W><W> गवर्नर </W><W> कैथलीन </W><W> ब्लान्को </W><W> और </W><W> राज्य </W><W> के </W><W> अन्य </W><W> सांसदों </W><W> से </W><W> मुलाकात </W><W> कर </W><W> स्थिति </W><W> की </W><W> समीक्षा </W><W> की। </W><W> न्यू </W><W> ऑर्लियंस </W><W> के </W><W> डिप्टी </W><W> चीफ </W><W> ऑफ </W><W> पुलिस </W><W> वॉरेन </W><W> रिले </W><W> ने </W><W> बताया </W><W> कि </W><W> लोगों </W><W> को </W><W> सलाह </W><W> दी </W><W> गई </W><W> है </W><W> कि </W><W> वे </W><W> यहां </W><W> से </W><W> चले </W><W> जाएं, </W><W> क्योंकि </W><W> शहर </W><W> पूरी </W><W> तरह </W><W> से </W><W> तबाह </W><W> हो </W><W> चुका </W><W> है। </W><W> उनके </W><W> मुताबिक, </W><W> लोगों </W><W> को </W><W> समझाने </W><W> की </W><W> कोशिश </W><W> की </W><W> जा </W><W> रही </W><W> है </W><W> कि </W><W> यहां </W><W> रुकने </W><W> की </W><W> कोई </W><W> वजह </W><W> नहीं </W><W> है, </W><W> क्योंकि </W><W> यहां </W><W> न </W><W> तो </W><W> नौकरी </W><W> है </W><W> और </W><W> न </W><W> ही </W><W> खाना। </W><W> अधिकारियों </W><W> ने </W><W> चेतावनी </W><W> दी </W><W> है </W><W> कि </W><W> शहर </W><W> से </W><W> तूफान </W><W> का </W><W> पानी </W><W> निकालने </W><W> में </W><W> कम-से-कम </W><W> तीन </W><W> महीने </W><W> का </W><W> वक्त </W><W> लगेगा। </W><W> सेना </W><W> की </W><W> तैनाती </W><W> के </W><W> बाद </W><W> शहर </W><W> में </W><W> कानून-व्यवस्था </W><W> की </W><W> स्थिति </W><W> में </W><W> सुधार </W><W> आया </W><W> है, </W><W> लेकिन </W><W> अभी </W><W> स्थिति </W><W> पूरी </W><W> तरह </W><W> से </W><W> सामान्य </W><W> होने </W><W> में </W><W> काफी </W><W> वक्त </W><W> लग </W><W> सकता </W><W> है। </W></P></DOCUMENT>