<?xml version="1.0" encoding="UTF-8"?>
<DOCUMENT><P><W> navbharat_2009_2_20_4157907 </W></P><P><PLACE-ARG ID="1"><LINK EVENT_ARG="5" ID="7" TYPE_REL="EVENT_ARG"/><W> छत्तीसगढ़ </W></PLACE-ARG><W> में </W><MAN_MADE_EVENT ID="5" TYPE="TERRORIST_ATTACK"><W> नक्सली </W><W> हमले </W></MAN_MADE_EVENT><W> में </W><CASUALTIES-ARG ID="2"><LINK EVENT_ARG="5" ID="6" TYPE_REL="EVENT_ARG"/><W> 3 </W><W> जवान </W><W> शहीद </W></CASUALTIES-ARG></P><P><W> रायपुर।। </W><PLACE-ARG ID="12"><LINK EVENT_ARG="8" ID="21" TYPE_REL="EVENT_ARG"/><W> छत्तीसगढ़ </W></PLACE-ARG><W> के </W><PLACE-ARG ID="13"><LINK EVENT_ARG="8" ID="20" TYPE_REL="EVENT_ARG"/><W> कांकेर </W><W> जिले </W></PLACE-ARG><W> के </W><W> सघन </W><W> जंगली </W><W> इलाके </W><PLACE-ARG ID="14"><LINK EVENT_ARG="8" ID="19" TYPE_REL="EVENT_ARG"/><W> महाकाल </W></PLACE-ARG><W> में </W><W> गुरुवार </W><W> को </W><MAN_MADE_EVENT ID="8" TYPE="TERRORIST_ATTACK"><W> नक्सली </W><W> हमले </W></MAN_MADE_EVENT><W> में </W><W> सीआरपीएफ </W><W> के </W><CASUALTIES-ARG ID="15"><LINK EVENT_ARG="8" ID="22" TYPE_REL="EVENT_ARG"/><W> तीन </W><W> जवान </W><W> शहीद </W></CASUALTIES-ARG><W> हो </W><W> गए </W><W> और </W><CASUALTIES-ARG ID="16"><LINK EVENT_ARG="8" ID="23" TYPE_REL="EVENT_ARG"/><W> नौ </W><W> घायल </W></CASUALTIES-ARG><W> हो </W><W> गए। </W><W> डीआईजी </W><W> के </W><W> मुताबिक, </W><PARTICIPANT-ARG ID="28"><LINK EVENT_ARG="9" ID="31" TYPE_REL="EVENT_ARG"/><W> नक्सलियों </W></PARTICIPANT-ARG><W> ने </W><W> घात </W><W> लगाकर </W><W> यह </W><MAN_MADE_EVENT ID="9" TYPE="TERRORIST_ATTACK"><EVENT-COREF-LINK EVENT_ID="8" ID="25" TYPE_REL="EVENT_COREF"/><W> हमला </W></MAN_MADE_EVENT><W> किया। </W><W> पहले </W><W> उन्होंने </W><MAN_MADE_EVENT ID="10" TYPE="NORMAL_BOMBING"><EVENT-COREF-LINK EVENT_ID="8" ID="26" TYPE_REL="EVENT_COREF"/><W> विस्फोट </W></MAN_MADE_EVENT><W> करके </W><W> ध्यान </W><W> बंटाने </W><W> की </W><W> कोशिश </W><W> की, </W><W> फिर </W><PARTICIPANT-ARG ID="29"><LINK EVENT_ARG="11" ID="32" TYPE_REL="EVENT_ARG"/><W> सीआरपीएफ </W></PARTICIPANT-ARG><W> और </W><PARTICIPANT-ARG ID="30"><LINK EVENT_ARG="11" ID="33" TYPE_REL="EVENT_ARG"/><W> जिला </W><W> पुलिस </W></PARTICIPANT-ARG><W> की </W><W> साझा </W><W> पेट्रोलिंग </W><W> टीम </W><W> पर </W><W> अंधाधुंध </W><MAN_MADE_EVENT ID="11" TYPE="SHOOT_OUT"><EVENT-COREF-LINK EVENT_ID="8" ID="27" TYPE_REL="EVENT_COREF"/><W> गोलीबारी </W></MAN_MADE_EVENT><W> शुरू </W><W> कर </W><W> दी। </W><W> टीम </W><W> में </W><W> सीआरपीएफ </W><W> की </W><W> 111वीं </W><W> बटालियन </W><W> के </W><W> जवान </W><W> थे। </W><W> गंभीर </W><W> रूप </W><W> से </W><CASUALTIES-ARG ID="17"><LINK EVENT_ARG="11" ID="24" TYPE_REL="EVENT_ARG"/><W> घायल </W><W> सात </W><W> जवानों </W></CASUALTIES-ARG><W> को </W><W> हेलिकॉप्टर </W><W> से </W><W> रायपुर </W><W> लाया </W><W> गया। </W><W> दो </W><W> जवानों </W><W> का </W><W> इलाज </W><W> कांकेर </W><W> के </W><W> अस्पताल </W><W> में </W><W> किया </W><W> जा </W><W> रहा </W><W> है। </W><W> उन्होंने </W><W> बताया </W><W> कि </W><W> हमले </W><W> के </W><W> दो </W><W> घंटे </W><W> के </W><W> अंदर </W><W> ही </W><W> घटनास्थल </W><W> पर </W><W> 100 </W><W> पुलिसकर्मियों </W><W> का </W><W> अतिरिक्त </W><W> दस्ता </W><W> भेज </W><W> दिया </W><W> गया </W><W> है। </W></P></DOCUMENT>