<?xml version="1.0" encoding="UTF-8"?>
<DOCUMENT><P><W> navbharat_2010_5_20_5953898 </W></P><P><W> 'लैला' </W><W> की </W><W> चपेट </W><W> में </W><W> आने </W><W> से </W><W> छह </W><W> की </W><W> मौत </W></P><P><W> बेंगलुरु।। </W><NATURAL_EVENT ID="0" TYPE="CYCLONE"><W> चक्रवाती </W><W> तूफान </W><W> लैला </W></NATURAL_EVENT><W> की </W><W> वजह </W><W> से </W><PLACE-ARG ID="2"><W> कर्नाटक </W><W> के </W><W> अलग-अलग </W><W> हिस्सों </W></PLACE-ARG><W> में </W><W> हो </W><W> रही </W><W> भारी </W><W> बारिश </W><W> से </W><CASUALTIES-ARG ID="1"><W> छह </W><W> लोगों </W><W> की </W><W> मौत </W><W> हो </W><W> गई। </W></CASUALTIES-ARG><NATURAL_EVENT ID="3" TYPE="CYCLONE"><W> तूफान </W></NATURAL_EVENT><W> को </W><W> देखते </W><W> हुए </W><W> राज्य </W><W> में </W><W> चेतावनी </W><W> जारी </W><W> कर </W><W> दी </W><W> गई </W><W> है। </W><W> आधिकारिक </W><W> सूत्रों </W><W> ने </W><W> बताया </W><W> कि </W><PLACE-ARG ID="4"><W> चित्रदुर्ग </W><W> जिले </W></PLACE-ARG><W> में </W><CASUALTIES-ARG ID="5"><W> तीन </W><W> व्यक्तियों </W><W> की </W><W> मौत </W></CASUALTIES-ARG><W> बिजली </W><W> गिरने </W><W> से </W><W> तथा </W><W> नारियल </W><W> का </W><W> पेड़ </W><W> गिर </W><W> जाने </W><W> से </W><CASUALTIES-ARG ID="6"><W> एक </W><W> की </W><W> मौत </W></CASUALTIES-ARG><W> हो </W><W> गई। </W><PLACE-ARG ID="7"><W> उडूपी </W><W> जिले </W><W> के </W><W> कुंदापुर </W></PLACE-ARG><W> में </W><CASUALTIES-ARG ID="8"><W> एक </W><W> अन्य </W><W> व्यक्ति </W><W> की </W><W> बिजली </W><W> गिरने </W><W> से </W><W> मौत </W></CASUALTIES-ARG><W> हो </W><W> गई। </W><W> उन्होंने </W><W> बताया </W><W> कि </W><PLACE-ARG ID="9"><W> बेल्लारी </W><W> जिले </W></PLACE-ARG><W> में </W><W> दीवार </W><W> गिर </W><W> जाने </W><W> से </W><CASUALTIES-ARG ID="10"><W> एक </W><W> व्यक्ति </W><W> की </W><W> मौत </W></CASUALTIES-ARG><W> हो </W><W> गई। </W><W> कर्नाटक </W><W> के </W><W> तटीय </W><W> इलाके </W><W> में </W><W> हाई </W><W> अलर्ट </W><W> घोषित </W><W> कर </W><W> दिया </W><W> गया </W><W> है। </W><W> मौसम </W><W> विभाग </W><W> के </W><W> डायरेक्टर </W><W> बी </W><W> पुट्टन्ना </W><W> ने </W><W> बताया </W><W> कि </W><W> यद्यपि </W><W> चक्रवात </W><W> का </W><W> असर </W><W> बुधवार </W><W> से </W><W> ही </W><W> दिखाई </W><W> देने </W><W> लगा </W><W> है </W><W> फिर </W><W> भी </W><W> लैला </W><W> शुक्रवार </W><W> शाम </W><W> कर्नाटक </W><W> पहुंच </W><W> जाएगा। </W><W> इस </W><W> वजह </W><W> से </W><W> राज्य </W><W> में </W><W> भारी </W><W> बारिश </W><W> और </W><W> तूफानी </W><W> हवाएं </W><W> चलेंगी। </W></P></DOCUMENT>