<?xml version="1.0" encoding="UTF-8"?>
<DOCUMENT><DESC/><TIME>40</TIME><P><W> navbharat_2004_6_7_724350 </W></P><P><W> तूफान </W><W> और </W><W> भारी </W><W> वर्षा </W><W> ने </W><W> लाहौर </W><W> में </W><W> सात </W><W> की </W><W> जान </W><W> ली </W></P><P><W> लाहौर </W><W> (एपी): </W><PLACE-ARG ID="1"><LINK EVENT_ARG="0" ID="7" TYPE_REL="EVENT_ARG"/><W> पाकिस्तान </W><W> की </W><W> सांस्कृतिक </W><W> राजधानी </W><W> लाहौर </W><W> शहर </W></PLACE-ARG><W> में </W><W> चक्रवाती </W><NATURAL_EVENT ID="0" TYPE="STORM"><W> तूफान </W></NATURAL_EVENT><W> और </W><W> भारी </W><W> वर्षा </W><W> के </W><W> चलते </W><W> कम </W><W> से </W><W> कम </W><CASUALTIES-ARG ID="2"><LINK EVENT_ARG="0" ID="8" TYPE_REL="EVENT_ARG"/><W> सात </W><W> लोगों </W><W> की </W><W> मौत </W></CASUALTIES-ARG><W> हो </W><W> गई </W><W> और </W><AFTER_EFFECTS-ARG ID="3"><LINK EVENT_ARG="0" ID="9" TYPE_REL="EVENT_ARG"/><W> अनेक </W><W> मकान </W><W> क्षतिग्रस्त </W></AFTER_EFFECTS-ARG><W> हो </W><W> गए। </W><W> लाहौर </W><W> के </W><W> पुलिस </W><W> प्रमुख </W><W> आफताब </W><W> चीमा </W><W> ने </W><W> बताया </W><W> कि </W><W> रविवार </W><W> को </W><W> चक्रवाती </W><W> तूफान </W><W> के </W><W> कारण </W><W> शहर </W><W> के </W><PLACE-ARG ID="5"><LINK EVENT_ARG="0" ID="10" TYPE_REL="EVENT_ARG"/><W> गाजियाबाद </W><W> झुग्गी </W><W> इलाके </W></PLACE-ARG><W> में </W><REASON-ARG ID="6"><LINK EVENT_ARG="0" ID="11" TYPE_REL="EVENT_ARG"/><W> मिट्टी </W><W> के </W><W> एक </W><W> घर </W><W> गिर </W><W> जाने </W></REASON-ARG><W> से </W><CASUALTIES-ARG ID="4"><LINK EVENT_ARG="0" ID="12" TYPE_REL="EVENT_ARG"/><W> तीन </W><W> औरतों </W><W> की </W><W> मौत </W></CASUALTIES-ARG><W> हो </W><W> गई </W><W> । </W><W> चीमा </W><W> ने </W><W> बताया </W><W> कि </W><W> शहर </W><W> के </W><W> अन्य </W><W> स्थानों </W><W> से </W><W> चक्रवाती </W><NATURAL_EVENT ID="17" TYPE="STORM"><EVENT-COREF-LINK EVENT_ID="0" ID="20" TYPE_REL="EVENT_COREF"/><W> तूफान </W></NATURAL_EVENT><W> के </W><W> कारण </W><CASUALTIES-ARG ID="18"><LINK EVENT_ARG="17" ID="19" TYPE_REL="EVENT_ARG"/><W> चार </W><W> अन्य </W><W> लोगों </W><W> के </W><W> भी </W><W> मारे </W><W> जाने </W></CASUALTIES-ARG><W> की </W><W> रिपोर्ट </W><W> मिली </W><W> है। </W><W> उन्होंने </W><W> बताया </W><W> कि </W><NATURAL_EVENT ID="13" TYPE="STORM"><EVENT-COREF-LINK EVENT_ID="0" ID="16" TYPE_REL="EVENT_COREF"/><W> तूफान </W></NATURAL_EVENT><W> के </W><W> चलते </W><W> बिजली </W><W> के </W><W> खंभे </W><W> गिर </W><W> गए </W><W> जिससे </W><W> शहर </W><W> में </W><W> अंधेरा </W><W> छा </W><W> गया </W><W> और </W><AFTER_EFFECTS-ARG ID="14"><LINK EVENT_ARG="13" ID="15" TYPE_REL="EVENT_ARG"/><W> संचार </W><W> व्यवस्था </W><W> में </W><W> बाधा </W></AFTER_EFFECTS-ARG><W> आई। </W><W> बाद </W><W> में </W><W> विद्युत </W><W> आपूर्ति </W><W> बहाल </W><W> कर </W><W> ली </W><W> गई। </W><W> अधिकारी </W><NATURAL_EVENT ID="21" TYPE="STORM"><EVENT-COREF-LINK EVENT_ID="0" ID="22" TYPE_REL="EVENT_COREF"/><W> तूफान </W></NATURAL_EVENT><W> के </W><W> कारण </W><W> होने </W><W> वाली </W><W> क्षति </W><W> का </W><W> आकलन </W><W> कर </W><W> रहे </W><W> हैं। </W></P></DOCUMENT>