<?xml version="1.0" encoding="UTF-8"?>
<DOCUMENT><P><W> navbharat_2009_3_30_4332845 </W></P><P><PLACE-ARG ID="1"><W> लाहौर </W></PLACE-ARG><W> में </W><PARTICIPANT-ARG ID="2"><W> सुरक्षाबलों </W></PARTICIPANT-ARG><W> ने </W><PLACE-ARG ID="0"><W> पुलिस </W><W> ट्रेनिंग </W><W> सेंटर </W></PLACE-ARG><W> पर </W><W> कब्जा </W><W> किया </W></P><P><W> लाहौर।। </W><TIME-ARG ID="25"><LINK EVENT_ARG="3" ID="50" TYPE_REL="EVENT_ARG"/><W> महीने </W><W> भर </W><W> में </W></TIME-ARG><PLACE-ARG ID="17"><LINK EVENT_ARG="3" ID="49" TYPE_REL="EVENT_ARG"/><W> लाहौर </W></PLACE-ARG><W> पर </W><W> यह </W><W> दूसरा </W><MAN_MADE_EVENT ID="3" TYPE="TERRORIST_ATTACK"><W> टेररिस्ट </W><W> अटैक </W></MAN_MADE_EVENT><W> है। </W><TIME-ARG ID="26"><LINK EVENT_ARG="4" ID="52" TYPE_REL="EVENT_ARG"/><W> 3 </W><W> मार्च </W></TIME-ARG><W> को </W><W> यहां </W><PARTICIPANT-ARG ID="29"><LINK EVENT_ARG="4" ID="51" TYPE_REL="EVENT_ARG"/><W> श्रीलंकाई </W><W> टीम </W></PARTICIPANT-ARG><W> पर </W><MAN_MADE_EVENT ID="4" TYPE="TERRORIST_ATTACK"><W> अटैक </W></MAN_MADE_EVENT><W> हुआ </W><W> था। </W><TIME-ARG ID="27"><LINK EVENT_ARG="5" ID="54" TYPE_REL="EVENT_ARG"/><W> सोमवार </W></TIME-ARG><W> को </W><PLACE-ARG ID="18"><LINK EVENT_ARG="5" ID="53" TYPE_REL="EVENT_ARG"/><W> पुलिस </W><W> ट्रेनिंग </W><W> स्कूल </W></PLACE-ARG><W> पर </W><W> फिदायीन </W><MAN_MADE_EVENT ID="5" TYPE="TERRORIST_ATTACK"><EVENT-COREF-LINK EVENT_ID="3" ID="90" TYPE_REL="EVENT_COREF"/><W> अटैक </W></MAN_MADE_EVENT><W> हुआ। </W><W> 8 </W><W> घंटे </W><W> तक </W><W> चली </W><MAN_MADE_EVENT ID="6" TYPE="ARMED_CONFLICTS"><EVENT-COREF-LINK EVENT_ID="3" ID="89" TYPE_REL="EVENT_COREF"/><W> मुठभेड़ </W></MAN_MADE_EVENT><W> के </W><W> बाद </W><W> पाकिस्तानी </W><PARTICIPANT-ARG ID="30"><LINK EVENT_ARG="6" ID="55" TYPE_REL="EVENT_ARG"/><W> सुरक्षाकर्मियों </W></PARTICIPANT-ARG><W> ने </W><W> ट्रेनिंग </W><W> सेंटर </W><W> पर </W><W> कब्जा </W><W> किया। </W><W> इस </W><W> घटना </W><W> ने </W><W> पाकिस्तान </W><W> के </W><W> लगातार </W><W> बेकाबू </W><W> होते </W><W> हालात </W><W> की </W><W> एक </W><W> और </W><W> बानगी </W><W> पेश </W><W> की। </W><W> वाघा </W><W> बॉर्डर </W><W> से </W><W> 12 </W><W> किलोमीटर </W><W> दूर </W><PLACE-ARG ID="21"><LINK EVENT_ARG="7" ID="56" TYPE_REL="EVENT_ARG"/><W> लाहौर </W></PLACE-ARG><W> के </W><PLACE-ARG ID="20"><LINK EVENT_ARG="7" ID="58" TYPE_REL="EVENT_ARG"/><W> मनावां </W></PLACE-ARG><W> स्थित </W><PLACE-ARG ID="19"><LINK EVENT_ARG="7" ID="59" TYPE_REL="EVENT_ARG"/><W> पुलिस </W><W> अकैडमी </W></PLACE-ARG><W> में </W><TIME-ARG ID="31"><LINK EVENT_ARG="7" ID="60" TYPE_REL="EVENT_ARG"/><W> सोमवार </W></TIME-ARG><TIME-ARG ID="32"><LINK EVENT_ARG="7" ID="61" TYPE_REL="EVENT_ARG"/><W> सुबह </W><W> 7 </W><W> बजे </W></TIME-ARG><W> पुलिस </W><W> की </W><W> यूनिफॉर्म </W><W> पहने </W><W> करीब </W><PARTICIPANT-ARG ID="33"><LINK EVENT_ARG="7" ID="62" TYPE_REL="EVENT_ARG"/><W> 10 </W><W> आतंकवादी </W></PARTICIPANT-ARG><W> गेट </W><W> पर </W><W> बैठे </W><CASUALTIES-ARG ID="63"><LINK EVENT_ARG="7" ID="68" TYPE_REL="EVENT_ARG"/><W> गार्ड </W></CASUALTIES-ARG><W> को </W><MAN_MADE_EVENT ID="7" TYPE="SHOOT_OUT"><EVENT-COREF-LINK EVENT_ID="3" ID="91" TYPE_REL="EVENT_COREF"/><W> मारते </W><W> हुए </W></MAN_MADE_EVENT><W> अंदर </W><W> घुसे। </W><W> उस </W><W> समय </W><W> वहां </W><W> पुलिसकमिर्यों </W><W> की </W><W> परेड </W><W> चल </W><W> रही </W><W> थी </W><W> , </W><W> जिस </W><W> पर </W><PARTICIPANT-ARG ID="35"><LINK EVENT_ARG="36" ID="70" TYPE_REL="EVENT_ARG"/><W> हमलावरों </W></PARTICIPANT-ARG><W> ने </W><W> अंधाधुंध </W><MAN_MADE_EVENT ID="36" TYPE="SHOOT_OUT"><EVENT-COREF-LINK EVENT_ID="3" ID="92" TYPE_REL="EVENT_COREF"/><W> फायरिंग </W></MAN_MADE_EVENT><W> और </W><PARTICIPANT-ARG ID="37"><LINK EVENT_ARG="36" ID="69" TYPE_REL="EVENT_ARG"/><W> ग्रेनेड </W></PARTICIPANT-ARG><W> फेंकना </W><W> शुरू </W><W> कर </W><W> दिया। </W><W> आधुनिक </W><W> हथियारों </W><W> से </W><W> लैस </W><W> आतंकवादियों </W><W> ने </W><W> पुलिस </W><W> ट्रेनिंग </W><W> स्कूल </W><W> के </W><W> करीब </W><W> 500 </W><W> पुलिसवालों </W><W> को </W><W> बंधक </W><W> बना </W><W> लिया। </W><W> सुरक्षा </W><W> बलों </W><W> से </W><W> आठ </W><W> घंटे </W><W> तक </W><W> यह </W><MAN_MADE_EVENT ID="8" TYPE="ARMED_CONFLICTS"><EVENT-COREF-LINK EVENT_ID="3" ID="93" TYPE_REL="EVENT_COREF"/><W> मुठभेड़ </W></MAN_MADE_EVENT><W> चली। </W><MAN_MADE_EVENT ID="9" TYPE="TERRORIST_ATTACK"><EVENT-COREF-LINK EVENT_ID="3" ID="94" TYPE_REL="EVENT_COREF"/><W> आतंकवादी </W><W> हमले </W></MAN_MADE_EVENT><W> में </W><CASUALTIES-ARG ID="64"><LINK EVENT_ARG="9" ID="71" TYPE_REL="EVENT_ARG"/><W> 27 </W><W> पुलिसकमिर्यों </W><W> की </W><W> मौत </W></CASUALTIES-ARG><W> हो </W><W> गई </W><W> , </W><W> जबकि </W><W> चार </W><W> आतंकवादी </W><W> मार </W><W> गिराए </W><W> गए। </W><CASUALTIES-ARG ID="65"><LINK EVENT_ARG="9" ID="72" TYPE_REL="EVENT_ARG"/><W> 6 </W><W> हमलावरों </W><W> को </W><W> जिंदा </W><W> पकड़ </W></CASUALTIES-ARG><W> लिया </W><W> गया। </W><W> तस्वीरों </W><W> में </W><W> : </W><W> पाक </W><W> में </W><W> आतंकियों </W><W> ने </W><W> बिछाईं </W><W> लाशें </W><W> अकैडमी </W><W> की </W><W> 3 </W><W> मंजिला </W><W> इमारत </W><W> में </W><MAN_MADE_EVENT ID="10" TYPE="TERRORIST_ATTACK"><EVENT-COREF-LINK EVENT_ID="3" ID="95" TYPE_REL="EVENT_COREF"/><W> आतंकवादी </W><W> हमले </W></MAN_MADE_EVENT><W> का </W><W> जवाब </W><W> देने </W><W> के </W><W> लिए </W><W> कमांडो </W><W> कार्रवाई </W><W> शुरू </W><W> हुई। </W><PARTICIPANT-ARG ID="39"><LINK EVENT_ARG="10" ID="73" TYPE_REL="EVENT_ARG"/><W> सुरक्षा </W><W> बलों </W></PARTICIPANT-ARG><W> ने </W><PARTICIPANT-ARG ID="38"><LINK EVENT_ARG="10" ID="74" TYPE_REL="EVENT_ARG"/><W> आतंकवादियों </W></PARTICIPANT-ARG><W> को </W><W> बाहर </W><W> निकालने </W><W> के </W><W> लिए </W><W> आंसू </W><W> गैस </W><W> के </W><W> गोले </W><W> छोड़े। </W><W> पाकिस्तान </W><W> के </W><W> इंटीरियर </W><W> मिनिस्टर </W><W> रहमान </W><W> मलिक </W><W> ने </W><W> बताया </W><W> कि </W><W> गिरफ्तार </W><PARTICIPANT-ARG ID="67"><LINK EVENT_ARG="10" ID="75" TYPE_REL="EVENT_ARG"/><W> 6 </W><W> आतंकवादियों </W></PARTICIPANT-ARG><W> में </W><W> से </W><W> एक </W><W> की </W><W> उम्र </W><W> 19-20 </W><W> साल </W><W> के </W><W> करीब </W><W> है </W><W> और </W><W> वह </W><W> पश्तो </W><W> बोलता </W><W> है। </W><W> अटैक </W><W> की </W><W> जांच </W><W> के </W><W> लिए </W><W> संयुक्त </W><W> जांच </W><W> टीम </W><W> बनाई </W><W> गई </W><W> है। </W><MAN_MADE_EVENT ID="11" TYPE="TERRORIST_ATTACK"><EVENT-COREF-LINK EVENT_ID="3" ID="96" TYPE_REL="EVENT_COREF"/><W> हमले </W></MAN_MADE_EVENT><W> के </W><W> दौरान </W><W> पाक </W><PARTICIPANT-ARG ID="40"><LINK EVENT_ARG="11" ID="76" TYPE_REL="EVENT_ARG"/><W> सुरक्षाबलों </W></PARTICIPANT-ARG><W> ने </W><W> पूरे </W><PLACE-ARG ID="22"><LINK EVENT_ARG="11" ID="77" TYPE_REL="EVENT_ARG"/><W> कंपाउंड </W></PLACE-ARG><W> को </W><W> घेर </W><W> लिया </W><W> , </W><W> दोनों </W><W> ओर </W><W> से </W><W> कई </W><W> घंटे </W><W> तक </W><MAN_MADE_EVENT ID="12" TYPE="ARMED_CONFLICTS"><EVENT-COREF-LINK EVENT_ID="3" ID="97" TYPE_REL="EVENT_COREF"/><W> फायरिंग </W></MAN_MADE_EVENT><W> हुई </W><W> , </W><W> जिसने </W><W> एक </W><W> झलक </W><W> में </W><PLACE-ARG ID="23"><LINK EVENT_ARG="13" ID="78" TYPE_REL="EVENT_ARG"/><W> मुंबई </W></PLACE-ARG><W> में </W><W> हुए </W><MAN_MADE_EVENT ID="13" TYPE="TERRORIST_ATTACK"><W> अटैक </W></MAN_MADE_EVENT><W> की </W><W> याद </W><W> दिला </W><W> दी। </W><W> हथियारों </W><W> से </W><W> लैस </W><W> वाहन </W><W> कंपाउंड </W><W> में </W><W> भेजे </W><W> गए </W><W> , </W><W> जबकि </W><W> हवाई </W><W> अटैक </W><W> के </W><W> लिए </W><W> हेलिकॉप्टर </W><W> भी </W><W> तैनात </W><W> किए </W><W> गए। </W><W> इस </W><W> दौरान </W><W> एक </W><PARTICIPANT-ARG ID="42"><LINK EVENT_ARG="10" ID="80" TYPE_REL="EVENT_ARG"/><W> आतंकवादी </W></PARTICIPANT-ARG><W> हेलिकॉप्टरों </W><W> की </W><W> ओर </W><W> बढ़ने </W><W> लगा </W><W> , </W><W> जिसे </W><PARTICIPANT-ARG ID="41"><LINK EVENT_ARG="10" ID="81" TYPE_REL="EVENT_ARG"/><W> सुरक्षा </W><W> बलों </W></PARTICIPANT-ARG><W> ने </W><W> धर </W><W> दबोचा। </W><W> एक </W><PARTICIPANT-ARG ID="44"><LINK EVENT_ARG="10" ID="82" TYPE_REL="EVENT_ARG"/><W> आतंकवादी </W></PARTICIPANT-ARG><PARTICIPANT-ARG ID="43"><LINK EVENT_ARG="10" ID="83" TYPE_REL="EVENT_ARG"/><W> सुरक्षाबलों </W></PARTICIPANT-ARG><W> पर </W><W> ग्रेनेड </W><W> फेंकते </W><W> हुए </W><W> पकड़ा </W><W> गया। </W><W> मलिक </W><W> ने </W><W> कहा </W><W> कि </W><W> इस </W><W> अटैक </W><W> में </W><PARTICIPANT-ARG ID="45"><LINK EVENT_ARG="10" ID="84" TYPE_REL="EVENT_ARG"/><W> लश्कर </W><W> - </W><W> ए </W><W> - </W><W> तैबा </W></PARTICIPANT-ARG><W> और </W><PARTICIPANT-ARG ID="46"><LINK EVENT_ARG="10" ID="85" TYPE_REL="EVENT_ARG"/><W> जैश </W><W> - </W><W> ए </W><W> - </W><W> मोहम्मद </W></PARTICIPANT-ARG><W> का </W><W> हाथ </W><W> हो </W><W> सकता </W><W> है। </W><W> फिलहाल </W><W> किसी </W><W> ग्रुप </W><W> ने </W><W> इसकी </W><W> जिम्मेदारी </W><W> नहीं </W><W> ली </W><W> है। </W><W> इस </W><MAN_MADE_EVENT ID="15" TYPE="TERRORIST_ATTACK"><EVENT-COREF-LINK EVENT_ID="3" ID="98" TYPE_REL="EVENT_COREF"/><W> अटैक </W></MAN_MADE_EVENT><W> से </W><W> ठीक </W><W> पहले </W><PLACE-ARG ID="24"><LINK EVENT_ARG="15" ID="86" TYPE_REL="EVENT_ARG"/><W> ट्रेनिंग </W><W> सेंटर </W></PLACE-ARG><W> में </W><W> 5 </W><MAN_MADE_EVENT ID="14" TYPE="NORMAL_BOMBING"><W> ब्लास्ट </W></MAN_MADE_EVENT><W> हुए। </W><MAN_MADE_EVENT ID="28" TYPE="TERRORIST_ATTACK"><EVENT-COREF-LINK EVENT_ID="3" ID="99" TYPE_REL="EVENT_COREF"/><W> हमले </W></MAN_MADE_EVENT><W> में </W><W> बचे </W><W> एक </W><PARTICIPANT-ARG ID="47"><LINK EVENT_ARG="16" ID="87" TYPE_REL="EVENT_ARG"/><W> पुलिसकर्मी </W></PARTICIPANT-ARG><W> ने </W><W> बताया </W><W> कि </W><W> ग्रेनेड </W><W> से </W><MAN_MADE_EVENT ID="16" TYPE="TERRORIST_ATTACK"><EVENT-COREF-LINK EVENT_ID="3" ID="100" TYPE_REL="EVENT_COREF"/><W> हमला </W></MAN_MADE_EVENT><W> करने </W><W> वाले </W><W> अधिकतर </W><PARTICIPANT-ARG ID="48"><LINK EVENT_ARG="16" ID="88" TYPE_REL="EVENT_ARG"/><W> आतंकवादियों </W></PARTICIPANT-ARG><W> की </W><W> दाढ़ी </W><W> थी। </W><W> वे </W><W> चुन </W><W> - </W><W> चुन </W><W> कर </W><W> निशाना </W><W> साध </W><W> रहे </W><W> थे। </W></P></DOCUMENT>