<?xml version="1.0" encoding="UTF-8"?>
<DOCUMENT><P><W> navbharat_2005_9_8_1224940 </W></P><P><W> कैटरीना </W><W> की </W><W> मार </W><W> से </W><W> 4 </W><W> लाख </W><W> लोग </W><W> हो </W><W> जाएंगे </W><W> बेरोजगार </W></P><P><W> वॉशिंगटन </W><W> (एजेंसियां): </W><PLACE-ARG ID="0"><LINK EVENT_ARG="1" ID="4" TYPE_REL="EVENT_ARG"/><W> अमेरिका </W><W> के </W><W> तटीय </W><W> क्षेत्र </W></PLACE-ARG><W> में </W><W> आए </W><W> भयंकर </W><NATURAL_EVENT ID="1" TYPE="STORM"><W> समुद्री </W><W> तूफान </W></NATURAL_EVENT><NAME-ARG ID="2"><LINK EVENT_ARG="1" ID="5" TYPE_REL="EVENT_ARG"/><W> 'कैटरीना' </W></NAME-ARG><W> के </W><W> कारण </W><AFTER_EFFECTS-ARG ID="3"><LINK EVENT_ARG="1" ID="6" TYPE_REL="EVENT_ARG"/><W> 4 </W><W> लाख </W><W> लोगों </W><W> को </W><W> नौकरी </W><W> से </W><W> हाथ </W><W> धोना </W><W> पड़ </W><W> सकता </W><W> है </W><W> और </W><W> अमेरिकी </W><W> अर्थव्यवस्था </W><W> के </W><W> विकास </W><W> दर </W><W> में </W><W> भी </W><W> गिरावट </W></AFTER_EFFECTS-ARG><W> आ </W><W> सकती </W><W> है। </W><W> अमेरिकी </W><W> कांग्रेस </W><W> द्वारा </W><W> तैयार </W><W> की </W><W> गई </W><W> एक </W><W> रिपोर्ट </W><W> के </W><W> मुताबिक </W><W> तटीय </W><W> क्षेत्रों </W><W> में </W><W> राहत </W><W> और </W><W> पुनर्वास </W><W> कार्यों </W><W> के </W><W> लिए </W><W> उन्हें </W><W> इस </W><W> संबंध </W><W> में </W><W> वाइट </W><W> हाउस </W><W> की </W><W> ओर </W><W> से </W><W> 50 </W><W> अरब </W><W> डॉलर </W><W> की </W><W> सहायता </W><W> राशि </W><W> जारी </W><W> करने </W><W> का </W><W> अनुरोध </W><W> प्राप्त </W><W> हो </W><W> सकता </W><W> है। </W><W> बुश </W><W> पहले </W><W> ही </W><W> 10.5 </W><W> अरब </W><W> डॉलर </W><W> की </W><W> सहायता </W><W> राशि </W><W> जारी </W><W> कर </W><W> चुके </W><W> हैं। </W><W> जॉर्ज </W><W> बुश </W><W> ने </W><W> सांसदों </W><W> से </W><W> कैटरीना </W><W> तूफान </W><W> से </W><W> जुड़े </W><W> राहत </W><W> और </W><W> बचाव </W><W> कार्यों </W><W> के </W><W> लिए </W><W> 51.8 </W><W> अरब </W><W> अमेरिकी </W><W> डॉलर </W><W> की </W><W> दूसरी </W><W> आपातकालीन </W><W> सहायता </W><W> को </W><W> मंजूरी </W><W> देने </W><W> के </W><W> लिए </W><W> कहा </W><W> है। </W><W> वाइट </W><W> हाउस </W><W> के </W><W> प्रवक्ता </W><W> ने </W><W> बताया </W><W> कि </W><W> हम </W><W> कैटरीना </W><W> से </W><W> प्रभावित </W><W> लोगों </W><W> की </W><W> सहायता </W><W> करने </W><W> में </W><W> कोई </W><W> कसर </W><W> नहीं </W><W> छोड़ </W><W> रहे </W><W> हैं </W><W> और </W><W> हमें </W><W> अतिरिक्त </W><W> सहायता </W><W> की </W><W> जरूरत </W><W> है। </W><W> बुश </W><W> ने </W><W> पिछले </W><W> सप्ताह </W><W> आपातकालीन </W><W> सहायता </W><W> जारी </W><W> करने </W><W> के </W><W> साथ </W><W> ही </W><W> कहा </W><W> था </W><W> कि </W><W> तूफान </W><W> से </W><W> हुई </W><W> तबाही </W><W> से </W><W> निपटने </W><W> के </W><W> लिए </W><W> यह </W><W> रकम </W><W> काफी </W><W> कम </W><W> है। </W><W> अमेरिकी </W><W> कांग्रेस </W><W> के </W><W> बजट </W><W> निर्माण </W><W> कार्यालय </W><W> (सीबीओ) </W><W> के </W><W> डायरेक्टर </W><W> ने </W><W> कहा </W><W> कि </W><W> इस </W><W> घटना </W><W> से </W><W> अमेरिकी </W><W> अर्थव्यवस्था </W><W> पर </W><W> काफी </W><W> असर </W><W> पड़ </W><W> सकता </W><W> है। </W><W> रिपोर्ट </W><W> में </W><W> कहा </W><W> गया </W><W> है </W><W> कि </W><W> कैटरीना </W><W> के </W><W> कारण </W><W> इस </W><W> वित्त </W><W> वर्ष </W><W> की </W><W> दूसरी </W><W> छमाही </W><W> में </W><W> अर्थव्यवस्था </W><W> के </W><W> विकास </W><W> की </W><W> दर </W><W> में </W><W> एक </W><W> प्रतिशत </W><W> तक </W><W> की </W><W> गिरावट </W><W> हो </W><W> सकती </W><W> है। </W><W> साथ </W><W> ही </W><W> 4 </W><W> लाख </W><W> लोगों </W><W> को </W><W> नौकरी </W><W> से </W><W> हाथ </W><W> धोना </W><W> पड़ </W><W> सकता </W><W> है। </W><W> उधर, </W><W> कैटरीना </W><W> से </W><W> प्रभावित </W><W> क्षेत्र </W><W> लूसियाना </W><W> में </W><W> मृतकों </W><W> की </W><W> बड़ी </W><W> संख्या </W><W> की </W><W> आशंका </W><W> को </W><W> देखते </W><W> हुए </W><W> शव </W><W> रखने </W><W> के </W><W> 25 </W><W> हजार </W><W> थैले </W><W> तैयार </W><W> किए </W><W> गए </W><W> हैं। </W><W> स्वास्थ्य </W><W> विभाग </W><W> के </W><W> एक </W><W> अधिकारी </W><W> ने </W><W> पत्रकारों </W><W> को </W><W> यह </W><W> जानकारी </W><W> दी। </W><W> कैटरीना </W><W> के </W><W> कारण </W><W> तबाह </W><W> हुए </W><W> न्यू </W><W> ऑलिएंज </W><W> शहर </W><W> में </W><W> स्थानीय </W><W> लोगों </W><W> ने </W><W> सरकार </W><W> के </W><W> निर्देश </W><W> के </W><W> बावजूद </W><W> शहर </W><W> खाली </W><W> करने </W><W> से </W><W> इनकार </W><W> कर </W><W> दिया </W><W> है। </W><W> यहां </W><W> के </W><W> पुलिस </W><W> प्रमुख </W><W> ने </W><W> बताया </W><W> कि </W><W> अभी </W><W> भी </W><W> हजारों </W><W> लोग </W><W> शहर </W><W> में </W><W> फंसे </W><W> हुए </W><W> हैं </W><W> और </W><W> वे </W><W> सरकारी </W><W> सहायता </W><W> का </W><W> इंतजार </W><W> कर </W><W> रहे </W><W> हैं। </W><W> तटवर्ती </W><W> शहर </W><W> में </W><W> तूफान </W><W> के </W><W> कारण </W><W> विषैले </W><W> हो </W><W> चुके </W><W> पानी </W><W> को </W><W> पंपों </W><W> की </W><W> सहायता </W><W> से </W><W> निकालने </W><W> का </W><W> प्रयास </W><W> किया </W><W> जा </W><W> रहा </W><W> है, </W><W> लेकिन </W><W> इस </W><W> प्रक्रिया </W><W> में </W><W> लगभग </W><W> 80 </W><W> दिन </W><W> लग </W><W> सकते </W><W> हैं। </W><W> स्थानीय </W><W> नागरिक </W><W> 58 </W><W> वर्षीय </W><W> रॉबर्ट </W><W> जॉनसन </W><W> ने </W><W> कहा </W><W> कि </W><W> मेरे </W><W> पास </W><W> कहीं </W><W> जाने </W><W> के </W><W> लिए </W><W> न </W><W> तो </W><W> पैसा </W><W> है </W><W> और </W><W> न </W><W> ही </W><W> मैं </W><W> जानता </W><W> हूं </W><W> कि </W><W> मैं </W><W> कहा </W><W> जाऊं। </W><W> अगर </W><W> शहर </W><W> के </W><W> मेयर </W><W> मुझे </W><W> घर </W><W> से </W><W> निकाल </W><W> बाहर </W><W> करने </W><W> के </W><W> लिए </W><W> खुद </W><W> आएंगे </W><W> तो </W><W> भी </W><W> मैं </W><W> इसका </W><W> विरोध </W><W> करूंगा। </W></P></DOCUMENT>