<?xml version="1.0" encoding="UTF-8"?>
<DOCUMENT><P><W> navbharat_2005_10_25_1274659 </W></P><P><W> विल्मा </W><W> से </W><W> तबाही,लाखों </W><W> घरों </W><W> में </W><W> बिजली </W><W> गुल </W></P><P><W> वॉशिंगटन </W><W> (वार्ता) </W><W> : </W><W> अटलांटिक </W><W> महासागर </W><W> में </W><W> उठा </W><W> समुद्री </W><NATURAL_EVENT ID="0" TYPE="STORM"><W> तूफान </W></NATURAL_EVENT><NAME-ARG ID="1"><LINK EVENT_ARG="0" ID="36" TYPE_REL="EVENT_ARG"/><W> विल्मा </W></NAME-ARG><TIME-ARG ID="2"><LINK EVENT_ARG="0" ID="37" TYPE_REL="EVENT_ARG"/><W> सोमवार </W><W> रात </W></TIME-ARG><PLACE-ARG ID="3"><LINK EVENT_ARG="0" ID="38" TYPE_REL="EVENT_ARG"/><W> अमेरिका </W><W> के </W><W> दक्षिण </W><W> तटीय </W><W> प्रांत </W><W> फ्लॉरिडा </W><W> के </W><W> दक्षिणी </W><W> हिस्सों </W></PLACE-ARG><W> तक </W><W> पहुंच </W><W> गया। </W><W> लगभग </W><SPEED-ARG ID="4"><LINK EVENT_ARG="0" ID="39" TYPE_REL="EVENT_ARG"/><W> 200 </W><W> किलोमीटर </W><W> प्रति </W><W> घंटे </W><W> की </W><W> रफ्तार </W></SPEED-ARG><W> से </W><W> आगे </W><W> बढ़ </W><W> रहे </W><W> इस </W><NATURAL_EVENT ID="5" TYPE="STORM"><EVENT-COREF-LINK EVENT_ID="0" ID="66" TYPE_REL="EVENT_COREF"/><W> तूफान </W></NATURAL_EVENT><W> से </W><PLACE-ARG ID="6"><LINK EVENT_ARG="5" ID="40" TYPE_REL="EVENT_ARG"/><W> अटलांटा </W><W> से </W><W> लेकर </W><W> फ्लॉरिडा </W><W> तक </W></PLACE-ARG><AFTER_EFFECTS-ARG ID="7"><LINK EVENT_ARG="5" ID="41" TYPE_REL="EVENT_ARG"/><W> लाखों </W><W> घरों </W><W> में </W><W> बिजली </W><W> सप्लाई </W><W> ठप </W><W> हो </W><W> गई </W></AFTER_EFFECTS-ARG><W> है। </W><NATURAL_EVENT ID="8" TYPE="STORM"><EVENT-COREF-LINK EVENT_ID="5" ID="65" TYPE_REL="EVENT_COREF"/><W> तूफान </W></NATURAL_EVENT><W> से </W><W> करीब </W><CASUALTIES-ARG ID="9"><LINK EVENT_ARG="8" ID="42" TYPE_REL="EVENT_ARG"/><W> 60 </W><W> लाख </W><W> लोग </W><W> प्रभावित </W></CASUALTIES-ARG><W> हुए </W><W> हैं। </W><W> पिछले </W><W> 15 </W><W> महीनों </W><W> में </W><W> अटलांटिक </W><W> महासागर </W><W> से </W><W> उठकर </W><W> अमेरिका </W><W> के </W><W> तटीय </W><W> इलाकों </W><W> तक </W><W> कहर </W><W> बरपाने </W><W> वाला </W><W> यह </W><W> आठवां </W><W> समुदी </W><W> तूफान </W><W> है। </W><W> इससे </W><W> पहले </W><NAME-ARG ID="13"><LINK EVENT_ARG="12" ID="44" TYPE_REL="EVENT_ARG"/><W> कैटरीना </W></NAME-ARG><W> और </W><NAME-ARG ID="14"><LINK EVENT_ARG="12" ID="45" TYPE_REL="EVENT_ARG"/><W> रीटा </W></NAME-ARG><NATURAL_EVENT ID="12" TYPE="STORM"><EVENT-COREF-LINK EVENT_ID="8" ID="64" TYPE_REL="EVENT_COREF"/><W> तूफान </W></NATURAL_EVENT><PLACE-ARG ID="15"><LINK EVENT_ARG="12" ID="46" TYPE_REL="EVENT_ARG"/><W> अमेरिका </W><W> के </W><W> अल्बामा </W><W> और </W><W> लुइसियाना </W><W> प्रांतों </W></PLACE-ARG><W> में </W><AFTER_EFFECTS-ARG ID="16"><LINK EVENT_ARG="12" ID="47" TYPE_REL="EVENT_ARG"/><W> भारी </W><W> तबाही </W><W> मचा </W><W> चुके </W></AFTER_EFFECTS-ARG><W> हैं। </W><W> दूसरी </W><W> ओर </W><NATURAL_EVENT ID="17" TYPE="STORM"><W> तूफान </W></NATURAL_EVENT><W> की </W><W> वजह </W><W> से </W><PLACE-ARG ID="18"><LINK EVENT_ARG="17" ID="48" TYPE_REL="EVENT_ARG"/><W> क्यूबा </W><W> की </W><W> राजधानी </W><W> हवाना </W></PLACE-ARG><W> में </W><W> भी </W><AFTER_EFFECTS-ARG ID="19"><LINK EVENT_ARG="17" ID="49" TYPE_REL="EVENT_ARG"/><NATURAL_EVENT ID="20" TYPE="FLOODS"><W> बाढ़ </W></NATURAL_EVENT><W> आ </W><W> गई </W></AFTER_EFFECTS-ARG><W> है। </W><NATURAL_EVENT ID="21" TYPE="STORM"><EVENT-COREF-LINK EVENT_ID="12" ID="62" TYPE_REL="EVENT_COREF"/><W> तूफान </W></NATURAL_EVENT><W> और </W><NATURAL_EVENT ID="22" TYPE="FLOODS"><W> बाढ़ </W></NATURAL_EVENT><W> से </W><PLACE-ARG ID="23"><LINK EVENT_ARG="21" ID="50" TYPE_REL="EVENT_ARG"/><W> क्यूबा </W></PLACE-ARG><W> में </W><CASUALTIES-ARG ID="24"><LINK EVENT_ARG="21" ID="51" TYPE_REL="EVENT_ARG"/><W> मरने </W><W> वालों </W><W> की </W><W> संख्या </W><W> अब </W><W> तक </W><W> करीब </W><W> 15 </W></CASUALTIES-ARG><W> हो </W><W> गई </W><W> है। </W><PLACE-ARG ID="25"><LINK EVENT_ARG="21" ID="52" TYPE_REL="EVENT_ARG"/><W> कैरिबियाई </W><W> देश </W><W> हैती </W><W> और </W><W> डोमिनिकन </W><W> रिपब्लिक </W></PLACE-ARG><W> में </W><W> उष्ण </W><W> कटिबंधीय </W><NATURAL_EVENT ID="26" TYPE="STORM"><EVENT-COREF-LINK EVENT_ID="21" ID="61" TYPE_REL="EVENT_COREF"/><W> तूफान </W></NATURAL_EVENT><NAME-ARG ID="27"><LINK EVENT_ARG="26" ID="53" TYPE_REL="EVENT_ARG"/><W> अल्फा </W></NAME-ARG><W> से </W><W> हो </W><W> रही </W><W> भारी </W><W> बारिश </W><W> की </W><W> वजह </W><W> से </W><W> कम </W><W> से </W><W> कम </W><CASUALTIES-ARG ID="28"><LINK EVENT_ARG="26" ID="54" TYPE_REL="EVENT_ARG"/><W> 11 </W><W> लोगों </W><W> की </W><W> मौत </W></CASUALTIES-ARG><W> हो </W><W> गई। </W><W> दोनों </W><W> देशों </W><W> के </W><W> अधिकारियों </W><W> ने </W><W> बताया </W><W> कि </W><NATURAL_EVENT ID="29" TYPE="STORM"><EVENT-COREF-LINK EVENT_ID="26" ID="60" TYPE_REL="EVENT_COREF"/><W> तूफान </W></NATURAL_EVENT><W> के </W><W> बाद </W><AFTER_EFFECTS-ARG ID="30"><LINK EVENT_ARG="29" ID="55" TYPE_REL="EVENT_ARG"/><NATURAL_EVENT ID="31" TYPE="LAND_SLIDE"><W> भूस्खलन </W></NATURAL_EVENT><W> और </W><W> उफनती </W><W> नदियों </W><W> से </W><W> सड़कें </W><W> जलमग्न </W><W> हो </W><W> गईं </W><W> और </W><W> कई </W><W> मकान </W><W> क्षतिग्रस्त </W></AFTER_EFFECTS-ARG><W> हो </W><W> गए। </W><NATURAL_EVENT ID="32" TYPE="STORM"><EVENT-COREF-LINK EVENT_ID="29" ID="59" TYPE_REL="EVENT_COREF"/><W> विल्मा </W></NATURAL_EVENT><W> की </W><W> वजह </W><W> से </W><PLACE-ARG ID="33"><LINK EVENT_ARG="32" ID="56" TYPE_REL="EVENT_ARG"/><W> फ्लॉरिडा </W></PLACE-ARG><W> में </W><TIME-ARG ID="34"><LINK EVENT_ARG="32" ID="57" TYPE_REL="EVENT_ARG"/><W> सोमवार </W></TIME-ARG><W> को </W><CASUALTIES-ARG ID="35"><LINK EVENT_ARG="32" ID="58" TYPE_REL="EVENT_ARG"/><W> 4 </W><W> चार </W><W> लोगों </W><W> के </W><W> मारे </W><W> जाने </W><W> की </W><W> खबर </W></CASUALTIES-ARG><W> है। </W><W> इसने </W><W> कैरिबियाई </W><W> द्वीपसमूह </W><W> में </W><W> भी </W><W> 17 </W><W> लोगों </W><W> की </W><W> जान </W><W> ली </W><W> थी। </W><W> अमेरिका </W><W> के </W><W> राष्ट्रपति </W><W> जॉर्ज </W><W> डब्ल्यू. </W><W> बुश </W><W> ने </W><W> विल्मा </W><W> प्रभावित </W><W> इलाकों </W><W> में </W><W> राहत </W><W> कार्यों </W><W> के </W><W> लिए </W><W> आपात </W><W> सहायता </W><W> राशि </W><W> जारी </W><W> कर </W><W> दी </W><W> है। </W><W> फ्लॉरिडा </W><W> पावर </W><W> एंड </W><W> लाइट </W><W> कंपनी </W><W> के </W><W> मुताबिक </W><W> बिजली </W><W> बहाल </W><W> करने </W><W> में </W><W> हफ्तों </W><W> लग </W><W> जाएंगे। </W><W> गवर्नर </W><W> जेब </W><W> बुश </W><W> ने </W><W> अभी </W><W> तक </W><W> सुरक्षित </W><W> स्थानों </W><W> पर </W><W> नहीं </W><W> जा </W><W> सके </W><W> लोगों </W><W> से </W><W> अपील </W><W> की </W><W> है </W><W> कि </W><W> वे </W><W> अपने </W><W> घरों </W><W> में </W><W> रहें। </W></P></DOCUMENT>