<?xml version="1.0" encoding="UTF-8"?>
<DOCUMENT><P><W> navbharat_2005_10_8_1256909 </W></P><P><W> कुछ </W><W> पल </W><W> के </W><W> लिए </W><W> दहशत </W><W> में </W><W> आ </W><W> गई </W><W> थी </W><W> दिल्ली </W></P><P><W> नगर </W><W> संवाददाता </W><W> नई </W><W> दिल्ली: </W><TIME-ARG ID="5"><LINK EVENT_ARG="0" ID="12" TYPE_REL="EVENT_ARG"/><W> 26 </W><W> जनवरी </W><W> 2001 </W></TIME-ARG><W> में </W><NATURAL_EVENT ID="0" TYPE="EARTHQUAKE"><W> भूकंप </W></NATURAL_EVENT><W> और </W><TIME-ARG ID="7"><LINK EVENT_ARG="1" ID="14" TYPE_REL="EVENT_ARG"/><W> 26 </W><W> दिसंबर </W><W> 2004 </W></TIME-ARG><W> के </W><NATURAL_EVENT ID="1" TYPE="TSUNAMI"><W> सूनामी </W></NATURAL_EVENT><W> के </W><W> बाद </W><W> एक </W><W> बार </W><W> फिर </W><W> 8 </W><W> का </W><W> अंक </W><W> दहशत </W><W> लेकर </W><W> आया। </W><TIME-ARG ID="8"><LINK EVENT_ARG="2" ID="15" TYPE_REL="EVENT_ARG"/><W> शनिवार </W></TIME-ARG><W> को </W><W> छुट्टी </W><W> और </W><NATURAL_EVENT ID="2" TYPE="EARTHQUAKE"><W> भूकंप </W></NATURAL_EVENT><W> का </W><W> समय </W><PLACE-ARG ID="4"><LINK EVENT_ARG="2" ID="16" TYPE_REL="EVENT_ARG"/><W> गुजरात </W></PLACE-ARG><W> के </W><W> सन् </W><TIME-ARG ID="6"><LINK EVENT_ARG="2" ID="17" TYPE_REL="EVENT_ARG"/><W> 2001 </W></TIME-ARG><W> के </W><W> विनाशकारी </W><NATURAL_EVENT ID="3" TYPE="EARTHQUAKE"><W> भूकंप </W></NATURAL_EVENT><W> जैसा </W><W> ही </W><W> था। </W><W> दिन </W><W> भर </W><W> लोग </W><W> पाताल </W><W> लोक </W><W> की </W><W> हलचलों </W><W> के </W><W> बारे </W><W> में </W><W> ही </W><W> चर्चा </W><W> कर </W><W> रहे </W><W> थे। </W><W> सप्ताहांत </W><W> में </W><PLACE-ARG ID="11"><LINK EVENT_ARG="3" ID="18" TYPE_REL="EVENT_ARG"/><W> राजधानी </W></PLACE-ARG><W> के </W><W> ज्यादातर </W><W> लोग </W><W> आराम </W><W> के </W><W> मूड </W><W> में </W><W> थे। </W><W> कोई </W><W> अखबार </W><W> पढ़ </W><W> रहा </W><W> था </W><W> तो </W><W> कोई </W><W> बाथरूम </W><W> में </W><W> था। </W><W> इस </W><W> अलसाई </W><W> सुबह </W><W> में </W><W> करीब </W><TIME-ARG ID="9"><LINK EVENT_ARG="10" ID="19" TYPE_REL="EVENT_ARG"/><W> 9:20 </W></TIME-ARG><W> बजे </W><NATURAL_EVENT ID="10" TYPE="EARTHQUAKE"><W> धरती </W><W> हिल </W><W> उठी। </W></NATURAL_EVENT><W> उस </W><W> वक्त </W><W> लोदी </W><W> कॉलोनी </W><W> में </W><W> रहने </W><W> वाले </W><W> बी. </W><W> एम. </W><W> शर्मा </W><W> आराम </W><W> कुर्सी </W><W> पर </W><W> बैठे </W><W> थे। </W><W> शर्मा </W><W> जी </W><W> चिल्लाते </W><W> हुए </W><W> घर </W><W> से </W><W> बाहर </W><W> की </W><W> ओर </W><W> दौड़े। </W><W> उनके </W><W> पीछे </W><W> परिवार </W><W> के </W><W> लोग </W><W> दहशत </W><W> में </W><W> बाहर </W><W> की </W><W> ओर </W><W> निकल </W><W> भागे। </W><W> बाहर </W><W> आकर </W><W> उन्होंने </W><W> देखा </W><W> तो </W><W> घर </W><W> के </W><W> दरवाजे </W><W> हिल </W><W> रहे </W><W> थे। </W><W> वसुंधरा </W><W> में </W><W> रहने </W><W> वाली </W><W> अग्रसेन </W><W> कॉलेज </W><W> की </W><W> बीएससी </W><W> द्वितीय </W><W> वर्ष </W><W> की </W><W> छात्रा </W><W> दीपसी </W><W> और </W><W> उनका </W><W> छोटा </W><W> भाई </W><W> नवदीप </W><W> सो </W><W> रहे </W><W> थे। </W><W> भूकंप </W><W> आते </W><W> ही </W><W> दोनों </W><W> हड़बड़ा </W><W> कर </W><W> उठ </W><W> गए। </W><W> रोहिणी </W><W> में </W><W> रहने </W><W> वाले </W><W> अशोक </W><W> जोशी </W><W> बाथरूम </W><W> में </W><W> थे। </W><W> उन्होंने </W><W> इस </W><W> भूकंप </W><W> को </W><W> बड़े </W><W> करीब </W><W> से </W><W> महसूस </W><W> किया। </W><W> जोशी </W><W> ने </W><W> बताया </W><W> कि </W><W> झटका </W><W> जबर्दस्त </W><W> था </W><W> और </W><W> उन्हें </W><W> करीब </W><W> 20 </W><W> सेकंड </W><W> तक </W><W> धरती </W><W> हिलती </W><W> हुई </W><W> नजर </W><W> आ </W><W> रही </W><W> थी। </W><W> सप्ताह </W><W> भर </W><W> की </W><W> भागदौड़ </W><W> के </W><W> बाद </W><W> पंडारा </W><W> रोड </W><W> के </W><W> सरकारी </W><W> फ्लैटों </W><W> में </W><W> रहने </W><W> वाले </W><W> पुलिस </W><W> अधिकारी </W><W> घरों </W><W> में </W><W> आराम </W><W> कर </W><W> रहे </W><W> थे। </W><W> झटके </W><W> लगते </W><W> ही </W><W> कई </W><W> अफसर </W><W> बाहर </W><W> आकर </W><W> खड़े </W><W> हो </W><W> गए। </W><W> वसंत </W><W> कुंज </W><W> में </W><W> रहने </W><W> वाले </W><W> राजीव </W><W> सिंह </W><W> ने </W><W> बताया </W><W> कि </W><W> सुबह </W><W> के </W><W> वक्त </W><W> उनके </W><W> घर </W><W> की </W><W> छत </W><W> पर </W><W> टंगा </W><W> पंखा </W><W> बंद </W><W> था। </W><W> झटका </W><W> लगते </W><W> ही </W><W> उनकी </W><W> नजर </W><W> ऊपर </W><W> गई </W><W> तो </W><W> पंखा </W><W> हिल </W><W> रहा </W><W> था। </W><W> उनके </W><W> मुताबिक </W><W> गुजरात </W><W> के </W><W> भूकंप </W><W> के </W><W> समय </W><W> दिल्ली </W><W> में </W><W> लगे </W><W> झटकों </W><W> के </W><W> मुकाबले </W><W> शनिवार </W><W> का </W><W> भूकंप </W><W> तेज </W><W> था। </W><W> भीकाजी </W><W> कामा </W><W> प्लेस </W><W> इलाके </W><W> में </W><W> मोहम्मदपुर </W><W> गांव </W><W> में </W><W> रहने </W><W> वाले </W><W> अरविंद </W><W> चतुर्वेदी </W><W> ने </W><W> बताया </W><W> कि </W><W> उनकी </W><W> तंग </W><W> गली </W><W> में </W><W> लोग </W><W> दौड़ </W><W> रहे </W><W> थे। </W><W> एक </W><W> एनसीआर </W><W> टीवी </W><W> के </W><W> न्यूज </W><W> स्टूडियो </W><W> में </W><W> बैठी </W><W> एंकर </W><W> ने </W><W> भूकंप </W><W> आते </W><W> ही </W><W> लाइव </W><W> टेलिकास्ट </W><W> के </W><W> दौरान </W><W> धरती </W><W> के </W><W> कंपन </W><W> के </W><W> बारे </W><W> में </W><W> बताया। </W><W> नारायणा </W><W> के </W><W> एक </W><W> घर </W><W> में </W><W> इस </W><W> चैनल </W><W> को </W><W> देख </W><W> रहे </W><W> लोग </W><W> यह </W><W> सुनने </W><W> के </W><W> दौरान </W><W> ही </W><W> घर </W><W> से </W><W> बाहर </W><W> निकल </W><W> गए। </W><W> जमरूदपुर </W><W> में </W><W> लोगों </W><W> ने </W><W> बिजली </W><W> के </W><W> तारों </W><W> को </W><W> हिलते </W><W> देखा। </W><W> कुछ </W><W> लोग </W><W> ऐसे </W><W> भी </W><W> थे, </W><W> जिन्हें </W><W> काफी </W><W> देर </W><W> बाद </W><W> भूकंप </W><W> की </W><W> जानकारी </W><W> मिली। </W><W> पूर्व </W><W> मिस </W><W> इंडिया </W><W> शेफाली </W><W> तलवार </W><W> उस </W><W> समय </W><W> डिफेंस </W><W> कॉलोनी </W><W> में </W><W> कार </W><W> ड्राइव </W><W> कर </W><W> रही </W><W> थी। </W><W> उन्हें </W><W> घर </W><W> आने </W><W> के </W><W> बाद </W><W> भूकंप </W><W> की </W><W> जानकारी </W><W> मिली। </W><W> भूकंप </W><W> का </W><W> पता </W><W> चलते </W><W> ही </W><W> सभी </W><W> लोग </W><W> अपने </W><W> परिजनों </W><W> और </W><W> रिश्तेदारों </W><W> की </W><W> खैरियत </W><W> जानने </W><W> के </W><W> लिए </W><W> फोन </W><W> घुमाते </W><W> दिखाई </W><W> दिए। </W><W> कुछ </W><W> देर </W><W> बाद </W><W> जब </W><W> लोगों </W><W> को </W><W> एहसास </W><W> हुआ </W><W> कि </W><W> दिल्ली </W><W> में </W><W> भूकंप </W><W> की </W><W> तीव्रता </W><W> ज्यादा </W><W> नहीं </W><W> थी, </W><W> तब </W><W> जाकर </W><W> लोगों </W><W> की </W><W> जान </W><W> में </W><W> जान </W><W> आई </W><W> लेकिन </W><W> फिर </W><W> भी </W><W> कुछ </W><W> लोग </W><W> घरों </W><W> के </W><W> अंदर </W><W> जाने </W><W> से </W><W> डर </W><W> रहे </W><W> थे। </W></P></DOCUMENT>