<?xml version="1.0" encoding="UTF-8"?>
<DOCUMENT><DESC/><TIME>12199</TIME><P><PARTICIPANT-ARG ID="1"><LINK EVENT_ARG="0" ID="4" TYPE_REL="EVENT_ARG"/><W> कैफियत </W><W> एक्सप्रेस </W><W> ट्रेन </W></PARTICIPANT-ARG><PARTICIPANT-ARG ID="2"><LINK EVENT_ARG="0" ID="5" TYPE_REL="EVENT_ARG"/><W> डंपर </W></PARTICIPANT-ARG><W> से </W><MAN_MADE_EVENT ID="0" TYPE="TRAIN_COLLISION"><EVENT-COREF-LINK EVENT_ID="11" ID="43" TYPE_REL="EVENT_COREF"/><W> टकराई, </W></MAN_MADE_EVENT><CASUALTIES-ARG ID="3"><LINK EVENT_ARG="0" ID="6" TYPE_REL="EVENT_ARG"/><W> 10 </W><W> डिब्बे </W><W> पलटे, </W><W> 40 </W><W> से </W><W> ज्यादा </W><W> यात्री </W><W> घायल </W></CASUALTIES-ARG></P><P><PLACE-ARG ID="7"><LINK EVENT_ARG="11" ID="44" TYPE_REL="EVENT_ARG"/><W> लखनऊ.  </W></PLACE-ARG><PARTICIPANT-ARG ID="9"><LINK EVENT_ARG="11" ID="30" TYPE_REL="EVENT_ARG"/><W>  आजमगढ़ </W><W> से </W><W> दिल्ली </W><W> जा </W><W> रही </W><W> कैफियत </W><W> एक्सप्रेस </W><W> ट्रेन </W></PARTICIPANT-ARG><PLACE-ARG ID="8"><LINK EVENT_ARG="11" ID="31" TYPE_REL="EVENT_ARG"/><W> औरेया </W><W> जिले </W><W> में </W><W> दिल्ली-हावड़ा </W><W> रेल </W><W> ट्रैक </W></PLACE-ARG><W> पर </W><W> एक </W><PARTICIPANT-ARG ID="10"><LINK EVENT_ARG="11" ID="32" TYPE_REL="EVENT_ARG"/><W> डंपर </W></PARTICIPANT-ARG><W> से </W><MAN_MADE_EVENT ID="11" TYPE="TRAIN_COLLISION"><W> टकरा </W><W> गई। </W></MAN_MADE_EVENT><W> एजेंसी </W><W> के </W><W> मुताबिक, </W><TIME-ARG ID="12"><LINK EVENT_ARG="20" ID="33" TYPE_REL="EVENT_ARG"/><W> मंगलवार-बुधवार </W><W> की </W><W> दरमियानी </W><W> रात </W><W> 2.40 </W><W> बजे </W></TIME-ARG><W> हुए </W><W> इस </W><TIME-ARG ID="20"><EVENT-COREF-LINK EVENT_ID="11" ID="28" TYPE_REL="EVENT_COREF"/><W> हादसे </W></TIME-ARG><W> में </W><CASUALTIES-ARG ID="14"><LINK EVENT_ARG="20" ID="34" TYPE_REL="EVENT_ARG"/><W> ट्रेन </W><W> के </W><W> इंजन </W><W> समेत </W><W> 10 </W><W> डिब्बे </W><W> पलट </W></CASUALTIES-ARG><W> जाने </W><W> से </W><CASUALTIES-ARG ID="15"><LINK EVENT_ARG="20" ID="35" TYPE_REL="EVENT_ARG"/><W> 80 </W><W> से </W><W> ज्यादा </W><W> लोग </W><W> जख्मी </W><W> हो </W></CASUALTIES-ARG><W> गए </W><W> हैं, </W><W> जिसमें </W><CASUALTIES-ARG ID="16"><LINK EVENT_ARG="20" ID="36" TYPE_REL="EVENT_ARG"/><W> 26 </W><W> की </W><W> हालत </W><W> नाजुक </W></CASUALTIES-ARG><W> बनी </W><W> हुई </W><W> है। </W><W> सभी </W><AFTER_EFFECTS-ARG ID="17"><LINK EVENT_ARG="20" ID="37" TYPE_REL="EVENT_ARG"/><W> जख्मियों </W><W> को </W><W> नजदीकी </W><W> हॉस्पिटल </W><W> में </W><W> एडमिट </W><W> कराया </W><W> गया </W></AFTER_EFFECTS-ARG><W> है। </W><W> सूचना </W><W> मिलते </W><W> ही </W><AFTER_EFFECTS-ARG ID="18"><LINK EVENT_ARG="20" ID="38" TYPE_REL="EVENT_ARG"/><W> रेलवे </W><W> प्रशासन </W><W> मौके </W><W> पर </W><W> पहुंचकर </W><W> राहत </W><W> कार्य </W><W> में </W><W> जुट </W><W> गया </W></AFTER_EFFECTS-ARG><W> है। </W><W> बता </W><W> दें </W><W> कि </W><TIME-ARG ID="19"><LINK EVENT_ARG="25" ID="39" TYPE_REL="EVENT_ARG"/><W> 19 </W><W> अगस्त </W></TIME-ARG><W> को </W><PLACE-ARG ID="21"><LINK EVENT_ARG="25" ID="40" TYPE_REL="EVENT_ARG"/><W> मुजफ्फरनगर </W><W> में </W><W> खतौली </W><W> के </W><W> पास </W></PLACE-ARG><PARTICIPANT-ARG ID="26"><LINK EVENT_ARG="25" ID="41" TYPE_REL="EVENT_ARG"/><W> उत्कल </W><W> एक्सप्रेस </W><W> के </W><W> 12 </W><W> डिब्बे </W></PARTICIPANT-ARG><MAN_MADE_EVENT ID="25" TYPE="TRAIN_COLLISION"><W> पटरी </W><W> से </W><W> उतर </W><W> गए </W></MAN_MADE_EVENT><W> थे। </W><MAN_MADE_EVENT ID="24" TYPE="TRAIN_COLLISION"><EVENT-COREF-LINK EVENT_ID="25" ID="29" TYPE_REL="EVENT_COREF"/><W> हादसे </W></MAN_MADE_EVENT><W> में </W><CASUALTIES-ARG ID="27"><LINK EVENT_ARG="24" ID="42" TYPE_REL="EVENT_ARG"/><W> 23 </W><W> लोगों </W><W> की </W><W> मौत </W></CASUALTIES-ARG><W> हो </W><W> गई </W><W> थी। ऐसे </W><W> हुआ </W><MAN_MADE_EVENT ID="49" TYPE="TRAIN_COLLISION"><EVENT-COREF-LINK EVENT_ID="11" ID="50" TYPE_REL="EVENT_COREF"/><W> हादसा... </W></MAN_MADE_EVENT></P><P><W>   </W></P><P><W> जानकारी </W><W> के </W><W> मुताबिक, </W><PLACE-ARG ID="47"><LINK EVENT_ARG="48" ID="76" TYPE_REL="EVENT_ARG"/><W> कानपुर </W><W> और </W><W> इटावा </W><W> के </W><W> बीच </W><W> आने </W><W> वाले </W><W> अछल्दा </W><W> रेलवे </W><W> स्टेशन </W><W> के </W><W> बीच </W><W> वीरपुर </W><W> गांव </W><W> के </W><W> पास </W></PLACE-ARG><W> यह </W><MAN_MADE_EVENT ID="48" TYPE="TRAIN_COLLISION"><EVENT-COREF-LINK EVENT_ID="11" ID="51" TYPE_REL="EVENT_COREF"/><W> हादसा </W></MAN_MADE_EVENT><W> हुआ </W><W> है। </W><W> यहां </W><W> एक </W><PARTICIPANT-ARG ID="80"><LINK EVENT_ARG="54" ID="81" TYPE_REL="EVENT_ARG"/><W> डंपर </W></PARTICIPANT-ARG><W> रेलवे </W><W> ट्रैक </W><W> को </W><W> पार </W><W> कर </W><W> रहा </W><W> था, </W><W> उसी </W><W> वक्त </W><W> तेज </W><W> रफ्तार </W><W> में </W><W> निकल </W><W> रही </W><PARTICIPANT-ARG ID="53"><LINK EVENT_ARG="54" ID="79" TYPE_REL="EVENT_ARG"/><W> कैफियत </W><W> एक्सप्रेस </W><W> ट्रेन </W></PARTICIPANT-ARG><W> उससे </W><MAN_MADE_EVENT ID="54" TYPE="TRAIN_COLLISION"><W> टकरा </W><W> गई, </W></MAN_MADE_EVENT><W> जिससे </W><W> करीब </W><CASUALTIES-ARG ID="56"><LINK EVENT_ARG="54" ID="82" TYPE_REL="EVENT_ARG"/><W> 10 </W><W> डिब्बे </W><W> पटरी </W><W> से </W><W> उतर </W><W> गए। </W></CASUALTIES-ARG></P><P><CASUALTIES-ARG ID="57"><LINK EVENT_ARG="54" ID="83" TYPE_REL="EVENT_ARG"/><W> 80 </W><W> घायलों </W></CASUALTIES-ARG><W> को </W><W> हॉस्पिटल </W><W> में </W><W> भर्ती </W><W> कराया </W><W> गया </W><W> है </W><W> और </W><W> मामूली </W><W> तौर </W><W> पर </W><W> घायल </W><W> हुए </W><W> लोगों </W><W> का </W><W> मौके </W><W> पर </W><W> ही </W><W> इलाज </W><W> किया </W><W> जा </W><W> रहा </W><W> है।  </W></P><P><W> रेलवे </W><W> ऑफिशियल्स </W><W> के </W><W> मुताबिक, </W><MAN_MADE_EVENT ID="58" TYPE="TRAIN_COLLISION"><EVENT-COREF-LINK EVENT_ID="54" ID="99" TYPE_REL="EVENT_COREF"/><W> हादसे </W></MAN_MADE_EVENT><W> में </W><W> अभी </W><W> तक </W><W> किसी </W><W> के </W><W> मारे </W><W> जाने </W><W> की </W><W> खबर </W><W> नहीं </W><W> है। </W><AFTER_EFFECTS-ARG ID="59"><LINK EVENT_ARG="58" ID="84" TYPE_REL="EVENT_ARG"/><W> अछल्दा </W><W> के </W><W> हेल्थ </W><W> सेंटर </W><W> पर </W><W> करीब </W><W> 50 </W><W> से </W><W> ज्यादा </W><W> मरीज </W><W> लाए </W><W> गए </W><W> हैं। </W></AFTER_EFFECTS-ARG><W> जबकि, </W><W> सेंटर </W><W> की </W><W> कैपेसिटी </W><W> 15 </W><W> से </W><W> 20 </W><W> मरीज </W><W> एक </W><W> साथ </W><W> देख </W><W> पाने </W><W> की </W><W> है। </W><W> अब </W><AFTER_EFFECTS-ARG ID="60"><LINK EVENT_ARG="58" ID="85" TYPE_REL="EVENT_ARG"/><W> कानपुर </W><W> और </W><W> इटावा </W><W> से </W><W> डॉक्टरों </W><W> की </W><W> टीम </W><W> को </W><W> बुलाया </W></AFTER_EFFECTS-ARG><W> गया </W><W> है।  </W></P><P><W> औरेया </W><MAN_MADE_EVENT ID="62" TYPE="TRAIN_COLLISION"><EVENT-COREF-LINK EVENT_ID="54" ID="100" TYPE_REL="EVENT_COREF"/><W> रेल </W><W> हादसे </W></MAN_MADE_EVENT><W> में </W><W> घायलों </W><W> के </W><W> इलाज </W><W> के </W><W> लिए </W><W> सैफई </W><W> मिनी </W><W> पीजीआई </W><W> ने </W><AFTER_EFFECTS-ARG ID="61"><LINK EVENT_ARG="62" ID="86" TYPE_REL="EVENT_ARG"/><W> इमरजेंसी </W><W> कंट्रोल </W><W> रूम </W><W> नंबर </W><W> 05688276566 जारी </W><W> किया </W><W> है। </W></AFTER_EFFECTS-ARG></P><P><W>   </W></P><P><AFTER_EFFECTS-ARG ID="63"><LINK EVENT_ARG="62" ID="87" TYPE_REL="EVENT_ARG"/><W> रेस्क्यू </W><W> ऑपरेशन </W></AFTER_EFFECTS-ARG><W> पूरा: </W><W> प्रिंस‍िपल </W><W> होम </W><W> सेक्रेटरी </W><W>   </W></P><P><W> प्रिंसिपल </W><W> सेक्रेटरी </W><W> होम </W><W> अरविंद </W><W> कुमार </W><W> ने </W><W> बताया, </W><PLACE-ARG ID="64"><LINK EVENT_ARG="66" ID="88" TYPE_REL="EVENT_ARG"/><W> ''मानव </W><W> रहित </W><W> रेलवे </W><W> क्रॉसिंग </W></PLACE-ARG><W> पर </W><PARTICIPANT-ARG ID="65"><LINK EVENT_ARG="66" ID="89" TYPE_REL="EVENT_ARG"/><W> कैफियत </W><W> एक्सप्रेस </W><W> (12225) </W></PARTICIPANT-ARG><W> का </W><MAN_MADE_EVENT ID="66" TYPE="TRAIN_COLLISION"><EVENT-COREF-LINK EVENT_ID="54" ID="101" TYPE_REL="EVENT_COREF"/><W> एक्सीडेंट </W></MAN_MADE_EVENT><W> हुआ </W><W> है। </W><W> एक </W><PARTICIPANT-ARG ID="67"><LINK EVENT_ARG="66" ID="90" TYPE_REL="EVENT_ARG"/><W> लोडर </W><W> (डंपर) </W><W> HR63 </W><W> B </W><W> 9175 </W></PARTICIPANT-ARG><W> ट्रैक </W><W> के </W><W> काम </W><W> के </W><W> लिए </W><W> बालू </W><W> लेकर </W><W> जा </W><W> रहा </W><W> था। </W><W> डंपर </W><W> पलटने </W><W> से </W><W> ये </W><W> ट्रैक </W><W> पर </W><W> आ </W><W> गया। </W><W> इसके </W><W> बाद </W><MAN_MADE_EVENT ID="68" TYPE="TRAIN_COLLISION"><EVENT-COREF-LINK EVENT_ID="54" ID="98" TYPE_REL="EVENT_COREF"/><W> हादसे </W></MAN_MADE_EVENT><W> में </W><CASUALTIES-ARG ID="69"><LINK EVENT_ARG="68" ID="91" TYPE_REL="EVENT_ARG"/><W> ट्रेन </W><W> की </W><W> 1 </W><W> बोगी </W><W> भी </W><W> पलट </W><W> गई, </W><W> जबकि </W><W> 3 </W><W> बोगियां </W><W> डिरेल </W><W> हुई </W><W> हैं। </W></CASUALTIES-ARG></P><P><W> ''कैजुअलिटी </W><W> की </W><W> कोई </W><W> खबर </W><W> नहीं </W><W> है। </W><W> डीएम </W><W> और </W><W> एसपी </W><W> स्पॉट </W><W> पर </W><W> हैं। </W><W> औरेया, </W><W> इटावा </W><W> और </W><W> कन्नौज </W><W> से </W><AFTER_EFFECTS-ARG ID="70"><LINK EVENT_ARG="68" ID="92" TYPE_REL="EVENT_ARG"/><W> एम्बुलेंस </W><W> की </W><W> गाड़ियां </W><W> मौके </W><W> पर </W><W> पहुंच </W><W> गई </W></AFTER_EFFECTS-ARG><W> हैं। </W><AFTER_EFFECTS-ARG ID="71"><LINK EVENT_ARG="68" ID="93" TYPE_REL="EVENT_ARG"/><W> NDRF </W><W> की </W><W> टीम </W><W> लखनऊ </W><W> से </W><W> रवाना </W></AFTER_EFFECTS-ARG><W> हो </W><W> गई </W><W> है।'' </W></P><P><W> ''रिपोर्ट्स </W><W> के </W><W> मुताबिक, </W><W> ट्रेन </W><W> के </W><CASUALTIES-ARG ID="72"><LINK EVENT_ARG="68" ID="94" TYPE_REL="EVENT_ARG"/><W> 2 </W><W> ड्राइवर </W><W> जख्मी </W></CASUALTIES-ARG><W> हुए </W><W> हैं। </W><W> 1 </W><W> के </W><W> सिर </W><W> में </W><W> चोट </W><W> लगी </W><W> है। </W><CASUALTIES-ARG ID="73"><LINK EVENT_ARG="68" ID="95" TYPE_REL="EVENT_ARG"/><W> 74 </W><W> पैसेंजर्स </W><W> को </W><W> हल्की </W><W> चोटें </W><W> आई </W></CASUALTIES-ARG><W> हैं, </W><W> जिसमें </W><CASUALTIES-ARG ID="74"><LINK EVENT_ARG="68" ID="96" TYPE_REL="EVENT_ARG"/><W> 4 </W><W> की </W><W> हालत </W><W> गंभीर </W></CASUALTIES-ARG><W> है। </W><W> 2 </W><W> को </W><W> इटावा </W><W> तो </W><W> 2 </W><W> लोगों </W><W> को </W><W> सैफई </W><W> रेफर </W><W> किया </W><W> गया </W><W> है। </W><W> फिलहाल </W><AFTER_EFFECTS-ARG ID="75"><LINK EVENT_ARG="68" ID="97" TYPE_REL="EVENT_ARG"/><W> रेस्क्यू </W><W> ऑपरेशन </W><W> पूरा </W><W> हो </W><W> गया </W><W> है। </W></AFTER_EFFECTS-ARG></P><P><W> एडीजी </W><W> कानपुर </W><W> अविनाश </W><W> चंद्र </W><W> ने </W><W> बताया, </W><TIME-ARG ID="102"><LINK EVENT_ARG="106" ID="109" TYPE_REL="EVENT_ARG"/><W> ''रात </W><W> 2 </W><W> बजकर </W><W> 40 </W><W> मिनट </W></TIME-ARG><W> पर </W><PARTICIPANT-ARG ID="103"><LINK EVENT_ARG="106" ID="110" TYPE_REL="EVENT_ARG"/><W> डंपर </W></PARTICIPANT-ARG><W> ट्रैक </W><W> पर </W><W> पलट </W><W> गया </W><W> और </W><TIME-ARG ID="104"><LINK EVENT_ARG="106" ID="111" TYPE_REL="EVENT_ARG"/><W> 2 </W><W> बजकर </W><W> 45 </W><W> मिनट </W></TIME-ARG><W> पर </W><PARTICIPANT-ARG ID="105"><LINK EVENT_ARG="106" ID="112" TYPE_REL="EVENT_ARG"/><W> कैफियत </W><W> एक्सप्रेस </W></PARTICIPANT-ARG><W> आ </W><W> गई। </W><W> 5 </W><W> मिनट </W><W> का </W><W> अंतराल </W><W> होने </W><W> के </W><W> कारण </W><REASON-ARG ID="107"><LINK EVENT_ARG="106" ID="113" TYPE_REL="EVENT_ARG"/><W> ट्रैक </W><W> खाली </W><W> नहीं </W><W> कराया </W><W> जा </W><W> सका </W></REASON-ARG><W> और </W><W> ये </W><MAN_MADE_EVENT ID="106" TYPE="TRAIN_COLLISION"><EVENT-COREF-LINK EVENT_ID="54" ID="108" TYPE_REL="EVENT_COREF"/><W> हादसा </W></MAN_MADE_EVENT><W> हो </W><W> गया।'' </W></P><P><W>   </W></P><P><AFTER_EFFECTS-ARG ID="114"><LINK EVENT_ARG="106" ID="115" TYPE_REL="EVENT_ARG"/><W> ट्रेन </W><W> का </W><W> रूट </W><W> क‍िया </W><W> गया </W><W> डायवर्ट  </W></AFTER_EFFECTS-ARG></P><P><AFTER_EFFECTS-ARG ID="116"><LINK EVENT_ARG="106" ID="118" TYPE_REL="EVENT_ARG"/><W> कानपुर-टुंडला </W><W> सेक्शन </W><W> की </W><W> सभी </W><W> पैसेंजर </W><W> ट्रेनों </W><W> को </W><W> कैंस‍िल </W><W> कर </W><W> द‍िया </W><W> गया </W></AFTER_EFFECTS-ARG><W> है। </W><W> वहीं, </W><W> दिल्ली </W><W> और </W><W> हावड़ा </W><W> के </W><W> मेन </W><W> लाइन </W><W> होने </W><W> की </W><W> वजह </W><W> से </W><AFTER_EFFECTS-ARG ID="117"><LINK EVENT_ARG="106" ID="119" TYPE_REL="EVENT_ARG"/><W> 7 </W><W> ट्रेनों </W><W> के </W><W> रूट </W><W> को </W><W> डायवर्ट </W><W> कर </W><W> द‍िया </W><W> गया </W></AFTER_EFFECTS-ARG><W> है। </W></P><P><W> स्टेशन </W><W> सुपर‍िटेंडेंट </W><W> आरपी </W><W> त्रिवेदी </W><W> ने </W><W> बताया </W><W> क‍ि </W><W> इस </W><MAN_MADE_EVENT ID="120" TYPE="TRAIN_COLLISION"><EVENT-COREF-LINK EVENT_ID="54" ID="121" TYPE_REL="EVENT_COREF"/><W> दुर्घटना </W></MAN_MADE_EVENT><W> की </W><W> वजह </W><W> से </W><AFTER_EFFECTS-ARG ID="122"><LINK EVENT_ARG="120" ID="124" TYPE_REL="EVENT_ARG"/><W> राजधानी, </W><W> शताब्दी </W><W> को </W><W> लखनऊ-मुरादाबाद </W><W> रुट </W><W> से </W><W> दिल्ली </W><W> भेजने </W><W> की </W><W> तैयारी </W></AFTER_EFFECTS-ARG><W> है। </W><W> वहीं, </W><AFTER_EFFECTS-ARG ID="123"><LINK EVENT_ARG="120" ID="125" TYPE_REL="EVENT_ARG"/><W> कुछ </W><W> ट्रेनों </W><W> को </W><W> कन्नौज, </W><W> फर्रुखाबाद </W><W> के </W><W> रास्ते </W><W> दिल्ली </W><W> भेजा </W><W> जाएगा। </W></AFTER_EFFECTS-ARG></P><P><W>   </W></P><P><W> स्पीड </W><W> में </W><W> थी </W><W> ट्रेन-सिग्नल </W><W> ग्रीन </W><W> मिला, </W><W> अचानक </W><W> ट्रक </W><W> टकराया: </W><W> ड्राइवर </W></P><P><W> ट्रेन </W><W> के </W><W> ड्राइवर </W><W> एसके </W><W> चौहान </W><W> के </W><W> मुताबिक, </W><W> कॉरिडोर </W><W> का </W><W> काम </W><W> चल </W><W> रहा </W><W> है। </W><W> ट्रेन </W><W> पूरी </W><W> रफ्तार </W><W> में </W><W> थी। </W><W> सारे </W><W> सिग्नल </W><W> ग्रीन </W><W> मिले। </W><W> एक </W><REASON-ARG ID="127"><LINK EVENT_ARG="126" ID="129" TYPE_REL="EVENT_ARG"/><W> ट्रक </W><W> बीच </W><W> ट्रैक </W><W> पर </W><W> आ </W><W> गया </W></REASON-ARG><W> और </W><MAN_MADE_EVENT ID="126" TYPE="TRAIN_COLLISION"><EVENT-COREF-LINK EVENT_ID="54" ID="128" TYPE_REL="EVENT_COREF"/><W> हादसा </W></MAN_MADE_EVENT><W> हो </W><W> गया। </W><W> (पूरी </W><W> खबर </W><W> पढ़ने </W><W> के </W><W> लिए </W><W> यहां </W><W> क्लिक </W><W> करें) </W></P><P><W>   </W></P><P><TIME-ARG ID="130"><LINK EVENT_ARG="131" ID="132" TYPE_REL="EVENT_ARG"/><W> इस </W><W> साल </W></TIME-ARG><W> हो </W><W> चुके </W><W> ये </W><W> बड़े </W><MAN_MADE_EVENT ID="131" TYPE="TRAIN_COLLISION"><W> रेल </W><W> हादसे </W></MAN_MADE_EVENT></P><P><TIME-ARG ID="135"><LINK EVENT_ARG="133" ID="139" TYPE_REL="EVENT_ARG"/><W> 19 </W><W> अगस्त </W><W> 2017: </W></TIME-ARG><W> पुरी </W><W> से </W><W> हरिद्वार </W><W> जाने </W><W> वाली </W><PARTICIPANT-ARG ID="136"><LINK EVENT_ARG="133" ID="140" TYPE_REL="EVENT_ARG"/><W> उत्कल </W><W> एक्सप्रेस </W></PARTICIPANT-ARG><PLACE-ARG ID="137"><LINK EVENT_ARG="133" ID="141" TYPE_REL="EVENT_ARG"/><W> यूपी </W><W> के </W><W> मुजफ्फरनगर </W><W> के </W><W> पास </W></PLACE-ARG><MAN_MADE_EVENT ID="133" TYPE="TRAIN_COLLISION"><W> दुर्घटनाग्रस्त </W></MAN_MADE_EVENT><W> हो </W><W> गई </W><W> थी। </W><W> इस </W><MAN_MADE_EVENT ID="134" TYPE="TRAIN_COLLISION"><EVENT-COREF-LINK EVENT_ID="133" ID="138" TYPE_REL="EVENT_COREF"/><W> हादसे </W></MAN_MADE_EVENT><W> में </W><W> 23 </W><W> लोग </W><W> मारे </W><W> गए </W><W> थे।  </W></P><P><TIME-ARG ID="143"><LINK EVENT_ARG="150" ID="151" TYPE_REL="EVENT_ARG"/><W> 21 </W><W> जनवरी </W><W> 2017: </W></TIME-ARG><PLACE-ARG ID="145"><LINK EVENT_ARG="150" ID="152" TYPE_REL="EVENT_ARG"/><W> कुनेरू </W><W> के </W><W> पास </W></PLACE-ARG><PARTICIPANT-ARG ID="144"><LINK EVENT_ARG="150" ID="153" TYPE_REL="EVENT_ARG"/><W> जगदलपुर-भुवनेश्वर </W><W> हीराखंड </W><W> एक्सप्रेस </W></PARTICIPANT-ARG><MAN_MADE_EVENT ID="150" TYPE="TRAIN_COLLISION"><W> पटरी </W><W> से </W><W> उतरी </W><W> गई </W></MAN_MADE_EVENT><W> थी। </W><W> इसमें </W><CASUALTIES-ARG ID="146"><LINK EVENT_ARG="150" ID="154" TYPE_REL="EVENT_ARG"/><W> 40 </W><W> से </W><W> ज्यादा </W><W> की </W><W> मौत </W><W> और </W><W> 68 </W><W> घायल </W></CASUALTIES-ARG><W> हो </W><W> गए </W><W> थे। </W><W>   </W></P><P><TIME-ARG ID="155"><LINK EVENT_ARG="158" ID="160" TYPE_REL="EVENT_ARG"/><W> 7 </W><W> मार्च, </W><W> 2017: </W></TIME-ARG><PLACE-ARG ID="156"><LINK EVENT_ARG="158" ID="161" TYPE_REL="EVENT_ARG"/><W>  मध्य </W><W> प्रदेश </W></PLACE-ARG><W> में </W><PARTICIPANT-ARG ID="157"><LINK EVENT_ARG="158" ID="162" TYPE_REL="EVENT_ARG"/><W> भोपाल-उज्जैन </W><W> पैसेंजर </W><W> ट्रेन </W></PARTICIPANT-ARG><W> में </W><MAN_MADE_EVENT ID="158" TYPE="NORMAL_BOMBING"><W> बम </W><W> फटा </W></MAN_MADE_EVENT><W> था, </W><W> जिसमें </W><CASUALTIES-ARG ID="159"><LINK EVENT_ARG="158" ID="163" TYPE_REL="EVENT_ARG"/><W> 10 </W><W> लोग </W><W> घायल </W></CASUALTIES-ARG><W> हो </W><W> गए </W><W> थे।  </W></P></DOCUMENT>