<?xml version="1.0" encoding="UTF-8"?>
<DOCUMENT><P><W> मुंबई </W><W> (जेएनएन)। </W><PLACE-ARG ID="8"><LINK EVENT_ARG="0" ID="26" TYPE_REL="EVENT_ARG"/><W> मुंबई </W></PLACE-ARG><W> के </W><PLACE-ARG ID="9"><LINK EVENT_ARG="0" ID="25" TYPE_REL="EVENT_ARG"/><W> विले </W><W> पार्ले </W><W> (वेस्‍ट) </W></PLACE-ARG><W> में </W><W> जेवीपीडी </W><W> स्‍कीम </W><W> के </W><W> तहत </W><PLACE-ARG ID="10"><LINK EVENT_ARG="0" ID="24" TYPE_REL="EVENT_ARG"/><W> निर्माणाधीन </W><W> बिडिंग </W><W> ‘प्रार्थना’ </W></PLACE-ARG><W> में </W><TIME-ARG ID="7"><LINK EVENT_ARG="0" ID="22" TYPE_REL="EVENT_ARG"/><W> बुधवार </W></TIME-ARG><TIME-ARG ID="6"><LINK EVENT_ARG="0" ID="21" TYPE_REL="EVENT_ARG"/><W> रात </W></TIME-ARG><MAN_MADE_EVENT ID="0" TYPE="FIRE"><W> आग </W><W> लगने </W></MAN_MADE_EVENT><W> से </W><CASUALTIES-ARG ID="16"><LINK EVENT_ARG="0" ID="23" TYPE_REL="EVENT_ARG"/><W> एक </W><W> बच्‍चे </W><W> समेत </W><W> पांच </W><W> श्रमिकों </W><W> की </W><W> मौत </W><W> हो </W><W> गयी। </W></CASUALTIES-ARG><W> करीब </W><CASUALTIES-ARG ID="17"><LINK EVENT_ARG="0" ID="27" TYPE_REL="EVENT_ARG"/><W> 11 </W><W> लोगों </W><W> को </W><W> घायलावस्‍था </W></CASUALTIES-ARG><W> में </W><W> नजदीक </W><W> के </W><W> अस्‍पताल </W><W> आर </W><W> एन </W><W> कूपर </W><W> में </W><W> भर्ती </W><W> कराया </W><W> गया। </W><W> डॉक्‍टरों </W><W> के </W><W> अनुसार </W><W> इनमें </W><W> से </W><W> करीब </W><CASUALTIES-ARG ID="18"><LINK EVENT_ARG="0" ID="28" TYPE_REL="EVENT_ARG"/><W> 8 </W><W> लोगों </W><W> की </W><W> हालत </W><W> गंभीर </W></CASUALTIES-ARG><W> है। </W><CASUALTIES-ARG ID="19"><LINK EVENT_ARG="1" ID="30" TYPE_REL="EVENT_ARG"/><W> कुछ </W><W> श्रमिक </W><W> अभी </W><W> भी </W><W> मलबे </W><W> में </W><W> दबे </W><W> हैं </W></CASUALTIES-ARG><W> जिनकी </W><W> तलाश </W><W> में </W><W> फायर </W><W> ब्रिगेड </W><W> टीम </W><W> जुटी </W><W> है। </W><CASUALTIES-ARG ID="20"><LINK EVENT_ARG="1" ID="29" TYPE_REL="EVENT_ARG"/><W> चार </W><W> लोग </W><W> अभी </W><W> भी </W><W> लापता </W></CASUALTIES-ARG><W> हैं। </W><MAN_MADE_EVENT ID="1" TYPE="FIRE"><EVENT-COREF-LINK EVENT_ID="0" ID="36" TYPE_REL="EVENT_COREF"/><W> घटना </W></MAN_MADE_EVENT><W> के </W><W> शिकार </W><W> हुए </W><W> लोगों </W><W> में </W><W> अधिकांश </W><W> पश्‍चिम </W><W> बंगाल </W><W> के </W><W> मजदूर </W><W> हैं। </W></P><P><W> इस </W><PLACE-ARG ID="11"><LINK EVENT_ARG="12" ID="31" TYPE_REL="EVENT_ARG"/><W> 13 </W><W> मंजिला </W><W> इमारत </W></PLACE-ARG><W> के </W><W> निचले </W><W> तल </W><W> से </W><W> शुरू </W><W> हुई </W><MAN_MADE_EVENT ID="12" TYPE="FIRE"><EVENT-COREF-LINK EVENT_ID="0" ID="38" TYPE_REL="EVENT_COREF"/><W> आग </W></MAN_MADE_EVENT><W> के </W><W> कारणों </W><W> का </W><W> पता </W><W> अभी </W><W> नहीं </W><W> चला </W><W> है। </W><W> लेकिन </W><W> संदेह </W><W> जताया </W><W> जा </W><W> रहा </W><W> है </W><W> कि </W><MAN_MADE_EVENT ID="13" TYPE="FIRE"><EVENT-COREF-LINK EVENT_ID="0" ID="37" TYPE_REL="EVENT_COREF"/><W> हादसे </W></MAN_MADE_EVENT><W> की </W><W> वजह </W><REASON-ARG ID="15"><LINK EVENT_ARG="13" ID="32" TYPE_REL="EVENT_ARG"/><W> एलपीजी </W><W> सिलिंडर </W><W> से </W><W> होने </W><W> वाला </W><W> लीकेज </W></REASON-ARG><W> रहा </W><W> होगा। </W></P><P><W> एक </W><W> प्रत्‍यक्षदर्शी </W><W> ने </W><W> बताया </W><W> कि </W><MAN_MADE_EVENT ID="2" TYPE="FIRE"><EVENT-COREF-LINK EVENT_ID="0" ID="39" TYPE_REL="EVENT_COREF"/><W> आग </W><W> लगने </W></MAN_MADE_EVENT><W> से </W><REASON-ARG ID="4"><LINK EVENT_ARG="2" ID="33" TYPE_REL="EVENT_ARG"/><W> पहले सिलिंडर </W><W> से </W><W> विस्‍फोट </W></REASON-ARG><W> की </W><W> तरह </W><W> की </W><W> आवाज </W><W> उसने </W><W> सुनी। </W><W> घटना </W><W> स्‍थल </W><W> पर </W><REASON-ARG ID="5"><LINK EVENT_ARG="2" ID="34" TYPE_REL="EVENT_ARG"/><W> क्षतिग्रस्‍त </W><W> एलपीजी </W><W> सिलिंडर </W><W> व </W><W> स्‍टोव </W><W> देखे </W><W> गए। </W></REASON-ARG><W> जुहू </W><W> पुलिस </W><W> स्‍टेशन </W><W> के </W><W> सीनियर </W><W> इंस्‍पेक्‍टर </W><W> सुनील </W><W> घोसलकर </W><W> ने </W><W> कहा, </W><MAN_MADE_EVENT ID="3" TYPE="FIRE"><EVENT-COREF-LINK EVENT_ID="0" ID="40" TYPE_REL="EVENT_COREF"/><W> ‘आग </W></MAN_MADE_EVENT><W> की </W><W> सूचना </W><W> मिलते </W><W> ही </W><W> फायर </W><W> ब्रिगेड </W><W> की </W><W> तीन </W><W> गाड़ियां </W><W> मौके </W><W> पर </W><W> पहुंच </W><W> गयी। </W><W> तुरंत </W><W> ही </W><MAN_MADE_EVENT ID="14" TYPE="FIRE"><EVENT-COREF-LINK EVENT_ID="0" ID="41" TYPE_REL="EVENT_COREF"/><W> आग </W></MAN_MADE_EVENT><W> पर </W><W> काबू </W><W> पा </W><W> लिया </W><W> गया। </W><W> ‘ </W></P><P><W> यह </W><W> भी </W><W> पढ़ें: </W><W> हल्दीराम </W><W> फैक्टरी </W><W> में </W><W> लगी </W><W> भीषण </W><W> आग, </W><W> 15 </W><W> घंटे </W><W> बाद </W><W> भी </W><W> जल </W><W> रहा </W><W> कीमती </W><W> सामान </W></P></DOCUMENT>