<?xml version="1.0" encoding="UTF-8"?>
<DOCUMENT><DESC/><TIME>4876</TIME><P><W> PHOTOS: </W><W> यहां </W><NATURAL_EVENT ID="4" TYPE="BLIZZARD"><W> बर्फीले </W><W> तूफान </W></NATURAL_EVENT><W> का </W><W> कहर, </W><AFTER_EFFECTS-ARG ID="5"><LINK EVENT_ARG="4" ID="13" TYPE_REL="EVENT_ARG"/><W> सड़कों </W><W> पर </W><W> बिछी </W><W> 7 </W><W> फीट </W><W> ऊंची </W><W> बर्फ </W></AFTER_EFFECTS-ARG></P><P><W> इंटरनेशनल </W><W> डेस्क. </W><PLACE-ARG ID="14"><LINK EVENT_ARG="0" ID="15" TYPE_REL="EVENT_ARG"/><W> यूरोप </W><W> के </W><W> अल्पाइन </W><W> रीजन </W></PLACE-ARG><W> में </W><NATURAL_EVENT ID="0" TYPE="AVALANCHES"><W> एवलांच </W></NATURAL_EVENT><W> यानी </W><NATURAL_EVENT ID="1" TYPE="BLIZZARD"><EVENT-COREF-LINK EVENT_ID="4" ID="25" TYPE_REL="EVENT_COREF"/><W> बर्फीले </W><W> तूफान </W></NATURAL_EVENT><W> ने </W><AFTER_EFFECTS-ARG ID="2"><LINK EVENT_ARG="1" ID="16" TYPE_REL="EVENT_ARG"/><W> भारी </W><W> तबाही </W><W> मचाई </W></AFTER_EFFECTS-ARG><W> है। </W><W> बीते </W><W> तीन </W><W> दिनों </W><W> में </W><W> 8 </W><W> में </W><W> से </W><PLACE-ARG ID="9"><LINK EVENT_ARG="8" ID="18" TYPE_REL="EVENT_ARG"/><W> पांच </W><W> अल्पाइन </W><W> देशों </W></PLACE-ARG><W> में </W><W> अलग-अलग </W><W> जगहों </W><W> पर </W><NATURAL_EVENT ID="8" TYPE="AVALANCHES"><W> एवलांच </W></NATURAL_EVENT><W> की </W><W> 10 </W><W> से </W><W> ज्यादा </W><W> घटनाएं </W><W> हुईं। </W><W> यहां </W><W> के </W><W> तीन </W><W> बड़े </W><W> स्की </W><W> रिसॉर्ट </W><W> में </W><W> बर्फबारी </W><W> से </W><W> रास्ते </W><W> ब्लॉक </W><W> होने </W><W> से </W><W> करीब </W><CASUALTIES-ARG ID="3"><LINK EVENT_ARG="1" ID="19" TYPE_REL="EVENT_ARG"/><W> 43 </W><W> हजार </W><W> लोग </W><W> फंस </W><W> गए। </W></CASUALTIES-ARG><W> फ्रांस </W><W> में </W><W> जहां </W><AFTER_EFFECTS-ARG ID="6"><LINK EVENT_ARG="1" ID="20" TYPE_REL="EVENT_ARG"/><W> 7 </W><W> फीट </W><W> ऊंची </W><W> बर्फ </W><W> बिछ </W><W> गई। </W></AFTER_EFFECTS-ARG><W> वहीं, </W><AFTER_EFFECTS-ARG ID="7"><LINK EVENT_ARG="1" ID="21" TYPE_REL="EVENT_ARG"/><W> स्विटजरलैंड </W><W> में </W><W> 36 </W><W> घंटे </W><W> में </W><W> 71 </W><W> इंच </W><W> (करीब </W><W> 6 </W><W> फीट) </W></AFTER_EFFECTS-ARG><W> बर्फबारी </W><W> ने </W><W> 30 </W><W> साल </W><W> का </W><W> रिकॉर्ड </W><W> तोड़ </W><W> दिया।  </W></P><P><W>   </W></P><P><W> सबसे </W><W> हाई </W><W> 5 </W><W> कैटेगरी </W><W> के </W><W> तूफान </W><W> का </W><W> अलर्ट </W><W> जारी: </W><W> डब्ल्यूएसएल </W><W> इंस्टीट्यूट </W><W> फॉर </W><W> स्नो </W><W> एंड </W><W> एवलांच </W><W> रिसर्च </W><W> ने </W><W> इस </W><W> रीजन </W><W> में </W><W> आने </W><W> वाले </W><W> दिनों </W><W> में </W><W> सबसे </W><W> हाई </W><W> 5 </W><W> कैटेगरी </W><W> का </W><W> बर्फीला </W><W> तूफान </W><W> आने </W><W> का </W><W> अलर्ट </W><W> जारी </W><W> किया </W><W> है। </W><W> जेरमेट </W><W> में </W><W> एवलांच </W><W> के </W><W> बाद </W><W> 36 </W><W> घंटे </W><W> में </W><W> रिकॉर्ड </W><W> 71 </W><W> इंच </W><W> बर्फबारी </W><W> हुई </W><W> है। </W><W> इससे </W><W> तीन </W><W> दशकों </W><W> का </W><W> रिकॉर्ड </W><W> टूट </W><W> गया </W><W> है। </W></P><P><W>   </W></P><P><W> फ्रांस </W><W> की </W><W> सड़कों </W><W> पर </W><W> 7 </W><W> फीट </W><W> ऊंची </W><W> बर्फ </W><W> बिछी  </W></P><P><W> समूचे </W><W> यूरोप </W><W> में </W><W> रिकॉर्ड </W><W> बर्फबारी </W><W> हुई </W><W> है। </W><W> फ्रांस </W><W> और </W><W> इटली </W><W> में </W><W> कुछ </W><W> जगहों </W><W> पर </W><W> सात </W><W> फीट </W><W> तक </W><W> बर्फ </W><W> बिछी </W><W> हुई </W><W> है। </W><NATURAL_EVENT ID="10" TYPE="BLIZZARD"><EVENT-COREF-LINK EVENT_ID="4" ID="24" TYPE_REL="EVENT_COREF"/><W> तूफान </W></NATURAL_EVENT><W> से </W><PLACE-ARG ID="11"><LINK EVENT_ARG="10" ID="22" TYPE_REL="EVENT_ARG"/><W> इटली </W></PLACE-ARG><W> के </W><W> सेसट्रिएरा </W><W> रिसॉर्ट </W><W> में </W><W> 63 </W><W> लोगों </W><W> को </W><W> रेस्क्यू </W><W> किया </W><W> गया। </W><W> होटलों </W><W> में </W><W> भी </W><W> बर्फ </W><W> घुस </W><W> गई।  </W></P><P><W> एयरलिफ्ट </W><W> की </W><W> मदद </W><W> लेने </W><W> वाले </W><W> लोगों </W><W> से </W><W> ही </W><W> लिया </W><W> जा </W><W> रहा </W><W> प्लेन </W><W> का </W><W> किराया  </W></P><P><W> स्विट्जरलैंड </W><W> में </W><W> एयर </W><W> जेरमेट </W><W> रेस्क्यू </W><W> कर </W><W> रही </W><W> है। </W><W> 24 </W><W> घंटे </W><W> में </W><W> 400 </W><W> लोग </W><W> एयरलिफ्ट </W><W> किए। </W><W> कंपनी </W><W> 20 </W><W> मिनट </W><W> की </W><W> उड़ान </W><W> के </W><W> लिए </W><W> प्रति </W><W> व्यक्ति </W><W> 5 </W><W> हजार </W><W> रु. </W><W> वसूल </W><W> रही </W><W> है। </W></P><P><W>   </W></P><P><CASUALTIES-ARG ID="12"><LINK EVENT_ARG="10" ID="23" TYPE_REL="EVENT_ARG"/><W> 5500 </W><W> आबादी </W><W> वाले </W><W> जर्मेट </W><W> में </W><W> 13 </W><W> हजार </W><W> लोग </W><W> फंसे  </W></CASUALTIES-ARG></P><P><W> जेरमेट </W><W> दुनिया </W><W> के </W><W> सबसे </W><W> पापुलर </W><W> स्की </W><W> रिसॉर्ट </W><W> में </W><W> से </W><W> एक </W><W> है। </W><W> इस </W><W> सीजन </W><W> यहां </W><W> 10 </W><W> से </W><W> 13 </W><W> फीट </W><W> बर्फ </W><W> बिछी </W><W> है। </W><W> यह </W><W> स्कीइंग </W><W> के </W><W> लिए </W><W> बिल्कुल </W><W> परफेक्ट </W><W> है।  </W></P><P><W> यहां </W><W> 13 </W><W> हजार </W><W> टूरिस्ट </W><W> होटलों </W><W> और </W><W> गेस्ट </W><W> हाउस </W><W> में </W><W> हैं। </W><W> 75% </W><W> इलाके </W><W> में </W><W> बिजली </W><W> गुल </W><W> है। </W><W> प्रशासन </W><W> ने </W><W> कहायहां </W><W> फिलहाल </W><W> आना-जाना </W><W> संभव </W><W> नहीं </W><W> है।  </W></P><P><W>   </W></P><P><W> स्विट्जरलैंड </W><W> में </W><W> 208 </W><W> चोटियां, </W><W> 40 </W><W> स्की </W><W> रिसॉर्ट  </W></P><P><W> आल्पस </W><W> पहाड़ी </W><W> 1000 </W><W> किमी </W><W> क्षेत्र </W><W> में </W><W> फैली </W><W> है। </W><W> इसे </W><W> अल्पाइन </W><W> रीजन </W><W> कहते </W><W> हैं। </W><W> इसमें </W><W> इटली, </W><W> फ्रांस, </W><W> स्विट्जरलैंड, </W><W> ऑस्ट्रिया, </W><W> जर्मनी </W><W> समेत </W><W> 8 </W><W> देश </W><W> हैं।  </W></P><P><W> स्विट्जरलैंड </W><W> में </W><W> 9000 </W><W> फीट </W><W> से </W><W> अधिक </W><W> ऊंचाई </W><W> की </W><W> 208 </W><W> चोटियां </W><W> है। </W><W> इनमें </W><W> 24 </W><W> चोटियां </W><W> 12 </W><W> हजार </W><W> फीट </W><W> ऊंची </W><W> है। </W><W> यहां </W><W> 40 </W><W> स्की </W><W> रिसॉर्ट </W><W> हैं।  </W></P><P><W>   </W></P><P><W> आगे </W><W> की </W><W> स्लाइड्स </W><W> में </W><W> फोटोज </W><W> में </W><W> देखें </W><W> यूरोप </W><W> में </W><W> बर्फबारी </W><W> के </W><W> बाद </W><W> हाल... </W></P></DOCUMENT>