<?xml version="1.0" encoding="UTF-8"?>
<DOCUMENT><DESC/><TIME>783</TIME><P><W> काबुल, </W><W> रायटर/प्रेट्र। </W><PLACE-ARG ID="0"><LINK EVENT_ARG="1" ID="16" TYPE_REL="EVENT_ARG"/><W> अफगानिस्तान </W><W> और </W><W> पाकिस्तान </W><W> के </W><W> कुछ </W><W> हिस्सों </W></PLACE-ARG><W> में </W><W> भारी </W><W> बर्फबारी </W><W> के </W><W> बाद </W><NATURAL_EVENT ID="1" TYPE="AVALANCHES"><W> हिमस्खलन </W></NATURAL_EVENT><W> में </W><AFTER_EFFECTS-ARG ID="2"><LINK EVENT_ARG="1" ID="17" TYPE_REL="EVENT_ARG"/><W> कई </W><W> घर </W><W> दब </W><W> गए। </W></AFTER_EFFECTS-ARG><W> इसमें </W><CASUALTIES-ARG ID="3"><LINK EVENT_ARG="1" ID="18" TYPE_REL="EVENT_ARG"/><W> 100 </W><W> से </W><W> ज्यादा </W><W> लोगों </W><W> के </W><W> मारे </W><W> जाने </W><W> की </W><W> खबर </W></CASUALTIES-ARG><W> है। </W><W> साथ </W><W> ही </W><W> साथ </W><W> भारत </W><W> में </W><W> भी </W><W> चेतावनी </W><W> जारी </W><W> की </W><W> गई </W><W> है। </W><W> भारी </W><W> हिमपात </W><W> और </W><NATURAL_EVENT ID="5" TYPE="AVALANCHES"><EVENT-COREF-LINK EVENT_ID="1" ID="30" TYPE_REL="EVENT_COREF"/><W> हिमस्खलन </W></NATURAL_EVENT><W> के </W><W> चलते </W><W> कई </W><AFTER_EFFECTS-ARG ID="4"><LINK EVENT_ARG="5" ID="19" TYPE_REL="EVENT_ARG"/><W> हाईवे </W><W> को </W><W> बंद </W><W> कर </W><W> दिया </W><W> गया </W></AFTER_EFFECTS-ARG><W> है। </W></P><P><PLACE-ARG ID="8"><LINK EVENT_ARG="6" ID="20" TYPE_REL="EVENT_ARG"/><W> अफगानिस्तान </W><W> की </W><W> राजधानी </W><W> काबुल </W></PLACE-ARG><W> में </W><W> भी </W><W> बर्फ </W><W> की </W><W> चादर </W><W> बिछ </W><W> गई </W><W> है। </W><W> इसके </W><W> चलते </W><W> रविवार </W><W> को </W><AFTER_EFFECTS-ARG ID="31"><LINK EVENT_ARG="6" ID="32" TYPE_REL="EVENT_ARG"/><W> सरकारी </W><W> दफ्तरों </W><W> को </W><W> बंद </W><W> कर </W><W> दिया </W></AFTER_EFFECTS-ARG><W> गया। </W><W> बादख्शान </W><W> प्रांत </W><W> में </W><W> सबसे </W><W> ज्यादा </W><W> जानमाल </W><W> की </W><W> हानि </W><W> की </W><W> खबर </W><W> है। </W><W> प्रांतीय </W><W> गवर्नर </W><W> के </W><W> प्रवक्ता </W><W> नावीद </W><W> फ्रोटन </W><W> ने </W><W> बताया </W><W> कि </W><TIME-ARG ID="7"><LINK EVENT_ARG="6" ID="21" TYPE_REL="EVENT_ARG"/><W> पिछले </W><W> दो </W><W> दिनों </W></TIME-ARG><W> के </W><W> दौरान </W><NATURAL_EVENT ID="6" TYPE="AVALANCHES"><EVENT-COREF-LINK EVENT_ID="1" ID="29" TYPE_REL="EVENT_COREF"/><W> हिमस्खलन </W></NATURAL_EVENT><W> के </W><W> चलते </W><W> कम </W><W> से </W><W> कम </W><CASUALTIES-ARG ID="9"><LINK EVENT_ARG="6" ID="22" TYPE_REL="EVENT_ARG"/><W> 50 </W><W> लोग </W><W> मारे </W><W> गए </W><W> और </W><W> दर्जनों </W><W> लोग </W><W> घायल </W></CASUALTIES-ARG><W> हुए </W><W> हैं। </W><W> प्रांत </W><W> के </W><W> करीब </W><AFTER_EFFECTS-ARG ID="10"><LINK EVENT_ARG="6" ID="23" TYPE_REL="EVENT_ARG"/><W> दर्जनभर </W><W> जिले </W><W> पूरी </W><W> तरह </W><W> कट </W><W> गए </W></AFTER_EFFECTS-ARG><W> हैं। </W><W> सरकार </W><W> उन </W><W> तक </W><W> पहुंचने </W><W> का </W><W> प्रयास </W><W> कर </W><W> रही </W><W> है। </W></P><P><W> दूसरी </W><W> तरफ </W><W> इस </W><W> इलाके </W><W> से </W><W> लगते </W><W> पाकिस्तान </W><W> के </W><W> खैबर </W><PLACE-ARG ID="11"><LINK EVENT_ARG="15" ID="24" TYPE_REL="EVENT_ARG"/><W> पख्तूनख्वा </W></PLACE-ARG><W> प्रांत </W><W> में </W><W> भी </W><CASUALTIES-ARG ID="12"><LINK EVENT_ARG="15" ID="25" TYPE_REL="EVENT_ARG"/><W> कई </W><W> लोग </W><W> मारे </W><W> गए </W></CASUALTIES-ARG><W> हैं। </W><W> चितराल </W><W> जिले </W><W> के </W><W> स्काउट </W><W> कमांडेंट </W><W> कर्नल </W><W> निजामुद्दीन </W><W> शाह </W><W> ने </W><W> बताया </W><W> कि </W><NATURAL_EVENT ID="15" TYPE="AVALANCHES"><EVENT-COREF-LINK EVENT_ID="1" ID="28" TYPE_REL="EVENT_COREF"/><W> हिमस्खलन </W></NATURAL_EVENT><W> में </W><AFTER_EFFECTS-ARG ID="14"><LINK EVENT_ARG="15" ID="26" TYPE_REL="EVENT_ARG"/><W> पांच </W><W> मकान </W><W> बर्फ </W><W> में </W><W> दब </W></AFTER_EFFECTS-ARG><W> गए। </W><W> इसमें </W><CASUALTIES-ARG ID="13"><LINK EVENT_ARG="15" ID="27" TYPE_REL="EVENT_ARG"/><W> 50 </W><W> से </W><W> ज्यादा </W><W> लोगों </W><W> की </W><W> मौत </W></CASUALTIES-ARG><W> हो </W><W> गई। </W><W> इनके </W><W> शवों </W><W> को </W><W> निकाल </W><W> लिया </W><W> गया </W><W> है। </W><W> मरने </W><W> वालों </W><W> में </W><W> छह </W><W> महिलाएं, </W><W> छह </W><W> बच्चे </W><W> और </W><W> दो </W><W> पुरुष </W><W> हैं। </W><W> 'डॉन' </W><W> अखबार </W><W> के </W><W> अनुसार, </W><W> चितराल </W><W> में </W><W> पिछले </W><W> दो </W><W> दिनों </W><W> से </W><W> भारी </W><W> बर्फबारी </W><W> हो </W><W> रही </W><W> है। </W><W> इसके </W><W> चलते </W><W> कई </W><W> परिवारों </W><W> को </W><W> सुरक्षित </W><W> स्थानों </W><W> पर </W><W> भेजा </W><W> गया </W><W> लेकिन </W><W> कुछ </W><W> परिवार </W><W> वहीं </W><W> रह </W><W> गए </W><W> थे। </W></P></DOCUMENT>