<?xml version="1.0" encoding="UTF-8"?>
<DOCUMENT><DESC/><TIME>3261</TIME><P><W> नई </W><W> दिल्ली, </W><W> जागरण </W><W> न्यूज </W><PLACE-ARG ID="1"><LINK EVENT_ARG="0" ID="10" TYPE_REL="EVENT_ARG"/><W> दिल्ली-एनसीआर </W><W> समेत </W><W> पूरा </W><W> उत्तर </W><W> भारत </W></PLACE-ARG><W> जबर्दस्त </W><NATURAL_EVENT ID="0" TYPE="COLD_WAVE"><W> शीतलहर </W></NATURAL_EVENT><W> की </W><W> चपेट </W><W> में </W><W> है। </W><W> कश्मीर </W><W> में </W><W> ताजा </W><W> बर्फबारी </W><W> ने </W><W> गलन </W><W> में </W><W> इजाफा </W><W> कर </W><W> दिया </W><W> है। </W><W> श्रीनगर </W><W> में </W><W> न्यूनतम </W><W> तापमान </W><W> माइनस </W><W> 6.2 </W><W> डिग्री </W><W> सेल्सियस </W><W> रिकॉर्ड </W><W> किया </W><W> गया। </W><W> पहलगाम </W><W> व </W><W> गुलमर्ग </W><W> में </W><W> न्यूनतम </W><W> तापमान </W><W> माइनस </W><W> 7.6 </W><W> डिग्री </W><W> सेल्सियस </W><W> रिकॉर्ड </W><W> किया </W><W> गया। </W><W> लेह </W><W> क्षेत्र </W><W> में </W><W> न्यूनतम </W><W> तापमान </W><W> माइनस </W><W> 17.2, </W><W> जबकि </W><W> करगिल </W><W> में </W><W> न्यूनतम </W><W> तापमान </W><W> 13.2 </W><W> डिग्री </W><W> सेल्सियस </W><W> रिकॉर्ड </W><W> किया </W><W> गया। </W></P><P><W> श्रीनगर </W><W> में </W><W> तापमान </W><W> जमाव </W><W> बिंदु </W><W> से </W><W> नीचे </W><W> चले </W><W> जाने </W><W> के </W><W> कारण </W><W> डल </W><W> झील </W><W> समेत </W><W> तमाम </W><W> जलस्त्रोत </W><W> जम </W><W> रहे </W><W> हैं। </W><W> कोहरे </W><W> का </W><W> सबसे </W><W> बुरा </W><W> प्रभाव </W><W> रेल </W><W> और </W><W> हवाई </W><W> यातायात </W><W> पर </W><W> पड़ा </W><W> है। </W><W> राजस्थान </W><W> और </W><W> पंजाब </W><W> के </W><W> कुछ </W><W> इलाकों </W><W> में </W><W> पारा </W><W> शून्य </W><W> डिग्री </W><W> तक </W><W> रिकॉर्ड </W><W> किया </W><W> गया। </W><PLACE-ARG ID="12"><LINK EVENT_ARG="2" ID="13" TYPE_REL="EVENT_ARG"/><W> उत्तर </W><W> प्रदेश </W><W> के </W><W> विभिन्न </W><W> जिलों </W></PLACE-ARG><W> मे </W><W> कड़ाके </W><W> की </W><NATURAL_EVENT ID="2" TYPE="COLD_WAVE"><W> सर्दी </W></NATURAL_EVENT><W> से </W><CASUALTIES-ARG ID="3"><LINK EVENT_ARG="2" ID="11" TYPE_REL="EVENT_ARG"/><W> 41 </W><W> लोगों </W><W> की </W><W> मौत </W></CASUALTIES-ARG><W> हो </W><W> गई, </W><W> वहीं </W><W> कोहरे </W><W> के </W><W> कारण </W><W> हादसों </W><W> में </W><W> तीन </W><W> की </W><W> जान </W><W> चली </W><W> गई। </W><W> मौसम </W><W> विभाग </W><W> की </W><W> मानें </W><W> तो </W><W> शुक्रवार </W><W> तक </W><NATURAL_EVENT ID="4" TYPE="COLD_WAVE"><W> शीतलहर </W></NATURAL_EVENT><W> और </W><W> गलन </W><W> से </W><W> राहत </W><W> मिलने </W><W> के </W><W> आसार </W><W> नहीं </W><W> है।  </W></P><P><W> कांप </W><W> रही </W><W> दिल्ली </W></P><P><PLACE-ARG ID="6"><LINK EVENT_ARG="5" ID="14" TYPE_REL="EVENT_ARG"/><W> दिल्ली </W></PLACE-ARG><W> में </W><NATURAL_EVENT ID="5" TYPE="COLD_WAVE"><W> बर्फीली </W><W> हवा </W></NATURAL_EVENT><W> ने </W><W> सुबह </W><W> शाम </W><W> लोगों </W><W> को </W><W> दांत </W><W> किटकिटाने </W><W> पर </W><W> मजबूर </W><W> कर </W><W> दिया </W><W> है। </W><W> मंगलवार </W><W> को </W><W> न्यूनतम </W><W> तापमान </W><W> महज </W><W> 4.2 </W><W> डिग्री </W><W> सेल्सियस </W><W> दर्ज </W><W> किया </W><W> गया। </W><W> इससे </W><W> पहले </W><W> 6 </W><W> जनवरी </W><W> को </W><W> भी </W><W> तापमान </W><W> इसी </W><W> स्तर </W><W> पर </W><W> पहुंच </W><W> गया </W><W> था। </W><W> धूप </W><W> निकलने </W><W> की </W><W> वजह </W><W> से </W><W> ठंड </W><W> से </W><W> कुछ </W><W> राहत </W><W> तो </W><W> मिल </W><W> रही </W><W> है, </W><W> लेकिन </W><W> धूप </W><W> में </W><W> भी </W><W> बर्फीली </W><W> हवा </W><W> पीछा </W><W> नहीं </W><W> छोड़ </W><W> रही </W><W> है। </W><W> इससे </W><W> पूर्व </W><W> 2013 </W><W> में </W><W> 9 </W><W> जनवरी </W><W> को </W><W> न्यूनतम </W><W> तापमान </W><W> 4 </W><W> डिग्री </W><W> सेल्सियस </W><W> और </W><W> अधिकतम </W><W> 15 </W><W> डिग्री </W><W> सेल्सियस </W><W> रहा </W><W> था। </W></P><P><W> रेगिस्तान </W><W> में </W><W> छूट </W><W> रही </W><W> कंपकंपी </W></P><P><W> राजस्थान </W><W> के </W><W> कई </W><W> इलाके </W><W> कड़ाके </W><W> की </W><W> सर्दी </W><W> की </W><W> चपेट </W><W> में </W><PLACE-ARG ID="8"><LINK EVENT_ARG="9" ID="15" TYPE_REL="EVENT_ARG"/><W> है। </W><W> भीलवाड़ा, </W><W> अलवर, </W><W> चुरु, </W><W> सीकर, </W><W> श्रीगंगानगर, </W><W> हनुमानगढ़ </W><W> और </W><W> पिलानी </W></PLACE-ARG><W> जबर्दस्त </W><NATURAL_EVENT ID="9" TYPE="COLD_WAVE"><W> ठंड </W></NATURAL_EVENT><W> की </W><W> चपेट </W><W> में </W><W> है। </W><W> 0.3 </W><W> डिग्री </W><W> सेल्सियस </W><W> न्यूनतम </W><W> तापमान </W><W> के </W><W> साथ </W><W> अलवर </W><W> राज्य </W><W> का </W><W> सबसे </W><W> सर्द </W><W> जिला </W><W> रहा। </W><W> सीकर </W><W> में </W><W> 1.5, </W><W> राज्य </W><W> के </W><W> दोनों </W><W> हिल </W><W> स्टेशन </W><W> माउंट </W><W> आबू </W><W> और </W><W> चुरु </W><W> में </W><W> न्यूनतम </W><W> तापमान </W><W> दो-दो </W><W> डिग्री </W><W> सेल्सियस </W><W> रहा। </W><W> श्रीगंगानगर </W><W> का </W><W> न्यूनतम </W><W> तापमान </W><W> 2.2 </W><W> रहा। </W><W> उपरोक्त </W><W> जिले </W><W> कड़ाके </W><W> की </W><W> सर्दी </W><W> के </W><W> साथ </W><W> घने </W><W> कोहरे </W><W> का </W><W> भी </W><W> सामना </W><W> कर </W><W> रहे </W><W> हैं। </W></P><P><W> पंजाब </W><W> और </W><W> हरियाणा </W><W> बेहाल </W></P><P><W> हरियाणा </W><W> का </W><W> नारनौल </W><W> न्यूनतम </W><W> तापमान </W><W> 0.2 </W><W> डिग्री </W><W> के </W><W> साथ </W><W> राज्य </W><W> का </W><W> सबसे </W><W> सर्द </W><W> इलाका </W><W> रहा। </W><W> पंजाब </W><W> के </W><W> आदमपुर </W><W> में </W><W> 0.7 </W><W> न्यूनतम </W><W> तापमान </W><W> दर्ज </W><W> किया </W><W> गया। </W><W> यही </W><W> हाल </W><W> पंजाब </W><W> और </W><W> हरियाणा </W><W> के </W><W> अन्य </W><W> जिलों </W><W> का </W><W> है। </W><W> अमृतसर </W><W> न्यूनतम </W><W> तापमान </W><W> 1.2 </W><W> के </W><W> साथ </W><W> ठिठुरता </W><W> रहा। </W><W> चंडीगढ़ </W><W> का </W><W> न्यूनतम </W><W> तापमान </W><W> 3.4 </W><W> रिकार्ड </W><W> किया </W><W> गया। </W></P><P><W> झारखंड </W><W> में </W><W> ठंडी </W><W> हवाओं </W><W> ने </W><W> किया </W><W> बेहाल </W></P><P><W> मंगलवार </W><W> को </W><W> रांची </W><W> के </W><W> तापमान </W><W> में </W><W> वृद्धि </W><W> दर्ज </W><W> की </W><W> गई, </W><W> हालांकि </W><W> ठंडी </W><W> हवाओं </W><W> के </W><W> चलने </W><W> से </W><W> लोगों </W><W> को </W><W> राहत </W><W> नहीं </W><W> मिल </W><W> सकी। </W><W> वहीं </W><W> कांके </W><W> का </W><W> तापमान </W><W> लगातार </W><W> तीसरे </W><W> दिन </W><W> भी </W><W> एक </W><W> डिग्री </W><W> के </W><W> आसपास </W><W> रहा। </W><W> बंगाल </W><W> में </W><W> भी </W><W> कोहरे </W><W> ने </W><W> जनजीवन </W><W> अस्त </W><W> व्यस्त </W><W> कर </W><W> दिया </W><W> है। </W><W> सबसे </W><W> ज्यादा </W><W> असर </W><W> लंबी </W><W> दूरी </W><W> की </W><W> ट्रेनों </W><W> पर </W><W> पड़ा </W><W> है। </W></P><P><W> उत्तराखंड </W><W> के </W><W> हल्द्वानी </W><W> में </W><W> ठंड </W><W> से </W><W> एक </W><W> की </W><W> मौत </W><W> हो </W><W> गई। </W><W> बीते </W><W> दस </W><W> दिन </W><W> में </W><W> कुमाऊं </W><W> मंडल </W><W> में </W><W> ठंड </W><W> से </W><W> यह </W><W> सातवीं </W><W> मौत </W><W> है। </W><W> हालांकि </W><W> गढ़वाल </W><W> मंडल </W><W> में </W><W> ठंड </W><W> से </W><W> किसी </W><W> मौत </W><W> की </W><W> सूचना </W><W> नहीं </W><W> है। </W><W> पहाड़ों </W><W> में </W><W> पाला </W><W> तो </W><W> मैदान </W><W> में </W><W> कोहरा </W><W> लोगों </W><W> की </W><W> मुश्किलें </W><W> बढ़ा </W><W> रहा </W><W> है। </W><W> अल्मोड़ा </W><W> और </W><W> मसूरी </W><W> का </W><W> न्यूनतम </W><W> तापमान </W><W> जमाव </W><W> बिंदु </W><W> से </W><W> नीचे </W><W> है। </W><W> वहीं </W><W> हिमाचल </W><W> में </W><W> भी </W><W> राहत </W><W> के </W><W> कोई </W><W> आसार </W><W> नहीं </W><W> है। </W><W> राज्य </W><W> में </W><W> पानी </W><W> के </W><W> पाइप </W><W> जमने </W><W> से </W><W> लोगों </W><W> के </W><W> सामने </W><W> पानी </W><W> का </W><W> संकट </W><W> पैदा </W><W> हो </W><W> गया </W><W> है। </W></P></DOCUMENT>