<?xml version="1.0" encoding="UTF-8"?>
<DOCUMENT><DESC/><TIME>7996</TIME><P><PLACE-ARG ID="1"><LINK EVENT_ARG="0" ID="51" TYPE_REL="EVENT_ARG"/><W> JK </W></PLACE-ARG><W> में </W><W> फिर </W><NATURAL_EVENT ID="0" TYPE="AVALANCHES"><W> एवलॉन्च: </W></NATURAL_EVENT><PLACE-ARG ID="2"><LINK EVENT_ARG="0" ID="52" TYPE_REL="EVENT_ARG"/><W> कुपवाड़ा </W></PLACE-ARG><W> में </W><W> आर्मी </W><W> पोस्ट </W><W> पर </W><W> तैनात </W><CASUALTIES-ARG ID="3"><LINK EVENT_ARG="0" ID="53" TYPE_REL="EVENT_ARG"/><W> 5 </W><W> जवान </W><W> लापता, </W></CASUALTIES-ARG><W> रेस्क्यू </W><W> जारी </W></P><P><PLACE-ARG ID="4"><LINK EVENT_ARG="0" ID="54" TYPE_REL="EVENT_ARG"/><W> श्रीनगर. कुपवाड़ा </W><W> के </W><W> माछिल </W><W> सेक्टर </W></PLACE-ARG><W> में </W><TIME-ARG ID="5"><LINK EVENT_ARG="0" ID="55" TYPE_REL="EVENT_ARG"/><W> शनिवार </W></TIME-ARG><W> को </W><W> 56 </W><W> राष्ट्रीय </W><W> राइफल्स </W><W> की </W><W> पोस्ट </W><W> के </W><CASUALTIES-ARG ID="7"><LINK EVENT_ARG="0" ID="56" TYPE_REL="EVENT_ARG"/><W> 5 </W><W> जवान </W><W> बर्फ </W><W> में </W><W> फंस </W><W> गए। </W></CASUALTIES-ARG><W> सीनियर </W><W> आर्मी </W><W> अफसर </W><W> ने </W><W> बताया </W><W> कि </W><W> पोस्ट </W><W> तक </W><W> जाने </W><W> वाला </W><W> रास्ता </W><W> भारी </W><W> बर्फ </W><W> की </W><W> चपेट </W><W> में </W><W> आ </W><W> गया। </W><W> यहां </W><W> फंसे </W><W> जवानों </W><W> को </W><W> रेस्क्यू </W><W> टीम </W><W> ने </W><W> कड़ी </W><W> मशक्कत </W><W> के </W><W> बाद </W><W> सेफ </W><W> निकाल </W><W> लिया। </W><TIME-ARG ID="92"><LINK EVENT_ARG="90" ID="93" TYPE_REL="EVENT_ARG"/><W> पिछले </W><W> 4 </W><W> दिनों </W></TIME-ARG><W> में </W><PLACE-ARG ID="94"><LINK EVENT_ARG="90" ID="95" TYPE_REL="EVENT_ARG"/><W> कश्मीर </W><W> के </W><W> कई </W><W> इलाकों </W></PLACE-ARG><W> में </W><NATURAL_EVENT ID="90" TYPE="AVALANCHES"><EVENT-COREF-LINK EVENT_ID="0" ID="91" TYPE_REL="EVENT_COREF"/><W> एवलांच </W></NATURAL_EVENT><W> आए, </W><W> जिनमें </W><CASUALTIES-ARG ID="8"><LINK EVENT_ARG="90" ID="57" TYPE_REL="EVENT_ARG"/><W> 15 </W><W> आर्मी </W><W> जवानों </W><W> समेत </W><W> कुल </W><W> 21 </W><W> लोगों </W><W> की </W><W> जानें </W><W> गईं। </W></CASUALTIES-ARG><PLACE-ARG ID="89"><LINK EVENT_ARG="9" ID="88" TYPE_REL="EVENT_ARG"/><W> कश्मीर </W></PLACE-ARG><W> में </W><W> बड़े </W><NATURAL_EVENT ID="9" TYPE="AVALANCHES"><EVENT-COREF-LINK EVENT_ID="0" ID="58" TYPE_REL="EVENT_COREF"/><W> एवलांच </W></NATURAL_EVENT><W> का </W><W> अलर्ट। </W></P><P><W>   </W></P><P><W> वेदर </W><W> डिपार्टमेंट </W><W> ने </W><W> घाटी </W><W> के </W><W> कुपवाड़ा, </W><W> बांदीपुरा, </W><W> बारामूला, </W><W> गांदेरबाल, </W><W> कुलगाम </W><W> और </W><W> करगिल </W><W> में </W><W> बड़े </W><W> एवलांच </W><W> का </W><W> अलर्ट </W><W> जारी </W><W> किया। </W></P><P><PLACE-ARG ID="11"><LINK EVENT_ARG="10" ID="65" TYPE_REL="EVENT_ARG"/><W> कश्मीर </W></PLACE-ARG><W> में </W><W> पिछले </W><W> 15 </W><W> दिनों </W><W> से </W><W> भारी </W><W> बर्फबारी </W><W> हो </W><W> रही </W><W> है। </W><W> इसकी </W><W> वजह </W><W> से </W><W> पूरा </W><W> गुरेज </W><W> इलाका </W><NATURAL_EVENT ID="10" TYPE="AVALANCHES"><EVENT-COREF-LINK EVENT_ID="0" ID="96" TYPE_REL="EVENT_COREF"/><W> एवलांच </W></NATURAL_EVENT><W> की </W><W> चपेट </W><W> में </W><W> है। </W></P><P><TIME-ARG ID="14"><LINK EVENT_ARG="17" ID="60" TYPE_REL="EVENT_ARG"/><W> बुधवार </W></TIME-ARG><W> को </W><PLACE-ARG ID="12"><LINK EVENT_ARG="17" ID="61" TYPE_REL="EVENT_ARG"/><W> गुरेज </W></PLACE-ARG><W> में </W><W> 2 </W><NATURAL_EVENT ID="17" TYPE="AVALANCHES"><W> एवलांच </W></NATURAL_EVENT><W> में </W><CASUALTIES-ARG ID="15"><LINK EVENT_ARG="17" ID="62" TYPE_REL="EVENT_ARG"/><W> आर्मी </W><W> के </W><W> 14 </W><W> जवान </W></CASUALTIES-ARG><W> और </W><PLACE-ARG ID="13"><LINK EVENT_ARG="17" ID="63" TYPE_REL="EVENT_ARG"/><W> सोनमर्ग </W></PLACE-ARG><W> में </W><CASUALTIES-ARG ID="16"><LINK EVENT_ARG="17" ID="64" TYPE_REL="EVENT_ARG"/><W> एक </W><W> आर्मी </W><W> अफसर </W></CASUALTIES-ARG><W> शहीद </W><W> हुआ </W><W> था। </W></P><P><W> जम्मू-कश्मीर </W><W> के </W><W> गवर्नर </W><W> एनएन </W><W> वोहरा </W><W> ने </W><W> गुरेज </W><W> सेक्टर </W><W> में </W><NATURAL_EVENT ID="18" TYPE="AVALANCHES"><W> एवलांच </W></NATURAL_EVENT><W> से </W><W> प्रभावित </W><W> लोगों </W><W> को </W><W> हरसंभव </W><W> मदद </W><W> देने </W><W> के </W><W> ऑर्डर </W><W> दिए </W><W> हैं। </W></P><P><W>   </W></P><P><W> # </W><W> अब </W><W> तक </W><W> आर्मी </W><W> को </W><W> कितना </W><W> नुकसान </W><W> हुआ </W><W> है? </W></P><P><W>   </W></P><P><W> 1. </W><PLACE-ARG ID="20"><LINK EVENT_ARG="19" ID="66" TYPE_REL="EVENT_ARG"/><W> गुरेज </W><W> सेक्टर </W></PLACE-ARG><W> में </W><W> दो </W><NATURAL_EVENT ID="19" TYPE="AVALANCHES"><W> एवलांच, </W></NATURAL_EVENT><CASUALTIES-ARG ID="21"><LINK EVENT_ARG="19" ID="67" TYPE_REL="EVENT_ARG"/><W> 14 </W><W> जवान </W></CASUALTIES-ARG><W> शहीद </W></P><P><W> पहले </W><NATURAL_EVENT ID="22" TYPE="AVALANCHES"><W> एवलांच </W></NATURAL_EVENT><W> में </W><AFTER_EFFECTS-ARG ID="23"><LINK EVENT_ARG="22" ID="68" TYPE_REL="EVENT_ARG"/><W> आर्मी </W><W> पोस्ट </W><W> चपेट </W><W> में </W><W> आई। </W></AFTER_EFFECTS-ARG><W> एक </W><W> जूनियर </W><W> कमीशंड </W><W> ऑफिसर </W><W> (जेसीओ) </W><W> समेत </W><W> 7 </W><W> जवानों </W><W> को </W><W> रेस्क्यू </W><W> किया </W><W> गया। </W></P><P><W> लेकिन </W><W> फंसे </W><CASUALTIES-ARG ID="24"><LINK EVENT_ARG="22" ID="69" TYPE_REL="EVENT_ARG"/><W> तीन </W><W> जवानों </W><W> का </W><W> बचाया </W><W> नहीं </W><W> जा </W><W> सका। </W></CASUALTIES-ARG></P><P><W> दूसरे </W><NATURAL_EVENT ID="25" TYPE="AVALANCHES"><W> एवलांच </W></NATURAL_EVENT><W> ने </W><CASUALTIES-ARG ID="27"><LINK EVENT_ARG="25" ID="70" TYPE_REL="EVENT_ARG"/><W> आर्मी </W><W> की </W><W> पैट्रोलिंग </W><W> पार्टी </W><W> फंस </W><W> गई। </W></CASUALTIES-ARG><W> इस </W><W> हादसे </W><W> में </W><CASUALTIES-ARG ID="26"><LINK EVENT_ARG="25" ID="71" TYPE_REL="EVENT_ARG"/><W> 7 </W><W> जवान </W><W> शहीद </W></CASUALTIES-ARG><W> हो </W><W> गए। </W><W> फिर </W><W> भी </W><W> यहां </W><CASUALTIES-ARG ID="28"><LINK EVENT_ARG="25" ID="72" TYPE_REL="EVENT_ARG"/><W> कुछ </W><W> जवानों </W><W> के </W><W> फंसे </W><W> होने </W><W> की </W><W> आशंका </W></CASUALTIES-ARG><W> थी। </W></P><P><W>   </W></P><P><W> 2. </W><W> कई </W><W> टन </W><W> बर्फ </W><W> में </W><W> दबे </W><W> मेजर </W><W> की </W><W> ताले </W><W> से </W><W> बची </W><W> जान </W></P><P><W> बुधवार </W><W> को </W><W> गांदरबल </W><W> के </W><PLACE-ARG ID="32"><W> सोनमर्ग </W></PLACE-ARG><W> में </W><W> आर्मी </W><W> बैरक </W><W> पर </W><W> कई </W><W> टन </W><W> बर्फ </W><W> गिर </W><W> गई। </W><W> मेजर </W><W> श्रीहरि </W><W> कुगजी </W><W> उस </W><W> वक्त </W><W> बैरक </W><W> में </W><W> ही </W><W> थे। </W></P><P><W> दरअसल, </W><W> आर्मी </W><W> का </W><W> कैम्प </W><W> एक </W><W> पहाड़ </W><W> के </W><W> नीचे </W><W> था। </W><W> बुधवार </W><W> को </W><W> बर्फ </W><W> का </W><W> एक </W><W> बड़ा </W><W> हिस्सा </W><W> आर्मी </W><W> कैम्प </W><W> पर </W><W> आ </W><W> गिरा।  </W></P><P><W> बर्फ </W><W> के </W><W> नीचे </W><W> दबे </W><W> मेजर </W><W> किसी </W><W> तरह </W><W> सांस </W><W> ले </W><W> पा </W><W> रहे </W><W> थे। </W><W> जिंदगी </W><W> की </W><W> जद्दोजहद </W><W> में </W><W> अचानक </W><W> उनके </W><W> हाथ </W><W> संदूक </W><W> का </W><W> एक </W><W> ताला </W><W> लगा। </W></P><P><W> जिससे </W><W> श्रीहरि </W><W> लगातार </W><W> बर्फ </W><W> पर </W><W> वार </W><W> करते </W><W> रहे। </W><W> बर्फ </W><W> का </W><W> कुछ </W><W> हिस्सा </W><W> टूटा </W><W> और </W><W> मेजर </W><W> ने </W><W> हाथ </W><W> बाहर </W><W> निकालकर </W><W> अंगुलियां </W><W> हिलानी </W><W> शुरू </W><W> कीं।  </W></P><P><W> इस </W><W> दौरान </W><W> रेस्क्यू </W><W> टीम </W><W> की </W><W> नजर </W><W> मेजर </W><W> की </W><W> हिलती </W><W> उंगलियों </W><W> पर </W><W> पड़ी </W><W> और </W><W> उन्हें </W><W> सेफ </W><W> निकाला </W><W> गया। </W></P><P><W> यहां </W><NATURAL_EVENT ID="29" TYPE="AVALANCHES"><W> एवलांच </W></NATURAL_EVENT><W> में </W><W> 8 </W><W> जवानों </W><W> के </W><W> दबने </W><W> की </W><W> आशंका </W><W> थी। </W><CASUALTIES-ARG ID="31"><LINK EVENT_ARG="29" ID="73" TYPE_REL="EVENT_ARG"/><W> मेजर </W><W> अमित </W><W> सागर </W><W> इसमें </W><W> शहीद </W><W> हो </W><W> गए, </W></CASUALTIES-ARG><W> बाकी </W><W> सैनिकों </W><W> को </W><W> बचा </W><W> लिया </W><W> गया। </W></P><P><W>   </W></P><P><W> # </W><W> गांव </W><W> वाले </W><W> भी </W><W> प्रभावित, </W><W> अब </W><W> तक </W><CASUALTIES-ARG ID="34"><LINK EVENT_ARG="33" ID="76" TYPE_REL="EVENT_ARG"/><W> 6 </W><W> की </W><W> मौत </W></CASUALTIES-ARG></P><P><W> पिछले </W><W> चार </W><W> दिनों </W><W> में </W><W> भारी </W><W> बर्फबारी </W><W> के </W><W> बाद </W><W> आए </W><NATURAL_EVENT ID="33" TYPE="AVALANCHES"><W> एवलांच </W></NATURAL_EVENT><W> में </W><W> अब </W><W> तक </W><CASUALTIES-ARG ID="35"><LINK EVENT_ARG="33" ID="75" TYPE_REL="EVENT_ARG"/><W> 6 </W><W> नागरिकों </W><W> की </W><W> मौत </W></CASUALTIES-ARG><W> हो </W><W> गई। </W></P><P><TIME-ARG ID="37"><LINK EVENT_ARG="33" ID="77" TYPE_REL="EVENT_ARG"/><W> गुरुवार </W></TIME-ARG><W> को </W><PLACE-ARG ID="38"><LINK EVENT_ARG="33" ID="78" TYPE_REL="EVENT_ARG"/><W> बारामूल </W><W> सेक्टर </W><W> के </W><W> उड़ी </W><W> इलाके </W></PLACE-ARG><W> में </W><CASUALTIES-ARG ID="36"><LINK EVENT_ARG="33" ID="79" TYPE_REL="EVENT_ARG"/><W> 60 </W><W> साल </W><W> के </W><W> एक </W><W> शख्स </W><W> की </W><W> मौत। </W></CASUALTIES-ARG></P><P><W> न्यूज </W><W> एजेंसी </W><W> के </W><W> मुताबिक, </W><PLACE-ARG ID="39"><LINK EVENT_ARG="40" ID="80" TYPE_REL="EVENT_ARG"/><W> गुरेज </W><W> सेक्टर </W><W> के </W><W> बादूगम </W><W> गांव </W></PLACE-ARG><W> में </W><W> भी </W><TIME-ARG ID="41"><LINK EVENT_ARG="40" ID="81" TYPE_REL="EVENT_ARG"/><W> बुधवार </W><W> सुबह </W></TIME-ARG><NATURAL_EVENT ID="40" TYPE="AVALANCHES"><W> एवलांच </W></NATURAL_EVENT><W> आया।  </W></P><P><W> इसकी </W><W> चपेट </W><W> में </W><W> एक </W><W> घर </W><W> आने </W><W> से </W><CASUALTIES-ARG ID="42"><LINK EVENT_ARG="40" ID="82" TYPE_REL="EVENT_ARG"/><W> चार </W><W> लोगों </W><W> की </W><W> मौत </W></CASUALTIES-ARG><W> हो </W><W> गई। </W><W>   </W></P><P><W>   </W></P><P><W> # </W><W> बर्फबारी </W><W> के </W><W> वक्त </W><W> सोनमर्ग </W><W> इलाका </W><W> खाली </W><W> हो </W><W> जाता </W><W> है </W></P><P><W> सोनमर्ग </W><W> के </W><W> आसपास </W><W> चार </W><W> से </W><W> पांच </W><W> गांव </W><W> हैं। </W><W> इस </W><W> मौसम </W><W> में </W><W> यह </W><W> इलाका </W><W> खाली </W><W> हो </W><W> जाता </W><W> है। </W><W> और </W><W> लोग </W><W> मैदानी </W><W> गांव </W><W> में </W><W> शिफ्ट </W><W> हो </W><W> जाते </W><W> हैं।  </W></P><P><W> सिर्फ </W><W> आर्मी </W><W> जवान </W><W> ही </W><W> इस </W><W> इलाके </W><W> में </W><W> तैनात </W><W> रहते </W><W> हैं। </W></P><P><W> कश्मीर </W><W> ऑफिशियल </W><W> ने </W><W> हाल </W><W> के </W><W> दिनों </W><W> में </W><W> भारी </W><W> बर्फबारी </W><W> की </W><W> वजह </W><W> से </W><W> एवलांच </W><W> को </W><W> लेकर </W><W> वॉर्निंग </W><W> जारी </W><W> की </W><W> है। </W><W> लोगों </W><W> से </W><W> कहा </W><W> गया </W><W> है </W><W> कि </W><W> वे </W><W> पहाड़ी </W><W> इलाकों </W><W> से </W><W> दूर </W><W> रहें। </W></P><P><W>   </W></P><P><W> # </W><TIME-ARG ID="43"><LINK EVENT_ARG="44" ID="83" TYPE_REL="EVENT_ARG"/><W> पिछले </W><W> साल </W></TIME-ARG><NATURAL_EVENT ID="44" TYPE="AVALANCHES"><W> एवलांच </W></NATURAL_EVENT><W> में </W><CASUALTIES-ARG ID="45"><LINK EVENT_ARG="44" ID="84" TYPE_REL="EVENT_ARG"/><W> 10 </W><W> जवान </W><W> शहीद </W></CASUALTIES-ARG><W> हुए </W><W> थे </W></P><P><TIME-ARG ID="47"><LINK EVENT_ARG="49" ID="85" TYPE_REL="EVENT_ARG"/><W> बीते </W><W> साल </W><W> 10 </W><W> फरवरी </W></TIME-ARG><W> को </W><PLACE-ARG ID="48"><LINK EVENT_ARG="49" ID="86" TYPE_REL="EVENT_ARG"/><W> नॉर्थ </W><W> ग्लेशियर </W></PLACE-ARG><W> में </W><NATURAL_EVENT ID="49" TYPE="AVALANCHES"><W> एवलांच </W></NATURAL_EVENT><W> की </W><W> चपेट </W><W> में </W><W> आने </W><W> से </W><CASUALTIES-ARG ID="50"><LINK EVENT_ARG="49" ID="87" TYPE_REL="EVENT_ARG"/><W> 19 </W><W> मद्रास </W><W> रेजिमेंट </W><W> के </W><W> 10 </W><W> जवान </W><W> शहीद </W><W> हो </W></CASUALTIES-ARG><W> गए </W><W> थे।  </W></P><P><W> लांस </W><W> नायक </W><W> हनुमनथप्पा </W><W> को </W><W> कई </W><W> दिन </W><W> बर्फ </W><W> में </W><W> दबे </W><W> होने </W><W> के </W><W> बाद </W><W> सुरक्षित </W><W> निकाला </W><W> गया </W><W> था। </W><W> हालांकि, </W><W> बाद </W><W> में </W><W> हॉस्पिटल </W><W> में </W><W> उनकी </W><W> मौत </W><W> हो </W><W> गई। </W></P></DOCUMENT>