<?xml version="1.0" encoding="UTF-8"?>
<DOCUMENT><P><PLACE-ARG ID="1"><LINK EVENT_ARG="0" ID="9" TYPE_REL="EVENT_ARG"/><W> काठमांडू, </W></PLACE-ARG><PLACE-ARG ID="6"><LINK EVENT_ARG="0" ID="8" TYPE_REL="EVENT_ARG"/><W>  नेपाल </W><W> के </W><W> बाजुरा </W><W> जिले </W></PLACE-ARG><W> में </W><TIME-ARG ID="3"><LINK EVENT_ARG="0" ID="7" TYPE_REL="EVENT_ARG"/><W> मंगलवार </W></TIME-ARG><W> को </W><W> सेना </W><W> का </W><W> कार्गो </W><MAN_MADE_EVENT ID="0" TYPE="AVIATION_HAZARD"><W> विमान </W><W> दुर्घटनाग्रस्‍त </W></MAN_MADE_EVENT><W> हो </W><W> गया, </W><W> जिसमें </W><CASUALTIES-ARG ID="4"><LINK EVENT_ARG="0" ID="10" TYPE_REL="EVENT_ARG"/><W> पायलट </W></CASUALTIES-ARG><W> की </W><W> मौत </W><W> हो </W><W> गई। </W><W> जबकि </W><CASUALTIES-ARG ID="5"><LINK EVENT_ARG="0" ID="11" TYPE_REL="EVENT_ARG"/><W> दो </W><W> अन्‍य </W></CASUALTIES-ARG><W> गंभीर </W><W> रूप </W><W> से </W><W> जख्‍मी </W><W> हो </W><W> गए। </W></P><P><W> नेपाल </W><W> सेना </W><W> ने </W><W> पुष्टि </W><W> करते </W><W> हुए </W><W> बताया </W><W> कि </W><W> दुर्घटनाग्रस्‍त </W><W> NA- </W><W> 048 </W><W> स्‍काईट्रक </W><W> के </W><W> कैप्‍टन </W><W> कैलाश </W><W> गुरुंग </W><W> की </W><W> मौत </W><W> हो </W><W> गई। </W><W> जबकि </W><W> को-पायलट </W><W> पूर्ण </W><W> बहादुर </W><W> खडका </W><W> और </W><W> एयर </W><W> होस्‍टेस </W><W> अनीता </W><W> एले </W><W> का </W><W> इलाज </W><W> चल </W><W> रहा </W><W> है। </W><W> स्‍काईट्रक </W><W> ने </W><W> नेपाल </W><W> फूड </W><W> कॉरपोरेशन </W><W> से </W><W> खाद्य </W><W> पदार्थ </W><W> लेकर </W><W> हम्‍ला </W><W> जिले </W><W> के </W><W> सिमिकोट </W><W> से </W><W> उड़ान </W><W> भरी </W><W> थी। </W><W> मगर </W><W> यहां </W><W> लैंडिंग </W><W> नहीं </W><W> हो </W><W> पाने </W><W> पर </W><W> विमान </W><W> को </W><W> बाजुरा </W><W> जिले </W><W> के </W><W> कोल्‍टी </W><W> ले </W><W> जाया </W><W> गया। </W></P><P><W> हालांकि </W><W> बाजुरा </W><W> के </W><W> सीडीओ </W><W> देवेंद्र </W><W> लामिचने </W><W> ने </W><W> बताया </W><W> कि </W><W> विमान </W><W> रनवे </W><W> पर </W><W> फिसलकर </W><W> पास </W><W> के </W><W> खेत </W><W> में </W><W> पहुंच </W><W> गया। </W><W> ब्रेक </W><W> फेल </W><W> होने </W><W> की </W><W> खबर </W><W> मिली </W><W> है </W><W> और </W><W> हमने </W><W> स्‍काईट्रक </W><W> के </W><W> अंदर </W><W> से </W><W> दो </W><W> लोगों </W><W> को </W><W> बचा </W><W> लिया। </W><W> बाद </W><W> में </W><W> सेना </W><W> और </W><W> स्‍थानीय </W><W> लोगों </W><W> ने </W><W> मिलकर </W><W> विमान </W><W> के </W><W> आस-पास </W><W> लगी </W><W> आग </W><W> पर </W><W> सफलतापूर्वक </W><W> काबू </W><W> पा </W><W> लिया। </W></P></DOCUMENT>