<?xml version="1.0" encoding="UTF-8"?>
<DOCUMENT><DESC/><TIME>1040</TIME><P><PLACE-ARG ID="0"><LINK EVENT_ARG="1" ID="3" TYPE_REL="EVENT_ARG"/><W> अमेरिका </W></PLACE-ARG><W> में </W><W> उठा </W><NATURAL_EVENT ID="1" TYPE="TORNADO"><EVENT-COREF-LINK EVENT_ID="7" ID="42" TYPE_REL="EVENT_COREF"/><W> बवंडर, </W></NATURAL_EVENT><CASUALTIES-ARG ID="2"><LINK EVENT_ARG="1" ID="4" TYPE_REL="EVENT_ARG"/><W> 6 </W><W> लोगों </W><W> की </W><W> मौत </W><W> 100 </W><W> से </W><W> ज्यादा </W><W> घायल </W></CASUALTIES-ARG></P><P><PLACE-ARG ID="5"><LINK EVENT_ARG="7" ID="12" TYPE_REL="EVENT_ARG"/><W> अमेरिका </W><W> के </W><W> टेक्सास </W></PLACE-ARG><W> में </W><TIME-ARG ID="6"><LINK EVENT_ARG="7" ID="13" TYPE_REL="EVENT_ARG"/><W> बुधवार </W></TIME-ARG><W> को </W><W> आए </W><W> एक </W><W> के </W><W> बाद </W><W> एक </W><W> कई </W><NATURAL_EVENT ID="7" TYPE="TORNADO"><W> बवंडरों </W></NATURAL_EVENT><W> से </W><CASUALTIES-ARG ID="8"><LINK EVENT_ARG="7" ID="14" TYPE_REL="EVENT_ARG"/><W> 6 </W><W> लोगों </W><W> के </W><W> मारे </W><W> जाने </W></CASUALTIES-ARG><W> और </W><CASUALTIES-ARG ID="9"><LINK EVENT_ARG="7" ID="15" TYPE_REL="EVENT_ARG"/><W> सौ </W><W> से </W><W> ज्यादा </W><W> के </W><W> घायल </W></CASUALTIES-ARG><W> होने </W><W> की </W><W> खबर </W><W> है। </W><W> प्रशासन </W><W> के </W><W> मुताबिक, </W><PLACE-ARG ID="10"><LINK EVENT_ARG="11" ID="16" TYPE_REL="EVENT_ARG"/><W> टेक्सास </W><W> के </W><W> ग्रानब्यूरी </W></PLACE-ARG><W> में </W><W> अब </W><W> तक </W><W> 10 </W><NATURAL_EVENT ID="11" TYPE="TORNADO"><EVENT-COREF-LINK EVENT_ID="7" ID="43" TYPE_REL="EVENT_COREF"/><W> बवंडर </W></NATURAL_EVENT><W> आ </W><W> चुके </W><W> हैं। </W></P><P><W>   </W></P><P><W> हुड </W><W> काउंटी </W><W> के </W><W> प्रवक्ता </W><W> ले. </W><W> कैथी </W><W> जिविडन </W><W> ने </W><W> बताया </W><W> कि </W><NATURAL_EVENT ID="17" TYPE="TORNADO"><EVENT-COREF-LINK EVENT_ID="7" ID="44" TYPE_REL="EVENT_COREF"/><W> बवंडर </W></NATURAL_EVENT><W> के </W><W> कारण </W><W> अब </W><W> तक </W><CASUALTIES-ARG ID="18"><LINK EVENT_ARG="17" ID="21" TYPE_REL="EVENT_ARG"/><W> तीन </W><W> मौतों </W></CASUALTIES-ARG><W> की </W><W> पुष्टि </W><W> हो </W><W> चुकी </W><W> है, </W><W> जबकि </W><CASUALTIES-ARG ID="19"><LINK EVENT_ARG="17" ID="22" TYPE_REL="EVENT_ARG"/><W> 16 </W><W> लोग </W><W> गंभीर </W><W> हालत </W><W> में </W></CASUALTIES-ARG><W> हैं। </W><W> हालांकि </W><W> यह </W><W> आंकड़ा </W><W> अभी </W><W> और </W><W> ऊपर </W><W> जा </W><W> सकता </W><W> है। </W><W> उन्होंने </W><W> बताया </W><W> कि </W><AFTER_EFFECTS-ARG ID="20"><LINK EVENT_ARG="17" ID="23" TYPE_REL="EVENT_ARG"/><W> राहतकर्मी </W><W> हर </W><W> एक </W><W> घर </W><W> में </W><W> जा-जाकर </W><W> स्थिति </W><W> का </W><W> जायजा </W><W> ले </W><W> रहे </W><W> हैं। </W><W> वे </W><W> पड़ोस </W><W> के </W><W> डीकोरोडोवा </W><W> रैंच </W><W> और </W><W> रैंचों </W><W> ब्राजोस </W><W> एस्टेट </W><W> में </W><W> घायलों </W><W> को </W><W> टूटे </W><W> हुए </W><W> मकानों </W><W> से </W><W> निकाल </W><W> रहे </W><W> हैं।  </W></AFTER_EFFECTS-ARG></P><P><W>   </W></P><P><W> यह </W><W> इलाके </W><PLACE-ARG ID="24"><LINK EVENT_ARG="17" ID="31" TYPE_REL="EVENT_ARG"/><W> ग्रानब्यूरी </W><W> लेक </W><W> के </W><W> दक्षिणी </W><W> हिस्से </W></PLACE-ARG><W> में </W><W> स्थित </W><W> हैं, </W><W> जिनमें </W><W> करीब </W><AFTER_EFFECTS-ARG ID="25"><LINK EVENT_ARG="17" ID="32" TYPE_REL="EVENT_ARG"/><W> आठ </W><W> हजार </W><W> से </W><W> ज्यादा </W><W> घर </W><W> प्रभावित </W></AFTER_EFFECTS-ARG><W> हो </W><W> रहे </W><W> हैं। </W><W> कैथी </W><W> ने </W><W> बताया </W><W> कि </W><W> दूसरा </W><NATURAL_EVENT ID="30" TYPE="TORNADO"><W> ववंडर </W></NATURAL_EVENT><PLACE-ARG ID="27"><LINK EVENT_ARG="30" ID="33" TYPE_REL="EVENT_ARG"/><W> मिलसिप </W><W> टाउन </W><W> के </W><W> से </W><W> 40 </W><W> मील </W><W> की </W><W> दूरी </W><W> पर </W></PLACE-ARG><W> आया। </W><W> पार्कर </W><W> काउंटी </W><W> के </W><W> जज </W><W> मार्क </W><W> कैली </W><W> ने </W><W> बताया </W><W> कि </W><AFTER_EFFECTS-ARG ID="28"><LINK EVENT_ARG="30" ID="34" TYPE_REL="EVENT_ARG"/><W> घरों </W><W> की </W><W> छत </W><W> उड़ </W><W> गई </W><W> और </W><W> पलभर </W><W> में </W><W> कई </W><W> घर </W><W> तबाह </W><W> हो </W><W> गए।  </W></AFTER_EFFECTS-ARG></P><P><W>   </W></P><P><W>   </W></P><P><W> (अंदर </W><W> की </W><W> स्लाइड </W><W> में </W><W> देखें </W><NATURAL_EVENT ID="35" TYPE="TORNADO"><W> बवंडर </W></NATURAL_EVENT><W> के </W><W> बाद </W><W> टेक्सास </W><W> के </W><W> ग्रानब्यूरी </W><W> के </W><W> ताजा </W><W> हालात) </W></P><P><W>   </W></P><P><W> यह </W><W> तस्वीर </W><PLACE-ARG ID="39"><LINK EVENT_ARG="36" ID="40" TYPE_REL="EVENT_ARG"/><W> दक्षिणी </W><W> प्रिडी </W></PLACE-ARG><W> में </W><W> आए </W><W> एक </W><NATURAL_EVENT ID="36" TYPE="TORNADO"><W> बवंडर </W></NATURAL_EVENT><W> की </W><W> है। </W><W> तस्वीरों </W><W> में </W><W> तूफान </W><W> की </W><W> तीव्रता </W><W> को </W><W> महसूस </W><W> किया </W><W> जा </W><W> सकता </W><W> है। </W><W> इसी </W><W> तरह </W><W> के </W><W> कई </W><NATURAL_EVENT ID="37" TYPE="TORNADO"><W> बवंडर </W></NATURAL_EVENT><PLACE-ARG ID="38"><LINK EVENT_ARG="37" ID="41" TYPE_REL="EVENT_ARG"/><W> उत्तरी </W><W> टेक्सास </W></PLACE-ARG><W> को </W><W> अपनी </W><W> चपेट </W><W> में </W><W> लिए </W><W> हुए </W><W> हैं। </W></P><P><W>   </W><W>   </W><W>   </W><W>   </W><W>   </W><W>   </W></P><P><W>   </W><W>   </W><W>   </W><W>   </W><W>    </W></P><P><W>   </W><W>   </W><W>   </W><W>   </W><W>   </W><W>   </W><W>   </W><W>   </W><W>    </W></P><P><W>   </W><W>   </W><W>   </W><W>   </W><W>    </W></P></DOCUMENT>