<?xml version="1.0" encoding="UTF-8"?>
<DOCUMENT><DESC/><TIME>8345</TIME><P><W>  श्रीनगर </W><PLACE-ARG ID="2"><LINK EVENT_ARG="0" ID="26" TYPE_REL="EVENT_ARG"/><W> कारगिल </W><W> में </W><W> एलओसी </W><W>  के </W><W> साथ </W><W>  सटे </W><W> बटालिक </W><W> सेक्टर </W></PLACE-ARG><W> में </W><NATURAL_EVENT ID="0" TYPE="AVALANCHES"><W> हिमस्खलन </W></NATURAL_EVENT><W> के </W><W> बाद </W><W> लापता </W><W> हुए </W><CASUALTIES-ARG ID="3"><LINK EVENT_ARG="0" ID="27" TYPE_REL="EVENT_ARG"/><W> तीन </W><W> सैन्यकर्मी </W><W> शहीद </W><W> हो </W><W> गए </W></CASUALTIES-ARG><W> हैं। </W><W>  इस </W><W> बीच, </W><W> काकसर </W><W> सेक्टर </W><W> में </W><NATURAL_EVENT ID="5" TYPE="AVALANCHES"><EVENT-COREF-LINK EVENT_ID="0" ID="41" TYPE_REL="EVENT_COREF"/><W> हिमस्खलन </W></NATURAL_EVENT><W> की </W><W> चपेट </W><W> में </W><W> आई </W><W> सैन्य </W><W> चौकी </W><W> में </W><W> फंसे </W><W> सभी </W><W> जवानों </W><W> को </W><W> बचाव </W><W> कर्मियों </W><W> ने </W><W> निकाल </W><W> लिया </W><W> है </W><W> और </W><W> उन्हें </W><W> निकटवर्ती </W><W> अस्पताल </W><W> में </W><W> ले </W><W> जाया </W><W> गया </W><W> है।  </W></P><P><PLACE-ARG ID="6"><LINK EVENT_ARG="8" ID="28" TYPE_REL="EVENT_ARG"/><W> बटालिक </W><W> सेक्टर </W></PLACE-ARG><W> में </W><TIME-ARG ID="7"><LINK EVENT_ARG="8" ID="29" TYPE_REL="EVENT_ARG"/><W> गत </W><W> शाम </W></TIME-ARG><W> को </W><NATURAL_EVENT ID="8" TYPE="AVALANCHES"><W> हिमस्खलन </W></NATURAL_EVENT><W> हुआ </W><W> था। </W><W> इसमें </W><CASUALTIES-ARG ID="9"><LINK EVENT_ARG="8" ID="30" TYPE_REL="EVENT_ARG"/><W> एक </W><W> अग्रिम </W><W> निगरानी </W><W> सैन्यचौकी </W><W> बर्फीले </W><W> तूफान </W><W> में </W><W> दब </W><W> गइ्र </W></CASUALTIES-ARG><W> थी। </W><NATURAL_EVENT ID="10" TYPE="AVALANCHES"><EVENT-COREF-LINK EVENT_ID="8" ID="42" TYPE_REL="EVENT_COREF"/><W> हिमस्खलन </W></NATURAL_EVENT><W> के </W><W> समय </W><W> चौकी </W><W> में </W><W> पांच </W><W> सैन्य </W><W> कर्मी </W><W> मौजूद </W><W> थे। </W><W> दो </W><W> जवानों </W><W> को </W><W> गत </W><W> शाम </W><W> को </W><W> निकाल </W><W> लिया </W><W> गया </W><W> था। </W><CASUALTIES-ARG ID="12"><LINK EVENT_ARG="10" ID="31" TYPE_REL="EVENT_ARG"/><W> दो </W></CASUALTIES-ARG><W> आज </W><W> सुबह </W><W> बर्फ </W><W> के </W><W> नीचे </W><W> से </W><W> निकाले </W><W> गए </W><W> और </W><W> उन्हें </W><W> अस्पताल </W><W> पहुंचाया </W><W> गया,जहां </W><W> वह </W><W> कुछ </W><W> ही </W><W> देर </W><W> बाद </W><CASUALTIES-ARG ID="13"><LINK EVENT_ARG="10" ID="32" TYPE_REL="EVENT_ARG"/><W> चल </W><W> बसे। </W></CASUALTIES-ARG><CASUALTIES-ARG ID="14"><LINK EVENT_ARG="10" ID="33" TYPE_REL="EVENT_ARG"/><W> तीसरे </W></CASUALTIES-ARG><W> लापता </W><W> जवान </W><W> को </W><W> जब </W><W> आज </W><W> सुबह </W><W> साढ़े </W><W> आठ </W><W> बजे </W><W> बर्फ </W><W> के </W><W> नीचे </W><W> से </W><W> निकाला </W><W> गया </W><W> तो </W><W> वह </W><W> अचेत </W><W> अवस्था </W><W> में </W><W> था। </W><W> उसे </W><W> उसी </W><W> समय </W><W> अस्पताल </W><W> पहुंचाया </W><W> गया,जहां </W><W> वह </W><W> डाक्टरों </W><W> ने </W><W> उसे </W><CASUALTIES-ARG ID="15"><LINK EVENT_ARG="10" ID="34" TYPE_REL="EVENT_ARG"/><W> मृत </W><W> घोषित </W></CASUALTIES-ARG><W> कर </W><W> दिया।तीनों </W><W> शहीद </W><W> जवान </W><W> बिहार </W><W> के </W><W> बताए </W><W> जाते </W><W> हैं। </W></P><P><PLACE-ARG ID="16"><LINK EVENT_ARG="17" ID="35" TYPE_REL="EVENT_ARG"/><W> काकसर </W><W> सेक्टर </W></PLACE-ARG><W> में </W><W> हुए </W><NATURAL_EVENT ID="17" TYPE="AVALANCHES"><W>  हिमस्खलन </W></NATURAL_EVENT><W> की </W><W> पुष्टि </W><W> करते </W><W> हुए </W><W> रक्षा </W><W> मंत्रालय </W><W> के </W><W> प्रवक्ता </W><W> ने </W><W> बताया </W><W> कि </W><W> वहां </W><TIME-ARG ID="18"><LINK EVENT_ARG="17" ID="36" TYPE_REL="EVENT_ARG"/><W> आज </W><W> सुबह </W><W> चार </W><W> बजे </W></TIME-ARG><W> के </W><W> करीब </W><NATURAL_EVENT ID="19" TYPE="AVALANCHES"><EVENT-COREF-LINK EVENT_ID="17" ID="43" TYPE_REL="EVENT_COREF"/><W> हिमस्खलन </W></NATURAL_EVENT><W> हुआ </W><W> है। </W><W> लेकिन </W><W> बचावकर्मियों </W><W> ने </W><W> त्वरित </W><W> कार्रवाई </W><W> करते </W><W> हुए </W><W> सभी </W><W> जवानों </W><W> को </W><W> बचा </W><W> लिया। </W><PLACE-ARG ID="20"><LINK EVENT_ARG="19" ID="37" TYPE_REL="EVENT_ARG"/><NATURAL_EVENT ID="21" TYPE="AVALANCHES"><W> अलबत्ता,हिमस्खलन </W></NATURAL_EVENT></PLACE-ARG><W> की </W><W> चपेट </W><W> में </W><W> आई </W><AFTER_EFFECTS-ARG ID="22"><LINK EVENT_ARG="19" ID="38" TYPE_REL="EVENT_ARG"/><W> चौकी </W><W> में </W><W> रखा </W><W> सैन्य </W><W> साजो </W><W> सामान </W><W> जरुर </W><W> क्षतिग्रस्त </W><W> हुआ </W></AFTER_EFFECTS-ARG><W> है।  </W></P><P><W> आपको </W><W> बता </W><W> दें </W><W> कि </W><W> इसी </W><W> साल </W><W> जनवरी </W><W> माह </W><W> के </W><W> दौरान </W><W> भी </W><PLACE-ARG ID="23"><LINK EVENT_ARG="24" ID="39" TYPE_REL="EVENT_ARG"/><W> जम्मू-कश्मीर </W></PLACE-ARG><W> में </W><W> नियंत्रण </W><W> रेखा </W><W> के </W><W> नजदीक </W><W> एक </W><W> सैन्य </W><W> चौकी </W><W> और </W><W> एक </W><W> गश्ती </W><W> दल </W><NATURAL_EVENT ID="24" TYPE="AVALANCHES"><W> हिमस्खलन </W></NATURAL_EVENT><W> की </W><W> चपेट </W><W> में </W><W> आ </W><W> गए </W><W> थे </W><W> जिस </W><W> कारण </W><CASUALTIES-ARG ID="25"><LINK EVENT_ARG="24" ID="40" TYPE_REL="EVENT_ARG"/><W> 15 </W><W> सैनिकों </W><W> की </W><W> मौत </W></CASUALTIES-ARG><W> हो </W><W> गई </W><W> थी। </W></P></DOCUMENT>