<?xml version="1.0" encoding="UTF-8"?>
<DOCUMENT><DESC/><TIME>924</TIME><P><PLACE-ARG ID="0"><LINK EVENT_ARG="1" ID="8" TYPE_REL="EVENT_ARG"/><W> राजधानी </W><W> पटना </W><W> सहित </W><W> पूरा </W><W> राज्य </W></PLACE-ARG><NATURAL_EVENT ID="1" TYPE="COLD_WAVE"><W> शीतलहर </W></NATURAL_EVENT><W> की </W><W> चपेट </W><W> में </W></P><P><PLACE-ARG ID="2"><LINK EVENT_ARG="3" ID="9" TYPE_REL="EVENT_ARG"/><W> पटना. </W><W> बिहार </W><W> में </W><W> राजधानी </W><W> पटना </W><W> सहित </W><W> पूरा </W><W> राज्य </W></PLACE-ARG><NATURAL_EVENT ID="3" TYPE="COLD_WAVE"><EVENT-COREF-LINK EVENT_ID="1" ID="14" TYPE_REL="EVENT_COREF"/><W> शीतलहर </W></NATURAL_EVENT><W> की </W><W> चपेट </W><W> में </W><W> है। </W><NATURAL_EVENT ID="4" TYPE="COLD_WAVE"><EVENT-COREF-LINK EVENT_ID="1" ID="15" TYPE_REL="EVENT_COREF"/><W> सर्द </W><W> हवाओं </W></NATURAL_EVENT><W> से </W><W> बढ़ी </W><W> ठंडक </W><AFTER_EFFECTS-ARG ID="5"><LINK EVENT_ARG="3" ID="11" TYPE_REL="EVENT_ARG"/><W> लोगों </W><W> को </W><W> परेशान </W><W> कर </W><W> रही </W><W> है। </W></AFTER_EFFECTS-ARG><W> पूर्णिया </W><W> में </W><W> शुक्रवार </W><W> सुबह </W><W> का </W><W> तापमान </W><W> छह </W><W> डिग्री </W><W> सेल्सियस </W><W> से </W><W> नीचे </W><W> लुढ़क </W><W> गया। </W></P><P><W> मौसम </W><W> विभाग </W><W> के </W><W> अनुसार </W><W> सुबह </W><W> कोहरा </W><W> तो </W><W> कम </W><W> था </W><W> परंतु </W><W> आठ </W><W> से </W><SPEED-ARG ID="6"><LINK EVENT_ARG="3" ID="12" TYPE_REL="EVENT_ARG"/><W> 10 </W><W> किलोमीटर </W><W> प्रति </W><W> घंटे </W><W> की </W><W> रफ्तार </W></SPEED-ARG><W> से </W><W> चल </W><W> रही </W><W> हवा </W><W> के </W><W> कारण </W><AFTER_EFFECTS-ARG ID="7"><LINK EVENT_ARG="3" ID="13" TYPE_REL="EVENT_ARG"/><W> लोग </W><W> घरों </W><W> में </W><W> दुबके </W><W> रहे। </W></AFTER_EFFECTS-ARG><W> पटना </W><W> में </W><W> सुबह </W><W> का </W><W> तापमान </W><W> 10.1 </W><W> डिग्री </W><W> सेल्सियस, </W><W> पूर्णिया </W><W> का </W><W> 5.9 </W><W> डिग्री </W><W> सेल्सियस </W><W> तथा </W><W> गया </W><W> का </W><W> 7.1 </W><W> डिग्री </W><W> सेल्सियस </W><W> रिकॉर्ड </W><W> किया </W><W> गया। </W></P><P><W> गुरुवार </W><W> को </W><W> पटना </W><W> का </W><W> न्यूनतम </W><W> तापमान </W><W> सात </W><W> डिग्री </W><W> सेल्सियस </W><W> दर्ज </W><W> किया </W><W> गया </W><W> था। </W></P><P><W> पटना </W><W> मौसम </W><W> विभाग </W><W> के </W><W> निदेशक </W><W> अनिमेश </W><W> चंद्रा </W><W> ने </W><W> बताया </W><W> कि </W><W> पूरे </W><W> राज्य </W><W> में </W><W> शीतलहर </W><W> जाारी </W><W> है। </W><W> मौसम </W><W> में </W><W> फिलहाल </W><W> कोई </W><W> खास </W><W> बदलाव </W><W> होने </W><W> की </W><W> उम्मीद </W><W> नहीं </W><W> है। </W></P></DOCUMENT>