<?xml version="1.0" encoding="UTF-8"?>
<DOCUMENT><DESC/><TIME>780</TIME><P><W> कुंभ </W><W> स्नान </W><W> कर </W><W> लौट </W><W> रहा </W><W> था </W><W> परिवार, </W><PLACE-ARG ID="5"><LINK EVENT_ARG="0" ID="28" TYPE_REL="EVENT_ARG"/><W> रास्ते </W></PLACE-ARG><W> में </W><PARTICIPANT-ARG ID="8"><LINK EVENT_ARG="0" ID="29" TYPE_REL="EVENT_ARG"/><W> पेड़ </W></PARTICIPANT-ARG><W> से </W><MAN_MADE_EVENT ID="0" TYPE="VEHICULAR_COLLISION"><W> टकरा </W><W> गई </W><W> कार, </W></MAN_MADE_EVENT><CASUALTIES-ARG ID="15"><LINK EVENT_ARG="0" ID="30" TYPE_REL="EVENT_ARG"/><W> नौ </W><W> घायल </W></CASUALTIES-ARG><W> ।  </W></P><P><PLACE-ARG ID="6"><LINK EVENT_ARG="1" ID="31" TYPE_REL="EVENT_ARG"/><W> फतेहपुर </W></PLACE-ARG><TIME-ARG ID="13"><LINK EVENT_ARG="1" ID="32" TYPE_REL="EVENT_ARG"/><W> शनिवार </W></TIME-ARG><PARTICIPANT-ARG ID="9"><LINK EVENT_ARG="1" ID="33" TYPE_REL="EVENT_ARG"/><W> दोपहर प्रयागराज </W><W> से </W><W> कुंभ </W><W> स्नान </W><W> कर </W><W> लौट </W><W> रहे </W><W> कानपुर </W><W> के </W><W> एक </W><W> परिवार </W><W> की </W><W> इनोवा </W><W> कार </W></PARTICIPANT-ARG><REASON-ARG ID="11"><LINK EVENT_ARG="1" ID="34" TYPE_REL="EVENT_ARG"/><W> साइकिल </W><W> सवार </W><W> को </W><W> बचाने </W><W> में </W><W> अनियंत्रित </W><W> होकर </W></REASON-ARG><PARTICIPANT-ARG ID="10"><LINK EVENT_ARG="1" ID="35" TYPE_REL="EVENT_ARG"/><W> पेड़ </W></PARTICIPANT-ARG><W> से </W><MAN_MADE_EVENT ID="1" TYPE="VEHICULAR_COLLISION"><EVENT-COREF-LINK EVENT_ID="0" ID="24" TYPE_REL="EVENT_COREF"/><W> टकरा </W><W> गई। </W></MAN_MADE_EVENT><MAN_MADE_EVENT ID="2" TYPE="VEHICULAR_COLLISION"><EVENT-COREF-LINK EVENT_ID="0" ID="25" TYPE_REL="EVENT_COREF"/><W> हादसे </W></MAN_MADE_EVENT><W> में </W><CASUALTIES-ARG ID="12"><LINK EVENT_ARG="2" ID="36" TYPE_REL="EVENT_ARG"/><W> परिवार </W><W> के </W><W> नौ </W><W> लोग </W><W> घायल </W></CASUALTIES-ARG><W> हुए। </W><AFTER_EFFECTS-ARG ID="16"><LINK EVENT_ARG="2" ID="37" TYPE_REL="EVENT_ARG"/><W> जिला </W><W> अस्पताल </W><W> से </W><W> दो </W><W> को </W><W> कानपुर </W><W> रेफर </W><W> किया </W><W> गया </W><W> है।  </W></AFTER_EFFECTS-ARG></P><P><W> कानपुर </W><W> कल्याणपुर </W><W> थाना </W><W> क्षेत्र </W><W> के </W><W> आवास </W><W> विकास </W><W> कालोनी </W><W> निवासी </W><W> श्रीशंकर, </W><W> पत्नी </W><W> सरिता, </W><W> बेटी </W><W> दिव्या, </W><W> भाई </W><W> कमलेश </W><W> तिवारी, </W><W> प्रेमशंकर, </W><W>  चंद्रभान </W><W> तिवारी, </W><W> भतीजा </W><W> मयंक, </W><W> प्रशांत, </W><W> चंद्रभान </W><W> की </W><W> पत्नी </W><W> गीता </W><W> तिवारी </W><W> को </W><W> लेकर </W><W> इनोवा </W><W> कार </W><W> से </W><W> प्रयागराज </W><W> गए </W><W> थे। </W><W> शनिवार </W><W> को </W><W> लौटते </W><W> समय </W><W> कार </W><W> सवार </W><W> डिवाइडर </W><W> साइड </W><W> पर </W><W> थे। </W></P><P><TIME-ARG ID="14"><LINK EVENT_ARG="3" ID="38" TYPE_REL="EVENT_ARG"/><W> दोपहर </W></TIME-ARG><W> को </W><PLACE-ARG ID="21"><LINK EVENT_ARG="3" ID="39" TYPE_REL="EVENT_ARG"/><W> मलवां </W><W> थाना </W><W> क्षेत्र </W><W> हाईवे </W><W> के </W><W> कोराईं </W><W> मोड़ </W><W> के </W><W> पास </W></PLACE-ARG><W> अचानक </W><W> डिवाइडर </W><W> से </W><REASON-ARG ID="22"><LINK EVENT_ARG="3" ID="40" TYPE_REL="EVENT_ARG"/><W> एक </W><W> साइकिल </W><W> सवार </W><W> सामने </W><W> आया। </W><W> उसे </W><W> बचाने </W><W> में </W><W> इनोवा </W><W> चला </W><W> रहे </W><W> श्रीशंकर </W><W> ने </W><W> बाएं </W><W> ओर </W><W> कार </W><W> को </W><W> घुमाया। </W><W> इनोवा </W><W> अनियंत्रित </W><W> होने </W><W> से </W></REASON-ARG><PARTICIPANT-ARG ID="23"><LINK EVENT_ARG="3" ID="41" TYPE_REL="EVENT_ARG"/><W> पेड़ </W></PARTICIPANT-ARG><W> में </W><MAN_MADE_EVENT ID="3" TYPE="VEHICULAR_COLLISION"><EVENT-COREF-LINK EVENT_ID="0" ID="26" TYPE_REL="EVENT_COREF"/><W> जा </W><W> टकराई। </W></MAN_MADE_EVENT><AFTER_EFFECTS-ARG ID="17"><LINK EVENT_ARG="3" ID="42" TYPE_REL="EVENT_ARG"/><W> कार </W><W> का </W><W> आगे </W><W> से </W><W> काफी </W><W> हिस्सा </W><W> क्षतिग्रस्त </W><W> हो </W><W> गया। </W></AFTER_EFFECTS-ARG></P><P><MAN_MADE_EVENT ID="4" TYPE="VEHICULAR_COLLISION"><EVENT-COREF-LINK EVENT_ID="0" ID="27" TYPE_REL="EVENT_COREF"/><W> दुर्घटना </W></MAN_MADE_EVENT><W> देखकर </W><AFTER_EFFECTS-ARG ID="18"><LINK EVENT_ARG="4" ID="43" TYPE_REL="EVENT_ARG"/><W> आसपास </W><W> के </W><W> लोग </W><W> पहुंचे। </W><W> पुलिस </W><W> व </W><W> एंबुलेंस </W><W> को </W><W> खबर </W><W> दी </W><W> गई। </W><W> कार </W><W> में </W><W> फंसे </W><W> घायलों </W><W> को </W><W> बाहर </W><W> निकाला। </W></AFTER_EFFECTS-ARG><W> कार </W><W> में </W><W> फंसे </W><W> कमलेश </W><W> तिवारी </W><W> को </W><W> क्रेन </W><W> की </W><W> मदद </W><W> से </W><W> आधे </W><W> घंटे </W><W> बाद </W><W> बाहर </W><W> निकाला </W><W> जा </W><W> सका। </W><AFTER_EFFECTS-ARG ID="19"><LINK EVENT_ARG="4" ID="44" TYPE_REL="EVENT_ARG"/><W> डाक्टरों </W><W> ने </W><W> सरिता, </W><W> कमलेश </W><W> की </W><W> हालत </W><W> गंभीर </W><W> देखकर </W><W> उन्हें </W><W> कानपुर </W><W> रेफर </W><W> किया। </W></AFTER_EFFECTS-ARG></P><P><W> चंद्रभान </W><W> तिवारी </W><W> ने </W><W> बताया </W><W> कि </W><W> उन </W><W> लोगों </W><W> की </W><W> पनकी </W><W> में </W><W> पूजा </W><W> घर </W><W> की </W><W> दुकाने </W><W> हैं। </W><W> सभी </W><W> एक </W><W> परिवार </W><W> और </W><W> कारोबार </W><W> करते </W><W> हैं। </W><AFTER_EFFECTS-ARG ID="20"><LINK EVENT_ARG="4" ID="45" TYPE_REL="EVENT_ARG"/><W> एसओ </W><W> नरेंद्र </W><W> प्रताप </W><W> सिंह </W><W> ने </W><W> बताया </W><W> कि </W><W> कार </W><W> थाने </W><W> में </W><W> खड़ी </W><W> कराई </W><W> गई </W><W> है। </W><W> घायलों </W><W> को </W><W> अस्पताल </W><W> भेजा </W><W> गया </W><W> है।  </W></AFTER_EFFECTS-ARG></P></DOCUMENT>