<?xml version="1.0" encoding="UTF-8"?>
<DOCUMENT><DESC/><TIME>6949</TIME><P><PLACE-ARG ID="0"><LINK EVENT_ARG="1" ID="11" TYPE_REL="EVENT_ARG"/><W> अमेरिका </W><W> के </W><W> उत्तरी </W><W> पूर्वी </W><W> क्षेत्र </W></PLACE-ARG><W> में </W><W> आए </W><W> जबर्दस्त </W><NATURAL_EVENT ID="1" TYPE="BLIZZARD"><W> बर्फीले </W><W> तूफान </W></NATURAL_EVENT><W> से </W><CASUALTIES-ARG ID="2"><LINK EVENT_ARG="1" ID="12" TYPE_REL="EVENT_ARG"/><W> छह </W><W> करोड़ </W><W> से </W><W> भी </W><W> ज्यादा </W><W> लोग </W><W> प्रभावित </W></CASUALTIES-ARG><W> हुए </W><W> हैं। </W><W> अमेरिका </W><W> के </W><W> राष्ट्रीय </W><W> मौसम </W><W> विभाग </W><W> ने </W><W> क्षेत्र </W><W> में </W><W> नब्बे </W><W> सेंटीमीटर </W><W> तक </W><W> बर्फबारी </W><W> होने </W><W> की </W><W> चेतावनी </W><W> जारी </W><W> की </W><W> है। </W></P><P><NATURAL_EVENT ID="3" TYPE="BLIZZARD"><W> बर्फीले </W><W> तूफान </W></NATURAL_EVENT><W> से </W><W> देश </W><W> की </W><W> बीस </W><W> प्रतिशत </W><W> जनसंख्या </W><W> प्रभावित </W><W> हुई </W><W> है </W><W> और </W><PLACE-ARG ID="4"><LINK EVENT_ARG="3" ID="13" TYPE_REL="EVENT_ARG"/><W> न्यूयॉर्क, </W><W> न्यू </W><W> जर्सी, </W><W> कनेक्टीकट, </W><W> रॉड </W><W> आइलैंड, </W><W> मैसाचुसैट्स </W><W> और </W><W> न्यू </W><W> हैंपशायर </W></PLACE-ARG><W> में </W><W> इससे </W><AFTER_EFFECTS-ARG ID="5"><LINK EVENT_ARG="3" ID="14" TYPE_REL="EVENT_ARG"/><W> हजारों </W><W> उड़ानें </W><W> रद्द </W><W> कर </W><W> दी </W><W> गई </W></AFTER_EFFECTS-ARG><W> हैं। </W><AFTER_EFFECTS-ARG ID="7"><LINK EVENT_ARG="3" ID="15" TYPE_REL="EVENT_ARG"/><W> न्यूयॉर्क </W><W> समेत </W><W> सभी </W><W> छह </W><W> प्रांतों </W><W> में </W><W> सड़कें </W><W> और </W><W> यातायात </W><W> सेवा </W><W> रोक </W><W> दी </W><W> गई </W></AFTER_EFFECTS-ARG><W> है </W><W> एवं </W><AFTER_EFFECTS-ARG ID="8"><LINK EVENT_ARG="3" ID="16" TYPE_REL="EVENT_ARG"/><W> विद्यालयों </W><W> को </W><W> भी </W><W> बंद </W><W> कर </W><W> दिया </W><W> गया </W></AFTER_EFFECTS-ARG><W> है। </W><W> तटीय </W><W> इलाकों </W><W> में </W><W> बाढ़ </W><W> की </W><W> चेतावनी </W><W> जारी </W><W> कर </W><W> दी </W><W> गई </W><W> है। </W><NATURAL_EVENT ID="6" TYPE="BLIZZARD"><EVENT-COREF-LINK EVENT_ID="1" ID="19" TYPE_REL="EVENT_COREF"/><W> बर्फीले </W><W> तूफान </W></NATURAL_EVENT><W> के </W><W> कारण </W><W> लगभग </W><REASON-ARG ID="10"><LINK EVENT_ARG="6" ID="17" TYPE_REL="EVENT_ARG"/><W> तीन </W><W> हजार </W><W> उड़ानें </W><W> रद्द </W></REASON-ARG><W> होने </W><W> से </W><AFTER_EFFECTS-ARG ID="9"><LINK EVENT_ARG="6" ID="18" TYPE_REL="EVENT_ARG"/><W> यात्रियों </W><W> को </W><W> काफी </W><W> मुश्किलों </W><W> का </W><W> सामना </W><W> करना </W><W> पड़ा </W></AFTER_EFFECTS-ARG><W> और </W><W> इससे </W><W> सबसे </W><W> ज्यादा </W><W> प्रभावित </W><W> न्यूयॉर्क </W><W> और </W><W> बोस्टन </W><W> हवाई </W><W> अड्डा </W><W> रहा। </W><W> न्यूयॉर्क </W><W> प्रशासन </W><W> ने </W><W> बताया </W><W> कि </W><W> हवाई </W><W> अड्डे </W><W> से </W><W> आज </W><W> की </W><W> सारी </W><W> उड़ानें </W><W> रद्द </W><W> कर </W><W> दी </W><W> गई </W><W> है। </W></P><P><W> पूर्वी </W><W> हिस्से </W><W> में </W><W> उड़ानें </W><W> रद्द </W><W> कर </W><W> दी </W><W> गई </W><W> हैं </W><W> एवं </W><W> कई </W><W> एयलाइन्स </W><W> कंपनियों </W><W> ने </W><W> इस </W><W> क्षेत्र </W><W> में </W><W> अपनी </W><W> उड़ानें </W><W> रद्द </W><W> करने </W><W> की </W><W> बात </W><W> कही </W><W> है। </W><W> न्यूयॉर्क </W><W> और </W><W> न्यूजर्सी </W><W> शहर </W><W> के </W><W> कई </W><W> हिस्सों </W><W> में </W><W> भारी </W><W> हिमपात </W><W> हो </W><W> रहा </W><W> है </W><W> और </W><W> बर्फ </W><W> हटाने </W><W> के </W><W> लिए </W><W> मशीनों </W><W> को </W><W> लगाया </W><W> गया </W><W> है। </W><W> न्यूयॉर्क, </W><W> कनेक्टीकट </W><W> और </W><W> मैसाचुसैट्स </W><W> में </W><W> सड़कों </W><W> पर </W><W> वाहन </W><W> चलाने </W><W> पर </W><W> प्रतिबंध </W><W> लगाया </W><W> गया </W><W> है। </W><W> न्यू </W><W> जर्सी, </W><W> कनेक्टीकट, </W><W> रॉड </W><W> आइलैंड, </W><W> मैसाचुसैट्स, </W><W> न्यू </W><W> हैंपशायर </W><W> और </W><W> न्यूयॉर्क </W><W> में </W><W> आपातकाल </W><W> की </W><W> घोषणा </W><W> कर </W><W> दी </W><W> गई </W><W> है </W><W> वहीं </W><W> न्यूयॉर्क </W><W> के </W><W> गर्वनर </W><W> एंड्रयू </W><W> कूमो </W><W> ने </W><W> आज </W><W> क्षेत्र </W><W> में </W><W> सभी </W><W> तरह </W><W> की </W><W> यात्राओं </W><W> पर </W><W> प्रतिबंध </W><W> लगा </W><W> दिया </W><W> है </W><W> परंतु </W><W> प्रांत </W><W> के </W><W> तेरह </W><W> क्षेत्रों </W><W> की </W><W> सभी </W><W> सड़कों </W><W> पर </W><W> आपातकालीन </W><W> वाहन </W><W> चलाने </W><W> का </W><W> निर्देश </W><W> दिया </W><W> है। </W></P><P><W> कनेक्टीकट </W><W> और </W><W> मैसाचुसैट्स </W><W> क्षेत्र </W><W> में </W><W> भी </W><W> सड़कों </W><W> पर </W><W> वाहन </W><W> चलाने </W><W> पर </W><W> प्रतिबंध </W><W> लगाया </W><W> गया </W><W> है </W><W> और </W><W> लोगों </W><W> को </W><W> घरों </W><W> में </W><W> रहने </W><W> का </W><W> निर्देश </W><W> दिया </W><W> है। </W><W> गर्वनर </W><W> कूमो </W><W> ने </W><W> निर्देश </W><W> जारी </W><W> करते </W><W> हुए </W><W> कहा </W><W> कि </W><W> अगर </W><W> कोई </W><W> भी </W><W> ग्यारह </W><W> बजे </W><W> के </W><W> बाद </W><W> अपनी </W><W> कार </W><W> के </W><W> साथ </W><W> किसी </W><W> भी </W><W> सड़क </W><W> पर </W><W> चल </W><W> रहा </W><W> हो </W><W> तो </W><W> वह </W><W> अपराध </W><W> माना </W><W> जाएगा। </W><W> बर्फीले </W><W> तूफान </W><W> से </W><W> सबसे </W><W> ज्यादा </W><W> न्यूयॉर्क </W><W> शहर </W><W> प्रभावित </W><W> हुआ </W><W> है </W><W> जहां </W><W> सभी </W><W> सबवे, </W><W> बस </W><W> और </W><W> रेल </W><W> सेवा </W><W> पूरी </W><W> तरह </W><W> से </W><W> ठप </W><W> हो </W><W> गया </W><W> है। </W></P><P><W> शहर </W><W> में </W><W> ऐसा </W><W> पहली </W><W> बार </W><W> हुआ </W><W> है </W><W> कि </W><W> बर्फबारी </W><W> के </W><W> कारण </W><W> सबवे </W><W> को </W><W> बंद </W><W> किया </W><W> गया </W><W> है </W><W> वहीं </W><W> न्यू </W><W> जर्सी </W><W> शहर </W><W> में </W><W> रेल </W><W> और </W><W> बस </W><W> सेवा </W><W> कल </W><W> से </W><W> ही </W><W> बंद </W><W> है </W><W> और </W><W> कल </W><W> तक </W><W> इसके </W><W> बहाल </W><W> होने </W><W> की </W><W> संभावना </W><W> नहीं </W><W> है। </W><W> वहीं </W><W> न्यूयॉर्क </W><W> के </W><W> मेयर </W><W> बिल </W><W> दे </W><W> व्लासियों </W><W> ने </W><W> कल </W><W> कहा </W><W> था </W><W> कि </W><W> शहर </W><W> के </W><W> इतिहास </W><W> में </W><W> यह </W><W> अब </W><W> तक </W><W> की </W><W> सबसे </W><W> बड़ी </W><W> बर्फबारी </W><W> हो </W><W> सकती </W><W> है। </W></P><P><W> उन्होंने </W><W> शहर </W><W> के </W><W> लोगों </W><W> से </W><W> सड़कों </W><W> पर </W><W> नहीं </W><W> उतरने </W><W> तथा </W><W> आगे </W><W> कुछ </W><W> बड़े </W><W> खतरों </W><W> का </W><W> सामना </W><W> करने </W><W> के </W><W> लिए </W><W> पूरी </W><W> तरह </W><W> तैयार </W><W> रहने </W><W> की </W><W> भी </W><W> सलाह </W><W> दी </W><W> थी। </W><W> न्यूयॉर्क </W><W> के </W><W> आपदा </W><W> प्रबंधन </W><W> विभाग </W><W> के </W><W> अनुसार </W><W> न्यूयॉर्क </W><W> में </W><W> अब </W><W> तक </W><W> की </W><W> सबसे </W><W> बड़ी </W><W> बर्फबारी </W><W> 11 </W><W> दिसंबर </W><W> 2006 </W><W> को </W><W> हुई </W><W> थी </W><W> तब </W><W> शहर </W><W> में </W><W> 68 </W><W> सेंटीमीटर </W><W> बर्फ </W><W> पड़ी </W><W> थी। </W><W> विभाग </W><W> के </W><W> अनुसार </W><W> देश </W><W> के </W><W> समूचे </W><W> पूर्वी </W><W> हिस्से </W><W> में </W><W> बर्फीले </W><W> तूफान </W><W> का </W><W> कहर </W><W> रहेगा </W><W> लेकिन </W><W> इसका </W><W> सबसे </W><W> ज्यादा </W><W> असर </W><W> न्यूयॉर्क </W><W> शहर </W><W> पर </W><W> दिखेगा </W><W> जहां </W><W> सर्द </W><W> हवाओं </W><W> के </W><W> साथ </W><W> भारी </W><W> हिमपात </W><W> होने </W><W> का </W><W> अनुमान </W><W> है। </W></P></DOCUMENT>