<?xml version="1.0" encoding="UTF-8"?>
<DOCUMENT><P><PLACE-ARG ID="5"><LINK EVENT_ARG="0" ID="16" TYPE_REL="EVENT_ARG"/><W> उड़ीसा- </W></PLACE-ARG><PLACE-ARG ID="6"><LINK EVENT_ARG="0" ID="15" TYPE_REL="EVENT_ARG"/><W> होटल </W><W> मालिक </W><W> के </W><W> घर </W></PLACE-ARG><W> में </W><MAN_MADE_EVENT ID="0" TYPE="FIRE"><EVENT-COREF-LINK EVENT_ID="1" ID="23" TYPE_REL="EVENT_COREF"/><W> आग </W></MAN_MADE_EVENT><W> लगने </W><W> से </W><CASUALTIES-ARG ID="11"><LINK EVENT_ARG="0" ID="14" TYPE_REL="EVENT_ARG"/><W> चार </W><W> लोगों </W><W> की </W><W> मौत </W></CASUALTIES-ARG></P><P><PLACE-ARG ID="8"><LINK EVENT_ARG="1" ID="19" TYPE_REL="EVENT_ARG"/><W> भुवनेश्वर </W></PLACE-ARG><W> में </W><PLACE-ARG ID="7"><LINK EVENT_ARG="1" ID="18" TYPE_REL="EVENT_ARG"/><W> एक </W><W> होटल </W><W> मालिक </W><W> के </W><W> घर </W></PLACE-ARG><W> पर </W><MAN_MADE_EVENT ID="1" TYPE="FIRE"><W> आग </W></MAN_MADE_EVENT><W> लगने </W><W> से </W><CASUALTIES-ARG ID="12"><LINK EVENT_ARG="1" ID="17" TYPE_REL="EVENT_ARG"/><W> चार </W><W> लोगों </W><W> की </W><W> मौत </W></CASUALTIES-ARG><W> हो </W><W> गई </W><W> है। </W><W> बताया </W><W> जा </W><W> रहा </W><W> है </W><W> कि </W><MAN_MADE_EVENT ID="2" TYPE="FIRE"><EVENT-COREF-LINK EVENT_ID="1" ID="24" TYPE_REL="EVENT_COREF"/><W> आग </W></MAN_MADE_EVENT><W> काफी </W><W> भीषण </W><W> थी। </W><W> जिस </W><W> समय </W><PLACE-ARG ID="9"><LINK EVENT_ARG="3" ID="20" TYPE_REL="EVENT_ARG"/><W> घर </W></PLACE-ARG><W> में </W><MAN_MADE_EVENT ID="3" TYPE="FIRE"><EVENT-COREF-LINK EVENT_ID="1" ID="25" TYPE_REL="EVENT_COREF"/><W> आग </W><W> लगी </W></MAN_MADE_EVENT><W> उस </W><W> समय </W><PLACE-ARG ID="10"><LINK EVENT_ARG="3" ID="21" TYPE_REL="EVENT_ARG"/><W> घर </W></PLACE-ARG><W> के </W><W> अंदर </W><W> सभी </W><W> लोग </W><W> मौजूद </W><W> थे। </W><W> फिलहाल </W><W> अभी </W><MAN_MADE_EVENT ID="4" TYPE="FIRE"><EVENT-COREF-LINK EVENT_ID="1" ID="26" TYPE_REL="EVENT_COREF"/><W> आग </W></MAN_MADE_EVENT><W> लगने </W><W> के </W><W> कारणों </W><W> पता </W><W> नहीं </W><W> चल </W><W> पाया </W><W> है। </W><W> वहीं </W><CASUALTIES-ARG ID="13"><LINK EVENT_ARG="4" ID="22" TYPE_REL="EVENT_ARG"/><W> होटल </W><W> मालिक </W><W> बुरी </W><W> तरह </W><W> से </W><W> घायल </W></CASUALTIES-ARG><W> है। </W></P></DOCUMENT>