<?xml version="1.0" encoding="UTF-8"?>
<DOCUMENT><DESC/><TIME>454</TIME><P><MAN_MADE_EVENT ID="0" TYPE="RIOTS"><W> हिंसा </W><W> की </W><W> आग </W><W> में </W><W> झुलस </W><W> रहा </W></MAN_MADE_EVENT><PLACE-ARG ID="1"><LINK EVENT_ARG="0" ID="29" TYPE_REL="EVENT_ARG"/><W> पुराना </W><W> लखनऊ! </W></PLACE-ARG></P><P><W> पुलिस </W><W> बल </W><W> की </W><W> मौजूदगी </W><W> और </W><W> चौकचौबंद </W><W> के </W><W> बावजूद </W><TIME-ARG ID="4"><LINK EVENT_ARG="5" ID="30" TYPE_REL="EVENT_ARG"/><W> दो </W><W> दिन </W><W> पहले </W></TIME-ARG><PLACE-ARG ID="2"><LINK EVENT_ARG="5" ID="31" TYPE_REL="EVENT_ARG"/><W> पुराने </W><W> लखनऊ </W></PLACE-ARG><W> में </W><W> शुरू </W><W> हुई </W><MAN_MADE_EVENT ID="5" TYPE="RIOTS"><EVENT-COREF-LINK EVENT_ID="0" ID="6" TYPE_REL="EVENT_COREF"/><W> सांप्रदायिक </W><W> हिंसा </W></MAN_MADE_EVENT><W> बढ़ती </W><W> ही </W><W> जा </W><W> रही </W><W> है। </W><PLACE-ARG ID="3"><LINK EVENT_ARG="8" ID="32" TYPE_REL="EVENT_ARG"/><W> बड़े </W><W> इमामबाड़े </W><W> के </W><W> सामने </W><W> मौजूद </W><W> टीले </W><W> वाली </W><W> मस्जिद </W></PLACE-ARG><W> से </W><TIME-ARG ID="7"><LINK EVENT_ARG="8" ID="33" TYPE_REL="EVENT_ARG"/><W> शु्क्रवार </W><W> सुबह </W></TIME-ARG><W> अलविदा </W><W> की </W><W> नमाज </W><W> के </W><W> पढ़ने </W><W> के </W><W> बाद </W><W> निकले </W><W> एक </W><W> धर्म </W><W> के </W><W> लोगों </W><W> पर </W><MAN_MADE_EVENT ID="8" TYPE="RIOTS"><EVENT-COREF-LINK EVENT_ID="0" ID="9" TYPE_REL="EVENT_COREF"/><W> पथराव </W></MAN_MADE_EVENT><W> शुरू </W><W> हो </W><W> गया।कुछ </W><W> ही </W><W> देर </W><W> में </W><W> पत्थरों </W><W> की </W><W> जगह </W><MAN_MADE_EVENT ID="10" TYPE="RIOTS"><EVENT-COREF-LINK EVENT_ID="0" ID="12" TYPE_REL="EVENT_COREF"/><W> हथगोले </W><W> और </W><W> गोलियां </W><W> चलने </W><W> लगीं। </W></MAN_MADE_EVENT><MAN_MADE_EVENT ID="11" TYPE="RIOTS"><EVENT-COREF-LINK EVENT_ID="0" ID="13" TYPE_REL="EVENT_COREF"/><W> जवाबी </W><W> पथराव </W></MAN_MADE_EVENT><W> शुरू </W><W> हुआ, </W><AFTER_EFFECTS-ARG ID="14"><LINK EVENT_ARG="11" ID="34" TYPE_REL="EVENT_ARG"/><W> पूरा </W><W> माहौल </W><W> हिंसात्मक </W><W> हो </W><W> उठा </W></AFTER_EFFECTS-ARG><W> और </W><W> एक </W><W> बार </W><W> फिर </W><W> हिंसा </W><W> की </W><W> आग </W><W> पूरे </W><PLACE-ARG ID="15"><LINK EVENT_ARG="11" ID="35" TYPE_REL="EVENT_ARG"/><W> पुराने </W><W> लखनऊ </W></PLACE-ARG><W> में </W><W> फैलने </W><W> लगी। </W><AFTER_EFFECTS-ARG ID="16"><LINK EVENT_ARG="11" ID="36" TYPE_REL="EVENT_ARG"/><W> माहौल </W><W> को </W><W> शांत </W><W> करने </W><W> के </W><W> लिए </W><W> पुलिस </W><W> को </W><W> आंसू </W><W> गैस </W><W> के </W><W> गोले </W><W> छोड़ने </W><W> पड़े </W><W> और </W><W> भीड़ </W><W> छिटकाने </W><W> के </W><W> लिए </W><W> हवाई </W><W> फायरिंग </W><W> भी </W><W> की </W><W> गई। </W></AFTER_EFFECTS-ARG><W> अमर </W><W> उजाला </W><W> को </W><W> मिल </W><W> रही </W><W> सूचनाओं </W><W> के </W><W> मुताबिक, </W><MAN_MADE_EVENT ID="18" TYPE="RIOTS"><EVENT-COREF-LINK EVENT_ID="0" ID="19" TYPE_REL="EVENT_COREF"/><W> हिंसा </W></MAN_MADE_EVENT><PLACE-ARG ID="17"><LINK EVENT_ARG="18" ID="37" TYPE_REL="EVENT_ARG"/><W> घंटाघर, </W><W> रामगंज, </W><W> इकबाल </W><W> नगर, </W><W> मुफ्तीगंज, </W><W> दरगाह </W><W> हजरत </W><W> अब्बास </W><W> और </W><W> तोप </W><W> दरवाजा </W></PLACE-ARG><W> तक </W><W> फैल </W><W> चुकी </W><W> है। </W><PLACE-ARG ID="22"><LINK EVENT_ARG="20" ID="38" TYPE_REL="EVENT_ARG"/><W> कई </W><W> जगह </W></PLACE-ARG><W> से </W><W> लगातार </W><MAN_MADE_EVENT ID="20" TYPE="RIOTS"><EVENT-COREF-LINK EVENT_ID="0" ID="21" TYPE_REL="EVENT_COREF"/><W> फायरिंग </W><W> और </W><W> पथराव </W></MAN_MADE_EVENT><W> की </W><W> जानकारी </W><W> मिल </W><W> रही </W><W> है।यह </W><W> भी </W><W> बताया </W><W> जा </W><W> रहा </W><W> है </W><W> कि </W><MAN_MADE_EVENT ID="24" TYPE="RIOTS"><EVENT-COREF-LINK EVENT_ID="0" ID="25" TYPE_REL="EVENT_COREF"/><W> हिंसा </W></MAN_MADE_EVENT><W> में </W><CASUALTIES-ARG ID="23"><LINK EVENT_ARG="24" ID="39" TYPE_REL="EVENT_ARG"/><W> दर्जनों </W><W> लोग </W><W> बुरी </W><W> तरह </W><W> जख्मी </W><W> हुए </W><W> हैं, </W><W> जिनमें </W><W> से </W><W> एक </W><W> हथगोले </W><W> का </W><W> भी </W><W> शिकार </W><W> हुआ </W><W> है। </W></CASUALTIES-ARG><W> हालांकि, </W><W> किसी </W><W> के </W><W> मारे </W><W> जाने </W><W> की </W><W> कोई </W><W> खबर </W><W> नहीं </W><W> आई </W><W> है।इस </W><W> पूरे </W><MAN_MADE_EVENT ID="27" TYPE="RIOTS"><EVENT-COREF-LINK EVENT_ID="0" ID="28" TYPE_REL="EVENT_COREF"/><W> घटनाक्रम </W></MAN_MADE_EVENT><W> में </W><AFTER_EFFECTS-ARG ID="26"><LINK EVENT_ARG="27" ID="40" TYPE_REL="EVENT_ARG"/><W> पुलिस, </W><W> पीएसी </W><W> और </W><W> आरएफ </W><W> की </W><W> नाकामी </W><W> भी </W><W> सामने </W><W> आई </W><W> है। </W></AFTER_EFFECTS-ARG><W> बताया </W><W> जा </W><W> रहा </W><W> है </W><W> कि </W><W> हिंसक </W><W> संघर्ष </W><W> की </W><W> आंशका </W><W> के </W><W> चलते </W><W> ही </W><W> पुराने </W><W> लखनऊ </W><W> में </W><W> तीन </W><W> कंपनी </W><W> आरएएफ </W><W> और </W><W> 15 </W><W> कंपनी </W><W> पीएसी </W><W> तैनात </W><W> की </W><W> गई </W><W> थी। </W></P></DOCUMENT>