<?xml version="1.0" encoding="UTF-8"?>
<DOCUMENT><DESC/><DESC/><DESC/><DESC/><TIME>2821</TIME><P><W> जम्मू </W><W> कश्मीरः </W><PLACE-ARG ID="0"><LINK EVENT_ARG="2" ID="9" TYPE_REL="EVENT_ARG"/><W> कुपवाड़ा </W></PLACE-ARG><W> में </W><NATURAL_EVENT ID="2" TYPE="AVALANCHES"><W> हिमस्खलन </W></NATURAL_EVENT><W> की </W><W> चपेट </W><W> में </W><W> आया </W><W> बुलडोजर </W><CASUALTIES-ARG ID="4"><LINK EVENT_ARG="2" ID="10" TYPE_REL="EVENT_ARG"/><W> एक </W><W> की </W><W> मौत, </W><W> दो </W><W> घायल </W></CASUALTIES-ARG></P><P><PLACE-ARG ID="1"><LINK EVENT_ARG="3" ID="11" TYPE_REL="EVENT_ARG"/><W> कुपवाड़ा-केरन </W><W> के </W><W> फरकियान </W><W> टाप </W></PLACE-ARG><W> में </W><NATURAL_EVENT ID="3" TYPE="AVALANCHES"><EVENT-COREF-LINK EVENT_ID="2" ID="15" TYPE_REL="EVENT_COREF"/><W> हिमस्खलन </W></NATURAL_EVENT><W> की </W><W> चपेट </W><W> में </W><W> आने </W><W> से </W><W> बीकन </W><W> के </W><CASUALTIES-ARG ID="5"><LINK EVENT_ARG="3" ID="12" TYPE_REL="EVENT_ARG"/><W> बुलडोजर </W><W> चालक </W><W> अमनदीप </W><W> सिंह </W><W> गंभीर </W><W> रूप </W><W> से </W><W> घायल </W></CASUALTIES-ARG><W> हो </W><W> गए। </W><W> उन्हें </W><W> अस्पताल </W><W> पहुंचाया </W><W> गया, </W><W> जहां </W><W> उन्होंने </W><W> दम </W><W> तोड़ </W><W> दिया। </W><NATURAL_EVENT ID="7" TYPE="AVALANCHES"><EVENT-COREF-LINK EVENT_ID="2" ID="16" TYPE_REL="EVENT_COREF"/><W> इस </W><W> हादसे </W></NATURAL_EVENT><W> में </W><CASUALTIES-ARG ID="6"><LINK EVENT_ARG="7" ID="13" TYPE_REL="EVENT_ARG"/><W> अन्य </W><W> दो </W><W> लोग </W><W> घायल </W></CASUALTIES-ARG><W> हो </W><W> गए। </W></P><P><W> दोनों </W><W> का </W><W> इलाज </W><W> चल </W><W> रहा </W><W> है। </W><W> रियासत </W><W> के </W><W> अधिकतर </W><W> हिस्सों </W><W> में </W><W> रविवार </W><W> को </W><W> मौसम </W><W> साफ </W><W> हो </W><W> गया। </W><W> मौसम </W><W> विभाग </W><W> श्रीनगर </W><W> के </W><W> अनुसार </W><W> अगले </W><W> एक </W><W> हफ्ते </W><W> तक </W><W> राज्य </W><W> में </W><W> मौसम </W><W> साफ </W><W> रहेगा। </W><W> बीकन </W><W> अधिकारियों </W><W> के </W><W> अनुसार </W><W> कुपवाड़ा-केरन </W><W> सड़क </W><W> पर </W><W> बर्फ </W><W> हटाने </W><W> के </W><W> लिए </W><W> बुलडोजर </W><W> के </W><W> साथ </W><W> 12 </W><W> कर्मचारी </W><W> लगे </W><W> हुए </W><W> थे। </W></P><P><W> इस </W><W> बीच </W><W> अचानक </W><NATURAL_EVENT ID="8" TYPE="AVALANCHES"><EVENT-COREF-LINK EVENT_ID="2" ID="14" TYPE_REL="EVENT_COREF"/><W> हिमस्खलन </W></NATURAL_EVENT><W> हो </W><W> गया। </W><W> इसमें </W><W> अमनदीप </W><W> दब </W><W> गया। </W><W> सेना </W><W> और </W><W> दूसरी </W><W> एजेंसियों </W><W> ने </W><W> तत्काल </W><W> रेस्क्यू </W><W> आपरेशन </W><W> चलाकर </W><W> उसे </W><W> निकट </W><W> के </W><W> सैन्य </W><W> अस्पताल </W><W> पहुंचाया। </W><W> इसके </W><W> बाद </W><W> उसे </W><W> सेना </W><W> के </W><W> 92 </W><W> बेस </W><W> अस्पताल </W><W> बदामीबाग </W><W> श्रीनगर </W><W> में </W><W> शिफ्ट </W><W> किया </W><W> गया। </W></P><P><W> उधर, </W><W> सासे </W><W> संस्थान </W><W> ने </W><W> सोमवार </W><W> को </W><W> बारामुला, </W><W> गुलमर्ग, </W><W> फुरकेन-जे </W><W> गली, </W><W> कुपवाड़ा-चौकीबाल-टंगधार, </W><W> बांदीपोरा, </W><W> गांदरबल, </W><W> कारगिल, </W><W> लेह </W><W> और </W><W> गुरेज </W><W> सेक्टर </W><W> में </W><W> मध्यम </W><W> और </W><W> पुंछ, </W><W> राजोरी, </W><W> रियासी, </W><W> रामबन, </W><W> डोडा, </W><W> किश्तवाड़, </W><W> उधमपुर, </W><W> अनंतनाग, </W><W> कुलगाम, </W><W> बड़गाम </W><W> जिला, </W><W> श्रीनगर-जम्मू </W><W> राष्ट्रीय </W><W> राजमार्ग </W><W> पर </W><W> निम्न </W><W> खतरे </W><W> वाले </W><W> हिमस्खलन </W><W> की </W><W> चेतावनी </W><W> दी </W><W> है। </W></P><P><W> डीएमआरआरआर </W><W> मंत्री </W><W> जावेद </W><W> मुस्तफा </W><W> मीर </W><W> ने </W><W> लोगों </W><W> से </W><W> हिमस्खलन </W><W> संभावित </W><W> इलाकों </W><W> में </W><W> आवाजाही </W><W> न </W><W> करने </W><W> की </W><W> अपील </W><W> की </W><W> है।  </W></P></DOCUMENT>