<?xml version="1.0" encoding="UTF-8"?>
<DOCUMENT><DESC/><TIME>1451</TIME><P><NATURAL_EVENT ID="0" TYPE="DROUGHT"><W> सूखा </W></NATURAL_EVENT><W> प्रभावित </W><PLACE-ARG ID="1"><LINK EVENT_ARG="0" ID="3" TYPE_REL="EVENT_ARG"/><W> मराठवाड़ा </W></PLACE-ARG><W> में </W><W> प्रशासन </W><W> और </W><W> लोगों </W><W> की </W><W> उम्मीदें </W><W> अब </W><W> मानसून </W><W> पर </W><W> टिकी </W><W> हुई </W><W> हैं </W><W> क्योंकि </W><W> इस </W><W> क्षेत्र </W><W> के </W><W> बांधों </W><W> में </W><W> अब </W><W> मात्र </W><W> एक </W><W> फीसद </W><W> पानी </W><W> ही </W><W> बच </W><W> गया </W><W> है। औरंगाबाद </W><W> मंडल </W><W> आयुक्त </W><W> उमाकांत </W><W> डंगट </W><W> ने </W><W> कहा </W><W> कि </W><PLACE-ARG ID="2"><LINK EVENT_ARG="0" ID="4" TYPE_REL="EVENT_ARG"/><W> मराठवाड़ा </W><W> क्षेत्र </W><W> के </W><W> बांधों </W></PLACE-ARG><W> में </W><W> अब </W><W> मात्र </W><W> एक </W><W> फीसद </W><W> पानी </W><W> बचा </W><W> है। </W></P><P><W> उन्होंने </W><W> कहा </W><W> कि </W><W> हम </W><W> भूजल </W><W> का </W><W> भी </W><W> इस्तेमाल </W><W> कर </W><W> रहे </W><W> हैं। भारतीय </W><W> मौसम </W><W> विभाग </W><W> का </W><W> पूर्वानुमान </W><W> अच्छा </W><W> है </W><W> और </W><W> हम </W><W> उम्मीद </W><W> करते </W><W> हैं </W><W> कि </W><W> हम </W><W> मानसून </W><W> आने </W><W> तक </W><W> काम </W><W> चला </W><W> लेंगे। </W><W> हमने </W><W> जलापूर्ति </W><W> के </W><W> लिए </W><W> कुएं </W><W> और </W><W> बोरवेल </W><W> लिए </W><W> हैं। </W><W> डंगट </W><W> ने </W><W> उम्मीद </W><W> जताई </W><W> कि </W><W> प्रशासन </W><W> जैकवाडी </W><W> बांध </W><W> से </W><W> जुलाई </W><W> अंत </W><W> तक </W><W> पानी </W><W> आपूर्ति </W><W> कर </W><W> लेगा </W><W> और </W><W> तब </W><W> तक </W><W> मानसून </W><W> आ </W><W> जाएगा। </W><W> क्षेत्र </W><W> में </W><W> करीब </W><W> 3600 </W><W> पानी </W><W> के </W><W> टैंकर </W><W> लगाए </W><W> गए </W><W> हैं। </W><W> उनके </W><W> जरिए </W><W> सूखा </W><W> प्रभावित </W><W> गांवों </W><W> और </W><W> कस्बों </W><W> में </W><W> पानी </W><W> की </W><W> आपूर्ति </W><W> की </W><W> जा </W><W> रही </W><W> है। </W></P></DOCUMENT>