<?xml version="1.0" encoding="UTF-8"?>
<DOCUMENT><P><PLACE-ARG ID="9"><LINK EVENT_ARG="0" ID="19" TYPE_REL="EVENT_ARG"/><W> सीरिया </W></PLACE-ARG><W> में </W><MAN_MADE_EVENT ID="0" TYPE="SUICIDE_ATTACK"><EVENT-COREF-LINK EVENT_ID="1" ID="28" TYPE_REL="EVENT_COREF"/><W> आत्मघाती </W><W> धमाकों </W></MAN_MADE_EVENT><W> में </W><CASUALTIES-ARG ID="14"><LINK EVENT_ARG="0" ID="18" TYPE_REL="EVENT_ARG"/><W> 220 </W><W> से </W><W> ज्यादा </W><W> की </W><W> मौत </W></CASUALTIES-ARG></P><P><W> बेरुत, </W><PLACE-ARG ID="10"><LINK EVENT_ARG="1" ID="24" TYPE_REL="EVENT_ARG"/><W> सीरिया </W></PLACE-ARG><W> के </W><PLACE-ARG ID="11"><LINK EVENT_ARG="1" ID="23" TYPE_REL="EVENT_ARG"/><W> स्वीदा </W><W> शहर </W></PLACE-ARG><W> में </W><TIME-ARG ID="8"><LINK EVENT_ARG="1" ID="22" TYPE_REL="EVENT_ARG"/><W> बुधवार </W></TIME-ARG><W> को </W><W> आतंकी </W><W> संगठन </W><PARTICIPANT-ARG ID="16"><LINK EVENT_ARG="1" ID="21" TYPE_REL="EVENT_ARG"/><W> इस्लामिक </W><W> स्टेट </W></PARTICIPANT-ARG><W> द्वारा </W><W> किए </W><W> गए </W><W> सिलसिलेवार </W><MAN_MADE_EVENT ID="1" TYPE="SUICIDE_ATTACK"><W> आत्मघाती </W><W> धमाकों </W></MAN_MADE_EVENT><W> में </W><CASUALTIES-ARG ID="15"><LINK EVENT_ARG="1" ID="20" TYPE_REL="EVENT_ARG"/><W> 220 </W><W> से </W><W> ज्यादा </W><W> लोगों </W><W> की </W><W> मौत </W></CASUALTIES-ARG><W> हो </W><W> गई। </W><W> ब्रिटेन </W><W> स्थित </W><W> सीरियाई </W><W> मानवाधिकार </W><W> पर्यवेक्षक </W><W> के </W><W> मुताबिक </W><W> मरने </W><W> वालों </W><W> में </W><W> अधिकांश </W><W> आम </W><W> नागरिक </W><W> हैं। </W><PLACE-ARG ID="12"><LINK EVENT_ARG="2" ID="25" TYPE_REL="EVENT_ARG"/><W> सीरिया </W></PLACE-ARG><W> में </W><W> इसे </W><W> बीते </W><W> कुछ </W><W> महीनों </W><W> में </W><W> हुआ </W><W> सबसे </W><W> बड़ा </W><MAN_MADE_EVENT ID="2" TYPE="TERRORIST_ATTACK"><EVENT-COREF-LINK EVENT_ID="1" ID="26" TYPE_REL="EVENT_COREF"/><W> आतंकी </W><W> हमला </W></MAN_MADE_EVENT><W> बताया </W><W> जा </W><W> रहा </W><W> है। </W><W> ये </W><MAN_MADE_EVENT ID="17" TYPE="SUICIDE_ATTACK"><EVENT-COREF-LINK EVENT_ID="1" ID="27" TYPE_REL="EVENT_COREF"/><W> धमाके </W></MAN_MADE_EVENT><W> सात </W><W> गांवों </W><W> को </W><W> निशाना </W><W> बनाकर </W><W> किए </W><W> गए। </W><W> इनमें </W><W> से </W><W> तीन </W><W> पर </W><W> आतंकियों </W><W> ने </W><W> कब्जा </W><W> कर </W><W> लिया। </W></P><P><W> इजरायल </W><W> ने </W><W> गिराया </W><W> सीरियाई </W><W> विमानइजरायल </W><W> की </W><W> सेना </W><W> ने </W><W> अपने </W><W> हवाई </W><W> क्षेत्र </W><W> में </W><W> आए </W><W> एक </W><W> सीरियाई </W><W> विमान </W><W> को </W><MAN_MADE_EVENT ID="3" TYPE="TERRORIST_ATTACK"><W> मार </W><W> गिराने </W></MAN_MADE_EVENT><W> का </W><W> दावा </W><W> किया </W><W> है। </W><W> लेकिन </W><W> सीरिया </W><W> का </W><W> कहना </W><W> है </W><W> कि </W><W> यह </W><W> विमान </W><W> आतंकियों </W><W> पर </W><MAN_MADE_EVENT ID="4" TYPE="TERRORIST_ATTACK"><W> हमला </W></MAN_MADE_EVENT><W> कर </W><W> रहा </W><W> था। </W><W> सीरियाई </W><W> सरकार </W><W> ने </W><W> इजरायल </W><W> के </W><W> इस </W><W> कदम </W><W> पर </W><W> नाराजगी </W><W> जताई </W><W> है। </W><W> सीरिया </W><W> पहले </W><W> भी </W><W> इजरायल </W><W> पर </W><W> आइएस </W><W> का </W><W> साथ </W><W> देने </W><W> का </W><W> आरोप </W><W> लगाता </W><W> रहा </W><W> है। </W></P><P><W> मानवाधिकार </W><W> संगठन </W><W> सीरियन </W><W> ऑब्जरवेटरी </W><W> का </W><W> कहना </W><W> है </W><W> कि </W><PARTICIPANT-ARG ID="29"><LINK EVENT_ARG="5" ID="33" TYPE_REL="EVENT_ARG"/><W> तीन </W><W> आत्मघाती </W><W> हमलावरों </W></PARTICIPANT-ARG><W> ने </W><PLACE-ARG ID="13"><LINK EVENT_ARG="5" ID="32" TYPE_REL="EVENT_ARG"/><W> स्वीदा </W><W> शहर </W></PLACE-ARG><W> में </W><W> खुद </W><W> को </W><MAN_MADE_EVENT ID="5" TYPE="SUICIDE_ATTACK"><W> विस्फोट </W><W> से </W><W> उड़ा </W><W> लिया। </W></MAN_MADE_EVENT><W> इसके </W><W> बाद </W><W> कुछ </W><PARTICIPANT-ARG ID="30"><LINK EVENT_ARG="6" ID="34" TYPE_REL="EVENT_ARG"/><W> हमलावरों </W></PARTICIPANT-ARG><W> ने </W><W> आसपास </W><W> के </W><W> गांवों </W><W> में </W><MAN_MADE_EVENT ID="6" TYPE="TERRORIST_ATTACK"><EVENT-COREF-LINK EVENT_ID="5" ID="36" TYPE_REL="EVENT_COREF"/><W> धमाके </W></MAN_MADE_EVENT><W> किए। </W><W> ये </W><MAN_MADE_EVENT ID="7" TYPE="TERRORIST_ATTACK"><EVENT-COREF-LINK EVENT_ID="5" ID="37" TYPE_REL="EVENT_COREF"/><W> धमाके </W></MAN_MADE_EVENT><W> सात </W><W> गांवों </W><W> को </W><W> निशाना </W><W> बनाकर </W><W> किए </W><W> गए, </W><W> इनमें </W><W> से </W><W> तीन </W><W> पर </W><PARTICIPANT-ARG ID="31"><LINK EVENT_ARG="7" ID="35" TYPE_REL="EVENT_ARG"/><W> आतंकियों </W></PARTICIPANT-ARG><W> ने </W><W> कब्जा </W><W> कर </W><W> लिया। </W></P><P><W> इजरायल </W><W> ने </W><W> गिराया </W><W> सीरियाई </W><W> विमान </W></P><P><W> इजरायल </W><W> की </W><W> सेना </W><W> ने </W><W> अपने </W><W> हवाई </W><W> क्षेत्र </W><W> में </W><W> आए </W><W> एक </W><W> सीरियाई </W><W> विमान </W><W> को </W><W> मार </W><W> गिराने </W><W> का </W><W> दावा </W><W> किया </W><W> है, </W><W> लेकिन </W><W> सीरिया </W><W> का </W><W> कहना </W><W> है </W><W> कि </W><W> यह </W><W> विमान </W><W> आतंकियों </W><W> पर </W><W> हमला </W><W> कर </W><W> रहा </W><W> था। </W><W> सीरियाई </W><W> सरकार </W><W> ने </W><W> इजरायल </W><W> के </W><W> इस </W><W> कदम </W><W> पर </W><W> नाराजगी </W><W> जताई </W><W> है। </W><W> सीरिया </W><W> पहले </W><W> भी </W><W> इजरायल </W><W> पर </W><W> आइएस </W><W> का </W><W> साथ </W><W> देने </W><W> का </W><W> आरोप </W><W> लगाता </W><W> रहा </W><W> है।  </W></P></DOCUMENT>