<?xml version="1.0" encoding="UTF-8"?>
<DOCUMENT><P><PLACE-ARG ID="9"><LINK EVENT_ARG="0" ID="29" TYPE_REL="EVENT_ARG"/><W> अफगानिस्तान </W></PLACE-ARG><W> की </W><PLACE-ARG ID="10"><LINK EVENT_ARG="0" ID="28" TYPE_REL="EVENT_ARG"/><W> शिया </W><W> मस्जिद </W></PLACE-ARG><W> में </W><TIME-ARG ID="16"><LINK EVENT_ARG="0" ID="26" TYPE_REL="EVENT_ARG"/><W> नमाज </W><W> के </W><W> वक्त </W></TIME-ARG><MAN_MADE_EVENT ID="0" TYPE="SUICIDE_ATTACK"><EVENT-COREF-LINK EVENT_ID="1" ID="45" TYPE_REL="EVENT_COREF"/><W> हमला, </W></MAN_MADE_EVENT><CASUALTIES-ARG ID="18"><LINK EVENT_ARG="0" ID="27" TYPE_REL="EVENT_ARG"/><W> 25 </W><W> की </W><W> मौत </W></CASUALTIES-ARG></P><P><W> काबुल </W><W> [रायटर/एएफपी]। पूर्वी </W><PLACE-ARG ID="11"><LINK EVENT_ARG="1" ID="35" TYPE_REL="EVENT_ARG"/><W> अफगानिस्तान </W></PLACE-ARG><W> में </W><PLACE-ARG ID="12"><LINK EVENT_ARG="1" ID="34" TYPE_REL="EVENT_ARG"/><W> पकतिया </W><W> प्रांत </W></PLACE-ARG><W> के </W><PLACE-ARG ID="13"><LINK EVENT_ARG="1" ID="33" TYPE_REL="EVENT_ARG"/><W> गरदेज </W><W> शहर </W></PLACE-ARG><W> में </W><PLACE-ARG ID="14"><LINK EVENT_ARG="1" ID="30" TYPE_REL="EVENT_ARG"/><W> ख्वाजा </W><W> हसन </W><W> मस्जिद </W></PLACE-ARG><W> में </W><MAN_MADE_EVENT ID="1" TYPE="SUICIDE_ATTACK"><W> आत्मघाती </W><W> हमले </W></MAN_MADE_EVENT><W> से </W><CASUALTIES-ARG ID="19"><LINK EVENT_ARG="1" ID="31" TYPE_REL="EVENT_ARG"/><W> 25 </W><W> लोगों </W><W> की </W><W> मौत </W></CASUALTIES-ARG><W> हो </W><W> गई </W><W> और </W><CASUALTIES-ARG ID="20"><LINK EVENT_ARG="1" ID="32" TYPE_REL="EVENT_ARG"/><W> 40 </W><W> अन्य </W><W> घायल </W></CASUALTIES-ARG><W> हो </W><W> गए। </W><W> ख्वाजा </W><W> हसन </W><W> मस्जिद </W><W> शिया </W><W> समुदाय </W><W> की </W><W> है। </W><W> सुन्नी </W><W> बहुल </W><W> अफगानिस्तान </W><W> में </W><W> शिया </W><W> अल्पसंख्यक </W><W> हैं। </W></P><P><W> एक </W><W> प्रत्यक्षदर्शी </W><W> ने </W><W> बताया </W><W> कि </W><W> लोग </W><W> जब </W><TIME-ARG ID="17"><LINK EVENT_ARG="2" ID="37" TYPE_REL="EVENT_ARG"/><W> जुम्मे </W><W> की </W><W> नमाज </W></TIME-ARG><W> पढ़ </W><W> रहे </W><W> थे, </W><W> उसी </W><W> समय </W><W> एक </W><PARTICIPANT-ARG ID="22"><LINK EVENT_ARG="2" ID="36" TYPE_REL="EVENT_ARG"/><W> आत्मघाती </W><W> हमलावर </W></PARTICIPANT-ARG><W> ने </W><MAN_MADE_EVENT ID="2" TYPE="SUICIDE_ATTACK"><EVENT-COREF-LINK EVENT_ID="1" ID="46" TYPE_REL="EVENT_COREF"/><W> खुद </W><W> को </W><W> उड़ा </W><W> लिया। </W></MAN_MADE_EVENT><W> इसके </W><W> तत्काल </W><W> बाद </W><W> दूसरे </W><PARTICIPANT-ARG ID="23"><LINK EVENT_ARG="3" ID="39" TYPE_REL="EVENT_ARG"/><W> हमलावर </W></PARTICIPANT-ARG><W> ने </W><W> वहां </W><W> मौजूद </W><W> लोगों </W><W> पर </W><MAN_MADE_EVENT ID="3" TYPE="SUICIDE_ATTACK"><EVENT-COREF-LINK EVENT_ID="1" ID="47" TYPE_REL="EVENT_COREF"/><W> फायर </W><W> झोंक </W><W> दिया। </W></MAN_MADE_EVENT><W> अभी </W><W> तक </W><W> किसी </W><W> ने </W><MAN_MADE_EVENT ID="4" TYPE="SUICIDE_ATTACK"><EVENT-COREF-LINK EVENT_ID="1" ID="48" TYPE_REL="EVENT_COREF"/><W> हमले </W></MAN_MADE_EVENT><W> की </W><W> जिम्मेदारी </W><W> नहीं </W><W> ली </W><W> है। </W></P><P><W> वरिष्ठ </W><W> सरकारी </W><W> अधिकारी </W><W> अब्दुल्ला </W><W> हजरात </W><W> ने </W><W> बताया </W><W> कि </W><W> आपातकालीन </W><W> टीमों </W><W> ने </W><W> घटनास्थल </W><W> से </W><CASUALTIES-ARG ID="21"><LINK EVENT_ARG="4" ID="40" TYPE_REL="EVENT_ARG"/><W> 25 </W><W> लाशें </W><W> बरामद </W></CASUALTIES-ARG><W> की </W><W> हैं। </W><W> सभी </W><W> घायलों </W><W> को </W><W> अस्पताल </W><W> पहुंचा </W><W> दिया </W><W> गया </W><W> है। </W><W> उल्लेखनीय </W><W> है </W><W> कि </W><PLACE-ARG ID="15"><LINK EVENT_ARG="5" ID="42" TYPE_REL="EVENT_ARG"/><W> अफगानिस्तान </W></PLACE-ARG><W> के </W><W> लोग </W><W> आम </W><W> तौर </W><W> पर </W><MAN_MADE_EVENT ID="5" TYPE="RIOTS"><W> सांप्रदायिक </W><W> हिंसा </W></MAN_MADE_EVENT><W> से </W><W> परहेज </W><W> करते </W><W> रहे </W><W> हैं। </W><W> लेकिन, </W><W> हाल </W><W> के </W><W> वर्षो </W><W> में </W><W> अल्पसंख्यक </W><W> शिया </W><W> समुदाय </W><W> पर </W><MAN_MADE_EVENT ID="6" TYPE="RIOTS"><W> हमलों </W></MAN_MADE_EVENT><W> में </W><W> बढ़ोतरी </W><W> हुई </W><W> है। </W><W> हालांकि, </W><W> शियाओं </W><W> की </W><W> संख्या </W><W> को </W><W> लेकर </W><W> कोई </W><W> औपचारिक </W><W> जनगणना </W><W> नहीं </W><W> हुई </W><W> है। </W><W> फिर </W><W> भी </W><W> माना </W><W> जाता </W><W> है </W><W> कि </W><W> उनकी </W><W> आबादी </W><W> 10 </W><W> से </W><W> 20 </W><W> फीसद </W><W> हो </W><W> सकती </W><W> है। </W><W> हाल </W><W> के </W><W> दिनों </W><W> में </W><W> एक </W><W> और </W><W> बात </W><W> देखने </W><W> को </W><W> मिली </W><W> है </W><W> कि </W><PARTICIPANT-ARG ID="24"><LINK EVENT_ARG="7" ID="43" TYPE_REL="EVENT_ARG"/><W> तालिबान </W></PARTICIPANT-ARG><W> और </W><PARTICIPANT-ARG ID="25"><LINK EVENT_ARG="7" ID="44" TYPE_REL="EVENT_ARG"/><W> आइएस </W></PARTICIPANT-ARG><W> दोनों </W><W> के </W><W> आतंकी </W><W> देशभर </W><W> में </W><W> शहरी </W><W> इलाकों </W><W> में </W><W> ज्यादा </W><MAN_MADE_EVENT ID="7" TYPE="TERRORIST_ATTACK"><W> हमले </W></MAN_MADE_EVENT><W> कर </W><W> रहे </W><W> हैं। </W><W> सुरक्षा </W><W> बलों </W><W> और </W><W> सरकारी </W><W> प्रतिष्ठानों </W><W> पर </W><W> भी </W><W> उन्होंने </W><MAN_MADE_EVENT ID="8" TYPE="TERRORIST_ATTACK"><W> हमले </W></MAN_MADE_EVENT><W> तेज </W><W> कर </W><W> दिए </W><W> हैं। </W></P></DOCUMENT>