<?xml version="1.0" encoding="UTF-8"?>
<DOCUMENT><DESC/><TIME>606</TIME><P><PLACE-ARG ID="1"><LINK EVENT_ARG="0" ID="26" TYPE_REL="EVENT_ARG"/><W> नाइजीरिया </W></PLACE-ARG><W> में </W><MAN_MADE_EVENT ID="0" TYPE="SUICIDE_ATTACK"><W> आत्मघाती </W><W> धमाकों </W></MAN_MADE_EVENT><W> में </W><CASUALTIES-ARG ID="2"><LINK EVENT_ARG="0" ID="27" TYPE_REL="EVENT_ARG"/><W> 60 </W><W> से </W><W> ज्यादा </W><W> लोगों </W><W> की </W><W> मौत, </W></CASUALTIES-ARG><CASUALTIES-ARG ID="3"><LINK EVENT_ARG="0" ID="28" TYPE_REL="EVENT_ARG"/><W> सैकड़ों </W><W> घायल </W></CASUALTIES-ARG></P><P><PLACE-ARG ID="4"><LINK EVENT_ARG="6" ID="29" TYPE_REL="EVENT_ARG"/><W> नाइजीरिया </W></PLACE-ARG><W> में </W><W> हुए </W><MAN_MADE_EVENT ID="6" TYPE="SUICIDE_ATTACK"><EVENT-COREF-LINK EVENT_ID="0" ID="21" TYPE_REL="EVENT_COREF"/><W> आत्मघाती </W><W> धमाकों </W></MAN_MADE_EVENT><W> में </W><W> 60 </W><W> से </W><W> ज्यादा </W><W> लोगों </W><W> की </W><W> मौत </W><W> हो </W><W> गई </W><W> है। </W><MAN_MADE_EVENT ID="7" TYPE="SUICIDE_ATTACK"><EVENT-COREF-LINK EVENT_ID="0" ID="22" TYPE_REL="EVENT_COREF"/><W> ये </W><W> धमाके </W></MAN_MADE_EVENT><PLACE-ARG ID="5"><LINK EVENT_ARG="7" ID="30" TYPE_REL="EVENT_ARG"/><W> उत्तर-पूर्व </W><W> नाइजीरिया </W><W> में </W><W> एक </W><W> मस्जिद </W><W> और </W><W> बाजार </W></PLACE-ARG><W> में </W><W> हुए </W><W> हैं। </W><MAN_MADE_EVENT ID="8" TYPE="SUICIDE_ATTACK"><EVENT-COREF-LINK EVENT_ID="0" ID="23" TYPE_REL="EVENT_COREF"/><W> इन </W><W> धमाकों </W></MAN_MADE_EVENT><W> को </W><W> अंजाम </W><W> देने </W><W> के </W><W> तरीके </W><W> से </W><W> ऐसी </W><W> आशंका </W><W> जताई </W><W> जा </W><W> रही </W><W> है </W><W> कि </W><W> यह </W><PARTICIPANT-ARG ID="9"><LINK EVENT_ARG="8" ID="31" TYPE_REL="EVENT_ARG"/><W> इस्लामिक </W><W> उग्रवादियों </W><W> समूह </W><W> बोको </W><W> हराम </W></PARTICIPANT-ARG><W> ने </W><W> किया </W><W> है। </W><W> गौरतलब </W><W> है </W><W> कि </W><W> एक </W><W> दिन </W><W> पहले </W><W> ही </W><W> अमेरिकी </W><W> राष्ट्रपति </W><W> डोनाल्ड </W><W> ट्रंप </W><W> ने </W><W> बोको </W><W> हराम </W><W> के </W><W> खिलाफ </W><W> लड़ाई </W><W> में </W><W> मदद </W><W> बढ़ाने </W><W> का </W><W> ऐलान </W><W> किया </W><W> था।  </W></P><P><MAN_MADE_EVENT ID="10" TYPE="SUICIDE_ATTACK"><EVENT-COREF-LINK EVENT_ID="0" ID="24" TYPE_REL="EVENT_COREF"/><W> इन </W><W> धमाकों </W></MAN_MADE_EVENT><W> को </W><PARTICIPANT-ARG ID="33"><LINK EVENT_ARG="10" ID="34" TYPE_REL="EVENT_ARG"/><W> कथित </W><W> तौर </W><W> से </W><W> कम </W><W> उम्र </W><W> के </W><W> लड़कों </W></PARTICIPANT-ARG><W> ने </W><W> अंजाम </W><W> दिया </W><W> है। </W><MAN_MADE_EVENT ID="11" TYPE="SUICIDE_ATTACK"><EVENT-COREF-LINK EVENT_ID="0" ID="25" TYPE_REL="EVENT_COREF"/><W> धमाका </W></MAN_MADE_EVENT><PLACE-ARG ID="12"><LINK EVENT_ARG="11" ID="32" TYPE_REL="EVENT_ARG"/><W> अदमवा </W><W> राज्य </W><W> की </W><W> राजधानी </W><W> योला </W><W> से </W><W> करीब </W><W> 200 </W><W> किलोमीटर </W><W> दूर </W><W> मुबी </W></PLACE-ARG><W> में </W><W> हुआ </W><W> है।  </W></P><P><W> राष्ट्रीय </W><W> आपातकालीन </W><W> प्रबंधन </W><W> एजेंसी </W><W> (एनईएमए) </W><W> के </W><W> इमाम </W><W> गार्की </W><W> ने </W><W> कहा </W><W> कि </W><W> पुलिस </W><W> और </W><W> रेड </W><W> क्रॉस </W><W> की </W><W> साझा </W><W> मूल्यांकन </W><W> में </W><W> पाया </W><W> गया </W><W> कि </W><CASUALTIES-ARG ID="13"><LINK EVENT_ARG="11" ID="35" TYPE_REL="EVENT_ARG"/><W> 26 </W><W> लोग </W><W> मारे </W><W> गए </W><W> और </W><W> 56 </W><W> घायल </W></CASUALTIES-ARG><W> हो </W><W> गए, </W><W> जिनमें </W><W> से </W><CASUALTIES-ARG ID="14"><LINK EVENT_ARG="11" ID="36" TYPE_REL="EVENT_ARG"/><W> 11 </W><W> लोगों </W><W> की </W><W> हालत </W><W> गंभीर </W></CASUALTIES-ARG><W> बनी </W><W> हुआ </W><W> से। </W><AFTER_EFFECTS-ARG ID="15"><LINK EVENT_ARG="11" ID="37" TYPE_REL="EVENT_ARG"/><W> उन्हें </W><W> उपचार </W><W> के </W><W> लिए </W><W> योला </W><W> में </W><W> संघीय </W><W> चिकित्सा </W><W> केंद्र </W><W> भेज </W><W> दिया </W><W> गया। </W></AFTER_EFFECTS-ARG></P><P><W> लेकिन </W><W> मुबी </W><W> सामान्य </W><W> अस्पताल </W><W> में </W><W> एक </W><W> मेडिकल </W><W> सूत्र </W><W> ने </W><W> कहा </W><W> कि </W><W> उन्हें </W><CASUALTIES-ARG ID="16"><LINK EVENT_ARG="11" ID="38" TYPE_REL="EVENT_ARG"/><W> 37 </W><W> शव </W></CASUALTIES-ARG><W> मिल </W><W> चुके </W><W> थे, </W><W> जबकि </W><W> राहत </W><W> अभियान </W><W> में </W><W> शामिल </W><W> एक </W><W> कर्मी </W><W> ने </W><W> बताया </W><W> कि </W><W> उसने </W><CASUALTIES-ARG ID="17"><LINK EVENT_ARG="11" ID="39" TYPE_REL="EVENT_ARG"/><W> 42 </W><W> शवों </W><W> और </W><W> 68 </W><W> घायलों </W></CASUALTIES-ARG><W> की </W><W> गिनती </W><W> की </W><W> थी।  </W></P><P><W> पीड़ितों </W><W> के </W><W> अंतिम </W><W> संस्कार </W><W> में </W><W> शामिल </W><W> होने </W><W> वाले </W><W> दो </W><W> स्थानीय </W><W> लोगों </W><W> ने </W><W> कहा </W><W> कि </W><W> मृतकों </W><W> की </W><W> संख्या </W><W> बहुत </W><W> ज्यादा </W><W> है </W><W> और </W><W> ये </W><W> संख्या </W><W> और </W><W> बढ़ </W><W> सकती </W><W> है।  </W></P><P><W> मुहम्मद </W><W> हामिदु </W><W> ने </W><W> कहा, </W><W> "कब्रिस्तान </W><W> से </W><W> लौटने </W><W> तक </W><W> मैं </W><W> 68 </W><W> लोगों </W><W> के </W><W> अंतिम </W><W> संस्कार </W><W> में </W><W> हिस्सा </W><W> ले </W><W> चुका </W><W> था। </W><W> पीड़ित </W><W> परिवारों </W><W> का </W><W> अपने </W><W> परिजनों </W><W> के </W><W> शवों </W><W> का </W><W> लाने </W><W> के </W><W> सिलसिला </W><W> जारी </W><W> था।" </W><W> उन्होंने </W><W> कहा, </W><W> "मुझे </W><W> लगता </W><W> है </W><W> कि </W><PLACE-ARG ID="18"><LINK EVENT_ARG="19" ID="40" TYPE_REL="EVENT_ARG"/><W> मुबी </W></PLACE-ARG><W> पर </W><W> हुआ </W><MAN_MADE_EVENT ID="19" TYPE="SUICIDE_ATTACK"><W> ये </W><W> सबसे </W><W> बड़ा </W><W> हमला </W></MAN_MADE_EVENT><W> है। </W><W> इसमें </W><W> जितने </W><W> लोग </W><W> मारे </W><W> गए </W><W> हैं </W><W> वह </W><W> सोचा </W><W> नहीं </W><W> जा </W><W> सकता।"  </W></P><P><W> अब्दुल्लाई </W><W> लबरान </W><W> ने </W><W> बताया, </W><W> "जब </W><W> हम </W><W> लौटे </W><W> तो </W><W> 73 </W><W> ताजा </W><W> खोदे </W><W> गए </W><W> कब्रों </W><W> में </W><W> पीड़ितों </W><W> को </W><W> दफनाया </W><W> जा </W><W> चुका </W><W> था। </W><W> अस्पताल </W><W> में </W><W> अभी </W><W> भी </W><W> लावारिस </W><W> लाशें </W><W> पड़ी </W><W> हुई </W><W> हैं।" </W></P><P><PLACE-ARG ID="20"><LINK EVENT_ARG="19" ID="41" TYPE_REL="EVENT_ARG"/><W> नाइजीरिया </W></PLACE-ARG><W> में </W><W> मृतकों </W><W> की </W><W> संख्या </W><W> में </W><W> विवादित </W><W> कोई </W><W> नई </W><W> बात </W><W> नहीं </W><W> हैं। </W><W> अधिकारियों </W><W> ने </W><W> पहले </W><W> भी </W><W> मारे </W><W> गए </W><W> लोगों </W><W> की </W><W> संख्या </W><W> को </W><W> कम </W><W> कर </W><W> दिखाया </W><W> है। </W></P></DOCUMENT>