<?xml version="1.0" encoding="UTF-8"?>
<DOCUMENT><P><PLACE-ARG ID="7"><LINK EVENT_ARG="0" ID="17" TYPE_REL="EVENT_ARG"/><W> पाक: </W></PLACE-ARG><PLACE-ARG ID="6"><LINK EVENT_ARG="0" ID="16" TYPE_REL="EVENT_ARG"/><W> बलूचिस्तान </W></PLACE-ARG><W> में </W><MAN_MADE_EVENT ID="0" TYPE="SUICIDE_ATTACK"><EVENT-COREF-LINK EVENT_ID="1" ID="24" TYPE_REL="EVENT_COREF"/><W> आत्मघाती </W><W> हमला, </W></MAN_MADE_EVENT><CASUALTIES-ARG ID="10"><LINK EVENT_ARG="0" ID="15" TYPE_REL="EVENT_ARG"/><W> तीन </W><W> चीनी </W><W> नागरिक </W><W> समेत </W><W> दो </W><W> सुरक्षाकर्मी </W><W> घायल </W></CASUALTIES-ARG></P><P><W> क्वेटा </W><W> (पीटीआइ)। </W><PLACE-ARG ID="8"><LINK EVENT_ARG="1" ID="19" TYPE_REL="EVENT_ARG"/><W> पाकिस्तान </W></PLACE-ARG><W> के </W><PLACE-ARG ID="9"><LINK EVENT_ARG="1" ID="18" TYPE_REL="EVENT_ARG"/><W> बलूचिस्तान </W></PLACE-ARG><W> प्रांत </W><W> में </W><W> हुए </W><MAN_MADE_EVENT ID="1" TYPE="SUICIDE_ATTACK"><W> आत्मघाती </W><W> हमले </W></MAN_MADE_EVENT><W> में </W><CASUALTIES-ARG ID="11"><LINK EVENT_ARG="1" ID="20" TYPE_REL="EVENT_ARG"/><W> तीन </W><W> चीनी </W><W> नागरिक </W></CASUALTIES-ARG><W> समेत </W><CASUALTIES-ARG ID="12"><LINK EVENT_ARG="1" ID="21" TYPE_REL="EVENT_ARG"/><W> दो </W><W> सुरक्षाकर्मी </W><W> घायल </W></CASUALTIES-ARG><W> हो </W><W> गए </W><W> हैं। </W><W> पुलिस </W><W> ने </W><W> जानकारी </W><W> देते </W><W> हुए </W><W> बताया </W><W> कि </W><PARTICIPANT-ARG ID="14"><LINK EVENT_ARG="1" ID="22" TYPE_REL="EVENT_ARG"/><W> आत्मघाती </W><W> हमलावर </W></PARTICIPANT-ARG><W> ने </W><W> ईरान </W><W> निर्मित </W><W> पिक-अप </W><W> ट्रक </W><W> को </W><W> विदेशी </W><W> नागरिकों </W><W> से </W><W> भरी </W><W> बस </W><W> में </W><W> घुसाने </W><W> की </W><W> कोशिश </W><W> की। </W><W> ये </W><W> बस </W><W> विदेशी </W><W> यात्रियों </W><W> को </W><W> लेकर </W><W> डलबैंडिन </W><W> क्षेत्र </W><W> में </W><W> स्थित </W><W> साईंदाक </W><W> कॉपर-गोल्ड </W><W> माइन </W><W> प्रोजेक्ट </W><W> की </W><W> ओर </W><W> जा </W><W> रही </W><W> थी। </W><W> पाकिस्तान </W><W> का </W><W> यह </W><W> इलाका </W><W> ईरान </W><W> और </W><W> अफगानिस्तान </W><W> की </W><W> सीमा </W><W> से </W><W> सटा </W><W> हुआ </W><W> है। </W></P><P><W> बता </W><W> दें </W><W> कि </W><W> इन </W><W> दिनों </W><W> सैकड़ों </W><W> चीनी </W><W> नागरिक </W><W> 42 </W><W> अरब </W><W> अमेरिकी </W><W> डॉलर </W><W> के </W><W> चीन-पाकिस्तान </W><W> आर्थिक </W><W> गलियारे </W><W> (सीपीइसी) </W><W> के </W><W> तहत </W><W> बलूचिस्तान </W><W> में </W><W> विभिन्न </W><W> परियोजनाओं </W><W> पर </W><W> काम </W><W> कर </W><W> रहे </W><W> हैं। </W><W> चीनी </W><W> नागरिक </W><W> सोने </W><W> और </W><W> तांबे </W><W> की </W><W> खान </W><W> परियोजना </W><W> में </W><W> काम </W><W> कर </W><W> रहे </W><W> थे। </W><W> एक </W><W> अधिकारी </W><W> ने </W><W> नाम </W><W> न </W><W> छापने </W><W> की </W><W> शर्त </W><W> पर </W><W> बताया, </W><W> 'उन्होंने </W><W> Zamyad </W><W> कंपनी </W><W> के </W><W> पिक-अप </W><W> ट्रक </W><W> का </W><W> इस्तेमाल </W><W> किया, </W><W> जो </W><W> आमतौर </W><W> पर </W><W> तेल </W><W> परिवहन </W><W> के </W><W> लिए </W><W> उपयोग </W><W> किया </W><W> जाता </W><W> है। </W><MAN_MADE_EVENT ID="2" TYPE="SUICIDE_ATTACK"><EVENT-COREF-LINK EVENT_ID="1" ID="25" TYPE_REL="EVENT_COREF"/><W> आत्मघाती </W><W> हमले </W></MAN_MADE_EVENT><W> में </W><W> ट्रक </W><W> को </W><W> पूरी </W><W> तरह </W><W> से </W><W> नष्ट </W><W> कर </W><W> दिया </W><W> गया, </W><W> जबकि </W><W> बस </W><W> को </W><W> भी </W><W> भारी </W><W> नुकसान </W><W> का </W><W> सामना </W><W> करना </W><W> पड़ा।' </W><W> उन्होंने </W><W> बताया </W><W> कि </W><MAN_MADE_EVENT ID="3" TYPE="SUICIDE_ATTACK"><EVENT-COREF-LINK EVENT_ID="1" ID="26" TYPE_REL="EVENT_COREF"/><W> हमले </W></MAN_MADE_EVENT><W> में </W><CASUALTIES-ARG ID="13"><LINK EVENT_ARG="3" ID="23" TYPE_REL="EVENT_ARG"/><W> तीन </W><W> चीनी </W><W> नागरिक </W><W> और </W><W> फ्रंटियर </W><W> कॉन्स्टबुलरी </W><W> के </W><W> दो </W><W> कर्मचारी </W><W> (दो </W><W> विदेशियों </W><W> को </W><W> सुरक्षा </W><W> प्रदान </W><W> करते </W><W> हैं) </W><W> घायल </W></CASUALTIES-ARG><W> हो </W><W> गए। </W><W> घायलों </W><W> को </W><W> अस्पताल </W><W> में </W><W> भर्ती </W><W> कराया </W><W> गया </W><W> है।' </W></P><P><W> उन्होंने </W><W> बताया </W><W> कि </W><W> सुरक्षा </W><W> बलों </W><W> ने </W><W> इलाके </W><W> को </W><W> सील </W><W> कर </W><W> दिया </W><W> है </W><W> और </W><W> मामले </W><W> की </W><W> जांच </W><W> शुरू </W><W> कर </W><W> दी </W><W> है। </W><W> बता </W><W> दें </W><W> कि </W><W> पाकिस्तान </W><W> में </W><W> 25 </W><W> जुलाई </W><W> को </W><W> हुए </W><W> आम </W><W> चुनावों </W><W> के </W><W> बाद </W><W> यह </W><W> देश </W><W> में </W><W> पहला </W><W> आतंकी </W><MAN_MADE_EVENT ID="4" TYPE="SUICIDE_ATTACK"><W> हमला </W></MAN_MADE_EVENT><W> था। </W><W> अतीत </W><W> में </W><W> इस </W><W> तरह </W><W> के </W><MAN_MADE_EVENT ID="5" TYPE="SUICIDE_ATTACK"><W> हमले </W></MAN_MADE_EVENT><W> मुख्य </W><W> रूप </W><W> से </W><W> पाकिस्तानी </W><W> तालिबान </W><W> और </W><W> अन्य </W><W> चरमपंथी </W><W> समूहों </W><W> द्वारा </W><W> किए </W><W> गए </W><W> हैं। </W></P></DOCUMENT>