<?xml version="1.0" encoding="UTF-8"?>
<DOCUMENT><P><PLACE-ARG ID="9"><LINK EVENT_ARG="0" ID="42" TYPE_REL="EVENT_ARG"/><W> पाकिस्तान </W></PLACE-ARG><W> में </W><PLACE-ARG ID="10"><LINK EVENT_ARG="0" ID="40" TYPE_REL="EVENT_ARG"/><W> पोलियो </W><W> केंद्र </W><W> के </W><W> बाहर </W></PLACE-ARG><MAN_MADE_EVENT ID="0" TYPE="SUICIDE_ATTACK"><EVENT-COREF-LINK EVENT_ID="1" ID="43" TYPE_REL="EVENT_COREF"/><W> आत्मघाती </W><W> हमला, </W></MAN_MADE_EVENT><CASUALTIES-ARG ID="16"><LINK EVENT_ARG="0" ID="41" TYPE_REL="EVENT_ARG"/><W> 15 </W><W> की मौत </W></CASUALTIES-ARG></P><P><PLACE-ARG ID="11"><LINK EVENT_ARG="1" ID="32" TYPE_REL="EVENT_ARG"/><W> पाकिस्तान </W></PLACE-ARG><W> के </W><PLACE-ARG ID="12"><LINK EVENT_ARG="1" ID="31" TYPE_REL="EVENT_ARG"/><W> बलूचिस्तान </W></PLACE-ARG><W> प्रांत </W><W> की </W><W> राजधानी </W><PLACE-ARG ID="13"><LINK EVENT_ARG="1" ID="30" TYPE_REL="EVENT_ARG"/><W> क्वेटा </W></PLACE-ARG><W> में </W><W> एक </W><PLACE-ARG ID="14"><LINK EVENT_ARG="1" ID="29" TYPE_REL="EVENT_ARG"/><W> पोलियो </W><W> टीकाकरण </W><W> केंद्र </W><W> के </W><W> बाहर </W></PLACE-ARG><TIME-ARG ID="25"><LINK EVENT_ARG="1" ID="28" TYPE_REL="EVENT_ARG"/><W> बुधवार </W></TIME-ARG><W> को </W><W> एक </W><PARTICIPANT-ARG ID="21"><LINK EVENT_ARG="1" ID="27" TYPE_REL="EVENT_ARG"/><W> आत्मघाती </W><W> हमलावर </W></PARTICIPANT-ARG><W> ने </W><MAN_MADE_EVENT ID="1" TYPE="SUICIDE_ATTACK"><W> खुद </W><W> को </W><W> उड़ा </W><W> लिया। </W></MAN_MADE_EVENT><W> इस </W><MAN_MADE_EVENT ID="15" TYPE="SUICIDE_ATTACK"><EVENT-COREF-LINK EVENT_ID="1" ID="44" TYPE_REL="EVENT_COREF"/><W> धमाके </W></MAN_MADE_EVENT><W> में </W><CASUALTIES-ARG ID="17"><LINK EVENT_ARG="15" ID="33" TYPE_REL="EVENT_ARG"/><W> 15 </W><W> लोगों </W><W> की </W><W> मौत </W></CASUALTIES-ARG><W> हो </W><W> गई </W><W> है </W><W> और </W><CASUALTIES-ARG ID="18"><LINK EVENT_ARG="15" ID="34" TYPE_REL="EVENT_ARG"/><W> 10 </W><W> से </W><W> अधिक </W><W> लोग </W><W> घायल </W></CASUALTIES-ARG><W> हो </W><W> गए </W><W> हैं। </W><MAN_MADE_EVENT ID="26" TYPE="SUICIDE_ATTACK"><EVENT-COREF-LINK EVENT_ID="1" ID="45" TYPE_REL="EVENT_COREF"/><W> धमाके </W></MAN_MADE_EVENT><W> में </W><W> टीकाकरण </W><W> केंद्र </W><W> के </W><W> बाहर </W><W> खड़ी </W><W> पुलिस </W><W> वैन </W><W> के </W><W> परखचे </W><W> उड़ </W><W> गए। </W><W> बलूचिस्तान </W><W> के </W><W> गृह </W><W> मंत्री </W><W> मीर </W><W> सरफराज </W><W> बुगती </W><W> ने </W><MAN_MADE_EVENT ID="2" TYPE="SUICIDE_ATTACK"><EVENT-COREF-LINK EVENT_ID="1" ID="46" TYPE_REL="EVENT_COREF"/><W> धमाके </W></MAN_MADE_EVENT><W> के </W><W> बाद </W><W> संवाददाताओं </W><W> को </W><W> बताया, </W><W> ‘ऐसा </W><W> लगता </W><W> है </W><W> कि </W><MAN_MADE_EVENT ID="3" TYPE="SUICIDE_ATTACK"><EVENT-COREF-LINK EVENT_ID="1" ID="48" TYPE_REL="EVENT_COREF"/><W> धमाका </W></MAN_MADE_EVENT><PARTICIPANT-ARG ID="22"><LINK EVENT_ARG="3" ID="35" TYPE_REL="EVENT_ARG"/><W> आत्मघाती </W><W> हमलावर </W></PARTICIPANT-ARG><W> ने </W><W> किया।’ </W><W> बाद </W><W> में </W><W> खुफिया </W><W> सेवा </W><W> के </W><W> एक </W><W> अधिकारी </W><W> ने </W><W> इस </W><W> बात </W><W> की </W><W> पुष्टि </W><W> की </W><W> कि </W><W> यह </W><MAN_MADE_EVENT ID="4" TYPE="SUICIDE_ATTACK"><EVENT-COREF-LINK EVENT_ID="1" ID="47" TYPE_REL="EVENT_COREF"/><W> आत्मघाती </W><W> हमला </W></MAN_MADE_EVENT><W> था। </W></P><P><W> पाकिस्तानी </W><W> अखबार </W><W> ‘डॉन’ </W><W> के </W><W> मुताबिक </W><W> एक </W><W> अधिकारी </W><W> ने </W><W> बताया, </W><W> ‘सुरक्षा </W><W> एजंसियों </W><W> ने </W><W> घटना </W><W> की </W><W> जांच </W><W> शुरू </W><W> करने </W><W> के </W><W> लिए </W><PARTICIPANT-ARG ID="23"><LINK EVENT_ARG="5" ID="36" TYPE_REL="EVENT_ARG"/><W> आत्मघाती </W><W> हमलावर </W></PARTICIPANT-ARG><W> के </W><W> शरीर </W><W> के </W><W> टुकड़े </W><W> इकट्ठे </W><W> किए </W><W> हैं।’ </W><W> एक </W><W> पुलिस </W><W> अधिकारी </W><W> ने </W><W> बताया </W><W> कि </W><CASUALTIES-ARG ID="20"><LINK EVENT_ARG="5" ID="37" TYPE_REL="EVENT_ARG"/><W> मरने </W><W> वालों </W><W> में </W><W> 12 </W><W> पुलिसकर्मी, </W><W> अर्द्धसैनिक </W><W> बल </W><W> का </W><W> एक </W><W> जवान </W><W> और </W><W> दो </W><W> नागरिक </W><W> शामिल </W></CASUALTIES-ARG><W> हैं। </W><PARTICIPANT-ARG ID="24"><LINK EVENT_ARG="5" ID="39" TYPE_REL="EVENT_ARG"/><W> तहरीक-ए-तालिबान </W><W> पाकिस्तान </W></PARTICIPANT-ARG><W> ने </W><W> फेसबुक </W><W> पोस्ट </W><W> और </W><W> पत्रकारों </W><W> को </W><W> भेजे </W><W> ईमेल </W><W> के </W><W> जरिए </W><W> इस </W><MAN_MADE_EVENT ID="5" TYPE="SUICIDE_ATTACK"><EVENT-COREF-LINK EVENT_ID="1" ID="50" TYPE_REL="EVENT_COREF"/><W> हमले </W></MAN_MADE_EVENT><W> की </W><W> जिम्मेदारी </W><W> ली </W><W> है। </W><W> क्वेटा </W><W> के </W><W> पुलिस </W><W> उप </W><W> महानिरीक्षक </W><W> सैयद </W><W> इम्तियाज </W><W> शाह </W><W> ने </W><W> कहा </W><W> कि </W><MAN_MADE_EVENT ID="6" TYPE="SUICIDE_ATTACK"><EVENT-COREF-LINK EVENT_ID="1" ID="49" TYPE_REL="EVENT_COREF"/><W> विस्फोट </W></MAN_MADE_EVENT><W> के </W><W> लिए </W><W> सात </W><W> से </W><W> आठ </W><W> किलो </W><W> विस्फोटक </W><W> का </W><W> इस्तेमाल </W><W> किया </W><W> गया। </W><W> चश्मदीदों </W><W> ने </W><W> बताया </W><W> कि </W><W> उन्होंने </W><W> इलाके </W><W> में </W><MAN_MADE_EVENT ID="7" TYPE="SUICIDE_ATTACK"><EVENT-COREF-LINK EVENT_ID="1" ID="51" TYPE_REL="EVENT_COREF"/><W> धमाके </W></MAN_MADE_EVENT><W> के </W><W> बाद </W><W> गोलीबारी </W><W> की </W><W> आवाज </W><W> सुनी। </W><W> घायलों </W><W> को </W><W> क्वेटा </W><W> के </W><W> सरकारी </W><W> अस्पताल </W><W> ले </W><W> जाया </W><W> गया </W><W> जहां </W><W> आपातकाल </W><W> घोषित </W><W> कर </W><W> दिया </W><W> गया </W><W> है। </W></P><P><W> पुलिस </W><W> और </W><W> बचाव </W><W> कार्यकर्ता </W><MAN_MADE_EVENT ID="8" TYPE="SUICIDE_ATTACK"><EVENT-COREF-LINK EVENT_ID="1" ID="52" TYPE_REL="EVENT_COREF"/><W> धमाके </W></MAN_MADE_EVENT><W> के </W><W> बाद </W><W> मौके </W><W> पर </W><W> पहुंच </W><W> गए </W><W> और </W><W> सुरक्षा </W><W> बलों </W><W> ने </W><W> इलाके </W><W> को </W><W> घेर </W><W> लिया </W><W> है। </W><W> बलूचिस्तान </W><W> में </W><W> क्वेटा </W><W> और </W><W> अन्य </W><W> जिलों </W><W> में </W><W> सोमवार </W><W> से </W><W> तीन </W><W> दिवसीय </W><W> पोलियो </W><W> रोधी </W><W> अभियान </W><W> चलाया </W><W> जा </W><W> रहा </W><W> है </W><W> जिसका </W><W> बुधवार </W><W> को </W><W> तीसरा </W><W> दिन </W><W> था। </W><W> इस </W><W> अभियान </W><W> के </W><W> तहत </W><W> पांच </W><W> साल </W><W> से </W><W> कम </W><W> उम्र </W><W> के </W><W> 24 </W><W> लाख </W><W> बच्चों </W><W> का </W><W> लक्ष्य </W><W> रखा </W><W> गया </W><W> है। </W><W> अभियान </W><W> के </W><W> तहत </W><W> अफगान </W><W> शरणार्थियों </W><W> के </W><W> 55,000 </W><W> से </W><W> अधिक </W><W> बच्चों </W><W> का </W><W> भी </W><W> टीकाकरण </W><W> किया </W><W> जाएगा। </W><W> सुरक्षा </W><W> सूत्रों </W><W> ने </W><W> बताया </W><W> कि </W><W> जिस </W><W> केंद्र </W><W> को </W><W> निशाना </W><W> बनाया </W><W> गया </W><W> वहां </W><W> से </W><W> पोलियो </W><W> दलों </W><W> को </W><W> रवाना </W><W> किया </W><W> जा </W><W> रहा </W><W> था। </W><W> विश्व </W><W> स्वास्थ्य </W><W> संगठन </W><W> (डब्ल्यूएचओ) </W><W> की </W><W> पोलियो </W><W> प्रभावित </W><W> देशों </W><W> की </W><W> सूची </W><W> में </W><W> बाकी </W><W> रह </W><W> गए </W><W> दो </W><W> देशों </W><W> में </W><W> से </W><W> एक </W><W> पाकिस्तान </W><W> है। </W><W> पाकिस्तान </W><W> में </W><W> पहले </W><W> भी </W><W> पोलियो </W><W> कार्यकर्ताओं </W><W> को </W><W> निशाना </W><W> बनाया </W><W> गया </W><W> है। </W><W> यहां </W><W> अफवाह </W><W> फैलाई </W><W> गई </W><W> है </W><W> कि </W><W> पोलियो </W><W> टीकाकरण </W><W> अभियान </W><W> जासूसी </W><W> के </W><W> लिए </W><W> है </W><W> और </W><W> यह </W><W> मुसलिमों </W><W> के </W><W> बंध्याकरण </W><W> की </W><W> साजिश </W><W> भी </W><W> है। </W></P></DOCUMENT>