<?xml version="1.0" encoding="UTF-8"?>
<DOCUMENT><P><W> प्रतिबंधित </W><W> आतंकवादी </W><W> संगठन </W><PARTICIPANT-ARG ID="24"><LINK EVENT_ARG="1" ID="35" TYPE_REL="EVENT_ARG"/><W> तहरीक </W><W> -ए- </W><W> तालिबान </W><W> पाकिस्तान </W></PARTICIPANT-ARG><W> (टीटीपी) </W><W> ने </W><W> इस </W><MAN_MADE_EVENT ID="1" TYPE="SUICIDE_ATTACK"><EVENT-COREF-LINK EVENT_ID="2" ID="57" TYPE_REL="EVENT_COREF"/><W> हमले </W></MAN_MADE_EVENT><W> की </W><W> जिम्मेदारी </W><W> ली </W><W> है। </W></P><P><W> नई </W><W> दिल्ली। </W><PLACE-ARG ID="12"><LINK EVENT_ARG="2" ID="40" TYPE_REL="EVENT_ARG"/><W> पाकिस्तान </W></PLACE-ARG><W> के </W><PLACE-ARG ID="13"><LINK EVENT_ARG="2" ID="39" TYPE_REL="EVENT_ARG"/><W> उत्तर-पश्चिम </W></PLACE-ARG><W> में </W><PLACE-ARG ID="14"><LINK EVENT_ARG="2" ID="38" TYPE_REL="EVENT_ARG"/><W> स्वात </W><W> जिले </W></PLACE-ARG><W> में </W><W> एक </W><PLACE-ARG ID="15"><LINK EVENT_ARG="2" ID="36" TYPE_REL="EVENT_ARG"/><W> सैन्य </W><W> चौकी </W></PLACE-ARG><W> में </W><W> एक </W><MAN_MADE_EVENT ID="2" TYPE="SUICIDE_ATTACK"><W> आत्मघाती </W><W> हमले </W></MAN_MADE_EVENT><W> में </W><CASUALTIES-ARG ID="22"><LINK EVENT_ARG="2" ID="37" TYPE_REL="EVENT_ARG"/><W> 11 </W><W> पाकिस्तानी </W><W> सैनिकों </W><W> की </W><W> मौत </W></CASUALTIES-ARG><W> हो </W><W> गई, </W><W> जबकि </W><CASUALTIES-ARG ID="23"><LINK EVENT_ARG="2" ID="41" TYPE_REL="EVENT_ARG"/><W> 13 </W><W> लोग </W><W> घायल </W></CASUALTIES-ARG><W> हो </W><W> गए। </W><W> पाकिस्तानी </W><W> सेना </W><W> की </W><W> मीडिया </W><W> इकाई </W><W> 'इंटर-सर्विस </W><W> पब्लिक </W><W> रिलेशन' </W><W> ने </W><W> बयान </W><W> जारी </W><W> करते </W><W> हुए </W><W> कहा </W><W> कि </W><PLACE-ARG ID="17"><LINK EVENT_ARG="3" ID="45" TYPE_REL="EVENT_ARG"/><W> स्वात </W></PLACE-ARG><W> के </W><PLACE-ARG ID="18"><LINK EVENT_ARG="3" ID="44" TYPE_REL="EVENT_ARG"/><W> कबल </W><W> कस्बे </W></PLACE-ARG><W> में </W><W> स्थित </W><PLACE-ARG ID="16"><LINK EVENT_ARG="3" ID="43" TYPE_REL="EVENT_ARG"/><W> सैन्य </W><W> चौकी </W></PLACE-ARG><W> के </W><PLACE-ARG ID="19"><LINK EVENT_ARG="3" ID="42" TYPE_REL="EVENT_ARG"/><W> खेल </W><W> परिसर </W></PLACE-ARG><W> में </W><MAN_MADE_EVENT ID="3" TYPE="SUICIDE_ATTACK"><EVENT-COREF-LINK EVENT_ID="2" ID="58" TYPE_REL="EVENT_COREF"/><W> हमला </W></MAN_MADE_EVENT><W> हुआ। </W><MAN_MADE_EVENT ID="4" TYPE="SUICIDE_ATTACK"><EVENT-COREF-LINK EVENT_ID="2" ID="59" TYPE_REL="EVENT_COREF"/><W> हमला </W></MAN_MADE_EVENT><W> उस </W><W> समय </W><W> हुआ </W><W> जब </W><PARTICIPANT-ARG ID="25"><LINK EVENT_ARG="4" ID="47" TYPE_REL="EVENT_ARG"/><W> सैनिक </W></PARTICIPANT-ARG><W> बॉलीवाल </W><W> खेल </W><W> रहे </W><W> थे। </W><W> स्वात </W><W> जिला </W><W> देश </W><W> के </W><W> उत्तर-पश्चिम </W><W> में </W><W> स्थित </W><W> खैबर-पख्तूनख्वा </W><W> प्रांत </W><W> में </W><W> स्थित </W><W> है। </W><MAN_MADE_EVENT ID="5" TYPE="SUICIDE_ATTACK"><EVENT-COREF-LINK EVENT_ID="2" ID="60" TYPE_REL="EVENT_COREF"/><W> घटना </W></MAN_MADE_EVENT><W> के </W><W> समय </W><PARTICIPANT-ARG ID="26"><LINK EVENT_ARG="5" ID="46" TYPE_REL="EVENT_ARG"/><W> सैनिक </W></PARTICIPANT-ARG><W> वॉलीबाल </W><W> खेल </W><W> रहे </W><W> थे। </W></P><P><PARTICIPANT-ARG ID="27"><LINK EVENT_ARG="6" ID="49" TYPE_REL="EVENT_ARG"/><W> तहरीक </W><W> ए </W><W> तालिबान </W><W> पाकिस्तान </W></PARTICIPANT-ARG><W> ने </W><W> ली </W><W> जिम्मेदारी </W></P><P><W> प्रतिबंधित </W><W> आतंकवादी </W><W> संगठन </W><PARTICIPANT-ARG ID="28"><LINK EVENT_ARG="6" ID="48" TYPE_REL="EVENT_ARG"/><W> तहरीक </W><W> ए </W><W> तालिबान </W><W> पाकिस्तान </W><W> (टीटीपी) </W></PARTICIPANT-ARG><W> ने </W><W> इस </W><MAN_MADE_EVENT ID="6" TYPE="SUICIDE_ATTACK"><EVENT-COREF-LINK EVENT_ID="2" ID="61" TYPE_REL="EVENT_COREF"/><W> हमले </W></MAN_MADE_EVENT><W> की </W><W> जिम्मेदारी </W><W> ली </W><W> है। </W><W> बता </W><W> दें </W><W> कि </W><PLACE-ARG ID="34"><LINK EVENT_ARG="10" ID="50" TYPE_REL="EVENT_ARG"/><W> स्वात </W><W> घाटी </W></PLACE-ARG><W> में </W><TIME-ARG ID="33"><LINK EVENT_ARG="10" ID="51" TYPE_REL="EVENT_ARG"/><W> 2007 </W><W> और </W><W> 2009 </W><W> के </W><W> बीच </W></TIME-ARG><PARTICIPANT-ARG ID="30"><LINK EVENT_ARG="10" ID="52" TYPE_REL="EVENT_ARG"/><W> तालिबानी </W></PARTICIPANT-ARG><W> नियंत्रण </W><W> था </W><W> और </W><W> इस </W><W> दौरान </W><W> इस </W><W> घाटी </W><W> में </W><W> कई </W><MAN_MADE_EVENT ID="10" TYPE="TERRORIST_ATTACK"><W> हमले </W></MAN_MADE_EVENT><W> हुए </W><W> हैं। </W><W> इंटर-सर्विसेज </W><W> पब्लिक </W><W> रिलेशंस </W><W> के </W><W> अनुसार </W><W> यह </W><MAN_MADE_EVENT ID="8" TYPE="SUICIDE_ATTACK"><EVENT-COREF-LINK EVENT_ID="2" ID="62" TYPE_REL="EVENT_COREF"/><W> आतंकी </W><W> हमला </W></MAN_MADE_EVENT><PLACE-ARG ID="20"><LINK EVENT_ARG="8" ID="54" TYPE_REL="EVENT_ARG"/><W> स्वात </W></PLACE-ARG><W> के </W><PLACE-ARG ID="21"><LINK EVENT_ARG="8" ID="55" TYPE_REL="EVENT_ARG"/><W> कबाल </W><W> स्थित </W><W> सैन्य </W><W> शिविर </W><W> के </W><W> स्पो‌र्ट्स </W><W> एरिया </W></PLACE-ARG><W> में </W><W> किया </W><W> है। </W><MAN_MADE_EVENT ID="11" TYPE="SUICIDE_ATTACK"><EVENT-COREF-LINK EVENT_ID="2" ID="63" TYPE_REL="EVENT_COREF"/><W> घटना </W></MAN_MADE_EVENT><W> के </W><W> समय </W><PARTICIPANT-ARG ID="29"><LINK EVENT_ARG="11" ID="56" TYPE_REL="EVENT_ARG"/><W> सैनिक </W></PARTICIPANT-ARG><W> वॉलीबाल </W><W> खेल </W><W> रहे </W><W> थे। </W><W> वहीं </W><W> पाक </W><W> स्वास्थ्य </W><W> विभाग </W><W> का </W><W> कहना </W><W> है </W><W> कि </W><W> मृतकों </W><W> की </W><W> संख्या </W><W> बढ़ </W><W> सकती </W><W> है। </W><W> उनका </W><W> कहना </W><W> है </W><W> कि </W><W> गंभीर </W><W> रूप </W><W> से </W><W> घायल </W><W> लोगों </W><W> की </W><W> हालत </W><W> काफी </W><W> नाजुक </W><W> है, </W><W> हालांकि </W><W> उनको </W><W> उच्च </W><W> स्तर </W><W> का </W><W> इलाज </W><W> मुहैया </W><W> कराया </W><W> जा </W><W> रहा </W><W> है। </W><W> पाक </W><W> सरकार </W><W> ने </W><W> इस </W><MAN_MADE_EVENT ID="9" TYPE="SUICIDE_ATTACK"><EVENT-COREF-LINK EVENT_ID="2" ID="64" TYPE_REL="EVENT_COREF"/><W> हमले </W></MAN_MADE_EVENT><W> की </W><W> निंदा </W><W> की </W><W> है। </W><W> प्रधानमंत्री </W><W> शाहिद </W><W> खाकन </W><W> अब्बासी </W><W> ने </W><W> इसके </W><W> कायराना </W><W> हरकत </W><W> करार </W><W> देते </W><W> हुए </W><W> कहा </W><W> कि </W><W> ऐसी </W><W> कोई </W><W> भी </W><W> आतंकी </W><W> गतिविधि </W><W> पाकिस्तान </W><W> के </W><W> आतंकविरोधी </W><W> अभियान </W><W> को </W><W> रोक </W><W> नहीं </W><W> सकती। </W><W> उन्होंने </W><W> पाक </W><W> सरकार </W><W> आतंकवाद </W><W> को </W><W> नेस्तानाबूद </W><W> करके </W><W> ही </W><W> दम </W><W> लेगी। </W><W> उधर, </W><W> अफगानिस्तान </W><W> के </W><W> पूर्वी </W><W> और </W><W> उत्तरी </W><W> क्षेत्रों </W><W> में </W><W> सेना </W><W> ने </W><W> आतंकवादियों </W><W> के </W><W> खिलाफ </W><W> अभियान </W><W> चलाते </W><W> हुए </W><W> पिछले </W><W> 24 </W><W> घंटों </W><W> में </W><W> कम </W><W> से </W><W> कम </W><W> 47 </W><W> आतंकवादियों </W><W> को </W><MAN_MADE_EVENT ID="31" TYPE="ARMED_CONFLICTS"><W> मार </W><W> गिराया। </W></MAN_MADE_EVENT><W> समाचार </W><W> एजेंसी </W><W> सिन्हुआ </W><W> ने </W><W> एक </W><W> पुलिस </W><W> प्रवक्ता </W><W> के </W><W> हवाले </W><W> से </W><W> बताया </W><W> कि </W><W> सुरक्षा </W><W> बलों </W><W> ने </W><W> शुक्रवार </W><W> को </W><W> फारयाब </W><W> प्रांत </W><W> के </W><W> ख्वाजा </W><W> सब्जपोश </W><W> जिले </W><W> में </W><W> 25 </W><W> तालिबान </W><W> आतंकवादियों </W><W> को </W><MAN_MADE_EVENT ID="32" TYPE="ARMED_CONFLICTS"><W> मार </W><W> गिराया </W></MAN_MADE_EVENT><W> और </W><W> उनके </W><W> गढ़ </W><W> पर </W><W> कब्जा </W><W> कर </W><W> लिया। </W></P><P><W>   </W></P></DOCUMENT>