<?xml version="1.0" encoding="UTF-8"?>
<DOCUMENT><DESC/><TIME>1087</TIME><P><PARTICIPANT-ARG ID="3"><LINK EVENT_ARG="8" ID="10" TYPE_REL="EVENT_ARG"/><W> टायर </W><W> रिसोल </W><W> फैक्ट्री </W></PARTICIPANT-ARG><W> में </W><MAN_MADE_EVENT ID="8" TYPE="INDUSTRIAL_ACCIDENT"><EVENT-COREF-LINK EVENT_ID="9" ID="42" TYPE_REL="EVENT_COREF"/><W> तेल </W><W> के </W><W> टैंक </W><W> में </W><W> लगी </W><W> आग, </W></MAN_MADE_EVENT><CASUALTIES-ARG ID="2"><LINK EVENT_ARG="8" ID="11" TYPE_REL="EVENT_ARG"/><W> एक </W><W> की </W><W> मौत-दूसरा </W><W> गंभीर </W><W> घायल </W></CASUALTIES-ARG></P><P><W> सांपला </W><W> (रोहतक)। </W><PLACE-ARG ID="13"><LINK EVENT_ARG="9" ID="23" TYPE_REL="EVENT_ARG"/><W> सांपला </W><W> कस्बे </W></PLACE-ARG><W> में </W><TIME-ARG ID="12"><LINK EVENT_ARG="9" ID="24" TYPE_REL="EVENT_ARG"/><W> बुधवार </W></TIME-ARG><W> को </W><W> एक </W><PARTICIPANT-ARG ID="14"><LINK EVENT_ARG="9" ID="25" TYPE_REL="EVENT_ARG"/><W> टायर </W><W> रिसोल </W><W> फैक्ट्री </W></PARTICIPANT-ARG><W> में </W><MAN_MADE_EVENT ID="9" TYPE="INDUSTRIAL_ACCIDENT"><W> तेल </W><W> के </W><W> टैंक </W><W> में </W><W> आग </W></MAN_MADE_EVENT><W> लग </W><W> गई। </W><W> इस </W><MAN_MADE_EVENT ID="15" TYPE="INDUSTRIAL_ACCIDENT"><EVENT-COREF-LINK EVENT_ID="9" ID="21" TYPE_REL="EVENT_COREF"/><W> हादसे </W></MAN_MADE_EVENT><W> में </W><CASUALTIES-ARG ID="16"><LINK EVENT_ARG="15" ID="26" TYPE_REL="EVENT_ARG"/><W> एक </W><W> मजदूर </W><W> की </W><W> मौत </W></CASUALTIES-ARG><W> हो </W><W> गई, </W><W> जबकि </W><CASUALTIES-ARG ID="17"><LINK EVENT_ARG="15" ID="27" TYPE_REL="EVENT_ARG"/><W> दूसरा </W><W> गंभीर </W><W> रूप </W><W> से </W><W> झुलसा </W><W> हुआ </W></CASUALTIES-ARG><W> है। </W><W> बताया </W><W> जा </W><W> रहा </W><W> है </W><W> कि </W><MAN_MADE_EVENT ID="18" TYPE="INDUSTRIAL_ACCIDENT"><EVENT-COREF-LINK EVENT_ID="9" ID="22" TYPE_REL="EVENT_COREF"/><W> हादसा </W></MAN_MADE_EVENT><W> उस </W><W> वक्त </W><W> हुआ, </W><W> जब </W><W> यहां </W><W> तेल </W><W> के </W><W> टैंक </W><W> को </W><W> वेल्ड </W><W> किया </W><W> जा </W><W> रहा </W><W> था। </W><W> अचानक </W><W> जोरदार </W><W> धमाका </W><W> हुआ </W><W> और </W><W> आसपास </W><W> अफरा-तफरी </W><W> मच </W><W> गई। </W><W> करीब </W><W> डेढ़ </W><W> घंटे </W><W> की </W><W> कड़ी </W><W> मशक्कत </W><W> के </W><W> बाद </W><AFTER_EFFECTS-ARG ID="19"><LINK EVENT_ARG="18" ID="28" TYPE_REL="EVENT_ARG"/><W> आग </W><W> पर </W><W> काबू </W><W> पाया </W><W> जा </W><W> सका, </W></AFTER_EFFECTS-ARG><W> वहीं </W><W> सूचना </W><W> के </W><W> बाद </W><AFTER_EFFECTS-ARG ID="20"><LINK EVENT_ARG="18" ID="29" TYPE_REL="EVENT_ARG"/><W> पुलिस </W><W> ने </W><W> भी </W><W> मौके </W><W> पर </W><W> पहुंचकर </W><W> मामले </W><W> की </W><W> जांच-पड़ताल </W><W> शुरू </W><W> कर </W><W> दी </W></AFTER_EFFECTS-ARG><W> है। </W><W> 6 </W><W> महीने </W><W> पहले </W><W> ही </W><W> शुरू </W><W> हुई </W><W> थी </W><W> फैक्ट्री... </W></P><P><W>   </W></P><P><W>   </W></P><P><W>   </W></P><P><MAN_MADE_EVENT ID="31" TYPE="INDUSTRIAL_ACCIDENT"><EVENT-COREF-LINK EVENT_ID="9" ID="41" TYPE_REL="EVENT_COREF"/><W> घटना </W></MAN_MADE_EVENT><PLACE-ARG ID="30"><LINK EVENT_ARG="31" ID="43" TYPE_REL="EVENT_ARG"/><W> सांपला </W><W> के </W><W> कुलताना </W><W> रोड </W></PLACE-ARG><W> स्थित </W><W> आरपीएसपी </W><PARTICIPANT-ARG ID="32"><LINK EVENT_ARG="30" ID="44" TYPE_REL="EVENT_ARG"/><W> टायर </W><W> रिसोल </W><W> फैक्ट्री </W></PARTICIPANT-ARG><W> की </W><W> है। </W><W> 6 </W><W> महीने </W><W> पहले </W><W> ही </W><W> यहां </W><W> रबड़ </W><W> टायर </W><W> रिसोल </W><W> का </W><W> काम </W><W> शुरू </W><W> हुआ </W><W> था। </W></P><P><W> बुधवार </W><W> दोपहर </W><W> करीब </W><W> ढाई </W><W> बजे </W><W> यहां </W><W> पर </W><W> पुराने </W><W> टायरों </W><W> को </W><W> उबालकर </W><W> तेल </W><W> निकालने </W><W> वाले </W><W> टैंक </W><W> पर </W><W> वेल्डिंग </W><W> कार्य </W><W> चल </W><W> रहा </W><W> था। </W><W> करीब </W><W> 12 </W><W> मजदूर </W><W> इस </W><W> काम </W><W> में </W><W> लगे </W><W> हुए </W><W> थे।  </W></P><P><W> अचानक </W><REASON-ARG ID="34"><LINK EVENT_ARG="31" ID="45" TYPE_REL="EVENT_ARG"/><W> वेल्डिंग </W><W> की </W><W> चिंगारी </W><W> से </W><W> टैंक </W><W> में </W><W> पड़े </W><W> कुछ </W><W> तेल </W><W> ने </W><W> आग </W><W> पकड़ </W><W> ली, </W></REASON-ARG><W> जिसके </W><W> बाद </W><W> टैंक </W><W> में </W><W> एक </W><W> धमाका </W><W> हुआ </W><W> और </W><W> मजदूर </W><W> इसकी </W><W> चपेट </W><W> में </W><W> आ </W><W> गए। </W></P><P><AFTER_EFFECTS-ARG ID="35"><LINK EVENT_ARG="31" ID="46" TYPE_REL="EVENT_ARG"/><W> मामले </W><W> की </W><W> सूचना </W><W> फायर </W><W> ब्रिगेड </W><W> और </W><W> पुलिस </W><W> को </W><W> दी </W><W> गई। </W></AFTER_EFFECTS-ARG><W> करीब </W><W> डेढ़ </W><W> घंटे </W><W> की </W><AFTER_EFFECTS-ARG ID="36"><LINK EVENT_ARG="31" ID="47" TYPE_REL="EVENT_ARG"/><W> मशक्कत </W><W> के </W><W> बाद </W><W> फायर </W><W> बिग्रेड </W><W> की </W><W> गाड़ी </W><W> ने </W><W> आग </W><W> पर </W><W> काबू </W><W> पाया।  </W></AFTER_EFFECTS-ARG></P><P><AFTER_EFFECTS-ARG ID="37"><LINK EVENT_ARG="31" ID="48" TYPE_REL="EVENT_ARG"/><W> घायल </W><W> मजदूर </W><W> मुन्नाराम </W><W> को </W><W> तुरंत </W><W> अस्पताल </W><W> भेजा </W><W> गया, </W></AFTER_EFFECTS-ARG><W> वहीं </W><W> मजदूरों </W><W> ने </W><W> बताया </W><W> कि </W><W> उनके </W><W> एक </W><W> साथी </W><W> कमल </W><W> पुत्र </W><W> गंगा </W><W> साहनी </W><W> का </W><W> पता </W><W> नहीं </W><W> चल </W><W> रहा </W><W> कहां </W><W> गया।  </W></P><P><W> पुलिस </W><W> ने </W><W> टैंक </W><W> में </W><W> तलाश </W><W> की </W><W> तो </W><W> बिहार </W><W> के </W><W> गोपालगंज </W><W> जिले </W><W> के </W><W> चक्क </W><W> पहाड़पुर </W><W> का </W><W> रहने </W><W> वाला </W><W> कमल </W><W> साहनी </W><W> अंदर </W><W> ही </W><W> झुलसा </W><W> पड़ा </W><W> था। </W><W> जब </W><W> तक </W><W> मजदूरों </W><W> की </W><W> मदद </W><W> से </W><W> उसे </W><W> बाहर </W><W> निकाला </W><W> गया, </W><W> तब </W><W> तक </W><W> उसकी </W><W> मौत </W><W> हो </W><W> चुकी </W><W> थी।  </W></P><P><AFTER_EFFECTS-ARG ID="38"><LINK EVENT_ARG="31" ID="49" TYPE_REL="EVENT_ARG"/><W> कमल </W><W> की </W><W> डेड </W><W> बॉडी </W><W> को </W><W> पोस्टमाॅर्टम </W><W> के </W><W> लिए </W><W> पीजीआई </W><W> रोहतक </W><W> भिजवाया </W><W> गया, </W><W> वहीं </W></AFTER_EFFECTS-ARG><AFTER_EFFECTS-ARG ID="39"><LINK EVENT_ARG="31" ID="50" TYPE_REL="EVENT_ARG"/><W> पुलिस </W><W> ने </W><W> मामले </W><W> की </W><W> जांच-पड़ताल </W><W> शुरू </W><W> कर </W><W> दी </W><W> थी। </W></AFTER_EFFECTS-ARG><W> खबर </W><W> लिखे </W><W> जाने </W><W> तक </W><AFTER_EFFECTS-ARG ID="40"><LINK EVENT_ARG="31" ID="51" TYPE_REL="EVENT_ARG"/><W> हालात </W><W> काबू </W><W> में </W><W> आ </W><W> चुके </W><W> थे। </W></AFTER_EFFECTS-ARG></P></DOCUMENT>