<?xml version="1.0" encoding="UTF-8"?>
<DOCUMENT><DESC/><TIME>5131</TIME><P><NATURAL_EVENT ID="1" TYPE="STORM"><W> आंधी-तूफान </W></NATURAL_EVENT><W> से </W><W> आयी </W><W> आफत, </W><AFTER_EFFECTS-ARG ID="2"><LINK EVENT_ARG="1" ID="16" TYPE_REL="EVENT_ARG"/><W> दानापुर </W><W> जंक्शन </W><W> का </W><W> शेड </W><W> गिरा, </W></AFTER_EFFECTS-ARG><CASUALTIES-ARG ID="3"><LINK EVENT_ARG="1" ID="17" TYPE_REL="EVENT_ARG"/><W> चार </W><W> लोग </W><W> घायल </W></CASUALTIES-ARG></P><P><W> पटना </W><W> [जेएनएन]। </W><PLACE-ARG ID="4"><LINK EVENT_ARG="0" ID="18" TYPE_REL="EVENT_ARG"/><W> राजधानी </W></PLACE-ARG><W> में </W><W> अचानक </W><W> आए </W><NATURAL_EVENT ID="0" TYPE="STORM"><EVENT-COREF-LINK EVENT_ID="1" ID="27" TYPE_REL="EVENT_COREF"/><W> आंधी-तूफान </W></NATURAL_EVENT><W> और </W><W> बारिश </W><W> से </W><AFTER_EFFECTS-ARG ID="5"><LINK EVENT_ARG="0" ID="19" TYPE_REL="EVENT_ARG"/><W> भारी </W><W> तबाही </W></AFTER_EFFECTS-ARG><W> हुई </W><W> है। </W><W> इस </W><NATURAL_EVENT ID="9" TYPE="STORM"><EVENT-COREF-LINK EVENT_ID="1" ID="28" TYPE_REL="EVENT_COREF"/><W> आंधी-तूफान </W></NATURAL_EVENT><W> में </W><AFTER_EFFECTS-ARG ID="6"><LINK EVENT_ARG="9" ID="20" TYPE_REL="EVENT_ARG"/><W> दानापुर </W><W> स्टेशन </W><W> का </W><W> एक </W><W> नंबर </W><W> प्लेटफॉर्म </W><W> का </W><W> शेड </W><W> और </W><W> कैरेज </W><W> बैगन </W><W> का </W><W> ऑफिस </W><W> तबाह </W></AFTER_EFFECTS-ARG><W> हो </W><W> गया। </W><AFTER_EFFECTS-ARG ID="7"><LINK EVENT_ARG="8" ID="21" TYPE_REL="EVENT_ARG"/><W> स्टेशन </W><W> का </W><W> शेड </W><W> तेज </W><NATURAL_EVENT ID="8" TYPE="STORM"><EVENT-COREF-LINK EVENT_ID="1" ID="29" TYPE_REL="EVENT_COREF"/><W> आंधी </W></NATURAL_EVENT><W> के </W><W> कारण </W><W> उड़ </W><W> गया </W></AFTER_EFFECTS-ARG><W> और </W><CASUALTIES-ARG ID="10"><LINK EVENT_ARG="8" ID="22" TYPE_REL="EVENT_ARG"/><W> कई </W><W> यात्रियों </W><W> और </W><W> रेलवे </W><W> के </W><W> कर्मचारियों </W><W> के </W><W> ऊपर </W><W> गिर </W><W> पड़ा। </W></CASUALTIES-ARG></P><P><W> वहीं </W><AFTER_EFFECTS-ARG ID="12"><LINK EVENT_ARG="9" ID="23" TYPE_REL="EVENT_ARG"/><W> रनिंग </W><W> रूम </W><W> का </W><W> भी </W><W> करकट </W><W> का </W><W> बना </W><W> शेड </W><W> यात्री </W><W> शेड </W><W> पर </W><W> गिर </W><W> गया </W></AFTER_EFFECTS-ARG><W> जिससे </W><CASUALTIES-ARG ID="11"><LINK EVENT_ARG="9" ID="24" TYPE_REL="EVENT_ARG"/><W> चार </W><W> लोग </W><W> जख्मी </W></CASUALTIES-ARG><W> हो </W><W> गए। </W><W> घायलों </W><W> को </W><W> उपचार </W><W> के </W><W> लिए </W><W>  रेलवे </W><W> डिविजनल </W><W> अस्पताल </W><W> में </W><W> भेजा </W><W> गया </W><W> है, </W><W> जहां </W><W> इलाज </W><W> चल </W><W> रहा </W><W> है। </W><W> इसमें </W><W> से </W><W> तीन </W><W> की </W><W> हालत </W><W> नाजुक </W><W> बनी </W><W> हुई </W><W> है। </W><W> उसमें </W><W> से </W><W> दो </W><W> को </W><W> पीएमसीएच </W><W> भेजा </W><W> गया </W><W> है। </W></P><P><W> घायलों </W><W> में </W><W> तीन </W><W> रेलवे </W><W> के </W><W> स्टाफ, </W><W> सीनियर </W><W> टेक्निसियन </W><W> नगीना </W><W> पासवान, </W><W> टेक्निसियन </W><W> सीताराम </W><W> और </W><W> एक </W><W> रिटायर </W><W> रेलकर्मी </W><W> हरिनंदन </W><W> प्रसाद </W><W> हैं। </W><W> जबकि </W><W> आनिसाबाद </W><W> के </W><W> रहनेवाले </W><W> एक </W><W> यात्री </W><W> बबन </W><W> प्रसाद </W><W> इसमें </W><W> घायल </W><W> बताये </W><W> जा </W><W> रहे </W><W> हैं। </W><W> बताया </W><W> जाता </W><W> है </W><W> कि </W><NATURAL_EVENT ID="13" TYPE="STORM"><EVENT-COREF-LINK EVENT_ID="1" ID="30" TYPE_REL="EVENT_COREF"/><W> आंधी </W></NATURAL_EVENT><W> तकरीबन </W><TIME-ARG ID="14"><LINK EVENT_ARG="13" ID="25" TYPE_REL="EVENT_ARG"/><W> 2.15 </W><W> बजे </W><W> में </W></TIME-ARG><W> आई </W><W> और </W><AFTER_EFFECTS-ARG ID="15"><LINK EVENT_ARG="13" ID="26" TYPE_REL="EVENT_ARG"/><W> अंग्रेजों </W><W> के </W><W> जमाने </W><W> का </W><W> बना </W><W> शेड </W><W> तहस-नहस </W></AFTER_EFFECTS-ARG><W> हो </W><W> गया। </W></P><P><W> वहीं, </W><W> फतुहा </W><W> थानाक्षेत्र </W><W> के </W><W> पुरानी </W><W> एनएच </W><W> के </W><W> पास </W><W> बीच </W><W> सड़क </W><W> पर </W><W> एक </W><W> बड़ा </W><W> पेड़ </W><W> गिर </W><W> गया </W><W> जिसकी </W><W> वजह </W><W> से </W><W> कई </W><W> घंटों </W><W> तक </W><W> आवागमन </W><W> बाधित </W><W> रहा। </W></P></DOCUMENT>