<?xml version="1.0" encoding="UTF-8"?>
<DOCUMENT><DESC/><DESC/><TIME>2292</TIME><P><NATURAL_EVENT ID="0" TYPE="STORM"><W> आंधी </W></NATURAL_EVENT><W> में </W><AFTER_EFFECTS-ARG ID="1"><LINK EVENT_ARG="0" ID="12" TYPE_REL="EVENT_ARG"/><W> पेड़ </W><W> गिरने </W></AFTER_EFFECTS-ARG><W> से </W><PLACE-ARG ID="2"><LINK EVENT_ARG="0" ID="13" TYPE_REL="EVENT_ARG"/><W> महाराष्ट्र </W></PLACE-ARG><W> के </W><CASUALTIES-ARG ID="3"><LINK EVENT_ARG="0" ID="14" TYPE_REL="EVENT_ARG"/><W> श्रद्धालु </W><W> की </W><W> मौत </W></CASUALTIES-ARG><W> ।  </W></P><P><PLACE-ARG ID="4"><LINK EVENT_ARG="6" ID="15" TYPE_REL="EVENT_ARG"/><W> वृंदावन </W></PLACE-ARG><W> में </W><TIME-ARG ID="5"><LINK EVENT_ARG="6" ID="16" TYPE_REL="EVENT_ARG"/><W> रविवार </W><W> शाम </W></TIME-ARG><W> आई </W><W> तेज </W><NATURAL_EVENT ID="6" TYPE="STORM"><EVENT-COREF-LINK EVENT_ID="0" ID="22" TYPE_REL="EVENT_COREF"/><W> आंधी </W></NATURAL_EVENT><W> से </W><AFTER_EFFECTS-ARG ID="7"><LINK EVENT_ARG="6" ID="17" TYPE_REL="EVENT_ARG"/><W> गिरे </W><W> पेड़ </W></AFTER_EFFECTS-ARG><W> की </W><W> चपेट </W><W> में </W><W> आकर </W><CASUALTIES-ARG ID="8"><LINK EVENT_ARG="6" ID="18" TYPE_REL="EVENT_ARG"/><W> श्रद्धालु </W><W> गंभीर </W><W> रूप </W><W> से </W><W> घायल </W></CASUALTIES-ARG><W> हो </W><W> गया। </W><W> घायल </W><W> श्रद्धालु </W><W> को </W><W> पहले </W><W> सौ </W><W> सैय्या </W><W> संयुक्त </W><W> जिला </W><W> अस्पताल </W><W> में </W><W> भर्ती </W><W> कराया </W><W> गया, </W><W> यहां </W><W> हालत </W><W> बिगड़ने </W><W> पर </W><W> नयति </W><W> रेफर </W><W> कर </W><W> दिया </W><W> गया। </W><W> जहां </W><CASUALTIES-ARG ID="9"><LINK EVENT_ARG="6" ID="19" TYPE_REL="EVENT_ARG"/><W> चिकित्सकों </W><W> ने </W><W> उसे </W><W> मृत </W><W> घोषित </W><W> कर </W><W> दिया। </W></CASUALTIES-ARG></P><P><W>   </W></P><P><W> बताया </W><W> गया </W><W> है </W><W> कि </W><PLACE-ARG ID="10"><LINK EVENT_ARG="6" ID="20" TYPE_REL="EVENT_ARG"/><W> महाराष्ट्र </W><W> के </W><W> लातूर </W></PLACE-ARG><W> से </W><W> श्रद्धालुओं </W><W> की </W><W> बस </W><TIME-ARG ID="11"><LINK EVENT_ARG="6" ID="21" TYPE_REL="EVENT_ARG"/><W> रविवार </W><W> की </W><W> शाम </W></TIME-ARG><W> वृंदावन </W><W> के </W><W> मंदिरों </W><W> के </W><W> दर्शन </W><W> के </W><W> लिए </W><W> आई </W><W> हुई </W><W> थी। </W><W> चालक </W><W> ने </W><W> बस </W><W> को </W><W> कोतवाली </W><W> के </W><W> सामने </W><W> खड़ा </W><W> किया </W><W> और </W><W> श्रद्धालु </W><W> उतर </W><W> ही </W><W> रहे </W><W> थे।  </W></P><P><W> इसी </W><W> बीच </W><W> ते </W><W> हवा </W><W> के </W><W> झोंके </W><W> से </W><W> गांधी </W><W> पार्क </W><W> में </W><W> लगा </W><W> यूकेलिप्टस </W><W> का </W><W> पेड़ </W><W> भरभराकर </W><W> गिर </W><W> पड़ा। </W><W> पेड़ </W><W> की </W><W> चपेट </W><W> में </W><W> 42 </W><W> वर्षीय </W><W> रामेश्वर </W><W> स्वामी </W><W> आ </W><W> गए </W><W> और </W><W> गंभीर </W><W> रूप </W><W> से </W><W> घायल </W><W> हो </W><W> गए।  </W></P><P><W> गंभीर </W><W> रूप </W><W> से </W><W> घायल </W><W> रामेश्वर </W><W> को </W><W> अन्य </W><W> श्रद्धालु </W><W> आनन-फानन </W><W> में </W><W> पहले </W><W> सौ </W><W> सैय्या </W><W> संयुक्त </W><W> जिला </W><W> अस्पताल </W><W> ले </W><W> गए। </W><W> यहां </W><W> हालत </W><W> बिगड़ने </W><W> पर </W><W> नयति </W><W> रेफर </W><W> कर </W><W> दिया </W><W> गया। </W><W> यहां </W><W> चिकित्सकों </W><W> ने </W><W> रामेश्वर </W><W> को </W><W> मृत </W><W> घोषित </W><W> कर </W><W> दिया।  </W></P></DOCUMENT>