<?xml version="1.0" encoding="UTF-8"?>
<DOCUMENT><DESC/><TIME>381</TIME><P><REASON-ARG ID="0"><LINK EVENT_ARG="2" ID="11" TYPE_REL="EVENT_ARG"/><W> पायलट </W><W> और </W><W> कंट्रोलर </W><W> की </W><W> 'गलतफहमी' </W></REASON-ARG><W> की </W><W> वजह </W><W> से </W><W> हुई </W><PLACE-ARG ID="1"><LINK EVENT_ARG="2" ID="12" TYPE_REL="EVENT_ARG"/><W> नेपाल </W></PLACE-ARG><W> में </W><MAN_MADE_EVENT ID="2" TYPE="AVIATION_HAZARD"><W> विमान </W><W> दुर्घटना </W></MAN_MADE_EVENT></P><P><PLACE-ARG ID="4"><LINK EVENT_ARG="3" ID="13" TYPE_REL="EVENT_ARG"/><W> नेपाल </W><W> के </W><W> त्रिभुवन </W><W> अंतरराष्ट्रीय </W><W> हवाईअड्डे </W></PLACE-ARG><W> पर </W><W> लैंड </W><W> करते </W><W> समय </W><MAN_MADE_EVENT ID="3" TYPE="AVIATION_HAZARD"><EVENT-COREF-LINK EVENT_ID="2" ID="9" TYPE_REL="EVENT_COREF"/><W> दुर्घटनाग्रस्त </W></MAN_MADE_EVENT><W> हुए </W><PARTICIPANT-ARG ID="5"><LINK EVENT_ARG="3" ID="14" TYPE_REL="EVENT_ARG"/><W> प्लेन </W></PARTICIPANT-ARG><W> में </W><CASUALTIES-ARG ID="6"><LINK EVENT_ARG="3" ID="15" TYPE_REL="EVENT_ARG"/><W> कम </W><W> से </W><W> कम </W><W> 50 </W><W> लोगों </W><W> की </W><W> मौत </W></CASUALTIES-ARG><W> हो </W><W> गई </W><W> वहीं </W><W> 21 </W><W> लोगों </W><W> को </W><W> बचा </W><W> लिया </W><W> गया </W><W> है। </W><W> विमान </W><W> दुर्घटना </W><W> की </W><W> जांच </W><W> कर </W><W> रहे </W><W> अधिकारियों </W><W> ने </W><W> बताया </W><W> है </W><W> कि </W><W> इस </W><MAN_MADE_EVENT ID="7" TYPE="AVIATION_HAZARD"><EVENT-COREF-LINK EVENT_ID="2" ID="10" TYPE_REL="EVENT_COREF"/><W> दुर्घटना </W></MAN_MADE_EVENT><W> की </W><W> वजह </W><W> पहली </W><W> नजर </W><W> में </W><REASON-ARG ID="8"><LINK EVENT_ARG="7" ID="16" TYPE_REL="EVENT_ARG"/><W> 'कन्फ्यूजन' </W></REASON-ARG><W> नजर </W><W> आ </W><W> रही </W><W> है। </W><W>   </W></P><P><W> विमान </W><W> की </W><W> लैंडिग </W><W> के </W><W> दौरान </W><W> पायलट </W><W> को </W><W> जो </W><W> निर्देश </W><W> दिया </W><W> गया </W><W> उसने </W><W> कुछ </W><W> मिनट </W><W> बाद </W><W> उसे </W><W> नहीं </W><W> माना। </W><W> निर्देश </W><W> दिए </W><W> जाने </W><W> के </W><W> दौरान </W><W> विमान </W><W> लैंड </W><W> करने </W><W> के </W><W> लिए </W><W> तैयार </W><W> था </W><W> और </W><W> रनवे </W><W> पर </W><W> काफी </W><W> नीचे </W><W> उड़ </W><W> रहा </W><W> था, </W><W> उसी </W><W> समय </W><W> वह </W><W> जमीन </W><W> से </W><W> टकरा </W><W> गया </W><W> और </W><W> उससे </W><W> धुआं </W><W> निकलने </W><W> लगा।  </W></P><P><W> ट्रैफिक </W><W> मॉनिटरिंग </W><W> वेबसाइट </W><W> liveatc.net </W><W> पर </W><W> डाली </W><W> गई </W><W> रिकॉर्डिंग </W><W> से </W><W> पता </W><W> चला </W><W> है </W><W> कि </W><W> पायलट </W><W> ने </W><W> पहले </W><W> कंट्रोलर </W><W> से </W><W> उत्तरी </W><W> दिशा </W><W> से </W><W> विमान </W><W> को </W><W> लैंड </W><W> कराने </W><W> की </W><W> परमिशन </W><W> मांगी </W><W> जिसे </W><W> एयर </W><W> ट्रैफिक </W><W> कंट्रोलर </W><W> ने </W><W> हरी </W><W> झंडी </W><W> दे </W><W> दी। </W><W> लेकिन </W><W> कुछ </W><W> ही </W><W> मिनट </W><W> बाद </W><W> पायलट </W><W> ने </W><W> कहा </W><W> कि </W><W> वह </W><W> दक्षिण </W><W> की </W><W> तरफ </W><W> से </W><W> लैंड </W><W> करने </W><W> के </W><W> लिए </W><W> तैयार </W><W> है </W><W> कंट्रोलर </W><W> ने </W><W> फिर </W><W> हरी </W><W> झंडी </W><W> दे </W><W> दी।  </W></P><P><W> जांच </W><W> अधिकारियों </W><W> ने </W><W> इस </W><W> पूरी </W><MAN_MADE_EVENT ID="17" TYPE="AVIATION_HAZARD"><EVENT-COREF-LINK EVENT_ID="2" ID="24" TYPE_REL="EVENT_COREF"/><W> दुर्घटना </W></MAN_MADE_EVENT><W> को </W><W> 'गलतफहमी' </W><W> बताया </W><W> है। </W><W> उन्होंने </W><W> कहा </W><W> कि </W><REASON-ARG ID="18"><LINK EVENT_ARG="17" ID="26" TYPE_REL="EVENT_ARG"/><W> नेपाली </W><W> पायलट </W><W> और </W><W> कंट्रोलर </W><W> दोनों </W><W> की </W><W> बातचीत </W><W> में </W><W> गलतफहमी </W></REASON-ARG><W> की </W><W> वजह </W><W> से </W><W> यह </W><MAN_MADE_EVENT ID="19" TYPE="AVIATION_HAZARD"><EVENT-COREF-LINK EVENT_ID="2" ID="25" TYPE_REL="EVENT_COREF"/><W> दुर्घटना </W></MAN_MADE_EVENT><W> हुई </W><W> है। </W><PARTICIPANT-ARG ID="20"><LINK EVENT_ARG="19" ID="27" TYPE_REL="EVENT_ARG"/><W> यूएस </W><W> बांग्ला </W><W> फ्लाइट </W><W> बीएस </W><W> 211 </W></PARTICIPANT-ARG><W>  में </W><W> मौजूद </W><W> एक </W><W> यात्री </W><W> ने </W><W> कहा </W><W> कि </W><REASON-ARG ID="21"><LINK EVENT_ARG="19" ID="28" TYPE_REL="EVENT_ARG"/><W> दोनों </W><W> ही </W><W> काफी </W><W> कन्फ्यूज </W><W> थे। </W><W> दोनों </W><W> का </W><W> ही </W><W> ध्यान </W><W> कहीं </W><W> और </W><W> था। </W></REASON-ARG></P><P><W> विमान </W><W> के </W><W> उतरने </W><W> से </W><W> ठीक </W><W> पहले </W><W> पायलट </W><W> ने </W><W> एक </W><W> बार </W><W> फिर </W><W> पूछा </W><W> कि </W><W> "क्या </W><W> जमीन </W><W> तैयार </W><W> है?" </W><W> कुछ </W><W> देर </W><W> बाद </W><W>  ही </W><W> कंट्रोलर </W><W> ने </W><W> जवाब </W><W> दिया जिसे </W><W> सुना </W><W> जाना </W><W> मुश्किल </W><W> था। </W><W> यहां </W><W> तक </W><W> की </W><W> दोनों </W><W> ही </W><W> परेशान </W><W> थे </W><W> और </W><W> वह </W><W> पायलट </W><W> से </W><W> कह </W><W> रहा </W><W> था </W><W> कि </W><W> मैं </W><W> फिर </W><W> कह </W><W> रहा </W><W> हूं </W><W> विमान </W><W> मोड़ो। </W></P><P><W> उसके </W><W> कुछ </W><W> सेकेंड </W><W> बाद </W><W> कंट्रोलर </W><W> की </W><W> आवाज </W><W> आई </W><W> की </W><W> रन </W><W> वे </W><W> पर </W><W> फायर </W><W> ट्रक </W><W> है। </W><PLACE-ARG ID="22"><LINK EVENT_ARG="19" ID="29" TYPE_REL="EVENT_ARG"/><W> काठमांडू </W><W> एयरपोर्ट </W></PLACE-ARG><W> के </W><W> जनरल </W><W> मैनेजर </W><W> ने </W><W> कहा </W><W> कि </W><REASON-ARG ID="23"><LINK EVENT_ARG="19" ID="30" TYPE_REL="EVENT_ARG"/><W> पायलट </W><W> कंट्रोल </W><W> टावर </W><W> के </W><W> द्वारा </W><W> दिए </W><W> जा </W><W> रहे </W><W> निर्देश </W><W> पर </W><W> अमल </W><W> नहीं </W><W> कर </W><W> रहा </W><W> था </W><W> और </W><W> वह </W><W> गलत </W><W> दिशा </W><W> से </W><W> रनवे </W><W> पर </W><W> पहुंचा।  </W></REASON-ARG></P></DOCUMENT>