<?xml version="1.0" encoding="UTF-8"?>
<DOCUMENT><DESC/><DESC/><TIME>6455</TIME><P><W> शक्तिशाली </W><NATURAL_EVENT ID="0" TYPE="EARTHQUAKE"><W> भूकंप </W></NATURAL_EVENT><W> से </W><W> कांपा </W><PLACE-ARG ID="1"><LINK EVENT_ARG="0" ID="24" TYPE_REL="EVENT_ARG"/><W> मेक्सिको, </W></PLACE-ARG><AFTER_EFFECTS-ARG ID="10"><LINK EVENT_ARG="0" ID="25" TYPE_REL="EVENT_ARG"/><W> लोगों </W><W> में </W><W> दहशत </W></AFTER_EFFECTS-ARG></P><P><PLACE-ARG ID="2"><LINK EVENT_ARG="4" ID="26" TYPE_REL="EVENT_ARG"/><W> मेक्सिको </W></PLACE-ARG><W> एक </W><W> बार </W><W> फिर </W><W> शक्तिशाली </W><NATURAL_EVENT ID="4" TYPE="EARTHQUAKE"><EVENT-COREF-LINK EVENT_ID="0" ID="44" TYPE_REL="EVENT_COREF"/><W> भूकंप </W></NATURAL_EVENT><W> से </W><AFTER_EFFECTS-ARG ID="11"><LINK EVENT_ARG="4" ID="27" TYPE_REL="EVENT_ARG"/><W> दहल </W><W> गया </W></AFTER_EFFECTS-ARG><W> है। </W><W>  रिक्टर </W><W> स्केल </W><W> पर </W><W> इस </W><NATURAL_EVENT ID="5" TYPE="EARTHQUAKE"><EVENT-COREF-LINK EVENT_ID="0" ID="45" TYPE_REL="EVENT_COREF"/><W> भूकंप </W></NATURAL_EVENT><W> की </W><W> तीव्रता </W><MAGNITUDE-ARG ID="12"><LINK EVENT_ARG="5" ID="28" TYPE_REL="EVENT_ARG"/><W> 7.2 </W></MAGNITUDE-ARG><W> मापी </W><W> गई </W><W> है।  </W></P><P><W> यूएस </W><W> जियोलॉजिकल </W><W> सर्वे </W><W> के </W><W> मुताबिक </W><NATURAL_EVENT ID="14" TYPE="EARTHQUAKE"><EVENT-COREF-LINK EVENT_ID="0" ID="43" TYPE_REL="EVENT_COREF"/><W> भूकंप </W></NATURAL_EVENT><W> का </W><W> केंद्र </W><EPICENTRE-ARG ID="13"><LINK EVENT_ARG="14" ID="29" TYPE_REL="EVENT_ARG"/><W> वहाका </W><W> राज्य </W><W> के </W><W> पिनोतेपा </W><W> डि </W><W> डॉन </W><W> लुई </W><W> प्रांत </W><W> के </W><W> पास </W><W> सतह </W><W> से </W><W> 24.6 </W><W> किलोमीटर </W><W> नीचे </W></EPICENTRE-ARG><W> था।  </W></P><P><W> वहाका </W><W> में </W><AFTER_EFFECTS-ARG ID="15"><LINK EVENT_ARG="6" ID="30" TYPE_REL="EVENT_ARG"/><W> कुछ </W><W> इमारतों </W><W> को </W><W> नुकसान </W><W> पहुंचा </W></AFTER_EFFECTS-ARG><W> है </W><W> मगर </W><W> किसी </W><W> की </W><W> मौत </W><W> की </W><W> खबर </W><W> नहीं </W><W> है।  </W></P><P><PLACE-ARG ID="3"><LINK EVENT_ARG="6" ID="31" TYPE_REL="EVENT_ARG"/><W> दक्षिण-पश्चिम </W><W> मेक्सिको </W></PLACE-ARG><W> में </W><W> आए </W><W> इस </W><W> जोरदार </W><NATURAL_EVENT ID="6" TYPE="EARTHQUAKE"><EVENT-COREF-LINK EVENT_ID="0" ID="42" TYPE_REL="EVENT_COREF"/><W> भूकंप </W></NATURAL_EVENT><W> के </W><W> झटके </W><AFTER_EFFECTS-ARG ID="16"><LINK EVENT_ARG="6" ID="32" TYPE_REL="EVENT_ARG"/><W> 350 </W><W> किलोमीटर </W><W> दूर </W><W> राजधानी </W><W> मेक्सिको </W><W> सिटी </W><W> तक </W><W> महसूस </W><W> किए </W><W> गए।  </W></AFTER_EFFECTS-ARG></P><P><W> मेक्सिको </W><W> सिटी </W><W> में </W><W> घबराए </W><W> लोग </W></P><P><W> शुक्रवार </W><W> को </W><W> आए </W><NATURAL_EVENT ID="7" TYPE="EARTHQUAKE"><EVENT-COREF-LINK EVENT_ID="0" ID="41" TYPE_REL="EVENT_COREF"/><W> झटके </W></NATURAL_EVENT><W> के </W><W> बाद </W><AFTER_EFFECTS-ARG ID="17"><LINK EVENT_ARG="7" ID="33" TYPE_REL="EVENT_ARG"/><W> राजधानी </W><W> मेक्सिको </W><W> सिटी </W><W> में </W><W> हज़ारों </W><W> लोग </W><W> इमारतों </W><W> से </W><W> बाहर </W><W> आ </W><W> गए।  </W></AFTER_EFFECTS-ARG></P><P><W> राजधानी </W><W> की </W><W> सड़कों </W><W> पर </W><W> कुछ </W><W> लोग </W><W> रोते </W><W> हुए </W><W> तो </W><W> कुछ </W><W> एक </W><W> दूसरे </W><W> को </W><W> हिम्मत </W><W> देते </W><W> नजर </W><W> आ </W><W> रहे </W><W> थे। </W><W>  कुछ </W><W> देर </W><W> के </W><W> लिए </W><AFTER_EFFECTS-ARG ID="18"><LINK EVENT_ARG="7" ID="34" TYPE_REL="EVENT_ARG"/><W> ट्रैफिक </W><W> भी </W><W> थम </W><W> गया।  </W></AFTER_EFFECTS-ARG></P><P><TIME-ARG ID="19"><LINK EVENT_ARG="8" ID="35" TYPE_REL="EVENT_ARG"/><W> पिछले </W><W> साल </W><W> सितंबर </W></TIME-ARG><W> में </W><PLACE-ARG ID="20"><LINK EVENT_ARG="8" ID="36" TYPE_REL="EVENT_ARG"/><W> मेक्सिको </W></PLACE-ARG><W> में </W><W> भीषण </W><NATURAL_EVENT ID="8" TYPE="EARTHQUAKE"><W> भूकंप </W></NATURAL_EVENT><W> में </W><CASUALTIES-ARG ID="21"><LINK EVENT_ARG="8" ID="37" TYPE_REL="EVENT_ARG"/><W> सैकड़ों </W><W> लोगों </W><W> की </W><W> मौत </W><W> हो </W><W> गई </W><W> थी।  </W></CASUALTIES-ARG></P><P><W> मेक्सिको </W><W> सिटी </W><W> में </W><W> रहने </W><W> वाले </W><W> लुई </W><W> रॉड्रिग्ज </W><W> ने </W><W> कहा, </W><W> "19 </W><W> सितंबर </W><W> के </W><W> बाद </W><W> से </W><W> ज्यादा </W><W> डर </W><W> नहीं </W><W> लगता। </W><W> " </W><W> मगर </W><W> एक </W><W> अन्य </W><W> महिला </W><W> ने </W><W> कहा, </W><W> "यह </W><W> सोचना </W><W> भी </W><W> बेहद </W><W> डरावना </W><W> है </W><W> कि </W><W> आपका </W><W> घर </W><W> कभी </W><W> भी </W><W> आपके </W><W> ऊपर </W><W> गिर </W><W> सकता </W><W> है। </W><W> " </W></P><P><W> सुनामी </W><W> का </W><W> खतरा </W><W> नहीं </W></P><P><W> ताजा </W><W> झटके </W><W> के </W><W> बाद </W><TIME-ARG ID="22"><LINK EVENT_ARG="9" ID="38" TYPE_REL="EVENT_ARG"/><W> पिछले </W><W> साल </W><W> सितंबर </W></TIME-ARG><W> में </W><W> आए </W><NATURAL_EVENT ID="9" TYPE="EARTHQUAKE"><EVENT-COREF-LINK EVENT_ID="8" ID="40" TYPE_REL="EVENT_COREF"/><W> भूकंप </W></NATURAL_EVENT><W> में </W><AFTER_EFFECTS-ARG ID="23"><LINK EVENT_ARG="9" ID="39" TYPE_REL="EVENT_ARG"/><W> तबाह </W><W> हुई </W><W> इमारतों </W><W> से </W><W> धूल </W><W> के </W><W> गुब्बार </W><W> उठते </W><W> नजर </W><W> आए।  </W></AFTER_EFFECTS-ARG></P><P><W> भूकंप </W><W> आते </W><W> ही </W><W> प्रशासन </W><W> ने </W><W> मेक्सिको </W><W> सिटी </W><W> समेत </W><W> पांच </W><W> राज्यों </W><W> में </W><W> चेतावनी </W><W> देने </W><W> वाले </W><W> सिस्टम </W><W> सक्रिय </W><W> कर </W><W> दिए। </W><W>  लोगों </W><W> को </W><W> इमारतों </W><W> से </W><W> दूर </W><W> रहने </W><W> के </W><W> लिए </W><W> कहा </W><W> गया </W><W> है।  </W></P><P><W> पैसिफिक </W><W> सुनामी </W><W> वॉर्निंग </W><W> सेंटर </W><W> का </W><W> कहना </W><W> है </W><W> कि </W><W> सुनामी </W><W> आने </W><W> का </W><W> खतरा </W><W> नहीं </W><W> है।  </W></P><P><W> मेक्सिको </W><W> भूकंप </W><W> के </W><W> लिहाज </W><W> से </W><W> दुनिया </W><W> के </W><W> सबसे </W><W> अस्थिर </W><W> हिस्से </W><W> में </W><W> स्थित </W><W> है।  </W></P><P><W> यह </W><W> उत्तर </W><W> अमरीकी, </W><W> कोको </W><W> और </W><W> पैसिफिक </W><W> प्लेटों </W><W> पर </W><W> स्थित </W><W> है </W><W> जो </W><W> पृथ्वी </W><W> की </W><W> सबसे </W><W> बड़ी </W><W> टेक्टॉनिक </W><W> प्लेटें </W><W> हैं।  </W></P></DOCUMENT>