<?xml version="1.0" encoding="UTF-8"?>
<DOCUMENT><DESC/><TIME>1331</TIME><P><PLACE-ARG ID="0"><LINK EVENT_ARG="1" ID="3" TYPE_REL="EVENT_ARG"/><W> महाराष्ट्र </W></PLACE-ARG><W> में </W><W> पहली </W><W> बार </W><W> कैमरे </W><W> में </W><W> कैद </W><W> हुआ </W><NATURAL_EVENT ID="1" TYPE="TORNADO"><EVENT-COREF-LINK EVENT_ID="7" ID="11" TYPE_REL="EVENT_COREF"/><W> बवंडर, </W></NATURAL_EVENT><AFTER_EFFECTS-ARG ID="2"><LINK EVENT_ARG="1" ID="4" TYPE_REL="EVENT_ARG"/><W> मौसम </W><W> विभाग </W><W> ने </W><W> करवाई </W><W> जांच </W></AFTER_EFFECTS-ARG></P><P><PLACE-ARG ID="5"><LINK EVENT_ARG="7" ID="14" TYPE_REL="EVENT_ARG"/><W> पुणे. </W></PLACE-ARG><PLACE-ARG ID="6"><LINK EVENT_ARG="7" ID="15" TYPE_REL="EVENT_ARG"/><W> पुरंदर </W><W> तालुका </W><W> के </W><W> एक </W><W> गांव </W></PLACE-ARG><W> में </W><NATURAL_EVENT ID="7" TYPE="TORNADO"><W> बवंडर </W></NATURAL_EVENT><W> जैसी </W><W> घटना </W><W> कैमरे </W><W> में </W><W> कैद </W><W> हुई </W><W> है। </W><W> कुछ </W><W> दिन </W><W> पहले </W><W> हुई </W><NATURAL_EVENT ID="8" TYPE="TORNADO"><EVENT-COREF-LINK EVENT_ID="7" ID="12" TYPE_REL="EVENT_COREF"/><W> इस </W><W> घटना </W></NATURAL_EVENT><W> का </W><W> वीडियो </W><W> अब </W><W> सामने </W><W> आया </W><W> है। </W><W> यह </W><W> पहली </W><W> बार </W><W> है </W><W> कि </W><PLACE-ARG ID="10"><LINK EVENT_ARG="9" ID="16" TYPE_REL="EVENT_ARG"/><W> महाराष्ट्र </W></PLACE-ARG><W> में </W><W> आधिकारिक </W><W> तौर </W><W> पर </W><NATURAL_EVENT ID="9" TYPE="TORNADO"><EVENT-COREF-LINK EVENT_ID="7" ID="13" TYPE_REL="EVENT_COREF"/><W> बवंडर </W></NATURAL_EVENT><W> को </W><W> कैमरे </W><W> में </W><W> रिकॉर्ड </W><W> किया </W><W> गया </W><W> है।   </W></P><P><W>   </W></P><P><NATURAL_EVENT ID="17" TYPE="TORNADO"><EVENT-COREF-LINK EVENT_ID="7" ID="19" TYPE_REL="EVENT_COREF"/><W> इस </W><W> घटना </W></NATURAL_EVENT><W> की </W><W> हुई </W><AFTER_EFFECTS-ARG ID="21"><LINK EVENT_ARG="17" ID="22" TYPE_REL="EVENT_ARG"/><W> जांच </W></AFTER_EFFECTS-ARG></P><P><W> पुरंदर </W><W> एसडीएम </W><W> के </W><W> मुताबिक, </W><W> यह </W><NATURAL_EVENT ID="23" TYPE="TORNADO"><EVENT-COREF-LINK EVENT_ID="7" ID="26" TYPE_REL="EVENT_COREF"/><W> घटना </W></NATURAL_EVENT><PLACE-ARG ID="24"><LINK EVENT_ARG="23" ID="27" TYPE_REL="EVENT_ARG"/><W> पुरंदर </W><W> तालुका </W><W> में </W><W> नजरे </W><W> बांध </W><W> के </W><W> पास </W><W> रनमाला </W><W> गांव </W></PLACE-ARG><W> में </W><TIME-ARG ID="25"><LINK EVENT_ARG="23" ID="28" TYPE_REL="EVENT_ARG"/><W> शुक्रवार </W><W> की </W><W> शाम </W></TIME-ARG><W> हुई </W><W> है। </W></P><P><W> इस </W><NATURAL_EVENT ID="29" TYPE="TORNADO"><EVENT-COREF-LINK EVENT_ID="7" ID="32" TYPE_REL="EVENT_COREF"/><W> घटना </W></NATURAL_EVENT><W> के </W><W> बाद </W><TIME-ARG ID="30"><LINK EVENT_ARG="29" ID="33" TYPE_REL="EVENT_ARG"/><W> अगले </W><W> दिन </W></TIME-ARG><W> सिटिजन </W><W> साइंस </W><W> (सीसीएस) </W><W> की </W><AFTER_EFFECTS-ARG ID="31"><LINK EVENT_ARG="29" ID="34" TYPE_REL="EVENT_ARG"/><W> तीन </W><W> सदस्यीय </W><W> टीम </W><W> बवंडर </W><W> की </W><W> जांच </W><W> करने </W><W> के </W><W> लिए </W><W> गांव </W><W> में </W><W> पहुंचे। </W></AFTER_EFFECTS-ARG></P><P><W> टीम </W><W> ने </W><W> 10 </W><W> से </W><W> अधिक </W><W> प्रत्यक्षदर्शियों </W><W> और </W><W> कुछ </W><W> स्थानीय </W><W> लोगों </W><W> से </W><W> पूछताछ </W><W> की। </W><W> टीम </W><W> ने </W><W> लोगों </W><W> से </W><W> फोटो </W><W> और </W><W> वीडियो </W><W> भी </W><W> कलेक्ट </W><W> किया।  </W></P><P><W>   </W></P><P><W> 120 </W><W> सेकंड </W><W> तक </W><W> आया </W><NATURAL_EVENT ID="35" TYPE="TORNADO"><EVENT-COREF-LINK EVENT_ID="7" ID="55" TYPE_REL="EVENT_COREF"/><W> बवंडर </W></NATURAL_EVENT></P><P><W> टीम </W><W> ने </W><W> इसके </W><W> साथ </W><W> ही </W><NATURAL_EVENT ID="37" TYPE="TORNADO"><EVENT-COREF-LINK EVENT_ID="7" ID="54" TYPE_REL="EVENT_COREF"/><W> बवंडर </W></NATURAL_EVENT><W> की </W><AFTER_EFFECTS-ARG ID="36"><LINK EVENT_ARG="37" ID="56" TYPE_REL="EVENT_ARG"/><W> अवधि, </W><W> रास्ता </W><W> और </W><W> तीव्रता </W><W> के </W><W> संबंध </W><W> में </W><W> जानकारी </W><W> भी </W><W> जुटाई। </W></AFTER_EFFECTS-ARG></P><P><W> जांच </W><W> के </W><W> आधार </W><W> पर </W><W> टीम </W><W> ने </W><W> पाया </W><W> कि </W><NATURAL_EVENT ID="38" TYPE="TORNADO"><EVENT-COREF-LINK EVENT_ID="7" ID="53" TYPE_REL="EVENT_COREF"/><W> बवंडर </W></NATURAL_EVENT><W> का </W><W> समय </W><W> 90 </W><W> से </W><W> लेकर </W><W> 120 </W><W> सेकंड </W><W> तक </W><W> था </W><W> और </W><W> 800 </W><W> से </W><W> लेकर </W><W> 1000 </W><W> मीटर </W><W> तक </W><W> की </W><W> दूरी </W><W> तय </W><W> की।  </W></P><P><W>   </W></P><P><INTENSITY-ARG ID="40"><LINK EVENT_ARG="39" ID="57" TYPE_REL="EVENT_ARG"/><W> F5 </W></INTENSITY-ARG><W> थी </W><NATURAL_EVENT ID="39" TYPE="TORNADO"><EVENT-COREF-LINK EVENT_ID="7" ID="52" TYPE_REL="EVENT_COREF"/><W> बवंडर </W></NATURAL_EVENT><W> की </W><W> तीव्रता </W></P><P><W> पुणे </W><W> मौसम </W><W> विभाग </W><W> की </W><W> ओर </W><W> से </W><W> जारी </W><W> बयान </W><W> में </W><W> कहा </W><W> गया </W><NATURAL_EVENT ID="42" TYPE="TORNADO"><EVENT-COREF-LINK EVENT_ID="7" ID="51" TYPE_REL="EVENT_COREF"/><W> है,"बवंडर </W></NATURAL_EVENT><W> की </W><W> जांच </W><W> में </W><W> पाया </W><W> गया </W><W> कि </W><W> इसके </W><W> रास्ते </W><W> में </W><CASUALTIES-ARG ID="43"><LINK EVENT_ARG="42" ID="58" TYPE_REL="EVENT_ARG"/><W> जानवरों </W><W> के </W><W> रहने </W><W> वाले </W><W> जगह </W><W> की </W><W> टिन </W><W> की </W><W> छत, </W><W> मोटर </W><W> पम्प </W><W> उड़ </W><W> गए। </W></CASUALTIES-ARG><W> हालांकि, </W><W> किसी </W><W> प्रकार </W><W> की </W><W> जनहानि </W><W> की </W><W> सूचना </W><W> मौसम </W><W> विभाग </W><W> की </W><W> ओर </W><W> से </W><W> नहीं </W><W> दी </W><W> गई </W><W> है। </W></P><P><W> मौसम </W><W> विभाग </W><W> के </W><W> मुताबिक, </W><NATURAL_EVENT ID="44" TYPE="TORNADO"><EVENT-COREF-LINK EVENT_ID="7" ID="50" TYPE_REL="EVENT_COREF"/><W> बवंडर </W></NATURAL_EVENT><W> के </W><W> बाद </W><W> इलाके </W><W> में </W><AFTER_EFFECTS-ARG ID="45"><LINK EVENT_ARG="44" ID="59" TYPE_REL="EVENT_ARG"/><W> भारी </W><W> बारिश </W></AFTER_EFFECTS-ARG><W> भी </W><W> हुई। फ्यूजिटा </W><W> स्केल </W><W> पर </W><W> इस </W><NATURAL_EVENT ID="48" TYPE="TORNADO"><EVENT-COREF-LINK EVENT_ID="7" ID="49" TYPE_REL="EVENT_COREF"/><W> तूफान </W></NATURAL_EVENT><W> की </W><W> तीव्रता </W><INTENSITY-ARG ID="46"><LINK EVENT_ARG="48" ID="60" TYPE_REL="EVENT_ARG"/><W> F0 </W><W> से </W><W> F5 </W></INTENSITY-ARG><W> तक </W><W> मापी </W><W> गई। </W><W> है </W></P></DOCUMENT>