<?xml version="1.0" encoding="UTF-8"?>
<DOCUMENT><DESC/><TIME>9076</TIME><P><W> जेएनएन, </W><W> चंडीगढ़। </W><PLACE-ARG ID="1"><LINK EVENT_ARG="0" ID="6" TYPE_REL="EVENT_ARG"/><W> पंजाब </W></PLACE-ARG><W> में </W><W> मौसम </W><W> का </W><W> मिजाज </W><TIME-ARG ID="4"><LINK EVENT_ARG="0" ID="7" TYPE_REL="EVENT_ARG"/><W> मंगलवार </W></TIME-ARG><W> को </W><W> बदल </W><W> गया </W><W> अौर </W><W> इससे </W><W> कड़ाके </W><W> की </W><W> सर्दी </W><W> लौट </W><W> आई। </W><W> चंडीगढ़ </W><W> सहित </W><W> राज्‍य </W><W> के </W><W> विभिन्‍न </W><W> स्‍थानों </W><W> पर </W><W> सुबह </W><W> से </W><W> बारिश </W><W> और </W><W> बूंदाबांदी </W><W> हो </W><W> रही </W><W> है। </W><W> इसके </W><W> साथ </W><W> ही </W><NATURAL_EVENT ID="0" TYPE="COLD_WAVE"><W> बर्फीली </W><W> हवाएं </W></NATURAL_EVENT><W> चल </W><W> रही </W><W> है। </W><W> इससे </W><NATURAL_EVENT ID="2" TYPE="COLD_WAVE"><EVENT-COREF-LINK EVENT_ID="0" ID="10" TYPE_REL="EVENT_COREF"/><W> शीतलहर </W></NATURAL_EVENT><AFTER_EFFECTS-ARG ID="5"><LINK EVENT_ARG="2" ID="8" TYPE_REL="EVENT_ARG"/><W> लाेगों </W><W> को </W><W> ठिठुरा </W><W> रहा </W></AFTER_EFFECTS-ARG><W> है।  </W><REASON-ARG ID="3"><LINK EVENT_ARG="2" ID="9" TYPE_REL="EVENT_ARG"/><W> पश्चिमी </W><W> विक्षोभ </W><W> के </W><W> सक्रिय </W><W> होने </W><W> से </W></REASON-ARG><W> मौसम </W><W> में </W><W> यह </W><W> बदलाव </W><W> हुआ </W><W> है। </W><W> अभी </W><W> एक-दो </W><W> दिन </W><W> और </W><W> बारिश </W><W> व </W><W> बूंदाबांदी </W><W> की </W><W> संभावना </W><W> है। </W></P><P><W> मौसम </W><W> विभाग </W><W> का </W><W> कहना </W><W> है </W><W> कि </W><W> पश्चिमी </W><W> विक्षोभ </W><W> करीब </W><W> 40 </W><W> दिन </W><W> बाद </W><W> सक्रिय </W><W> हुआ </W><W> है </W><W> और </W><W> इसी </W><W> कारण </W><W> आज </W><W> बारिश </W><W> व </W><W> बूंदाबांदी </W><W> हुई </W><W> है। </W><W> पूर्वानुमान </W><W> है </W><W> कि </W><W> 24 </W><W> जनवरी </W><W> को </W><W> भी </W><W> पूरे </W><W> प्रदेश </W><W> में </W><W> बादल </W><W> छाए </W><W> रहेंगे </W><W> और </W><W> बारिश </W><W> हाे </W><W> सकती </W><W> है। </W><W> आज </W><W> और </W><W> कल </W><W> कई </W><W> जगह </W><W> बूंदाबांदी </W><W> तो </W><W> कई </W><W> जगह </W><W> तेज </W><W> बारिश </W><W> होने </W><W> की </W><W> संभावना </W><W> है। </W><W> कुछ </W><W> जगह </W><W> आंधी </W><W> चलने </W><W> की </W><W> भी </W><W> आशंका </W><W> है। </W></P><P><W> पटियाला </W><W> में </W><W> भी </W><W> मौसम </W><W> बदल </W><W> गया </W><W> आैर </W><W> बादल </W><W> छा </W><W> गया। </W></P><P><W> मंगलवार </W><W> को </W><W> सुबह </W><W> से </W><W> ही </W><W> पंजाब </W><W> के </W><W> अधिकतर </W><W> स्‍थानों </W><W> पर </W><W> सुबह </W><W> से </W><W> ही </W><W> बादल </W><W> छाए </W><W> थे। </W><W> इसके </W><W> बाद </W><W> कई </W><W> जगहों </W><W> पर </W><W> बारिश </W><W> व </W><W> बूंदाबांदी </W><W> शुरू </W><W> हाे </W><W> गई। </W><W> चंडीगढ़, </W><W> लुधियाना, </W><W> अमृतसर, </W><W> पठानकाेट </W><W> सहित </W><W> कई </W><W> स्‍थानाें </W><W> पर </W><W> ब‍ारिश </W><W> हुई। </W><W> खन्ना </W><W> में </W><W> भी </W><W> हल्की </W><W> बारिश </W><W> हुई। </W><W> अबोहर, </W><W> फतेहगढ़ </W><W> साहिब </W><W> व </W><W> मोगा </W><W> में </W><W> बूंदाबांदी </W><W> हुई। </W><W> बरनाला </W><W> में </W><W> तेज </W><W> बारिश </W><W> हुई </W><W> तो </W><W> पटियाला </W><W> में </W><W> हल्की </W><W> बूंदाबांदी </W><W> हुई। </W></P><P><W> वेस्टर्न </W><W> डिस्टर्बेंस </W><W> से </W><W> मौसम </W><W> में </W><W> बदलने </W><W> की </W><W> संभावना </W></P><P><W> चंडीगढ़ </W><W> के </W><W> मौसम </W><W> विभाग </W><W> के </W><W> अनुसार, </W><W> बारिश </W><W> की </W><W> वजह </W><W> से </W><W> तापमान </W><W> में </W><W> गिरावट </W><W> आएगी </W><W> और </W><W> पंजाब </W><W> के </W><W> कई </W><W> जिलों </W><W> में </W><W> कड़ाके </W><W> की </W><W> ठंड </W><W> पड़ेगी। </W><W> 25 </W><W> जनवरी </W><W> को </W><W> मौसम </W><W> सामान्य </W><W> हो </W><W> ने </W><W> का </W><W> अनुमान </W><W> है </W><W> और </W><W> इसके </W><W> बाद </W><W> सुबह </W><W> व </W><W> शाम </W><W> के </W><W> समय </W><W> कोहरा </W><W> छाने </W><W> की </W><W> संभावना </W><W> है। </W></P><P><W> यह </W><W> भी </W><W> पढ़ें: </W><W> पांचवीं </W><W> व </W><W> सातवीं </W><W> के </W><W> दो </W><W> छात्रों </W><W> ने </W><W> चार </W><W> वर्षीय </W><W> बच्ची </W><W> से </W><W> किया </W><W> दुष्कर्म </W></P><P><W> कृषि </W><W> विशेषज्ञों </W><W> ने </W><W> बारिश </W><W> के </W><W> पूर्वानुमान </W><W> को </W><W> देखते </W><W> हुए </W><W> किसानों </W><W> को </W><W> अलर्ट </W><W> कर </W><W> दिया </W><W> गया </W><W> है। </W><W> एसएमएस </W><W> व </W><W> वाट्सएप </W><W> ग्रुप </W><W> के </W><W> जरिए </W><W> विशेषज्ञों </W><W> की </W><W> ओर </W><W> से </W><W> किसानों </W><W> को </W><W> इस </W><W> सप्ताह </W><W> में </W><W> सिंचाई </W><W> न </W><W> करने </W><W> की </W><W> सलाह </W><W> दी </W><W> जा </W><W> रही </W><W> है। </W><W> कृषि </W><W> विशेषज्ञ </W><W> डॉ. </W><W> अमरीक </W><W> सिंह </W><W> के </W><W> अनुसार </W><W> यदि </W><W> बारिश </W><W> होती </W><W> है </W><W> तो </W><W> यह </W><W> गेहूं </W><W> के </W><W> लिए </W><W> अच्छी </W><W> साबित </W><W> होगी। </W></P><P><W> उनका </W><W> कहना </W><W> है </W><W> कि </W><W> बारिश </W><W> के </W><W> बाद </W><W> ठंड </W><W> बढऩे </W><W> से </W><W> गेहूं </W><W> के </W><W> पौधों </W><W> की </W><W> टिलरिंग </W><W> अधिक </W><W> होगी। </W><W> टिलरिंग </W><W> अधिक </W><W> होने </W><W> से </W><W> पौधे </W><W> में </W><W> दाने </W><W> ज्यादा </W><W> लगेंगे। </W><W> इससे </W><W> उपज </W><W> में </W><W> बढ़ोतरी </W><W> होगी। </W><W> उन्होंने </W><W> कहा </W><W> कि </W><W> पिछले </W><W> तीन </W><W> सप्ताह </W><W> से </W><W> तापमान </W><W> अधिक </W><W> चल </W><W> रहा </W><W> था। </W><W> इससे </W><W> गेहूं </W><W> की </W><W> फसल </W><W> पर </W><W> प्रभाव </W><W> पड़ </W><W> रहा </W><W> था। </W></P><P><W> यह </W><W> भी </W><W> पढ़ें: </W><W> पीजीआइ </W><W> में </W><W> नौकरी </W><W> की </W><W> तलाश </W><W> में </W><W> हों </W><W> तो </W><W> सावधान, </W><W> चल </W><W> रहा </W><W> है </W><W> ठगी </W><W> का </W><W> खेल </W></P><P><W> इससे </W><W> पहले </W><W> 12 </W><W> दिसंबर </W><W> को </W><W> पूरे </W><W> प्रदेश </W><W> बारिश </W><W> हुई </W><W> थी। </W><W> अकेले </W><W> लुधियाना </W><W> में </W><W> ही </W><W> एक </W><W> दिन </W><W> में </W><W> 24 </W><W> मिलीमीटर </W><W> बारिश </W><W> दर्ज </W><W> की </W><W> गई </W><W> थी। </W><W> जो </W><W> एक </W><W> रिकार्ड </W><W> था। </W><W> उसके </W><W> बाद </W><W> अब </W><W> बारिश </W><W> होने </W><W> की </W><W> संभावना </W><W> जताई </W><W> गई </W><W> है। </W></P></DOCUMENT>