<?xml version="1.0" encoding="UTF-8"?>
<DOCUMENT><DESC/><TIME>3481</TIME><P><W> संवाद </W><W> सहयोगी, </W><W> तलवाड़ा </W></P><P><W> गर्मी </W><W> के </W><W> चलते </W><W> जंगलों </W><W> में </W><W> आग </W><W> लगने </W><W> का </W><W> सिलसिला </W><W> बढ़ता </W><W> जा </W><W> रहा </W><W> हैं। </W><PLACE-ARG ID="0"><LINK EVENT_ARG="2" ID="26" TYPE_REL="EVENT_ARG"/><W> होशियारपुर </W><W> के </W><W> नीम </W><W> पहाड़ी </W><W> इलाकों </W><W> के </W><W> जंगलों </W></PLACE-ARG><W> में </W><TIME-ARG ID="1"><LINK EVENT_ARG="2" ID="27" TYPE_REL="EVENT_ARG"/><W> पिछले </W><W> 26 </W><W> दिनों </W></TIME-ARG><W> से </W><W> कही </W><W> न </W><W> कहीं </W><NATURAL_EVENT ID="2" TYPE="FOREST_FIRE"><W> आग </W><W> लग </W><W> रही </W></NATURAL_EVENT><W> है </W><W> और </W><W> फॉयर </W><W> ब्रिगेड </W><W> के </W><W> कर्मी </W><W> दिन-रात </W><W> आग </W><W> बुझाने </W><W> में </W><W> जुटे </W><W> हुए </W><W> हैं। </W><TIME-ARG ID="3"><LINK EVENT_ARG="5" ID="28" TYPE_REL="EVENT_ARG"/><W> 30 </W><W> अप्रैल </W></TIME-ARG><W> को </W><PLACE-ARG ID="4"><LINK EVENT_ARG="5" ID="29" TYPE_REL="EVENT_ARG"/><W> बडला </W></PLACE-ARG><W> में </W><NATURAL_EVENT ID="5" TYPE="FOREST_FIRE"><W> आग </W><W> लगी </W></NATURAL_EVENT><W> थी। </W><W> इसके </W><W> बाद </W><W> से </W><W> क्षेत्र </W><W> में </W><W> आग </W><W> लगने </W><W> की </W><W> घटनाओं </W><W> का </W><W> सिलसिला </W><W> मानो </W><W> थमने </W><W> का </W><W> नाम </W><W> ही </W><W> नहीं </W><W> ले </W><W> रहा </W><W> है। </W></P><P><W> डीएफओ </W><W> दसूहा </W><W> अटल </W><W> महाजन </W><W> ने </W><W> बताया </W><W> कि </W><W> अब </W><W> तक </W><W> लगभग </W><W> 35-40 </W><NATURAL_EVENT ID="6" TYPE="FOREST_FIRE"><W> आग </W><W> लगने </W><W> की </W><W> घटनाएं </W></NATURAL_EVENT><PLACE-ARG ID="7"><LINK EVENT_ARG="6" ID="30" TYPE_REL="EVENT_ARG"/><W> दसूहा </W><W> मंडल </W></PLACE-ARG><W> के </W><W> हो </W><W> चुकी </W><W> हैं। </W><W> इसके </W><W> अलावा </W><PLACE-ARG ID="8"><LINK EVENT_ARG="6" ID="31" TYPE_REL="EVENT_ARG"/><W> ढोलवाहा, </W><W> जनौड़ी, </W><W> कूकानेट, </W><W> डेहरिया </W><W> से </W><W> होते </W><W> हुए </W><W> बारीखंड, </W><W> बनबाड़िया </W><W> के </W><W> जंगलों </W></PLACE-ARG><W> में </W><W> तबाही </W><W> मचाते </W><W> हुए </W><NATURAL_EVENT ID="9" TYPE="FOREST_FIRE"><W> आग </W></NATURAL_EVENT><PLACE-ARG ID="10"><LINK EVENT_ARG="9" ID="32" TYPE_REL="EVENT_ARG"/><W> हिमाचल </W><W> के </W><W> जंगलों </W></PLACE-ARG><W> तक </W><W> पहुंच </W><W> गई </W><W> हैं। </W><NATURAL_EVENT ID="11" TYPE="FOREST_FIRE"><W> आग </W></NATURAL_EVENT><W> से </W><AFTER_EFFECTS-ARG ID="12"><LINK EVENT_ARG="11" ID="33" TYPE_REL="EVENT_ARG"/><W> करोड़ों </W><W> की </W><W> वन </W><W> संपदा </W><W> तबाह </W></AFTER_EFFECTS-ARG><W> और </W><CASUALTIES-ARG ID="13"><LINK EVENT_ARG="11" ID="34" TYPE_REL="EVENT_ARG"/><W> सैकड़ों </W><W> जंगली </W><W> जानवरों </W><W> की </W><W> मौत </W></CASUALTIES-ARG><W> हो </W><W> चुकी </W><W> है। </W></P><P><W> उल्लेखनीय </W><W> है </W><W> कि </W><W> कंडी </W><W> के </W><W> जंगलों </W><W> में </W><W> हर </W><W> साल </W><W> आग </W><W> लगने </W><W> की </W><W> घटना </W><W> होती </W><W> है। </W><W> यदि </W><W> स्थानीय </W><W> लोगों </W><W> का </W><W> इस </W><W> बारे </W><W> में </W><W> हर </W><W> वर्ष </W><W> पूरा </W><W> सहयोग </W><W> मिले, </W><W> तो </W><W> सरकारी </W><W> व </W><W> गैर </W><W> सरकारी </W><W> जंगलों </W><W> को </W><W> आग </W><W> लगने </W><W> की </W><W> घटनाओं </W><W> से </W><W> बचाया </W><W> जा </W><W> सकता </W><W> है। </W><W> वहीं, </W><W> जंगलों </W><W> को </W><W> हरा-भरा </W><W> करने </W><W> के </W><W> लिए </W><W> करोड़ों </W><W> रुपये </W><W> की </W><W> ग्रांट </W><W> विश्व </W><W> बैंक </W><W> की </W><W> ओर </W><W> से </W><W> इन </W><W> जंगलों </W><W> के </W><W> लिए </W><W> आती </W><W> है। </W><W> मगर, </W><W> वन </W><W> विभाग </W><W> के </W><W> पास </W><W> आग </W><W> बुझाने </W><W> के </W><W> आति </W><W> आधुनिक </W><W> साजो-सामान </W><W> न </W><W> होने </W><W> के </W><W> चलते </W><W> उन्हें </W><W> मजबूरी </W><W> वश </W><W> हाथ </W><W> पर </W><W> हाथ </W><W> धरे </W><W> बैठना </W><W> पड़ता </W><W> है। </W></P><P><PLACE-ARG ID="14"><LINK EVENT_ARG="16" ID="35" TYPE_REL="EVENT_ARG"/><W> ब्लॉक </W><W> के </W><W> आसपास </W><W> वरिगली </W><W> व </W><W> वनकरणपूर </W><W> के </W><W> जंगलों </W></PLACE-ARG><W> में </W><TIME-ARG ID="15"><LINK EVENT_ARG="16" ID="36" TYPE_REL="EVENT_ARG"/><W> पिछले </W><W> दो </W><W> दिन </W></TIME-ARG><W> से </W><NATURAL_EVENT ID="16" TYPE="FOREST_FIRE"><W> आग </W></NATURAL_EVENT><W> अपना </W><W> प्रचंड </W><W> रूप </W><W> धारण </W><W> कर </W><W> चुकी </W><W> है। </W><W> इस </W><W> आग </W><W> ने </W><AFTER_EFFECTS-ARG ID="17"><LINK EVENT_ARG="16" ID="37" TYPE_REL="EVENT_ARG"/><W> करोड़ों </W><W> की </W><W> संपत्ति </W><W> को </W><W> जलाकर </W><W> राख </W></AFTER_EFFECTS-ARG><W> कर </W><W> दिया </W><W> है। </W><PLACE-ARG ID="18"><LINK EVENT_ARG="16" ID="38" TYPE_REL="EVENT_ARG"/><W> गांव </W><W> वह </W><W> नंगल </W><W> के </W><W> चौधरी </W><W> मोहल्ले </W></PLACE-ARG><W> में </W><NATURAL_EVENT ID="19" TYPE="FOREST_FIRE"><W> जंगल </W><W> में </W><W> लगी </W><W> आग </W></NATURAL_EVENT><W> का </W><W> रुख </W><W> अब </W><W> घरों </W><W> की </W><W> तरफ </W><W> होने </W><W> लगा </W><W> है। </W><W> जिससे </W><W> मोहल्ले </W><W> के </W><W> लोगों </W><W> में </W><W> डर </W><W> का </W><W> माहौल </W><W> बना </W><W> हुआ </W><W> है। </W><W> इस </W><W> बारे </W><W> में </W><W> मोहल्ले </W><W> के </W><W> गौरव </W><W> मेहता, </W><W> ऋषि </W><W> मेहता, </W><W> राकेश </W><W> कुमार, </W><W> सजीव </W><W> कुमार </W><W> व </W><W> दिनेश </W><W> ने </W><W> बताया </W><W> कि </W><W> पिछली </W><W> रात </W><W> आग </W><W> रिहायशी </W><W> इलाकों </W><W> की </W><W> तरह </W><W> बढ़ </W><W> रही </W><W> थी। </W><W> इस </W><W> दौरान </W><W> फायर </W><W> ब्रिगेड </W><W> को </W><W> बुलाया </W><W> गया। </W><W> मगर, </W><W> आग </W><W> ऊपर </W><W> जंगल </W><W> में </W><W> होने </W><W> के </W><W> कारण </W><W> उस </W><W> तक </W><W> पहुंच </W><W> नहीं </W><W> पाए </W><W> और </W><W> जिस </W><W> कारण </W><W> आग </W><W> अभी </W><W> तक </W><W> बुझी </W><W> नहीं </W><W> है। </W><W> उन्होंने </W><W> बताया </W><W> कि </W><W> इस </W><NATURAL_EVENT ID="21" TYPE="FOREST_FIRE"><W> आग </W></NATURAL_EVENT><W> से </W><W> न </W><W> जाने </W><W> कितनी </W><AFTER_EFFECTS-ARG ID="20"><LINK EVENT_ARG="21" ID="39" TYPE_REL="EVENT_ARG"/><W> वन्य </W><W> संपत्ति </W><W> को </W><W> भारी </W><W> नुकसान </W><W> पहुंचा </W></AFTER_EFFECTS-ARG><W> है </W><W> और </W><W> साथ </W><W> ही </W><NATURAL_EVENT ID="23" TYPE="FOREST_FIRE"><W> आग </W><W> की </W><W> तपिश </W></NATURAL_EVENT><W> से </W><CASUALTIES-ARG ID="22"><LINK EVENT_ARG="23" ID="40" TYPE_REL="EVENT_ARG"/><W> जंगली </W><W> जानवर </W><W> भी </W><W> मर </W><W> रहे </W><W> हैं। </W></CASUALTIES-ARG><W> उनका </W><W> कहना </W><W> है </W><W> कि </W><W> जंगल </W><W> में </W><W> लगी </W><W> आग </W><W> के </W><W> कारण </W><W> खासकर </W><W> बंदरों </W><W> ने </W><W> रिहायशी </W><W> इलाकों </W><W> की </W><W> ओर </W><W> रुख </W><W> किया </W><W> है। </W><W> जिससे </W><W> लोगों </W><W> की </W><W> परेशानी </W><W> और </W><W> भी </W><W> ज्यादा </W><W> बढ़ </W><W> रही </W><W> है। </W></P><P><W> गांव </W><W> के </W><W> युवाओं </W><W> द्वारा </W><W> थोड़ा-बहुत </W><W> आग </W><W> को </W><W> बुझाने </W><W> की </W><W> कोशिश </W><W> की </W><W> गई, </W><W> परंतु </W><W> पूरी </W><W> तरह </W><W> आग </W><W> न </W><W> बुझने </W><W> के </W><W> कारण </W><W> यह </W><W> रात </W><W> को </W><W> प्रचंड </W><W> रूप </W><W> धारण </W><W> कर </W><W> लेती </W><W> है। </W></P><P><W> इस </W><W> दौरान </W><PLACE-ARG ID="24"><LINK EVENT_ARG="25" ID="41" TYPE_REL="EVENT_ARG"/><W> वनकरणपुर </W><W> क्षेत्र </W></PLACE-ARG><W> में </W><NATURAL_EVENT ID="25" TYPE="FOREST_FIRE"><EVENT-COREF-LINK EVENT_ID="16" ID="42" TYPE_REL="EVENT_COREF"/><W> जंगल </W><W> में </W><W> लगी </W><W> आग </W></NATURAL_EVENT><W> का </W><W> विकराल </W><W> रूप </W><W> भांप </W><W> कर </W><W> डीएफओ </W><W> दसूहा </W><W> अटल </W><W> महाजन </W><W> ने </W><W> एसडीएम </W><W> मुकेरियां </W><W> हरचरण </W><W> सिह </W><W> को </W><W> समय </W><W> रहते </W><W> अवगत </W><W> करवा </W><W> दिया </W><W> है। </W><W> एसडीएम </W><W> मुकेरियां </W><W> हरचरण </W><W> सिह </W><W> ने </W><W> इसके </W><W> मद्देनजर </W><W> पहले </W><W> से </W><W> लगी </W><W> दो </W><W> बीबीएमबी </W><W> दमकल </W><W> विभाग </W><W> के </W><W> वाहन </W><W> व </W><W> एक </W><W> वन </W><W> दमकल </W><W> विभाग </W><W> की </W><W> गाड़ी </W><W> को </W><W> आग </W><W> बुझाने </W><W> सहित </W><W> होशियारपुर </W><W> दमकल </W><W> विभाग </W><W> की </W><W> एक </W><W> गाड़ी </W><W> को </W><W> भी </W><W> यहां </W><W> बुलाया </W><W> है, </W><W> ताकि </W><W> इनकी </W><W> सहायता </W><W> से </W><W> आग </W><W> पर </W><W> काबू </W><W> पाया </W><W> जा </W><W> सके। </W></P></DOCUMENT>