<?xml version="1.0" encoding="UTF-8"?>
<DOCUMENT><DESC/><TIME>1199</TIME><P><PLACE-ARG ID="0"><LINK EVENT_ARG="5" ID="22" TYPE_REL="EVENT_ARG"/><W> रुकमणी </W><W> पावर </W><W> प्लांट </W></PLACE-ARG><W> में </W><MAN_MADE_EVENT ID="5" TYPE="INDUSTRIAL_ACCIDENT"><W> धमाका, </W></MAN_MADE_EVENT><CASUALTIES-ARG ID="9"><LINK EVENT_ARG="5" ID="23" TYPE_REL="EVENT_ARG"/><W> 7 </W><W> मजदूर </W><W> झुलसे, </W></CASUALTIES-ARG><AFTER_EFFECTS-ARG ID="13"><LINK EVENT_ARG="5" ID="24" TYPE_REL="EVENT_ARG"/><W> तीन </W><W> मेकाहारा </W><W> रैफर। </W></AFTER_EFFECTS-ARG></P><P><PLACE-ARG ID="1"><LINK EVENT_ARG="6" ID="25" TYPE_REL="EVENT_ARG"/><W> रायगढ़। </W></PLACE-ARG><PLACE-ARG ID="2"><LINK EVENT_ARG="6" ID="26" TYPE_REL="EVENT_ARG"/><W> खरसिया </W><W> के </W><W> रुकमणी </W><W> पावर </W><W> प्लांट </W><W> के </W><W> फर्नेस </W></PLACE-ARG><W> में </W><MAN_MADE_EVENT ID="6" TYPE="INDUSTRIAL_ACCIDENT"><EVENT-COREF-LINK EVENT_ID="5" ID="19" TYPE_REL="EVENT_COREF"/><W> ब्लास्ट </W></MAN_MADE_EVENT><W> होने </W><W> से </W><CASUALTIES-ARG ID="10"><LINK EVENT_ARG="6" ID="27" TYPE_REL="EVENT_ARG"/><W> प्लांट </W><W> के </W><W> अंदर </W><W> काम </W><W> कर </W><W> रहे </W><W> 7 </W><W> मजदूर </W><W> झुलस </W><W> गए, </W><W> जिसमें </W><W> तीन </W><W> मजदूरों </W><W> की </W><W> हालत </W><W> गंभीर </W></CASUALTIES-ARG><W> है, </W><W> जिन्हें </W><AFTER_EFFECTS-ARG ID="14"><LINK EVENT_ARG="6" ID="28" TYPE_REL="EVENT_ARG"/><W> बेहतर </W><W> इलाज </W><W> के </W><W> लिए </W><W> रायगढ़ </W><W> रैफर </W><W> किया </W><W> गया </W><W> है। </W></AFTER_EFFECTS-ARG><PLACE-ARG ID="3"><LINK EVENT_ARG="6" ID="29" TYPE_REL="EVENT_ARG"/><W> रुक्मणी </W><W> पावर </W><W> प्लांट </W><W> खरसिया </W><W> के </W><W> ग्राम </W><W> रानीसागर </W></PLACE-ARG><W> में </W><W> स्थित </W><W> है। </W></P><P><W> प्राप्त </W><W> जानकारी </W><W> के </W><W> अनुसार </W><PLACE-ARG ID="4"><LINK EVENT_ARG="7" ID="30" TYPE_REL="EVENT_ARG"/><W> खरसिया </W><W> के </W><W> ग्राम </W><W> रानी </W><W> सागर </W><W> में </W><W> स्थित </W><W> रुकमणी </W><W> स्टील </W><W> प्लांट </W></PLACE-ARG><W> में </W><TIME-ARG ID="11"><LINK EVENT_ARG="7" ID="31" TYPE_REL="EVENT_ARG"/><W> शुक्रवार </W><W> शाम </W><W> शाम </W><W> 7 </W><W> बजे </W><W> के </W><W> आसपास </W></TIME-ARG><PLACE-ARG ID="12"><LINK EVENT_ARG="7" ID="32" TYPE_REL="EVENT_ARG"/><W> फर्नेस </W></PLACE-ARG><W> में </W><W> अचानक </W><MAN_MADE_EVENT ID="7" TYPE="INDUSTRIAL_ACCIDENT"><EVENT-COREF-LINK EVENT_ID="6" ID="20" TYPE_REL="EVENT_COREF"/><W> ब्लास्ट </W></MAN_MADE_EVENT><W> हो </W><W> गया। </W><W> इस </W><MAN_MADE_EVENT ID="8" TYPE="INDUSTRIAL_ACCIDENT"><EVENT-COREF-LINK EVENT_ID="7" ID="21" TYPE_REL="EVENT_COREF"/><W> घटना </W></MAN_MADE_EVENT><W> के </W><W> बाद </W><AFTER_EFFECTS-ARG ID="15"><LINK EVENT_ARG="8" ID="33" TYPE_REL="EVENT_ARG"/><W> अफरातफरी </W><W> का </W><W> माहौल </W><W> बन </W><W> गया। </W></AFTER_EFFECTS-ARG><AFTER_EFFECTS-ARG ID="16"><LINK EVENT_ARG="8" ID="34" TYPE_REL="EVENT_ARG"/><W> काम </W><W> कर </W><W> रहे </W><W> मजदूर </W><W> आग </W><W> की </W><W> चपेट </W><W> में </W><W> आकर </W><W> बुरी </W><W> तरह </W><W> से </W><W> झुलस </W><W> गए। </W><W> वही </W><W> दो </W><W> मजदूरों </W><W> ने </W><W> अपनी </W><W> जान </W><W> बचाने </W><W> के </W><W> लिए </W><W> छलांग </W><W> लगा </W><W> दी, </W><W> जिससे </W><W> उनके </W><W> पैर </W><W> व </W><W> अन्य </W><W> स्थान </W><W> में </W><W> गंभीर </W><W> चोट </W><W> आई </W><W> है। </W></AFTER_EFFECTS-ARG></P><P><AFTER_EFFECTS-ARG ID="17"><LINK EVENT_ARG="8" ID="35" TYPE_REL="EVENT_ARG"/><W> घायल </W><W> मजदूरों </W><W> को </W><W> सिविल </W><W> अस्पताल </W><W> खरसिया </W><W> उपचार </W><W> के </W><W> लिए </W><W> लाया </W><W> गया </W><W> था, </W><W> जिसमें </W><W> 3 </W><W> मजदूर </W><W> की </W><W> हालत </W><W> चिंताजनक </W><W> बनी </W><W> हुई </W><W> थी। </W><W> जिन्हें </W><W> उपचार </W><W> के </W><W> लिए </W><W> रायगढ़ </W><W> मेडिकल </W><W> कॉलेज </W><W> अस्पताल </W><W> रैफर </W><W> किया </W><W> गया </W><W> है। </W></AFTER_EFFECTS-ARG><W> रुकमणी </W><W> पावर </W><W> प्लांट </W><W> पूर्व </W><W> मंत्री </W><W> अमर </W><W> अग्रवाल </W><W> के </W><W> छोटे </W><W> भाई </W><W> बजरंग </W><W> अग्रवाल </W><W> खरसिया </W><W> का </W><W> है। </W></P><P><W> घायल </W><W> मजदूरों </W><W> के </W><W> नाम </W></P><P><AFTER_EFFECTS-ARG ID="18"><LINK EVENT_ARG="8" ID="36" TYPE_REL="EVENT_ARG"/><W> मेष </W><W> सिंह </W><W> पिता </W><W> जादो </W><W> सिंह </W><W> रानीसागर </W><W> उम्र </W><W> 30 </W><W> वर्ष, </W><W> मोहनलाल </W><W> पिता </W><W> चूड़ामणि </W><W> 27 </W><W> वर्ष, </W><W> आनंद </W><W> कुमार </W><W> सिदार </W><W> पिता </W><W> प्रेमचंद </W><W> ओमप्रकाश </W><W> को </W><W> इलाज </W><W> के </W><W> लिए </W><W> रायगढ़ </W><W> रिफर </W><W> किया </W><W> गया </W><W> है। </W></AFTER_EFFECTS-ARG></P></DOCUMENT>