<?xml version="1.0" encoding="UTF-8"?>
<DOCUMENT><DESC/><TIME>1892</TIME><P><W> जिले </W><W> में </W><W> सोमवार </W><W> रात </W><W> अचानक </W><W> मौसम </W><W> का </W><W> मिजाज </W><W> बदल </W><W> गया। </W><W> शाम </W><W> को </W><W> बादलों </W><W> की </W><W> आवाजाही </W><W> शुरू </W><W> हो </W><W> गई। </W></P><P><W> जिले </W><W> में </W><W> सोमवार </W><W> रात </W><W> अचानक </W><W> मौसम </W><W> का </W><W> मिजाज </W><W> बदल </W><W> गया। </W><W> शाम </W><W> को </W><W> बादलों </W><W> की </W><W> आवाजाही </W><W> शुरू </W><W> हो </W><W> गई। </W><W> रात </W><W> आठ </W><W> बजे </W><W> बाद </W><W> मेघ </W><W> गर्जना </W><W> के </W><W> साथ </W><W> आकाशीय </W><W> बिजलियां </W><W> चमकी। </W><W> इस </W><W> दौरान </W><W> कहीं </W><W> हल्की </W><W> तो </W><W> कहीं </W><W> मध्यम </W><W> बारिश </W><W> हुई। </W><W> मौसम </W><W> बदलने </W><W> से </W><W> एकबारगी </W><W> सर्दी </W><W> का </W><W> असर </W><W> बढ़ </W><W> गया। </W><W> जिला </W><W> मुख्यालय </W><W> पर </W><W> रात </W><W> करीब </W><W> साढ़े </W><W> नौ </W><W> बजे </W><W> हल्की </W><W> बूंदाबांदी </W><W> हुई। </W><W> सरदारशहर </W><W> क्षेत्र </W><W> में </W><W> दिनभर </W><W> की </W><W> धूप </W><W> के </W><W> बाद </W><W> शाम </W><W> को </W><W> बादलों </W><W> की </W><W> आवाजाही </W><W> के </W><W> बाद </W><W> बिजली </W><W> कड़की। </W><PLACE-ARG ID="2"><LINK EVENT_ARG="3" ID="16" TYPE_REL="EVENT_ARG"/><W> तहसील </W><W> के </W><W> गांव </W><W> बंधनाऊ, </W><W> भादासर, </W><W> आसासर, </W><W> राणासर, </W><W> भोजूसर </W><W> उपाधियान, </W><W> राजासर </W><W> बीकान </W><W> व </W><W> बैजासर </W></PLACE-ARG><W> में </W><W> रात </W><W> करीब </W><TIME-ARG ID="4"><LINK EVENT_ARG="3" ID="17" TYPE_REL="EVENT_ARG"/><W> साढ़े </W><W> आठ </W><W> बजे </W></TIME-ARG><W> तेज </W><W> हवाओं </W><W> के </W><W> साथ </W><W> बारिश </W><W> हुई। </W><W> इस </W><W> बीच </W><W> करीब </W><W> २० </W><W> मिनट </W><W> तक </W><W> बेर </W><W> के </W><W> आकार </W><W> के </W><NATURAL_EVENT ID="3" TYPE="HAIL_STORMS"><W> ओले </W><W> गिरे।  </W></NATURAL_EVENT><W> किसानों </W><W> के </W><W> मुताबिक </W><W> इस </W><W> समय </W><NATURAL_EVENT ID="5" TYPE="HAIL_STORMS"><W> ओले </W><W> गिरने </W></NATURAL_EVENT><W> से </W><W> खेतों </W><W> में </W><AFTER_EFFECTS-ARG ID="6"><LINK EVENT_ARG="5" ID="18" TYPE_REL="EVENT_ARG"/><W> खड़ी </W><W> रबी </W><W> फसलों </W><W> को </W><W> नुकसान </W></AFTER_EFFECTS-ARG><W> हो </W><W> गया </W><W> है। </W><W> सरदारशहर </W><W> कस्बे </W><W> में </W><W> रात </W><W> करीब </W><W> साढ़े </W><W> आठ </W><W> बजे </W><W> हल्की </W><W> बूंदाबांदी </W><W> हुई। </W><W> इस </W><W> दौरान </W><W> बिजली </W><W> गुल </W><W> हो </W><W> गई। </W><PLACE-ARG ID="7"><LINK EVENT_ARG="9" ID="19" TYPE_REL="EVENT_ARG"/><W> सादुलपुर </W></PLACE-ARG><W> में </W><W> रात </W><TIME-ARG ID="8"><LINK EVENT_ARG="9" ID="20" TYPE_REL="EVENT_ARG"/><W> १० </W><W> बजे </W></TIME-ARG><W> तेज </W><W> हवाओं </W><W> और </W><W> बूंदाबांदी </W><W> के </W><W> साथ </W><NATURAL_EVENT ID="9" TYPE="HAIL_STORMS"><W> चने </W><W> के </W><W> आकार </W><W> के </W><W> ओले </W><W> गिरे। </W></NATURAL_EVENT><W> रतनगढ़ </W><W> व </W><W> तारानगर </W><W> में </W><W> हल्की </W><W> बूंदाबांदी </W><W> हुई। </W><W> बीदासर </W><W> में </W><W> शाम </W><W> को </W><W> मेघ </W><W> गर्जना </W><W> के </W><W> साथ </W><W> बिजली </W><W> चमकी </W><W> और </W><W> हल्की </W><W> बूंदाबांदी </W><W> हुई। </W><W> इससे </W><W> पहले </W><W> जिले </W><W> के </W><W> अधिकांश </W><W> क्षेत्रों </W><W> में </W><W> दोपहर </W><W> तक </W><W> खिली </W><W> धूप </W><W> ने </W><W> सर्दी </W><W> से </W><W> राहत </W><W> दी। </W><W> ैसम </W><W> विभाग </W><W> ने </W><W> सोमवार </W><W> को </W><W> अधिकतम </W><W> तापमान </W><W> २७.८ </W><W> डिग्री </W><W> सेल्सियस </W><W> व </W><W> न्यूनतम </W><W> १०.३ </W><W> डिग्री </W><W> दर्ज </W><W> किया।ओले </W><W> ने </W><W> तोड़ </W><W> दी </W><W> किसानों </W><W> की </W><PLACE-ARG ID="12"><LINK EVENT_ARG="10" ID="21" TYPE_REL="EVENT_ARG"/><W> कमरसरदारशहर. </W><W> तहसील </W><W> के </W><W> गांवों </W></PLACE-ARG><W> में </W><W> बारिश </W><W> के </W><W> साथ </W><NATURAL_EVENT ID="10" TYPE="HAIL_STORMS"><W> गिरे </W><W> ओलों </W></NATURAL_EVENT><W> से </W><AFTER_EFFECTS-ARG ID="11"><LINK EVENT_ARG="10" ID="22" TYPE_REL="EVENT_ARG"/><W> फसलों </W><W> को </W><W> नुकसान </W></AFTER_EFFECTS-ARG><W> हो </W><W> गया। </W><PLACE-ARG ID="13"><LINK EVENT_ARG="14" ID="23" TYPE_REL="EVENT_ARG"/><W> भोजूसर </W><W> उपाधियान </W><W> गांव </W></PLACE-ARG><W> में </W><W> तेज </W><W> रफ्तार </W><W> से </W><NATURAL_EVENT ID="14" TYPE="HAIL_STORMS"><W> गिरे </W><W> ओलों </W></NATURAL_EVENT><W> से </W><AFTER_EFFECTS-ARG ID="15"><LINK EVENT_ARG="14" ID="24" TYPE_REL="EVENT_ARG"/><W> एक </W><W> घर </W><W> में </W><W> कच्चा </W><W> छप्पर </W><W> टूटकर </W><W> गिर </W><W> गया। </W></AFTER_EFFECTS-ARG><W> कृषि </W><W> विभाग </W><W> के </W><W> अधिकारियों </W><W> का </W><W> मानना </W><W> है </W><W> कि </W><W> ओलों </W><W> से </W><W> फसल </W><W> को </W><W> नुकसान </W><W> हो </W><W> सकता </W><W> है। </W><W> बाकी </W><W> इस </W><W> समय </W><W> बारिश </W><W> फसलों </W><W> के </W><W> लिए </W><W> फायदेमंद </W><W> है। </W><W> इससे </W><W> कारण </W><W> फिर </W><W> से </W><W> सर्दी </W><W> का </W><W> असर </W><W> तेज </W><W> हो </W><W> गया। </W></P></DOCUMENT>