<?xml version="1.0" encoding="UTF-8"?>
<DOCUMENT><DESC/><TIME>438</TIME><P><PLACE-ARG ID="0"><LINK EVENT_ARG="5" ID="28" TYPE_REL="EVENT_ARG"/><W> उरला </W><W> औद्योगिक </W><W> क्षेत्र </W></PLACE-ARG><W> में </W><MAN_MADE_EVENT ID="5" TYPE="INDUSTRIAL_ACCIDENT"><W> हादसा, </W></MAN_MADE_EVENT><CASUALTIES-ARG ID="11"><LINK EVENT_ARG="5" ID="29" TYPE_REL="EVENT_ARG"/><W> क्रेन </W><W> की </W><W> चपेट </W><W> में </W><W> आए </W><W> मजदूर </W><W> की </W><W> मौत। </W></CASUALTIES-ARG></P><P><PLACE-ARG ID="1"><LINK EVENT_ARG="6" ID="30" TYPE_REL="EVENT_ARG"/><W> रायपुर। </W></PLACE-ARG><PLACE-ARG ID="2"><LINK EVENT_ARG="6" ID="31" TYPE_REL="EVENT_ARG"/><W> राजधानी </W><W> रायपुर </W><W> के </W><W> उरला </W><W> औद्योगिक </W><W> क्षेत्र </W></PLACE-ARG><W> में </W><W> एक </W><MAN_MADE_EVENT ID="6" TYPE="INDUSTRIAL_ACCIDENT"><EVENT-COREF-LINK EVENT_ID="5" ID="27" TYPE_REL="EVENT_COREF"/><W> हादसे </W></MAN_MADE_EVENT><W> में </W><CASUALTIES-ARG ID="12"><LINK EVENT_ARG="6" ID="32" TYPE_REL="EVENT_ARG"/><W> एक </W><W> मजदूर </W><W> की </W><W> मौत </W></CASUALTIES-ARG><W> हो </W><W> गई। </W><W> बताया </W><W> जा </W><W> रहा </W><W> है </W><W> कि </W><W> एक </W><W> इस्पात </W><W> उद्योग </W><W> में </W><W> रात </W><W> की </W><W> ड्यूटी </W><W> के </W><W> दौरान </W><PARTICIPANT-ARG ID="16"><LINK EVENT_ARG="7" ID="33" TYPE_REL="EVENT_ARG"/><W> मजदूर </W></PARTICIPANT-ARG><MAN_MADE_EVENT ID="7" TYPE="INDUSTRIAL_ACCIDENT"><EVENT-COREF-LINK EVENT_ID="6" ID="26" TYPE_REL="EVENT_COREF"/><W> क्रेन </W><W> की </W><W> चपेट </W></MAN_MADE_EVENT><W> में </W><W> आ </W><W> गया। </W><AFTER_EFFECTS-ARG ID="18"><LINK EVENT_ARG="7" ID="34" TYPE_REL="EVENT_ARG"/><W> गंभीर </W><W> हालत </W><W> में </W><W> उसे </W><W> अस्पताल </W><W> ले </W><W> जाया </W><W> गया, </W><W> जहां </W><W> डॉक्टरों </W><W> ने </W><W> उसे </W><W> मृत </W><W> घोषित </W><W> कर </W><W> दिया। </W></AFTER_EFFECTS-ARG></P><P><PLACE-ARG ID="3"><LINK EVENT_ARG="14" ID="35" TYPE_REL="EVENT_ARG"/><W> उरला </W><W> थाने </W></PLACE-ARG><W> से </W><W> मिली </W><W> जानकारी </W><W> के </W><W> मुताबिक </W><TIME-ARG ID="13"><LINK EVENT_ARG="14" ID="36" TYPE_REL="EVENT_ARG"/><W> मंगलवार </W><W> और </W><W> बुधवार </W><W> की </W><W> दरमयानी </W><W> रात </W><W> करीब </W><W> 3 </W><W> बजे </W></TIME-ARG><PLACE-ARG ID="4"><LINK EVENT_ARG="14" ID="37" TYPE_REL="EVENT_ARG"/><W> बजरंग </W><W> पावर </W><W> एंड </W><W> इस्पात </W><W> कंपनी </W></PLACE-ARG><W> में </W><W> यह </W><MAN_MADE_EVENT ID="14" TYPE="INDUSTRIAL_ACCIDENT"><EVENT-COREF-LINK EVENT_ID="7" ID="25" TYPE_REL="EVENT_COREF"/><W> हादसा </W></MAN_MADE_EVENT><W> हुआ। </W><W> यहां </W><W> एक </W><MAN_MADE_EVENT ID="10" TYPE="INDUSTRIAL_ACCIDENT"><EVENT-COREF-LINK EVENT_ID="14" ID="24" TYPE_REL="EVENT_COREF"/><W> मजदूर </W><W> के </W><W> ऊपर </W><W> छोटा </W><W> क्रेन </W><W> चढ़ </W><W> जाने </W></MAN_MADE_EVENT><W> के </W><W> कारण </W><PARTICIPANT-ARG ID="15"><LINK EVENT_ARG="10" ID="39" TYPE_REL="EVENT_ARG"/><W> मजदूर </W></PARTICIPANT-ARG><AFTER_EFFECTS-ARG ID="20"><LINK EVENT_ARG="10" ID="38" TYPE_REL="EVENT_ARG"/><W> गंभीर </W><W> रूप </W><W> से </W><W> घायल </W><W> हुआ। </W><W> जिसे </W><W> इलाज </W><W> के </W><W> लिए </W><W> मेडिकल </W><W> कॉलेज </W><W> अस्पताल </W><W> लाया </W><W> गया। </W></AFTER_EFFECTS-ARG></P><P><AFTER_EFFECTS-ARG ID="21"><LINK EVENT_ARG="10" ID="40" TYPE_REL="EVENT_ARG"/><W> यहां </W><W> डाक्टरों </W><W> ने </W><W> मजदूर </W><W> को </W><W> मृत </W><W> घोषित </W><W> कर </W><W> दिया। </W></AFTER_EFFECTS-ARG><W> मृतक </W><W> का </W><W> नाम </W><W> रामपुकार </W><W> साह </W><W> (50 </W><W> वर्ष) </W><W> बताया </W><W> गया </W><W> है </W><W> जो </W><W> मूल </W><W> रूप </W><W> से </W><W> बिहार </W><W> के </W><W> बेगुसराय </W><W> जिले </W><W> के </W><W> बलिया </W><W> थाने </W><W> के </W><W> बाक </W><W> गांव </W><W> का </W><W> रहने </W><W> वाला </W><W> था </W><W> और </W><W> यहां </W><W> सरोरा </W><W> में </W><W> रहकर </W><W> मजदूरी </W><W> का </W><W> काम </W><W> कर </W><W> रहा </W><W> था। </W><W> यह </W><MAN_MADE_EVENT ID="8" TYPE="INDUSTRIAL_ACCIDENT"><EVENT-COREF-LINK EVENT_ID="10" ID="23" TYPE_REL="EVENT_COREF"/><W> घटन </W></MAN_MADE_EVENT><W> तब </W><W> हुई </W><W> जब </W><W> मजदूर </W><W> अपना </W><W> काम </W><W> करके </W><W> आराम </W><W> करने </W><W> के </W><W> लिए </W><W> लेटा </W><W> था। </W><W> तभी </W><REASON-ARG ID="17"><LINK EVENT_ARG="9" ID="41" TYPE_REL="EVENT_ARG"/><W> क्रेन </W><W> ऑपरेटर </W><W> की </W><W> लापरवाही </W><W> से </W></REASON-ARG><MAN_MADE_EVENT ID="9" TYPE="INDUSTRIAL_ACCIDENT"><EVENT-COREF-LINK EVENT_ID="8" ID="22" TYPE_REL="EVENT_COREF"/><W> क्रेन </W><W> मजदूर </W><W> के </W><W> ऊपर </W><W> जा </W><W> चढ़ा। </W></MAN_MADE_EVENT></P></DOCUMENT>