<?xml version="1.0" encoding="UTF-8"?>
<DOCUMENT><DESC/><TIME>1879</TIME><P><PLACE-ARG ID="0"><LINK EVENT_ARG="5" ID="26" TYPE_REL="EVENT_ARG"/><W> रायपुर </W><W> के </W><W> कपड़ा </W><W> मार्केट </W></PLACE-ARG><W> में </W><INTENSITY-ARG ID="13"><LINK EVENT_ARG="5" ID="27" TYPE_REL="EVENT_ARG"/><W> भीषण </W></INTENSITY-ARG><MAN_MADE_EVENT ID="5" TYPE="FIRE"><W> आग, </W></MAN_MADE_EVENT><AFTER_EFFECTS-ARG ID="16"><LINK EVENT_ARG="5" ID="28" TYPE_REL="EVENT_ARG"/><W> लाखों </W><W> का </W><W> नुकसान </W></AFTER_EFFECTS-ARG><W> । </W></P><P><PLACE-ARG ID="1"><LINK EVENT_ARG="6" ID="29" TYPE_REL="EVENT_ARG"/><W> रायपुर। </W></PLACE-ARG><PLACE-ARG ID="2"><LINK EVENT_ARG="6" ID="30" TYPE_REL="EVENT_ARG"/><W> छत्तीसगढ़ </W><W> के </W><W> सबसे </W><W> बड़े </W><W> कपड़ा </W><W> मार्केट </W><W> पंडरी </W><W> स्थित </W><W> कपड़े </W><W> के </W><W> एक </W><W> शो-रूम </W></PLACE-ARG><W> में </W><TIME-ARG ID="11"><LINK EVENT_ARG="6" ID="31" TYPE_REL="EVENT_ARG"/><W> शनिवार </W><W> सुबह </W></TIME-ARG><INTENSITY-ARG ID="14"><LINK EVENT_ARG="6" ID="32" TYPE_REL="EVENT_ARG"/><W> भीषण </W></INTENSITY-ARG><MAN_MADE_EVENT ID="6" TYPE="FIRE"><EVENT-COREF-LINK EVENT_ID="5" ID="25" TYPE_REL="EVENT_COREF"/><W> आग </W><W> लगने </W></MAN_MADE_EVENT><W> से </W><AFTER_EFFECTS-ARG ID="17"><LINK EVENT_ARG="6" ID="33" TYPE_REL="EVENT_ARG"/><W> अफरा-तफरी </W><W> मची </W><W> रही। </W></AFTER_EFFECTS-ARG><MAN_MADE_EVENT ID="7" TYPE="FIRE"><EVENT-COREF-LINK EVENT_ID="6" ID="35" TYPE_REL="EVENT_COREF"/><W> आग </W></MAN_MADE_EVENT><PLACE-ARG ID="10"><LINK EVENT_ARG="7" ID="36" TYPE_REL="EVENT_ARG"/><W> थर्ड </W><W> फ्लोर </W><W> पर </W><W> गोदाम </W></PLACE-ARG><W> में </W><W> लगी, </W><W> जहां </W><W> लाखों </W><W> के </W><W> कपड़े </W><W> डंप </W><W> किए </W><W> गए </W><W> थे। </W><MAN_MADE_EVENT ID="8" TYPE="FIRE"><EVENT-COREF-LINK EVENT_ID="7" ID="34" TYPE_REL="EVENT_COREF"/><W> आग </W></MAN_MADE_EVENT><W> तेजी </W><W> से </W><W> भड़की </W><W> और </W><W> चारों </W><W> ओर </W><W> धुआं </W><W> ही </W><W> धुआं </W><W> छा </W><W> गया </W><W> था। </W></P><P><AFTER_EFFECTS-ARG ID="18"><LINK EVENT_ARG="8" ID="37" TYPE_REL="EVENT_ARG"/><W> सूचना </W><W> मिलने </W><W> पर </W><W> फायर </W><W> ब्रिगेड, </W><W> होमगार्ड, </W><W> राज्य </W><W> आपदा </W><W> मोचन </W><W> बल </W><W> (एसडीआरएफ), </W><W> पुलिस </W><W> जवान </W><W> पहुंचे </W><W> और </W><W> मोर्चा </W><W> संभाला। </W><W> करीब </W><W> तीन </W><W> घंटे </W><W> की </W><W> कड़ी </W><W> मशक्कत </W><W> के </W><W> बाद </W><W> आग </W><W> पर </W><W> काबू </W><W> पाया </W><W> जा </W><W> सका, </W><W> लेकिन </W><W> तब </W><W> तक </W><W> गोदाम </W><W> के </W><W> कपड़े </W><W> खाक </W><W> हो </W><W> चुके </W><W> थे। </W></AFTER_EFFECTS-ARG><AFTER_EFFECTS-ARG ID="19"><LINK EVENT_ARG="8" ID="38" TYPE_REL="EVENT_ARG"/><W> इस </W><W> बीच </W><W> आसपास </W><W> के </W><W> व्यापारी </W><W> दहशत </W><W> में </W><W> रहे। </W><W> उन्होंने </W><W> अपनी </W><W> दुकानें </W><W> बंद </W><W> कर </W><W> सामान </W><W> समेटना </W><W> शुरू </W><W> कर </W><W> दिया </W><W> था। </W><W> आग </W><W> बुझने </W><W> पर </W><W> उन्होंने </W><W> राहत </W><W> की </W><W> सांस </W><W> ली। </W></AFTER_EFFECTS-ARG></P><P><PLACE-ARG ID="4"><LINK EVENT_ARG="9" ID="39" TYPE_REL="EVENT_ARG"/><W> गेट </W><W> नंबर-1 </W><W> स्थित </W><W> सीपी </W><W> फेब्रिक्स </W><W> शो-रूम </W><W> के </W><W> तीसरे </W><W> माले </W></PLACE-ARG><W> पर </W><TIME-ARG ID="12"><LINK EVENT_ARG="9" ID="40" TYPE_REL="EVENT_ARG"/><W> शनिवार </W><W> सुबह </W><W> 10 </W><W> बजे </W></TIME-ARG><MAN_MADE_EVENT ID="9" TYPE="FIRE"><EVENT-COREF-LINK EVENT_ID="8" ID="23" TYPE_REL="EVENT_COREF"/><W> धुआं </W><W> और </W><W> आग </W><W> की </W><W> लपटें </W></MAN_MADE_EVENT><W> उठते </W><W> देख </W><W> शो-रूम </W><AFTER_EFFECTS-ARG ID="20"><LINK EVENT_ARG="9" ID="41" TYPE_REL="EVENT_ARG"/><W> संचालक </W><W> प्रकाशचंद </W><W> लोढ़ा </W><W> ने </W><W> आसपास </W><W> के </W><W> दुकानदारों </W><W> के </W><W> साथ </W><W> देवेंद्र </W><W> नगर </W><W> पुलिस, </W><W> फायर </W><W> ब्रिगेड </W><W> को </W><W> सूचना </W><W> दी। </W></AFTER_EFFECTS-ARG><W> लोढ़ा </W><W> ने </W><W> बताया </W><W> कि </W><W> दुकान </W><W> खोलने </W><W> के </W><W> बाद </W><W> जैसे </W><W> ही </W><W> बिजली </W><W> का </W><W> मेन </W><W> स्वीच </W><W> चालू </W><W> किया </W><W> वैसे </W><W> ही </W><REASON-ARG ID="15"><LINK EVENT_ARG="9" ID="42" TYPE_REL="EVENT_ARG"/><W> शॉर्ट-सर्किट </W></REASON-ARG><W> हुआ। </W></P><P><AFTER_EFFECTS-ARG ID="21"><LINK EVENT_ARG="9" ID="43" TYPE_REL="EVENT_ARG"/><W> दमकल </W><W> के </W><W> आने </W><W> के </W><W> पहले </W><W> वहां </W><W> मौजूद </W><W> लोग </W><W> आग </W><W> बुझाने </W><W> में </W><W> जुट </W><W> गए </W><W> थे। </W><W> फिर </W><W> हाइराइज </W><W> दमकल </W><W> वाहन </W><W> समेत </W><W> छह </W><W> से </W><W> अधिक </W><W> फायर </W><W> ब्रिगेड </W><W> वाहन </W><W> जुट </W><W> गए। </W></AFTER_EFFECTS-ARG><W> फायरमैन </W><W> वीके </W><W> गौतम </W><W> ने </W><W> बताया </W><W> कि </W><W> पानी </W><W> की </W><W> बौछार </W><W> के </W><W> लिए </W><W> गोदाम </W><W> के </W><W> शटर </W><W> को </W><W> तोड़ने </W><W> की </W><W> कोशिश </W><W> की </W><W> गई, </W><W> लेकिन </W><W> शटर </W><W> के </W><W> पास </W><W> ही </W><W> कपड़े </W><W> के </W><W> बंडल </W><W> होने </W><W> से </W><W> उसके </W><W> गिरकर </W><W> जाम </W><W> होने </W><W> की </W><W> आशंका </W><W> थी। </W></P><P><W> इसे </W><W> देखते </W><W> हुए </W><W> फायरमैन </W><W> अनिल </W><W> मांडले, </W><W> रेणु </W><W> माध्यान, </W><W> लक्ष्मी </W><W> नारायण, </W><W> मोइनुद्दीन </W><W> अशरफी </W><W> समेत </W><AFTER_EFFECTS-ARG ID="22"><LINK EVENT_ARG="9" ID="44" TYPE_REL="EVENT_ARG"/><W> आग </W><W> बुझाने </W><W> में </W><W> लगे </W><W> 50 </W><W> से </W><W> अधिक </W><W> कर्मियों </W><W> ने </W><W> चौथे </W><W> माले </W><W> पर </W><W> जाकर </W><W> गोदाम </W><W> की </W><W> छत </W><W> के </W><W> कुछ </W><W> हिस्से </W><W> को </W><W> तोड़ा। </W><W> फिर </W><W> हाइराज </W><W> दमकल </W><W> वाहन </W><W> से </W><W> चारों </W><W> तरफ </W><W> पानी </W><W> की </W><W> बौछार </W><W> की </W><W> गई </W><W> तब </W><W> आग </W><W> पर </W><W> काबू </W><W> पाया </W><W> जा </W><W> सका। </W></AFTER_EFFECTS-ARG><W> इस </W><W> दौरान </W><W> मौके </W><W> पर </W><W> पहुंचे </W><W> जेल, </W><W> होमगार्ड </W><W> एडीजी </W><W> एवं </W><W> एसडीआरएफ </W><W> के </W><W> प्रभारी </W><W> गिरधारी </W><W> नायक, </W><W> एसडीएम </W><W> संजय </W><W> दीवान, </W><W> एएसपी </W><W> सिटी </W><W> विजय </W><W> अग्रवाल, </W><W> देवेंद्र </W><W> नगर </W><W> टीआई </W><W> एसएन </W><W> अख्तर, </W><W> पंडरी </W><W> टीआई </W><W> केआर </W><W> सिन्हा </W><W> दल-बल </W><W> के </W><W> साथ </W><W> मौजूद </W><W> थे। </W></P></DOCUMENT>