<?xml version="1.0" encoding="UTF-8"?>
<DOCUMENT><P><MAN_MADE_EVENT ID="0" TYPE="VEHICULAR_COLLISION"><EVENT-COREF-LINK EVENT_ID="1" ID="51" TYPE_REL="EVENT_COREF"/><W> सड़क </W><W> हादसे </W></MAN_MADE_EVENT><W> में </W><W> केमरी </W><W> के </W><CASUALTIES-ARG ID="15"><LINK EVENT_ARG="0" ID="29" TYPE_REL="EVENT_ARG"/><W> ट्रक </W><W> चालक </W><W> की </W><W> मौत, </W></CASUALTIES-ARG><W> क्लीनर </W><W> गंभीर </W></P><P><W> जागरण </W><W> संवाददाता, </W><W> बिलासपुर </W><W> : </W><PLACE-ARG ID="12"><LINK EVENT_ARG="1" ID="31" TYPE_REL="EVENT_ARG"/><W> बरेली </W><W> हाईवे </W></PLACE-ARG><W> पर </W><W> हुए </W><MAN_MADE_EVENT ID="1" TYPE="VEHICULAR_COLLISION"><EVENT-COREF-LINK EVENT_ID="2" ID="52" TYPE_REL="EVENT_COREF"/><W> सड़क </W><W> हादसे </W></MAN_MADE_EVENT><W> में </W><W> केमरी </W><W> के </W><CASUALTIES-ARG ID="16"><LINK EVENT_ARG="1" ID="30" TYPE_REL="EVENT_ARG"/><W> ट्रक </W><W> चालक </W><W> की </W><W> मौत </W></CASUALTIES-ARG><W> हो </W><W> गई, </W><W> जबकि </W><CASUALTIES-ARG ID="17"><LINK EVENT_ARG="1" ID="32" TYPE_REL="EVENT_ARG"/><W> क्लीनर </W><W> गंभीर </W><W> रूप </W><W> से </W><W> घायल </W></CASUALTIES-ARG><W> हो </W><W> गया। </W></P><P><W> गांव </W><W> रहसैना </W><W> निवासी </W><W> मेहजाब </W><W> खां </W><W> उर्फ </W><W> मुखिया </W><W> ट्रक </W><W> चालक </W><W> तथा </W><W> फिरोज </W><W> क्लीनर </W><W> है। </W><W> बिहार </W><W> से </W><W> धान </W><W> से </W><W> ट्रक </W><W> में </W><W> धान </W><W> लादकर </W><W> केमरी </W><W> की </W><W> ओर </W><W> आ </W><W> रहा </W><W> था। </W><W> इस </W><W> दौरान </W><PLACE-ARG ID="13"><LINK EVENT_ARG="2" ID="35" TYPE_REL="EVENT_ARG"/><W> बरेली </W><W> हाईवे </W></PLACE-ARG><W> पर </W><PLACE-ARG ID="14"><LINK EVENT_ARG="2" ID="34" TYPE_REL="EVENT_ARG"/><W> फरीदपुर </W><W> मार्ग </W></PLACE-ARG><W> पर </W><W> सामने </W><W> से </W><W> आ </W><W> रहे </W><PARTICIPANT-ARG ID="22"><LINK EVENT_ARG="2" ID="33" TYPE_REL="EVENT_ARG"/><W> ट्रक </W></PARTICIPANT-ARG><W> से </W><MAN_MADE_EVENT ID="2" TYPE="VEHICULAR_COLLISION"><W> टक्कर </W></MAN_MADE_EVENT><W> हो </W><W> गई। </W><W> इस </W><W> दौरान </W><MAN_MADE_EVENT ID="3" TYPE="VEHICULAR_COLLISION"><EVENT-COREF-LINK EVENT_ID="2" ID="53" TYPE_REL="EVENT_COREF"/><W> दुर्घटना </W></MAN_MADE_EVENT><W> के </W><W> पश्चात </W><W> मौके </W><W> पर </W><W> आसपास </W><W> के </W><W> लोगों </W><W> की </W><W> भीड़ </W><W> एकत्रित </W><W> हो </W><W> गई। </W><W> बाद </W><W> में </W><W> लोगों </W><W> द्वारा </W><W> घायलों </W><W> को </W><W> अस्पताल </W><W> में </W><W> भर्ती </W><W> कराने </W><W> से </W><W> पहले </W><CASUALTIES-ARG ID="18"><LINK EVENT_ARG="3" ID="36" TYPE_REL="EVENT_ARG"/><W> ट्रक </W><W> चालक </W><W> की </W><MAN_MADE_EVENT ID="4" TYPE="VEHICULAR_COLLISION"><W> मौके </W></MAN_MADE_EVENT><W> पर </W><W> मौत </W></CASUALTIES-ARG><W> हो </W><W> गई। </W><CASUALTIES-ARG ID="19"><LINK EVENT_ARG="3" ID="37" TYPE_REL="EVENT_ARG"/><W> क्लीनर </W><W> गंभीर </W><W> रूप </W><W> से </W><W> घायल </W></CASUALTIES-ARG><W> हो </W><W> गया। </W><W> उधर </W><W> मृतक </W><W> के </W><W> परिजनों </W><W> को </W><W> सूचना </W><W> देने </W><W> पर </W><W> मृतक </W><W> के </W><W> परिजनों </W><W> में </W><W> कोहराम </W><W> मच </W><W> गया। </W><W> गमगीन </W><W> माहौल </W><W> में </W><W> उसका </W><W> दफन </W><W> कर </W><W> दिया </W><W> गया। </W><W> वहीं </W><W> दूसरी </W><W> ओर </W><W> गांव </W><W> मोहम्मदनगर </W><W> नानकार </W><W> में </W><PARTICIPANT-ARG ID="24"><LINK EVENT_ARG="5" ID="39" TYPE_REL="EVENT_ARG"/><W> ट्रैक्टर </W></PARTICIPANT-ARG><PARTICIPANT-ARG ID="23"><LINK EVENT_ARG="5" ID="38" TYPE_REL="EVENT_ARG"/><W> ट्राली </W></PARTICIPANT-ARG><W> की </W><MAN_MADE_EVENT ID="5" TYPE="VEHICULAR_COLLISION"><W> टक्कर </W></MAN_MADE_EVENT><W> से </W><PARTICIPANT-ARG ID="49"><LINK EVENT_ARG="5" ID="50" TYPE_REL="EVENT_ARG"/><W> बाइक </W><W> सवार </W></PARTICIPANT-ARG><CASUALTIES-ARG ID="20"><LINK EVENT_ARG="5" ID="40" TYPE_REL="EVENT_ARG"/><W> युवक </W><W> गंभीर </W><W> रूप </W><W> से </W><W> घायल </W></CASUALTIES-ARG><W> हो </W><W> गया। </W><W> घायल </W><W> को </W><W> अस्पताल </W><W> में </W><W> भर्ती </W><W> कराया। </W><W> गांव </W><W> निवासी </W><W> अंकित </W><TIME-ARG ID="9"><LINK EVENT_ARG="5" ID="41" TYPE_REL="EVENT_ARG"/><W> रविवार </W></TIME-ARG><W> की </W><TIME-ARG ID="10"><LINK EVENT_ARG="5" ID="42" TYPE_REL="EVENT_ARG"/><W> रात </W></TIME-ARG><W> लगभग </W><TIME-ARG ID="11"><LINK EVENT_ARG="5" ID="43" TYPE_REL="EVENT_ARG"/><W> आठ </W><W> बजे </W></TIME-ARG><PARTICIPANT-ARG ID="25"><LINK EVENT_ARG="5" ID="44" TYPE_REL="EVENT_ARG"/><W> बाइक </W></PARTICIPANT-ARG><W> से </W><W> गांव </W><W> वापस </W><W> लौट </W><W> रहा </W><W> था। </W><W> इस </W><W> दौरान </W><W> सामने </W><W> से </W><W> आ </W><W> रही </W><PARTICIPANT-ARG ID="27"><LINK EVENT_ARG="6" ID="45" TYPE_REL="EVENT_ARG"/><W> ट्रैक्टर </W><W> ट्राली </W><W> के </W><W> चालक </W></PARTICIPANT-ARG><W> द्वारा </W><W> लापरवाही </W><W> से </W><PARTICIPANT-ARG ID="26"><LINK EVENT_ARG="6" ID="46" TYPE_REL="EVENT_ARG"/><W> बाइक </W></PARTICIPANT-ARG><W> में </W><MAN_MADE_EVENT ID="6" TYPE="VEHICULAR_COLLISION"><EVENT-COREF-LINK EVENT_ID="5" ID="54" TYPE_REL="EVENT_COREF"/><W> टक्कर </W></MAN_MADE_EVENT><W> मारने </W><W> पर </W><CASUALTIES-ARG ID="21"><LINK EVENT_ARG="6" ID="47" TYPE_REL="EVENT_ARG"/><W> युवक </W><W> गंभीर </W><W> रूप </W><W> से </W><W> घायल </W></CASUALTIES-ARG><W> हो </W><W> गया। </W><MAN_MADE_EVENT ID="7" TYPE="VEHICULAR_COLLISION"><EVENT-COREF-LINK EVENT_ID="5" ID="55" TYPE_REL="EVENT_COREF"/><W> दुर्घटना </W></MAN_MADE_EVENT><W> के </W><W> पश्चात </W><W> लोगों </W><W> की </W><W> भीड़ </W><W> एकत्रित </W><W> हो </W><W> गई। </W><W> लोगों </W><W> ने </W><W> घायल </W><W> को </W><W> प्राइवेट </W><W> अस्पताल </W><W> में </W><W> भर्ती </W><W> कराया। </W><W> हालत </W><W> में </W><W> सुधार </W><W> न </W><W> होने </W><W> पर </W><W> परिजनों </W><W> ने </W><W> बरेली </W><W> स्थित </W><W> अस्पताल </W><W> में </W><W> भर्ती </W><W> कराया, </W><W> जबकि </W><PARTICIPANT-ARG ID="28"><LINK EVENT_ARG="7" ID="48" TYPE_REL="EVENT_ARG"/><W> चालक </W></PARTICIPANT-ARG><W> ट्रैक्टर </W><W> ट्राली </W><W> सहित </W><W> मौके </W><W> से </W><W> फरार </W><W> हो </W><W> गया। </W></P></DOCUMENT>