<?xml version="1.0" encoding="UTF-8"?>
<DOCUMENT><DESC/><TIME>1655</TIME><P><NATURAL_EVENT ID="0" TYPE="VOLCANO"><W> ज्वालामुखी </W><W> विस्फोट </W></NATURAL_EVENT><W> के </W><W> बाद </W><NATURAL_EVENT ID="1" TYPE="AVALANCHES"><W> हिमस्खलन </W></NATURAL_EVENT><W> से </W><W> कांपा </W><PLACE-ARG ID="2"><LINK EVENT_ARG="0" ID="31" TYPE_REL="EVENT_ARG"/><W> जापान </W></PLACE-ARG></P><P><PLACE-ARG ID="3"><LINK EVENT_ARG="5" ID="33" TYPE_REL="EVENT_ARG"/><W> जापान </W></PLACE-ARG><W> में </W><TIME-ARG ID="4"><LINK EVENT_ARG="5" ID="32" TYPE_REL="EVENT_ARG"/><W> मंगलवार </W></TIME-ARG><W> को </W><W> प्रकृति </W><W> की </W><W> दोतरफा </W><W> मार </W><W> पड़ी। </W><W> यहां </W><W> एक </W><W> तरफ </W><W> तो </W><W> बर्फ </W><W> पर </W><W> होने </W><W> वाले </W><W> खेलों </W><W> के </W><W> लिए </W><W> प्रसिद्ध </W><W> स्की </W><W> रिसॉर्ट </W><W> के </W><W> नजदीक </W><NATURAL_EVENT ID="5" TYPE="VOLCANO"><EVENT-COREF-LINK EVENT_ID="0" ID="52" TYPE_REL="EVENT_COREF"/><W> ज्वालामुखी </W><W> फट </W><W> गया, </W></NATURAL_EVENT><W> जिसके </W><W> चलते </W><W> यहां </W><NATURAL_EVENT ID="6" TYPE="AVALANCHES"><EVENT-COREF-LINK EVENT_ID="1" ID="53" TYPE_REL="EVENT_COREF"/><W> हिमस्खलन </W></NATURAL_EVENT><W> आने </W><W> के </W><W> कारण </W><CASUALTIES-ARG ID="7"><LINK EVENT_ARG="6" ID="34" TYPE_REL="EVENT_ARG"/><W> एक </W><W> की </W><W> मौत </W><W> और </W><W> दर्जनों </W><W> के </W><W> घायल </W></CASUALTIES-ARG><W> होने </W><W> की </W><W> खबर </W><W> है। </W><W> दूसरी </W><W> तरफ, </W><AFTER_EFFECTS-ARG ID="8"><LINK EVENT_ARG="6" ID="35" TYPE_REL="EVENT_ARG"/><W> राजधानी </W><W> टोक्यो </W><W> में </W><W> बर्फ </W><W> की </W><W> मोटी </W><W> चादर </W><W> बिछने </W><W> से </W><W> जनजीवन </W><W> चरमरा </W><W> गया। </W></AFTER_EFFECTS-ARG><AFTER_EFFECTS-ARG ID="9"><LINK EVENT_ARG="6" ID="36" TYPE_REL="EVENT_ARG"/><W> यातायात </W><W> गड़बड़ा </W><W> गया </W></AFTER_EFFECTS-ARG><W> है, </W><AFTER_EFFECTS-ARG ID="10"><LINK EVENT_ARG="6" ID="37" TYPE_REL="EVENT_ARG"/><W> सभी </W><W> उड़ानें </W><W> रद </W><W> कर </W><W> दी </W><W> गई </W></AFTER_EFFECTS-ARG><W> हैं </W><W> और </W><AFTER_EFFECTS-ARG ID="11"><LINK EVENT_ARG="6" ID="38" TYPE_REL="EVENT_ARG"/><W> पटरियों </W><W> पर </W><W> बर्फ </W><W> की </W><W> परत </W><W> छा </W><W> जाने </W><W> के </W><W> कारण </W><W> रेल </W><W> संचालन </W><W> भी </W><W> रोकना </W><W> पड़ा </W></AFTER_EFFECTS-ARG><W> है। </W></P><P><W> टोक्यो </W><W> के </W><W> कुछ </W><W> हिस्सों </W><W> में </W><W> 2014 </W><W> के </W><W> बाद </W><W> अब </W><W> तक </W><W> की </W><W> सबसे </W><W> बड़ी </W><W> 23 </W><W> सेंटीमीटर </W><W> बर्फबारी </W><W> दर्ज </W><W> की </W><W> गई </W><W> है </W><W> जिसके </W><W> चलते </W><W> करीब </W><W> 180 </W><W> लोगों </W><W> को </W><W> बर्फ </W><W> जमी </W><W> हुई </W><W> सड़क </W><W> पर </W><W> चोटें </W><W> आई </W><W> हैं। </W><W> सार्वजनिक </W><W> यातायात </W><W> चरमराने </W><W> से </W><W> यहां </W><W> करीब </W><W> 700 </W><W> हादसे </W><W> दर्ज </W><W> हुए </W><W> हैं। </W><W> यहां </W><W> पेड़, </W><W> सड़क </W><W> और </W><W> मकान </W><W> सभी </W><W> पर </W><W> सफेद </W><W> बर्फ </W><W> की </W><W> मोटी </W><W> चादर </W><W> बिछ </W><W> गई </W><W> है। </W><W> हालात </W><W> इतने </W><W> बिगड़ </W><W> गए </W><W> हैं </W><W> कि </W><W> लोग </W><W> बर्फबारी </W><W> और </W><W> जाम </W><W> के </W><W> चलते </W><W> अपने </W><W> घरों </W><W> तक </W><W> नहीं </W><W> पहुंच </W><W> पा </W><W> रहे </W><W> हैं। </W><PLACE-ARG ID="12"><LINK EVENT_ARG="14" ID="39" TYPE_REL="EVENT_ARG"/><W> टोक्यो </W><W> के </W><W> उत्तर-पश्चिम </W><W> में </W><W> गुनमा </W><W> के </W><W> माउंट </W><W> कुसात्सु-शिराने </W></PLACE-ARG><W> में </W><TIME-ARG ID="13"><LINK EVENT_ARG="14" ID="40" TYPE_REL="EVENT_ARG"/><W> मंगलवार </W><W> की </W><W> सुबह </W></TIME-ARG><NATURAL_EVENT ID="14" TYPE="VOLCANO"><EVENT-COREF-LINK EVENT_ID="0" ID="54" TYPE_REL="EVENT_COREF"/><W> ज्वालामुखी </W><W> विस्फोट </W></NATURAL_EVENT><W> भी </W><W> हुआ, </W><AFTER_EFFECTS-ARG ID="16"><LINK EVENT_ARG="14" ID="41" TYPE_REL="EVENT_ARG"/><W> जिसके </W><W> बाद </W><W> पूरे </W><W> इलाके </W><W> में </W><NATURAL_EVENT ID="15" TYPE="AVALANCHES"><EVENT-COREF-LINK EVENT_ID="1" ID="57" TYPE_REL="EVENT_COREF"/><W> हिमस्खलन </W></NATURAL_EVENT></AFTER_EFFECTS-ARG><W> होने </W><W> लगा। </W></P><P><W> यह </W><NATURAL_EVENT ID="17" TYPE="AVALANCHES"><EVENT-COREF-LINK EVENT_ID="1" ID="55" TYPE_REL="EVENT_COREF"/><W> हिमस्खलन </W></NATURAL_EVENT><PLACE-ARG ID="18"><LINK EVENT_ARG="17" ID="42" TYPE_REL="EVENT_ARG"/><W> कुसात्सु-माची </W><W> इंटरनेशनल </W><W> स्की </W><W> रिसॉर्ट </W></PLACE-ARG><W> में </W><W> हुआ। </W><NATURAL_EVENT ID="19" TYPE="AVALANCHES"><EVENT-COREF-LINK EVENT_ID="0" ID="43" TYPE_REL="EVENT_COREF"/><W> ज्वालामुखी </W><W> फटने </W></NATURAL_EVENT><W> के </W><W> बाद </W><AFTER_EFFECTS-ARG ID="20"><NATURAL_EVENT ID="21" TYPE="AVALANCHES"><EVENT-COREF-LINK EVENT_ID="1" ID="56" TYPE_REL="EVENT_COREF"/><W> हिमस्खलन </W></NATURAL_EVENT><W> की </W><W> घटना </W></AFTER_EFFECTS-ARG><W> में </W><PLACE-ARG ID="22"><LINK EVENT_ARG="17" ID="44" TYPE_REL="EVENT_ARG"/><W> जापान </W></PLACE-ARG><W> के </W><W>  सुरक्षा </W><W> बल </W><W> का </W><CASUALTIES-ARG ID="23"><LINK EVENT_ARG="21" ID="45" TYPE_REL="EVENT_ARG"/><W> एक </W><W> सदस्य </W><W> मारा </W><W> गया </W><W> और </W><W> करीब </W><W> 12 </W><W> लोग </W><W> घायल </W></CASUALTIES-ARG><W> हुए </W><W> हैं। </W><W> जबकि </W><W> जापानी </W><W> सुरक्षा </W><W> बल </W><W> के </W><W> पांच </W><W> सदस्यों </W><W> को </W><W> इस </W><W> हिम </W><W> स्खलन </W><W> में </W><W> बचा </W><W> लिया </W><W> गया </W><W> है। </W><W> यह </W><W> पांचों </W><W> लोग </W><W> यहां </W><W> सुरक्षा </W><W> प्रशिक्षण </W><W> ले </W><W> रहे </W><W> थे। </W><W> जापान </W><W> मौसम </W><W> विज्ञान </W><W> एजेंसी </W><W> (जेएमए) </W><W> ने </W><W> कहा </W><W> कि </W><W> शुरू </W><W> में </W><W> ज्वालामुखी </W><W> के </W><W> दक्षिण </W><W> की </W><W> ओर </W><W> से </W><W> धुआं </W><W> उठता </W><W> देखा </W><W> गया </W><W> था </W><W> और </W><W> उच्च </W><W> तीव्रता </W><W> वाले </W><W> भूकंप </W><W> के </W><W> झटके </W><W> भी </W><W> दर्ज </W><W> हुए। </W><W> इसके </W><W> बाद </W><W> ज्वालामुखी </W><W> के </W><W> आसपास </W><W> के </W><W> पहाड़ों </W><W> से </W><W> चट्टानें </W><W> गिरने </W><W> लगीं।  </W></P><P><W>   </W></P><P><TIME-ARG ID="25"><LINK EVENT_ARG="24" ID="46" TYPE_REL="EVENT_ARG"/><W> मंगलवार </W></TIME-ARG><W> को </W><PLACE-ARG ID="26"><LINK EVENT_ARG="24" ID="47" TYPE_REL="EVENT_ARG"/><W> दुनिया </W><W> के </W><W> दो </W><W> इलाकों </W></PLACE-ARG><W> में </W><W> दो </W><W> बड़े </W><NATURAL_EVENT ID="24" TYPE="EARTHQUAKE"><W> भूकंप </W></NATURAL_EVENT><W> के </W><W> झटके </W><W> महसूस </W><W> किए </W><W> गए। </W><W> पहला </W><W> सबसे </W><W> बड़ा </W><W> झटका </W><PLACE-ARG ID="27"><LINK EVENT_ARG="24" ID="48" TYPE_REL="EVENT_ARG"/><W> अलास्का </W><W> क्षेत्र </W><W> के </W><W> चिनियाक </W><W> से </W><W> 250 </W><W> किलोमीटर </W><W> दूर </W><W> दक्षिण-पूर्व </W></PLACE-ARG><W> में </W><W> आया </W><W> जहां </W><W> रिचर </W><W> स्केल </W><W> पर </W><W> इसकी </W><MAGNITUDE-ARG ID="29"><LINK EVENT_ARG="24" ID="49" TYPE_REL="EVENT_ARG"/><W> तीव्रता </W><W> 8.1 </W></MAGNITUDE-ARG><W> आंकी </W><W> गई। </W><W> यह </W><W> तीव्रता </W><W> खतरनाक </W><W> श्रेणी </W><W> में </W><W> मानी </W><W> जाती </W><W> है, </W><W> इसीलिए </W><W> चिनियाक </W><W> के </W><W> आसपास </W><W> वाले </W><W> इलाके </W><W> में </W><W> सुनामी </W><W> के </W><W> चेतावनी </W><W> घोषित </W><W> कर </W><W> दी </W><W> गई। </W><W> भूकंप </W><W> से </W><W> लोगों </W><W> में </W><W> दहशत </W><W> फैल </W><W> गई </W><W> है, </W><W> वहीं </W><W> समुद्री </W><W> इलाके </W><W> से </W><W> लोग </W><W> मैदानी </W><W> भाग </W><W> की </W><W> ओर </W><W> से </W><W> पलायन </W><W> करने </W><W> की </W><W> तैयारी </W><W> कर </W><W> रहे </W><W> हैं।  </W></P><P><W> वहीं </W><W> दूसरी </W><W> तरफ, </W><PLACE-ARG ID="28"><LINK EVENT_ARG="24" ID="50" TYPE_REL="EVENT_ARG"/><W> इंडोनेशिया </W><W> की </W><W> राजधानी </W></PLACE-ARG><W> में </W><W> जबरदस्त </W><W> भूकंप </W><W> के </W><W> झटकों </W><W> के </W><W> कारण </W><W> लोग </W><W> कई </W><W> इमारतों </W><W> को </W><W> खाली </W><W> करने </W><W> के </W><W> लिए </W><W> मजबूर </W><W> हो </W><W> गए। </W><W> अमेरिका </W><W> के </W><W> भूगर्भीय </W><W> सर्वेक्षण </W><W> विभाग </W><W> के </W><W> मुताबिक </W><W> रिचर </W><W> स्केल </W><MAGNITUDE-ARG ID="30"><LINK EVENT_ARG="24" ID="51" TYPE_REL="EVENT_ARG"/><W> पर </W><W> 6.0 </W><W> की </W><W> तीव्रता </W></MAGNITUDE-ARG><W> का </W><W> भूकंप </W><W> जमीन </W><W> से </W><W> 43 </W><W> किलोमीटर </W><W> नीचे </W><W> की </W><W> तरफ </W><W> था। </W><W> हालांकि </W><W> अमेरिकी </W><W> रिपोर्ट </W><W> के </W><W> विपरीत </W><W> इंडोनेशियाई </W><W> मौसम </W><W> विज्ञान, </W><W> जलवायु </W><W> विज्ञान </W><W> और </W><W> भूभौतिकी </W><W> एजेंसी </W><W> की </W><W> प्रारंभिक </W><W> रिपोर्ट </W><W> में </W><W> यह </W><W> तीव्रता </W><W> 6.4 </W><W> बताई </W><W> गई </W><W> है </W><W> जो </W><W> धरती </W><W> से </W><W> 10 </W><W> किलोमीटर </W><W> नीचे </W><W> रही। </W></P></DOCUMENT>