<?xml version="1.0" encoding="UTF-8"?>
<DOCUMENT><P><PARTICIPANT-ARG ID="13"><LINK EVENT_ARG="0" ID="22" TYPE_REL="EVENT_ARG"/><W> ट्रैक्टर </W></PARTICIPANT-ARG><W> की </W><MAN_MADE_EVENT ID="0" TYPE="VEHICULAR_COLLISION"><W> ठोकर </W></MAN_MADE_EVENT><W> से </W><PARTICIPANT-ARG ID="14"><LINK EVENT_ARG="0" ID="21" TYPE_REL="EVENT_ARG"/><W> स्कूटी </W></PARTICIPANT-ARG><W> सवार </W><CASUALTIES-ARG ID="10"><LINK EVENT_ARG="0" ID="23" TYPE_REL="EVENT_ARG"/><W> लोजपा </W><W> नेता </W><W> की </W><W> मौत </W></CASUALTIES-ARG></P><P><W> समस्तीपुर </W><W> । </W><W> रोसड़ा </W><W> के </W><W> पूर्व </W><W> वार्ड </W><W> आयुक्त </W><W> सह </W><CASUALTIES-ARG ID="11"><LINK EVENT_ARG="1" ID="24" TYPE_REL="EVENT_ARG"/><W> लोजपा </W><W> नेता </W><W> कैलाश </W><W> दास </W><W> की </W><W> मौत </W></CASUALTIES-ARG><MAN_MADE_EVENT ID="1" TYPE="TRANSPORT_HAZARDS"><EVENT-COREF-LINK EVENT_ID="0" ID="35" TYPE_REL="EVENT_COREF"/><W> सड़क </W><W> दुर्घटना </W></MAN_MADE_EVENT><W> में </W><TIME-ARG ID="6"><LINK EVENT_ARG="1" ID="25" TYPE_REL="EVENT_ARG"/><W> सोमवार </W></TIME-ARG><W> की </W><TIME-ARG ID="7"><LINK EVENT_ARG="1" ID="26" TYPE_REL="EVENT_ARG"/><W> दोपहर </W></TIME-ARG><W> हो </W><W> गई। </W><PLACE-ARG ID="8"><LINK EVENT_ARG="2" ID="30" TYPE_REL="EVENT_ARG"/><W> रोसड़ा-शिवाजीनगर </W><W> पथ </W></PLACE-ARG><W> पर </W><PLACE-ARG ID="9"><LINK EVENT_ARG="2" ID="29" TYPE_REL="EVENT_ARG"/><W> संस्कृत </W><W> महाविद्यालय </W><W> मिर्जापुर </W><W> के </W><W> निकट </W></PLACE-ARG><PARTICIPANT-ARG ID="16"><LINK EVENT_ARG="2" ID="28" TYPE_REL="EVENT_ARG"/><W> स्कूटी </W></PARTICIPANT-ARG><W> से </W><W> आ </W><W> रहे </W><W> पूर्व </W><W> वार्ड </W><W> आयुक्त </W><W> को </W><W> सीमेन्ट </W><W> लदी </W><PARTICIPANT-ARG ID="15"><LINK EVENT_ARG="2" ID="27" TYPE_REL="EVENT_ARG"/><W> ट्रैक्टर </W></PARTICIPANT-ARG><W> ने </W><W> अपनी </W><MAN_MADE_EVENT ID="2" TYPE="VEHICULAR_COLLISION"><EVENT-COREF-LINK EVENT_ID="0" ID="36" TYPE_REL="EVENT_COREF"/><W> चपेट </W><W> में </W><W> ले </W><W> लिया। </W></MAN_MADE_EVENT><W> आनन-फानन </W><W> में </W><W> स्थानीय </W><W> लोगों </W><W> ने </W><W> निजी </W><W> क्लिनिक </W><W> में </W><W> भर्ती </W><W> कराया। </W><W> लेकिन </W><W> कुछ </W><W> ही </W><W> क्षण </W><W> बाद </W><W> साठ </W><W> वर्षीय </W><CASUALTIES-ARG ID="12"><LINK EVENT_ARG="2" ID="32" TYPE_REL="EVENT_ARG"/><W> लोजपा </W><W> नेता </W><W> ने </W><W> दम </W><W> तोड़ </W><W> दिया। </W></CASUALTIES-ARG><W> मौका </W><W> पाकर </W><PARTICIPANT-ARG ID="18"><LINK EVENT_ARG="2" ID="31" TYPE_REL="EVENT_ARG"/><W> ट्रैक्टर </W><W> चालक </W></PARTICIPANT-ARG><W> गाड़ी </W><W> छोड़कर </W><W> फरार </W><W> होने </W><W> में </W><W> सफल </W><W> रहा। </W><W> पुलिस </W><PARTICIPANT-ARG ID="19"><LINK EVENT_ARG="3" ID="33" TYPE_REL="EVENT_ARG"/><W> ट्रैक्टर </W></PARTICIPANT-ARG><W> को </W><W> जब्त </W><W> कर </W><W> ली </W><W> है। </W><W> जबकि </W><PARTICIPANT-ARG ID="20"><LINK EVENT_ARG="3" ID="34" TYPE_REL="EVENT_ARG"/><W> चालक </W></PARTICIPANT-ARG><W> की </W><W> गिरफ्तारी </W><W> के </W><W> लिए </W><W> छापेमारी </W><W> कर </W><W> रही </W><W> है। </W><W> इधर, </W><MAN_MADE_EVENT ID="3" TYPE="VEHICULAR_COLLISION"><EVENT-COREF-LINK EVENT_ID="0" ID="37" TYPE_REL="EVENT_COREF"/><W> घटना </W></MAN_MADE_EVENT><W> की </W><W> सूचना </W><W> मिलते </W><W> ही </W><W> एसएच-55 </W><W> किनारे </W><W> वार्ड </W><W> नंबर-10 </W><W> स्थित </W><W> उनके </W><W> आवास </W><W> पर </W><W> लोगों </W><W> की </W><W> भीड़ </W><W> उमड़ </W><W> पड़ी। </W><W> पत्नी </W><W> एवं </W><W> पुत्र-पुत्री </W><W> के </W><W> चित्कार </W><W> से </W><W> उपस्थित </W><W> लोगों </W><W> की </W><W> आंखें </W><W> नम </W><W> हो </W><W> गई। </W><W> मौके </W><W> पर </W><W> पहुंचे </W><W> थानाध्यक्ष </W><W> ने </W><W> मृतक </W><W> के </W><W> पुत्र </W><W> कुमार </W><W> गणेश </W><W> दास </W><W> के </W><W> बयान </W><W> पर </W><W> अज्ञात </W><W> ट्रैक्टर </W><W> चालक </W><W> के </W><W> विरूद्ध </W><W> प्राथमिकी </W><W> दर्ज </W><W> कर </W><W> शव </W><W> को </W><W> पोस्टमार्टम </W><W> के </W><W> लिए </W><W> समस्तीपुर </W><W> भेज </W><W> दिया </W><W> है। </W></P><P><MAN_MADE_EVENT ID="4" TYPE="VEHICULAR_COLLISION"><EVENT-COREF-LINK EVENT_ID="0" ID="39" TYPE_REL="EVENT_COREF"/><W> सड़क </W><W> दुर्घटना </W></MAN_MADE_EVENT><W> में </W><W> मौत </W><W> की </W><W> खबर </W><W> मिलते </W><W> ही </W><W> परिजनों </W><W> के </W><W> साथ-साथ </W><W> कैलाश </W><W> दास </W><W> के </W><W> समर्थकों </W><W> में </W><W> भी </W><W> कोहराम </W><W> मच </W><W> गया। </W><W> उनका </W><W> शव </W><W> आवास </W><W> पर </W><W> पहुंचते </W><W> ही </W><W> पत्नी </W><W> पूर्व </W><W> वार्ड </W><W> पार्षद </W><W> पार्वती </W><W> देवी </W><W> उनसे </W><W> लिपट </W><W> कर </W><W> चित्कार </W><W> मारने </W><W> लगी। </W><W> वहीं </W><W> पुत्र </W><W> न्यायिक </W><W> पदाधिकारी </W><W> गौतम </W><W> कुमार </W><W> के </W><W> साथ-साथ </W><W> गणेश </W><W> और </W><W> रमेश </W><W> भी </W><W> अपने </W><W> पिता </W><W> से </W><W> लिपट </W><W> कर </W><W> फफक </W><W> कर </W><W> रो </W><W> रहे </W><W> थे। </W><W> बेटी </W><W> एवं </W><W> बहुओं </W><W> का </W><W> भी </W><W> रो-रोकर </W><W> बुरा </W><W> हाल </W><W> था। </W><W> इसके </W><W> साथ </W><W> ही </W><W> उपस्थित </W><W> सैकड़ों </W><W> समर्थकों </W><W> की </W><W> आंखें </W><W> भी </W><W> बरस </W><W> रही </W><W> थी। </W><W> दर्जनों </W><W> महिला-पुरूष </W><W> फफक-फफक </W><W> कर </W><W> रो </W><W> रहे </W><W> थे। </W><MAN_MADE_EVENT ID="5" TYPE="VEHICULAR_COLLISION"><EVENT-COREF-LINK EVENT_ID="0" ID="38" TYPE_REL="EVENT_COREF"/><W> घटना </W></MAN_MADE_EVENT><W> की </W><W> सूचना </W><W> मिलते </W><W> ही </W><W> शहर </W><W> के </W><W> साथ-साथ </W><W> ग्रामीण </W><W> क्षेत्रों </W><W> के </W><W> भी </W><W> राजनीतिक </W><W> और </W><W> सामाजिक </W><W> कार्यकत्र्ताओं, </W><W> जनप्रतिनिधियों </W><W> के </W><W> साथ-साथ </W><W> सैकड़ों </W><W> गणमान्य </W><W> लोग </W><W> उनके </W><W> आवास </W><W> पर </W><W> पहुंच </W><W> चुके </W><W> थे। </W></P><P><W> क्षेत्र </W><W> में </W><W> अत्यंत </W><W> ही </W><W> लोकप्रिय </W><W> मृदुल </W><W> स्वभाव </W><W> के </W><W> लोजपा </W><W> नेता </W><W> कैलाश </W><W> दास </W><W> कई </W><W> दशक </W><W> से </W><W> राजनीति </W><W> में </W><W> भी </W><W> सक्रिय </W><W> रहे। </W><W> वर्ष </W><W> 2005 </W><W> में </W><W> लोजपा </W><W> के </W><W> टिकट </W><W> पर </W><W> रोसड़ा </W><W> विधानसभा </W><W> से </W><W> चुनाव </W><W> लड़ </W><W> कर </W><W> अपनी </W><W> अच्छी </W><W> उपस्थिति </W><W> दर्ज </W><W> कराई </W><W> थी। </W><W> वहीं </W><W> वर्ष </W><W> 2002 </W><W> में </W><W> स्वयं </W><W> नगर </W><W> पंचायत </W><W> के </W><W> वार्ड </W><W> पार्षद </W><W> और </W><W> 2007 </W><W> में </W><W> अपनी </W><W> पत्नी </W><W> पार्वती </W><W> देवी </W><W> को </W><W> पार्षद </W><W> के </W><W> पद </W><W> पर </W><W> बैठाने </W><W> में </W><W> कामयाब </W><W> रहे </W><W> थे। </W><W> नगर </W><W> और </W><W> ग्रामीण </W><W> क्षेत्र </W><W> की </W><W> राजनीति </W><W> के </W><W> साथ-साथ </W><W> विधानसभा </W><W> और </W><W> लोकसभा </W><W> की </W><W> राजनीति </W><W> में </W><W> भी </W><W> इनकी </W><W> एक </W><W> अलग </W><W> पहचान </W><W> थी। </W><W> सड़क </W><W> और </W><W> भवन </W><W> निर्माण </W><W> समेत </W><W> कई </W><W> विभागों </W><W> के </W><W> प्रसिद्ध </W><W> संवेदक </W><W> रहे </W><W> स्वर्गीय </W><W> दास </W><W> अपने </W><W> बच्चों </W><W> को </W><W> भी </W><W> अच्छी </W><W> शिक्षा </W><W> देने </W><W> में </W><W> कामयाब </W><W> रहे। </W><W> वर्तमान </W><W> में </W><W> एक </W><W> पुत्र </W><W> दरभंगा </W><W> न्यायालय </W><W> में </W><W> न्यायिक </W><W> पदाधिकारी </W><W> के </W><W> पद </W><W> पर </W><W> तैनात </W><W> है। </W><W> वहीं </W><W> अन्य </W><W> तीन </W><W> पुत्र </W><W> भी </W><W> अभियंता </W><W> और </W><W> परंपरागत </W><W> व्यवसाय </W><W> से </W><W> जुड़े </W><W> हैं। </W></P></DOCUMENT>