<?xml version="1.0" encoding="UTF-8"?>
<DOCUMENT><DESC/><DESC/><TIME>2343</TIME><P><MAN_MADE_EVENT ID="0" TYPE="TRAIN_COLLISION"><W> सीमांचल </W><W> रेल </W><W> हादसा: </W></MAN_MADE_EVENT><W> चश्मदीदों </W><W> से </W><W> जानिए </W><MAN_MADE_EVENT ID="2" TYPE="TRAIN_COLLISION"><EVENT-COREF-LINK EVENT_ID="0" ID="41" TYPE_REL="EVENT_COREF"/><W> घटना </W></MAN_MADE_EVENT><W> का </W><W> हाल, </W><AFTER_EFFECTS-ARG ID="3"><LINK EVENT_ARG="2" ID="52" TYPE_REL="EVENT_ARG"/><W> मृतकों </W><W> के </W><W> परिजनों </W><W> को </W><W> मिलेंगे </W><W> 9 </W><W> लाख </W></AFTER_EFFECTS-ARG><W> । </W></P><P><PLACE-ARG ID="4"><LINK EVENT_ARG="5" ID="53" TYPE_REL="EVENT_ARG"/><W> बिहार </W><W> के </W><W> जोगबनी </W><W> से </W><W> नई </W><W> दिल्ली </W><W> के </W><W> आनंद </W><W> विहार </W><W> टर्मिनल </W></PLACE-ARG><W> पर </W><W> आ </W><W> रही </W><PARTICIPANT-ARG ID="13"><LINK EVENT_ARG="5" ID="54" TYPE_REL="EVENT_ARG"/><W> सीमांचल </W><W> एक्सप्रेस </W><W> ट्रेन </W><W> की </W><W> 9 </W><W> बोगियां </W></PARTICIPANT-ARG><TIME-ARG ID="17"><LINK EVENT_ARG="5" ID="55" TYPE_REL="EVENT_ARG"/><W> रविवार </W><W> सुबह </W></TIME-ARG><MAN_MADE_EVENT ID="5" TYPE="TRAIN_COLLISION"><EVENT-COREF-LINK EVENT_ID="0" ID="42" TYPE_REL="EVENT_COREF"/><W> पटरी </W><W> से </W><W> उतर </W><W> गईं। </W></MAN_MADE_EVENT><W> यह </W><MAN_MADE_EVENT ID="7" TYPE="TRAIN_COLLISION"><EVENT-COREF-LINK EVENT_ID="0" ID="43" TYPE_REL="EVENT_COREF"/><W> हादसा </W></MAN_MADE_EVENT><TIME-ARG ID="18"><LINK EVENT_ARG="7" ID="56" TYPE_REL="EVENT_ARG"/><W> सुबह </W><W> 3.58 </W><W> मिनट </W></TIME-ARG><W> पर </W><W> सहदेई </W><W> बुजुर्ग </W><W> में </W><W> हुआ। </W><W> जानकारी </W><W> के </W><W> अनुसार </W><W> अभी </W><W> तक </W><CASUALTIES-ARG ID="22"><LINK EVENT_ARG="7" ID="57" TYPE_REL="EVENT_ARG"/><W> 6 </W><W> लोगों </W><W> की </W><W> मौत </W></CASUALTIES-ARG><W> हो </W><W> चुकी </W><W> है </W><W> और </W><CASUALTIES-ARG ID="23"><LINK EVENT_ARG="7" ID="58" TYPE_REL="EVENT_ARG"/><W> कई </W><W> लोग </W><W> घायल </W></CASUALTIES-ARG><W> हुए </W><W> हैं। </W><AFTER_EFFECTS-ARG ID="24"><LINK EVENT_ARG="7" ID="59" TYPE_REL="EVENT_ARG"/><W> राहत </W><W> एवं </W><W> बचाव </W><W> का </W><W> कार्य </W><W> जारी </W></AFTER_EFFECTS-ARG><W> है। </W></P><P><AFTER_EFFECTS-ARG ID="25"><LINK EVENT_ARG="7" ID="60" TYPE_REL="EVENT_ARG"/><W> रेलवे </W><W> मरने </W><W> वाले </W><W> लोगों </W><W> के </W><W> परिवार </W><W> को </W><W> 5 </W><W> लाख </W><W> रुपये </W><W> जबकि </W><W> गंभीर </W><W> रूप </W><W> से </W><W> घायलों </W><W> को </W><W> एक </W><W> लाख </W><W> रुपये </W><W> और </W><W> घायलों </W><W> को </W><W> 50,000 </W><W> रुपये </W><W> देगा। </W></AFTER_EFFECTS-ARG><AFTER_EFFECTS-ARG ID="26"><LINK EVENT_ARG="7" ID="61" TYPE_REL="EVENT_ARG"/><W> सभी </W><W> चिकित्सा </W><W> व्यय </W><W> भी </W><W> रेलवे </W><W> द्वारा </W><W> वहन </W><W> किया </W><W> जाएगा। </W></AFTER_EFFECTS-ARG><W> बिहार </W><W> सरकार </W><W> ने </W><W> भी </W><W> मृतकों </W><W> और </W><W> घायलों </W><W> के </W><W> लिए </W><W> मुआवजे </W><W> का </W><W> ऐलान </W><W> किया </W><W> है। </W><AFTER_EFFECTS-ARG ID="27"><LINK EVENT_ARG="7" ID="62" TYPE_REL="EVENT_ARG"/><W> सरकार </W><W> मृतकों </W><W> के </W><W> परिजनों </W><W> को </W><W> 4 </W><W> लाख </W><W> रुपये </W><W> जबकि </W><W> घायलों </W><W> को </W><W> 50,000 </W><W> रुपये </W><W> देगी। </W></AFTER_EFFECTS-ARG></P><P><W> रेलवे </W><W> से </W><W> जुड़े </W><W> सूत्रों </W><W> ने </W><W> बताया </W><W> कि </W><PARTICIPANT-ARG ID="14"><LINK EVENT_ARG="8" ID="63" TYPE_REL="EVENT_ARG"/><W> सीमांचल </W><W> एक्सप्रेस </W><W> ट्रेन </W><W> संख्या </W><W> 12487 </W></PARTICIPANT-ARG><PLACE-ARG ID="64"><LINK EVENT_ARG="8" ID="67" TYPE_REL="EVENT_ARG"/><W> जोगबनी </W><W> से </W><W> आनंद </W><W> विहार </W></PLACE-ARG><W> आ </W><W> रही </W><W> थी। </W><TIME-ARG ID="19"><LINK EVENT_ARG="8" ID="68" TYPE_REL="EVENT_ARG"/><W> सुबह </W><W> के </W><W> 3.52 </W><W> मिनट </W></TIME-ARG><W> पर </W><PARTICIPANT-ARG ID="21"><LINK EVENT_ARG="8" ID="69" TYPE_REL="EVENT_ARG"/><W> ट्रेन </W></PARTICIPANT-ARG><W> ने </W><PLACE-ARG ID="65"><LINK EVENT_ARG="8" ID="70" TYPE_REL="EVENT_ARG"/><W> मेहनार </W><W> रोड </W></PLACE-ARG><W> को </W><W> पार </W><W> किया। </W><W> इसके </W><W> बाद </W><W> वह </W><TIME-ARG ID="20"><LINK EVENT_ARG="8" ID="72" TYPE_REL="EVENT_ARG"/><W> 3.58 </W><W> बजे </W></TIME-ARG><PLACE-ARG ID="71"><LINK EVENT_ARG="8" ID="73" TYPE_REL="EVENT_ARG"/><W> सहदेई </W><W> स्टेशन </W></PLACE-ARG><W> के </W><W> पास </W><W> पहुंची। </W><W> जहां </W><W> उसके </W><PARTICIPANT-ARG ID="15"><LINK EVENT_ARG="8" ID="74" TYPE_REL="EVENT_ARG"/><W> नौ </W><W> डिब्बे </W></PARTICIPANT-ARG><MAN_MADE_EVENT ID="8" TYPE="TRAIN_COLLISION"><EVENT-COREF-LINK EVENT_ID="0" ID="44" TYPE_REL="EVENT_COREF"/><W> पटरी </W><W> से </W><W> उतर </W><W> गए। </W></MAN_MADE_EVENT></P><P><MAN_MADE_EVENT ID="9" TYPE="TRAIN_COLLISION"><EVENT-COREF-LINK EVENT_ID="0" ID="45" TYPE_REL="EVENT_COREF"/><W> हादसे </W></MAN_MADE_EVENT><W> की </W><W> एक </W><W> पीड़ित </W><W> महिला </W><W> ने </W><W> बताया </W><W> कि </W><W> अचानक </W><W> जोर </W><W> से </W><W> आवाज </W><W> आई </W><W> और </W><W> शोर </W><W> होने </W><W> लगा। </W><PARTICIPANT-ARG ID="16"><LINK EVENT_ARG="9" ID="75" TYPE_REL="EVENT_ARG"/><W> सीमांचल </W><W> एक्सप्रेस </W></PARTICIPANT-ARG><W> के </W><W> बी3 </W><W> एसी </W><W> कोच </W><W> से </W><W> यात्रा </W><W> कर </W><W> रहीं </W><W> महिला </W><W> यात्री </W><W> ने </W><W> बताया </W><W> कि </W><W> हर </W><W> तरफ </W><W> सामान </W><W> और </W><W> यात्री </W><W> एक-दूसरे </W><W> के </W><W> ऊपर </W><W> गिरे </W><W> हुए </W><W> थे। </W><W> स्लीपर </W><W> में </W><W> सफर </W><W> कर </W><W> रहे </W><W> एक </W><W> यात्री </W><W> ने </W><W> बताया </W><W> कि </W><W> इस </W><MAN_MADE_EVENT ID="10" TYPE="TRAIN_COLLISION"><EVENT-COREF-LINK EVENT_ID="0" ID="46" TYPE_REL="EVENT_COREF"/><W> घटना </W></MAN_MADE_EVENT><W> में </W><CASUALTIES-ARG ID="39"><LINK EVENT_ARG="10" ID="76" TYPE_REL="EVENT_ARG"/><W> कई </W><W> लोगों </W><W> की </W><W> मौत </W></CASUALTIES-ARG><W> हो </W><W> गई </W><W> है </W><W> और </W><CASUALTIES-ARG ID="40"><LINK EVENT_ARG="10" ID="77" TYPE_REL="EVENT_ARG"/><W> काफी </W><W> बड़ी </W><W> संख्या </W><W> में </W><W> लोग </W><W> घायल </W></CASUALTIES-ARG><W> हुए </W><W> हैं। </W></P><P><W> सूत्रों </W><W> के </W><W> अनुसार </W><AFTER_EFFECTS-ARG ID="30"><LINK EVENT_ARG="10" ID="78" TYPE_REL="EVENT_ARG"/><W> सोनपुर </W><W> और </W><W> बरौनी </W><W> से </W><W> डॉक्टरों </W><W> की </W><W> एक </W><W> टीम </W><W> को </W><W> घटनास्थल </W><W> के </W><W> लिए </W><W> रवाना </W><W> कर </W><W> दिया </W><W> गया </W><W> है। </W></AFTER_EFFECTS-ARG><AFTER_EFFECTS-ARG ID="31"><LINK EVENT_ARG="10" ID="79" TYPE_REL="EVENT_ARG"/><W> घटनास्थल </W><W> पर </W><W> राहत </W><W> एवं </W><W> बचाव </W><W> का </W><W> कार्य </W><W> जारी </W><W> है। </W></AFTER_EFFECTS-ARG><AFTER_EFFECTS-ARG ID="32"><LINK EVENT_ARG="10" ID="80" TYPE_REL="EVENT_ARG"/><W> रेलवे </W><W> और </W><W> राज्य </W><W> प्रशासन </W><W> के </W><W> अलावा </W><W> एनडीआरएफ </W><W> की </W><W> टीम </W><W> भी </W><W> राहत </W><W> एवं </W><W> बचाव </W><W> के </W><W> कार्य </W><W> में </W><W> जुटी </W><W> हुई </W><W> है। </W></AFTER_EFFECTS-ARG><AFTER_EFFECTS-ARG ID="33"><LINK EVENT_ARG="10" ID="81" TYPE_REL="EVENT_ARG"/><W> राहत </W><W> ट्रेन </W><W> को </W><W> भी </W><W> घटनास्थल </W><W> के </W><W> लिए </W><W> रवाना </W><W> किया </W><W> गया </W><W> है। </W></AFTER_EFFECTS-ARG></P><P><AFTER_EFFECTS-ARG ID="34"><LINK EVENT_ARG="10" ID="82" TYPE_REL="EVENT_ARG"/><W> ट्रेन </W><W> के </W><W> अप्रभावित </W><W> 12 </W><W> कोच </W><W> को </W><W> हाजीपुर </W><W> के </W><W> लिए </W><W> रवाना </W><W> कर </W><W> दिया </W><W> गया </W><W> है </W></AFTER_EFFECTS-ARG><W> जहां </W><W> इसमें </W><W> अतिरिक्त </W><W> कोचों </W><W> को </W><W> जोड़ा </W><W> जाएगा </W><W> और </W><W> ट्रेन </W><W> को </W><W> आनंद </W><W> विहार </W><W> टर्मिनल </W><W> के </W><W> लिए </W><W> रवाना </W><W> किया </W><W> जाएगा। </W><AFTER_EFFECTS-ARG ID="35"><LINK EVENT_ARG="10" ID="83" TYPE_REL="EVENT_ARG"/><W> रेलवे </W><W> द्वारा </W><W> यात्रियों </W><W> के </W><W> लिए </W><W> हाजीपुर </W><W> और </W><W> पटना </W><W> में </W><W> खाने, </W><W> पानी </W><W> आदि </W><W> का </W><W> इंतजाम </W><W> किया </W><W> गया </W><W> है। </W></AFTER_EFFECTS-ARG></P><P><W> बिहार </W><W> के </W><W> मुख्यमंत्री </W><W> नीतीश </W><W> कुमार </W><W> ने </W><W> सीमांचल </W><W> एक्सप्रेस </W><W> के </W><MAN_MADE_EVENT ID="11" TYPE="TRAIN_COLLISION"><EVENT-COREF-LINK EVENT_ID="0" ID="47" TYPE_REL="EVENT_COREF"/><W> पटरी </W><W> से </W><W> उतरने </W><W> की </W><W> घटना </W></MAN_MADE_EVENT><W> पर </W><W> दुख </W><W> व्यक्त </W><W> किया </W><W> है। </W><W> उन्होंने </W><W> प्रशासन </W><W> को </W><W> आदेश </W><W> दिए </W><W> हैं </W><W> कि </W><W> वह </W><W> लोगों </W><W> को </W><W> हर </W><W> तरह </W><W> की </W><W> सहायता </W><W> मुहैया </W><W> करवाए </W></P><P><MAN_MADE_EVENT ID="12" TYPE="TRAIN_COLLISION"><EVENT-COREF-LINK EVENT_ID="0" ID="48" TYPE_REL="EVENT_COREF"/><W> रेल </W><W> हादसे </W></MAN_MADE_EVENT><W> को </W><W> लेकर </W><W> कांग्रेस </W><W> के </W><W> राष्ट्रीय </W><W> अध्यक्ष </W><W> राहुल </W><W> गांधी </W><W> ने </W><W> ट्विटर </W><W> पर </W><W> लिखा, </W><W> 'बिहार </W><W> में </W><W> हुए </W><MAN_MADE_EVENT ID="36" TYPE="TRAIN_COLLISION"><EVENT-COREF-LINK EVENT_ID="0" ID="49" TYPE_REL="EVENT_COREF"/><W> रेल </W><W> हादसे </W></MAN_MADE_EVENT><W> से </W><W> बहुत </W><W> आहत </W><W> हूं| </W><W> पीड़ित </W><W> परिवारों </W><W> के </W><W> प्रति </W><W> मैं </W><W> अपनी </W><W> गहरी </W><W> शोक </W><W> और </W><W> संवेदना </W><W> व्यक्त </W><W> करता </W><W> हूं। </W><W> स्थानीय </W><W> कांग्रेस </W><W> कार्यकर्ताओं </W><W> से </W><W> अनुरोध </W><W> है </W><W> कि </W><MAN_MADE_EVENT ID="50" TYPE="TRAIN_COLLISION"><EVENT-COREF-LINK EVENT_ID="0" ID="51" TYPE_REL="EVENT_COREF"/><W> दुर्घटना </W></MAN_MADE_EVENT><W> से </W><W> प्रभावित </W><W> परिवारों </W><W> की </W><W> हरसंभव </W><W> मदद </W><W> करें।' </W></P><P><W>   </W></P></DOCUMENT>