<?xml version="1.0" encoding="UTF-8"?>
<DOCUMENT><DESC/><TIME>787</TIME><P><MAN_MADE_EVENT ID="0" TYPE="TRAIN_COLLISION"><W> ट्रेन </W><W> हादसे </W></MAN_MADE_EVENT><W> का </W><W> खौफनाक </W><W> मंजर: </W><W> यात्री </W><W> बोले </W><W> । </W></P><P><PLACE-ARG ID="10"><LINK EVENT_ARG="1" ID="42" TYPE_REL="EVENT_ARG"/><W> बिहार </W><W> से </W><W> दिल्ली </W></PLACE-ARG><W> आ </W><W> रही </W><PARTICIPANT-ARG ID="19"><LINK EVENT_ARG="1" ID="43" TYPE_REL="EVENT_ARG"/><W> सीमांचल </W><W> एक्सप्रेस </W></PARTICIPANT-ARG><W> में </W><W> अपने-अपने </W><W> बर्थ </W><W> पर </W><W> सो </W><W> रहे </W><W> यात्रियों </W><W> ने </W><W> यह </W><W> सोचा </W><W> नहीं </W><W> होगा </W><W> कि </W><TIME-ARG ID="14"><LINK EVENT_ARG="1" ID="44" TYPE_REL="EVENT_ARG"/><W> रविवार </W><W> का </W><W> दिन </W></TIME-ARG><W> उनके </W><W> लिए </W><MAN_MADE_EVENT ID="1" TYPE="TRAIN_COLLISION"><EVENT-COREF-LINK EVENT_ID="0" ID="33" TYPE_REL="EVENT_COREF"/><W> हादसे </W></MAN_MADE_EVENT><W> का </W><TIME-ARG ID="15"><LINK EVENT_ARG="1" ID="45" TYPE_REL="EVENT_ARG"/><W> रविवार </W></TIME-ARG><W> बन </W><W> जाएगा। जोरदार </W><W> धमाकों </W><W> और </W><W> झटकों </W><W> ने </W><W> नींद </W><W> में </W><W> सो </W><W> रहे </W><W> यात्रियों </W><W> को </W><W> झकझोर </W><W> कर </W><W> जगा </W><W> दिया। </W></P><P><TIME-ARG ID="16"><LINK EVENT_ARG="2" ID="46" TYPE_REL="EVENT_ARG"/><W> रविवार </W><W> सुबह </W></TIME-ARG><W> दुर्घटनाग्रस्त </W><W> हुई </W><W> इस </W><PARTICIPANT-ARG ID="20"><LINK EVENT_ARG="2" ID="47" TYPE_REL="EVENT_ARG"/><W> ट्रेन </W></PARTICIPANT-ARG><W> के </W><W> यात्रियों </W><W> ने </W><MAN_MADE_EVENT ID="2" TYPE="TRAIN_COLLISION"><EVENT-COREF-LINK EVENT_ID="0" ID="34" TYPE_REL="EVENT_COREF"/><W> हादसे </W></MAN_MADE_EVENT><W> के </W><W> उन </W><W> खौफनाक </W><W> मंजर </W><W> को </W><W> याद </W><W> करते </W><W> हुए </W><W> दहल </W><W> जाते </W><W> हैं। </W><PLACE-ARG ID="11"><LINK EVENT_ARG="3" ID="48" TYPE_REL="EVENT_ARG"/><W> वैशाली </W><W> जिले </W><W> के </W><W> सहदेई </W><W> बुजुर्ग </W><W> ब्लॉक </W></PLACE-ARG><W> में </W><W> रहने </W><W> वाले </W><W> बसावन </W><W> सिंह </W><W> ने </W><W> बताया </W><W> कि </W><W> शुरू </W><W> में </W><W> उन्हें </W><W> यह </W><W> गलतफहमी </W><W> हुई </W><W> कि </W><W> यह </W><MAN_MADE_EVENT ID="3" TYPE="TRAIN_COLLISION"><EVENT-COREF-LINK EVENT_ID="0" ID="35" TYPE_REL="EVENT_COREF"/><W> हादसा </W></MAN_MADE_EVENT><W> नहीं </W><W> बल्कि </W><W> बम </W><W> विस्फोट </W><W> है।  </W></P><P><AFTER_EFFECTS-ARG ID="25"><LINK EVENT_ARG="3" ID="49" TYPE_REL="EVENT_ARG"/><W> ट्रेन </W><W> की </W><W> खिड़कियां </W><W> तोड़ </W><W> कर </W><W> बाहर </W><W> आए </W><W> लोग </W></AFTER_EFFECTS-ARG></P><P><W> 40 </W><W> वर्षीय </W><W> इमरती </W><W> देवी </W><TIME-ARG ID="17"><LINK EVENT_ARG="12" ID="50" TYPE_REL="EVENT_ARG"/><W> शनिवार </W><W> की </W><W> रात </W></TIME-ARG><W> किशनगंज </W><W> में </W><PARTICIPANT-ARG ID="21"><LINK EVENT_ARG="12" ID="51" TYPE_REL="EVENT_ARG"/><W> ट्रेन </W></PARTICIPANT-ARG><W> पर </W><W> सवार </W><W> हुईं </W><W> थी। </W><W> वह </W><W> जिस </W><W> बोगी </W><W> में </W><W> सवार </W><W> थी, </W><W> वह </W><W> भी </W><MAN_MADE_EVENT ID="12" TYPE="TRAIN_COLLISION"><EVENT-COREF-LINK EVENT_ID="0" ID="52" TYPE_REL="EVENT_COREF"/><W> पटरी </W><W> से </W><W> उतर </W><W> गई </W><W> थी, </W></MAN_MADE_EVENT><W> लेकिन </W><W> वह </W><W> सौभाग्यशाली </W><W> रहीं </W><W> कि </W><MAN_MADE_EVENT ID="4" TYPE="TRAIN_COLLISION"><EVENT-COREF-LINK EVENT_ID="0" ID="36" TYPE_REL="EVENT_COREF"/><W> हादसे </W></MAN_MADE_EVENT><W> में </W><W> जीवित </W><W> बच </W><W> गईं </W><W> और </W><W> उन्हें </W><W> कोई </W><W> चोट </W><W> नहीं </W><W> आई।  </W></P><P><W> उन्होंने </W><W> बताया </W><W> कि </W><W> ऊपर </W><W> वाले </W><W> बर्थ </W><W> पर </W><W> सोने </W><W> के </W><W> लिये </W><W> जाने </W><W> से </W><W> पहले </W><W> मैंने </W><W> बीच </W><W> वाले </W><W> बर्थ </W><W> पर </W><W> अपनी </W><W> सास </W><W> के </W><W> लिये </W><W> बिस्तर </W><W> बिछाया। </W><W> हमें </W><W> मालूम </W><W> था </W><W> कि </W><W> आनंद </W><W> विहार </W><W> टर्मिनस </W><W> पहुंचने </W><W> से </W><W> पहले </W><W> हमें </W><W> कोई </W><W> 24 </W><W> घंटे </W><W> का </W><W> लंबा </W><W> सफर </W><W> तय </W><W> करना </W><W> है, </W><W> इसलिए </W><W> हम </W><W> जल्दी </W><W> ही </W><W> सो </W><W> गए। </W><W>   </W></P><P><W> उन्होंने </W><W> बताया </W><W> कि </W><W> अचानक </W><W> मुझे </W><W> लगा </W><W> कि </W><W> मैं </W><W> धड़ाम </W><W> से </W><W> किसी </W><W> सख्त </W><W> सतह </W><W> पर </W><W> गिर </W><W> गई। </W><W> मेरे </W><W> कानों </W><W> में </W><W> जोरदार </W><W> धमाके </W><W> की </W><W> आवाज </W><W> गूंज </W><W> रही </W><W> थी। </W><W> मुझे </W><W> यह </W><W> समझने </W><W> में </W><W> कुछ </W><W> सेकंड </W><W> का </W><W> समय </W><W> लग </W><W> गया </W><W> कि </W><W> मैं </W><W> डब्बे </W><W> के </W><W> फर्श </W><W> पर </W><W> हूं।  </W></P><P><W> उन्होंने </W><W> बताया </W><W> कि </W><W> लोगों </W><W> ने </W><W> ट्रेन </W><W> की </W><W> खिड़कियों </W><W> को </W><W> तोड़ना </W><W> शुरू </W><W> कर </W><W> दिया </W><W> और </W><W> उसके </W><W> बीच </W><W> से </W><W> निकलने </W><W> लगे। </W><W> एक </W><W> व्यक्ति </W><W> ने </W><W> अंदर </W><W> मेरी </W><W> ओर </W><W> हाथ </W><W> बढ़ाकर </W><W> मुझे </W><W> डब्बे </W><W> से </W><W> बाहर </W><W> निकाला, </W><W> जहां </W><W> से </W><W> वह </W><W> खुद </W><W> भी </W><W> ट्रेन </W><W> से </W><W> बाहर </W><W> निकला </W><W> था।  </W></P><P><W> सास </W><W> की </W><W> मौत </W><W> के </W><W> अंदेशे </W><W> से </W><W> डर </W><W> गई </W></P><P><W> इमरती </W><W> देवी </W><W> ने </W><W> बताया, </W><W> मैंने </W><W> देखा </W><W> कि </W><W> कोच </W><W> तिरछी </W><W> पलटी </W><W> हुई </W><W> है। </W><W> बाहर </W><W> निकलकर </W><W> मैंने </W><W> अपनी </W><W> सास </W><W> को </W><W> पुकारना </W><W> शुरू </W><W> किया। </W><W> मैं </W><W> जोर-जोर </W><W> से </W><W> रो </W><W> रही </W><W> थी </W><W> क्योंकि </W><W> मुझे </W><W> अंदेशा </W><W> था </W><W> कि </W><MAN_MADE_EVENT ID="5" TYPE="TRAIN_COLLISION"><EVENT-COREF-LINK EVENT_ID="0" ID="37" TYPE_REL="EVENT_COREF"/><W> हादसे </W></MAN_MADE_EVENT><W> में </W><W> कहीं </W><W> उनकी </W><W> मौत </W><W> न </W><W> हो </W><W> गई </W><W> हो।  </W></P><P><W> करीब </W><W> डेढ़ </W><W> घंटे </W><W> बाद </W><W> मैंने </W><W> देखा </W><W> कि </W><W> कुछ </W><W> बचावकर्मी </W><W> मेरी </W><W> बजुर्ग </W><W> सास </W><W> को </W><W> सुरक्षित </W><W> बाहर </W><W> निकाल </W><W> रहे </W><W> हैं, </W><W> क्योंकि </W><W> वह </W><W> खुद </W><W> से </W><W> ट्रेन </W><W> से </W><W> बाहर </W><W> निकलने </W><W> में </W><W> असमर्थ </W><W> थीं। </W><W> आगे </W><W> उन्होंने </W><W> बताया </W><W> कि </W><W> उनकी </W><W> सास </W><W> रामेश्वरी </W><W> देवी </W><W> (65) </W><W> नीचे </W><W> फर्श </W><W> पर </W><W> बैठी </W><W> थीं </W><W> और </W><W> दम </W><W> साधे </W><W> ईश्वर </W><W> से </W><W> प्रार्थना </W><W> कर </W><W> रही </W><W> थीं। </W></P><P><MAN_MADE_EVENT ID="6" TYPE="TRAIN_COLLISION"><EVENT-COREF-LINK EVENT_ID="0" ID="38" TYPE_REL="EVENT_COREF"/><W> दुर्घटना </W></MAN_MADE_EVENT><W> के </W><W> बाद </W><AFTER_EFFECTS-ARG ID="26"><LINK EVENT_ARG="6" ID="53" TYPE_REL="EVENT_ARG"/><W> मदद </W><W> को </W><W> उठे </W><W> सैकड़ों </W><W> हाथ </W></AFTER_EFFECTS-ARG></P><P><W> एक </W><W> अन्य </W><W> स्थानीय </W><W> नागरिक </W><W> रामेश्वर </W><W> राय </W><W> ने </W><W> बताया </W><W> कि </W><W> सौभाग्य </W><W> से </W><W> दुर्घटना </W><W> स्थल </W><W> न </W><W> तो </W><W> दूर </W><W> दराज </W><W> के </W><W> इलाके </W><W> में </W><W> था </W><W> और </W><W> न </W><W> ही </W><W> वह </W><W> कम </W><W> घनी </W><W> आबादी </W><W> वाला </W><W> इलाका </W><W> था। </W><W> हमलोग </W><W> तुरंत </W><W> पीड़ितों </W><W> तक </W><W> पहुंचे। </W><W> हममें </W><W> से </W><W> कुछ </W><W> के </W><W> पास </W><W> गैस </W><W> कटर </W><W> थे।  </W></P><P><W> सुरक्षा </W><W> अधिकारी </W><W> अपने </W><W> पेशेवर </W><W> उपकरणों </W><W> के </W><W> साथ </W><W> घटनास्थल </W><W> पर </W><W> पहुंचते, </W><W> इससे </W><W> पहले </W><W> हमने </W><W> गैस </W><W> कटर </W><W> का </W><W> उपयोग </W><W> शुरू </W><W> कर </W><W> दिया। </W><W> उन्होंने </W><W> बताया, </W><W> कि </W><AFTER_EFFECTS-ARG ID="27"><LINK EVENT_ARG="6" ID="54" TYPE_REL="EVENT_ARG"/><W> कुछ </W><W> लोगों </W><W> को </W><W> पास </W><W> के </W><W> निजी </W><W> नर्सिंग </W><W> होम </W><W> में </W><W> भर्ती </W><W> कराया </W><W> गया </W><W> और </W><W> एंबुलेंस </W><W> भी </W><W> घटनास्थल </W><W> पर </W><W> भेजी </W><W> गयीं।  </W></AFTER_EFFECTS-ARG></P><P><MAN_MADE_EVENT ID="7" TYPE="TRAIN_COLLISION"><EVENT-COREF-LINK EVENT_ID="0" ID="39" TYPE_REL="EVENT_COREF"/><W> हादसे </W></MAN_MADE_EVENT><W> में </W><W> जीवित </W><W> बचे </W><W> लोग </W><W> और </W><W> स्थानीय </W><W> लोग </W><W> इसे </W><W> यात्रियों </W><W> का </W><W> सौभाग्य </W><W> बता </W><W> रहे </W><W> हैं </W><W> क्योंकि </W><W> इसकी </W><W> गंभीरता </W><W> को </W><W> देखते </W><W> हुए </W><W> और </W><W> लोगों </W><W> के </W><W> मारे </W><W> जाने </W><W> का </W><W> अंदेशा </W><W> था। </W></P><P><AFTER_EFFECTS-ARG ID="28"><LINK EVENT_ARG="7" ID="55" TYPE_REL="EVENT_ARG"/><W> घने </W><W> अंधेरे </W><W> में </W><W> मदद </W><W> को </W><W> निकले </W><W> स्थानीय </W><W> लोग  </W></AFTER_EFFECTS-ARG></P><P><W> बसावन </W><W> सिंह </W><W> ने </W><W> बताया </W><W> कि </W><W> जब </W><W> हमने </W><W> जोरदार </W><W> आवाज </W><W> सुनी </W><W> तब </W><W> हम </W><W> सभी </W><W> सो </W><W> रहे </W><W> थे। </W><W> शुरू </W><W> में </W><W> हमें </W><W> लगा </W><W> कि </W><W> कहीं </W><W> आस </W><W> पास </W><W> बम </W><W> धमाका </W><W> हुआ </W><W> है। </W><W> मैं </W><W> और </W><W> मेरे </W><W> पड़ोसी </W><W> लाठी-डंडों </W><W> के </W><W> साथ </W><W> अपने-अपने </W><W> घरों </W><W> से </W><W> निकले </W><W> और </W><W> आस-पास </W><W> का </W><W> जायजा </W><W> लिया।  </W></P><P><W> उन्होंने </W><W> बताया </W><W> कि </W><W> रेल </W><W> की </W><W> पटरी </W><W> कुछ </W><W> ही </W><W> दूरी </W><W> पर </W><W> थी। </W><W> हमें </W><W> तब </W><W> तक </W><W> आभास </W><W> हो </W><W> गया </W><W> था </W><W> वहां </W><W> ट्रेन </W><W> फंसी </W><W> हुई </W><W> है। </W><W> लेकिन </W><W> उस </W><W> वक्त </W><W> घना </W><W> अंधेरा </W><W> था </W><W> और </W><W> जो </W><W> कुछ </W><W> भी </W><W> हुआ </W><W> था </W><W> उसका </W><W> ठीक-ठीक </W><W> पता </W><W> लगाने </W><W> में </W><W> हमें </W><W> कुछ </W><W> समय </W><W> लग </W><W> गया। </W></P><P><AFTER_EFFECTS-ARG ID="29"><LINK EVENT_ARG="7" ID="56" TYPE_REL="EVENT_ARG"/><W> कई </W><W> ट्रेनें </W><W> रद्द, </W><W> कइयों </W><W> का </W><W> रूट </W><W> बदला </W></AFTER_EFFECTS-ARG></P><P><W> रेलवे </W><W> और </W><W> पुलिस </W><W> अधिकारियों </W><W> ने </W><W> बताया </W><W> कि </W><PARTICIPANT-ARG ID="22"><LINK EVENT_ARG="8" ID="57" TYPE_REL="EVENT_ARG"/><W> 12487 </W><W> जोगबनी-आनंद </W><W> विहार </W><W> सीमांचल </W><W> एक्सप्रेस </W><W> ट्रेन </W><W> के </W><W> 11 </W><W> डिब्बों </W></PARTICIPANT-ARG><W> के </W><MAN_MADE_EVENT ID="8" TYPE="TRAIN_COLLISION"><EVENT-COREF-LINK EVENT_ID="0" ID="40" TYPE_REL="EVENT_COREF"/><W> पटरी </W><W> से </W><W> उतर </W><W> जाने </W></MAN_MADE_EVENT><W> से </W><CASUALTIES-ARG ID="24"><LINK EVENT_ARG="8" ID="58" TYPE_REL="EVENT_ARG"/><W> 6 </W><W> लोगों </W><W> की </W><W> मौत </W><W> हो </W><W> गयी </W><W> जबकि </W><W> 29 </W><W> अन्य </W><W> घायल </W></CASUALTIES-ARG><W> हो </W><W> गए। </W><AFTER_EFFECTS-ARG ID="30"><LINK EVENT_ARG="8" ID="59" TYPE_REL="EVENT_ARG"/><W> कई </W><W> ट्रेनें </W><W> रद्द </W><W> कर </W><W> दी </W><W> गई </W><W> हैं, </W><W> जबकि </W><W> कई </W><W> डायवर्ट </W><W> की </W><W> गई </W><W> हैं। </W></AFTER_EFFECTS-ARG></P><P><W> पूर्व </W><W> मध्य </W><W> रेल </W><W> के </W><W> सीपीआरओ </W><W> राजेश </W><W> कुमार </W><W> ने </W><W> बताया </W><W> कि </W><MAN_MADE_EVENT ID="9" TYPE="TRAIN_COLLISION"><EVENT-COREF-LINK EVENT_ID="0" ID="60" TYPE_REL="EVENT_COREF"/><W> दुर्घटना </W></MAN_MADE_EVENT><TIME-ARG ID="18"><LINK EVENT_ARG="9" ID="61" TYPE_REL="EVENT_ARG"/><W> सुबह </W><W> करीब </W><W> चार </W><W> बजे </W></TIME-ARG><PLACE-ARG ID="13"><LINK EVENT_ARG="9" ID="62" TYPE_REL="EVENT_ARG"/><W> सोनपुर </W><W> खंड </W><W> में </W><W> महनार </W><W> रोड </W><W> के </W><W> समीप </W><W> सहदेई </W><W> बुजुर्ग </W></PLACE-ARG><W> में </W><W> हुई। </W><W> उन्होंने </W><W> बताया </W><W> कि </W><AFTER_EFFECTS-ARG ID="31"><LINK EVENT_ARG="9" ID="63" TYPE_REL="EVENT_ARG"/><W> मौके </W><W> पर </W><W> मदद </W><W> के </W><W> लिए </W><W> दुर्घटना </W><W> राहत </W><W> बचाव </W><W> ट्रेन </W><W> भेजी </W><W> गई </W><W> है। </W><W> बचाव </W><W> कार्य </W><W> जारी </W><W> है।  </W></AFTER_EFFECTS-ARG></P><P><W> रेल </W><W> मंत्री </W><W> पीयूष </W><W> गोयल </W><W> ने </W><MAN_MADE_EVENT ID="23" TYPE="TRAIN_COLLISION"><EVENT-COREF-LINK EVENT_ID="0" ID="41" TYPE_REL="EVENT_COREF"/><W> दुर्घटना </W></MAN_MADE_EVENT><W> में </W><AFTER_EFFECTS-ARG ID="32"><LINK EVENT_ARG="23" ID="64" TYPE_REL="EVENT_ARG"/><W> मारे </W><W> गये </W><W> लोगों </W><W> के </W><W> परिजन </W><W> को </W><W> पांच-पांच </W><W> लाख </W><W> रुपये </W><W> की </W><W> अनुग्रह </W><W> राशि, </W><W> गंभीर </W><W> रूप </W><W> से </W><W> घायलों </W><W> को </W><W> एक-एक </W><W> लाख </W><W> रुपये </W><W> और </W><W> मामूली </W><W> रूप </W><W> से </W><W> घायलों </W><W> को </W><W> 50-50 </W><W> हजार </W><W> रुपये </W><W> देने </W><W> की </W><W> घोषणा </W><W> की </W><W> है। </W></AFTER_EFFECTS-ARG></P></DOCUMENT>