<?xml version="1.0" encoding="UTF-8"?>
<DOCUMENT><DESC/><DESC/><TIME>2017</TIME><P><PLACE-ARG ID="15"><LINK EVENT_ARG="0" ID="17" TYPE_REL="EVENT_ARG"/><W> अंबालाः </W></PLACE-ARG><REASON-ARG ID="19"><LINK EVENT_ARG="0" ID="63" TYPE_REL="EVENT_ARG"/><W> घना </W><W> कोहरा </W><W> बना </W><W> 'काल', </W></REASON-ARG><MAN_MADE_EVENT ID="0" TYPE="VEHICULAR_COLLISION"><W> सड़क </W><W> हादसे </W></MAN_MADE_EVENT><W> में </W><CASUALTIES-ARG ID="20"><LINK EVENT_ARG="0" ID="62" TYPE_REL="EVENT_ARG"/><W> 7 </W><W> लोगों </W><W> की </W><W> मौत, </W><W> मरने </W><W> वालों </W><W> में </W><W> 3 </W><W> बच्चे </W><W> भी </W></CASUALTIES-ARG></P><P><PLACE-ARG ID="16"><LINK EVENT_ARG="1" ID="18" TYPE_REL="EVENT_ARG"/><W> नेशनल </W><W> हाईवे </W></PLACE-ARG><W> पर </W><TIME-ARG ID="21"><LINK EVENT_ARG="1" ID="41" TYPE_REL="EVENT_ARG"/><W> शनिवार </W><W> तड़के </W><W> चार </W><W> बजे </W></TIME-ARG><W> हुए </W><MAN_MADE_EVENT ID="1" TYPE="VEHICULAR_COLLISION"><EVENT-COREF-LINK EVENT_ID="0" ID="8" TYPE_REL="EVENT_COREF"/><W> सड़क </W><W> हादसे </W></MAN_MADE_EVENT><W> में </W><CASUALTIES-ARG ID="22"><LINK EVENT_ARG="1" ID="42" TYPE_REL="EVENT_ARG"/><W> सात </W><W> लोगों </W><W> की </W><W> जान </W><W> चली </W><W> गई। </W></CASUALTIES-ARG><CASUALTIES-ARG ID="23"><LINK EVENT_ARG="1" ID="43" TYPE_REL="EVENT_ARG"/><W> मरने </W><W> वालों </W><W> में </W><W> तीन </W><W> बच्चे </W><W> बताए </W></CASUALTIES-ARG><W> जा </W><W> रहे </W><W> हैं। </W><MAN_MADE_EVENT ID="2" TYPE="VEHICULAR_COLLISION"><EVENT-COREF-LINK EVENT_ID="0" ID="9" TYPE_REL="EVENT_COREF"/><W> हादसा </W></MAN_MADE_EVENT><PLACE-ARG ID="25"><LINK EVENT_ARG="2" ID="44" TYPE_REL="EVENT_ARG"/><W> हरियाणा </W><W> में </W><W> अंबाला-दिल्ली </W><W> हाईवे </W><W> पर </W><W> बलदेव </W><W> नगर </W><W> इलाके </W></PLACE-ARG><W> में </W><W> हुआ। </W><MAN_MADE_EVENT ID="3" TYPE="VEHICULAR_COLLISION"><EVENT-COREF-LINK EVENT_ID="0" ID="10" TYPE_REL="EVENT_COREF"/><W> हादसे </W></MAN_MADE_EVENT><W> का </W><W> कारण </W><REASON-ARG ID="24"><LINK EVENT_ARG="3" ID="45" TYPE_REL="EVENT_ARG"/><W> घना </W><W> कोहरा </W></REASON-ARG><W> बताया </W><W> जा </W><W> रहा </W><W> है। </W></P><P><W> जानकारी </W><W> के </W><W> अनुसार, सड़क </W><W> पर </W><W> खड़ी </W><PARTICIPANT-ARG ID="46"><LINK EVENT_ARG="4" ID="47" TYPE_REL="EVENT_ARG"/><W> दो </W><W> गाड़ियों </W></PARTICIPANT-ARG><W> को </W><PARTICIPANT-ARG ID="27"><LINK EVENT_ARG="4" ID="48" TYPE_REL="EVENT_ARG"/><W> अज्ञात </W><W> वाहन </W></PARTICIPANT-ARG><W> ने </W><MAN_MADE_EVENT ID="4" TYPE="VEHICULAR_COLLISION"><EVENT-COREF-LINK EVENT_ID="0" ID="11" TYPE_REL="EVENT_COREF"/><W> टक्कर </W><W> मार </W><W> दी। </W></MAN_MADE_EVENT><MAN_MADE_EVENT ID="5" TYPE="VEHICULAR_COLLISION"><EVENT-COREF-LINK EVENT_ID="0" ID="12" TYPE_REL="EVENT_COREF"/><W> टक्कर </W></MAN_MADE_EVENT><W> इतनी </W><W> जोरदार </W><W> थी </W><W> कि </W><AFTER_EFFECTS-ARG ID="28"><LINK EVENT_ARG="5" ID="49" TYPE_REL="EVENT_ARG"/><W> दोनों </W><W> गाड़ियों </W><W> के </W><W> परखच्चे </W><W> उड़ </W><W> गए। </W></AFTER_EFFECTS-ARG><W> वहीं </W><CASUALTIES-ARG ID="29"><LINK EVENT_ARG="5" ID="50" TYPE_REL="EVENT_ARG"/><W> गाड़ियों </W><W> में </W><W> सवार </W><W> लोग </W><W> गंभीर </W><W> रूप </W><W> से </W><W> घायल </W></CASUALTIES-ARG><W> हो </W><W> गए। </W><W> चीख </W><W> पुकार </W><W> की </W><W> आवाज </W><W> सुनकर </W><AFTER_EFFECTS-ARG ID="30"><LINK EVENT_ARG="5" ID="51" TYPE_REL="EVENT_ARG"/><W> आसपास </W><W> लोग </W><W> दौड़े </W><W> आए </W><W> और </W><W> घायलों </W><W> को </W><W> निकाला। </W></AFTER_EFFECTS-ARG></P><P><W> पुलिस </W><W> को </W><W> भी </W><W> खबर </W><W> दी </W><W> गई। </W><AFTER_EFFECTS-ARG ID="31"><LINK EVENT_ARG="5" ID="52" TYPE_REL="EVENT_ARG"/><W> पुलिस </W><W> टीम </W><W> ने </W><W> मौके </W><W> पर </W><W> पहुंचकर </W><W> घायलों </W><W> को </W><W> जिला </W><W> अस्पताल </W><W> पहुंचाया, </W></AFTER_EFFECTS-ARG><W> जहां </W><W> प्राथमिक </W><W> जांच </W><W> के </W><W> बाद </W><CASUALTIES-ARG ID="32"><LINK EVENT_ARG="5" ID="53" TYPE_REL="EVENT_ARG"/><W> सात </W><W> लोगों </W><W> को </W><W> मृत </W><W> घोषित </W></CASUALTIES-ARG><W> कर </W><W> दिया </W><W> गया। </W><CASUALTIES-ARG ID="33"><LINK EVENT_ARG="5" ID="54" TYPE_REL="EVENT_ARG"/><W> मरने </W><W> वालों </W><W> में </W><W> तीन </W><W> बच्चे </W></CASUALTIES-ARG><W> भी </W><W> हैं। </W><AFTER_EFFECTS-ARG ID="34"><LINK EVENT_ARG="5" ID="55" TYPE_REL="EVENT_ARG"/><W> पुलिस </W><W> ने </W><W> अज्ञात </W><W> वाहन </W><W> चालक </W><W> के </W><W> खिलाफ </W><W> मामला </W><W> दर्ज </W><W> कर </W><W> जांच </W><W> शुरू </W><W> कर </W><W> दी </W><W> है। </W></AFTER_EFFECTS-ARG></P><P><W>   </W></P><P><W> जानकारी </W><W> के </W><W> मुताबिक, </W><W> सभी </W><W> आपस </W><W> में </W><W> जानकार </W><W> थे </W><W> और </W><W> टवेरा </W><W> गाडी </W><W> न0 </W><W> एचआर68- </W><W> 5015 </W><W> व </W><W> सीएच04 </W><W> एच-5002 </W><W> में </W><W> सवार </W><W> होकर </W><W> चंडीगढ़ </W><W> से </W><W> वृंदावन </W><W> के </W><W> लिए </W><W> निकले </W><W> थे। </W><W> लेकिन </W><W> अम्बाला </W><W> में </W><W> एक </W><W> गाड़ी </W><W> खराब </W><W> हो </W><W> गई, </W><W> तो </W><W> दोनों </W><W> गाड़ियां </W><W> सड़क </W><W> किनारे </W><W> लगा </W><W> दी </W><W> गई। </W><W> इस </W><W> दौरान </W><W> पीछे </W><W> से </W><W> आ </W><W> रहे </W><W> एक </W><PARTICIPANT-ARG ID="35"><LINK EVENT_ARG="6" ID="56" TYPE_REL="EVENT_ARG"/><W> अज्ञात </W><W> वाहन </W></PARTICIPANT-ARG><W> ने </W><W> गाड़ियों </W><W> को </W><MAN_MADE_EVENT ID="6" TYPE="VEHICULAR_COLLISION"><EVENT-COREF-LINK EVENT_ID="0" ID="13" TYPE_REL="EVENT_COREF"/><W> टक्कर </W><W> मार </W><W> दी। </W></MAN_MADE_EVENT></P><P><MAN_MADE_EVENT ID="7" TYPE="VEHICULAR_COLLISION"><EVENT-COREF-LINK EVENT_ID="0" ID="14" TYPE_REL="EVENT_COREF"/><W> हादसे </W></MAN_MADE_EVENT><W> में </W><CASUALTIES-ARG ID="36"><LINK EVENT_ARG="7" ID="57" TYPE_REL="EVENT_ARG"/><W> कविता </W><W> कपूर </W><W> उम्र </W><W> 36 </W><W> साल </W><W> पत्नी </W><W> राजेश </W><W> कपूर, </W><W> रंजना </W><W> उम्र </W><W> करीब </W><W> 18 </W><W> साल </W><W> पुत्री </W><W> राजेश, </W><W> हर्षिता </W><W> उम्र </W><W> करीब </W><W> 9 </W><W> साल </W><W> पुत्री </W><W> राजेश, </W><W> आशा </W><W> रानी </W><W> उम्र </W><W> 46 </W><W> साल </W><W> पत्नी </W><W> स्वर्गीय </W><W> गुरदीप </W><W> सिंह, </W><W> पीयूष </W><W> उम्र </W><W> करीब </W><W> 5 </W><W> साल, </W><W> निवासी </W><W> मकान </W><W> न0 </W><W> 73ए </W><W> सेक्टर </W><W> 30 </W><W> चंडीगढ़ </W><W> घायल </W></CASUALTIES-ARG><W> हो </W><W> गए। </W><CASUALTIES-ARG ID="37"><LINK EVENT_ARG="7" ID="58" TYPE_REL="EVENT_ARG"/><W> चालक </W><W> सुरेश </W><W> कुमार, </W><W> सुनीता, </W><W> रेणुका </W><W> शर्मा </W><W> और </W><W> पलक </W><W> निवासी </W><W> चंडीगढ़ </W><W> को </W><W> भी </W><W> चोटें </W><W> आईं। </W></CASUALTIES-ARG></P><P><AFTER_EFFECTS-ARG ID="38"><LINK EVENT_ARG="7" ID="59" TYPE_REL="EVENT_ARG"/><W> सभी </W><W> को </W><W> घायल </W><W> अवस्था </W><W> मे </W><W> सिविल </W><W> हस्पताल </W><W> अम्बाला </W><W> लाया </W><W> गया, </W></AFTER_EFFECTS-ARG><W> जहां </W><CASUALTIES-ARG ID="39"><LINK EVENT_ARG="7" ID="60" TYPE_REL="EVENT_ARG"/><W> कविता </W><W> कपूर, </W><W> रंजना, </W><W> हर्षिता, </W><W> आशा </W><W> रानी, </W><W> पीयूष </W><W> व </W><W> गाडी </W><W> न0 </W><W> एचआर68- </W><W> 5015 </W><W> के </W><W> चालक </W><W> सुरेश </W><W> कुमार </W><W> उम्र </W><W> 45 </W><W> साल </W><W> की </W><W> मौत </W></CASUALTIES-ARG><W> हो </W><W> गई। </W><W> वहीं </W><AFTER_EFFECTS-ARG ID="40"><LINK EVENT_ARG="7" ID="61" TYPE_REL="EVENT_ARG"/><W> घायल </W><W> सुनीता, </W><W> रेणुका </W><W> शर्मा </W><W> और </W><W> पलक </W><W> को </W><W> पीजीआई </W><W> चंडीगढ़ </W><W> रेफर </W><W> कर </W><W> दिया </W><W> गया। </W></AFTER_EFFECTS-ARG></P></DOCUMENT>