<?xml version="1.0" encoding="UTF-8"?>
<DOCUMENT><DESC/><TIME>270</TIME><P><PLACE-ARG ID="0"><LINK EVENT_ARG="2" ID="9" TYPE_REL="EVENT_ARG"/><W> स्पेन </W></PLACE-ARG><W> में </W><NATURAL_EVENT ID="2" TYPE="FLOODS"><W> बाढ़, </W></NATURAL_EVENT><CASUALTIES-ARG ID="5"><LINK EVENT_ARG="2" ID="10" TYPE_REL="EVENT_ARG"/><W> सात </W><W> लोगों </W><W> की </W><W> मौत </W></CASUALTIES-ARG></P><P><PLACE-ARG ID="1"><LINK EVENT_ARG="3" ID="11" TYPE_REL="EVENT_ARG"/><W> स्पेन </W><W> के </W><W> दक्षिणी </W><W> इलाकों </W></PLACE-ARG><W> में </W><W> भारी </W><W> बारिश </W><W> के </W><W> बाद </W><W> आयी </W><NATURAL_EVENT ID="3" TYPE="FLOODS"><EVENT-COREF-LINK EVENT_ID="2" ID="15" TYPE_REL="EVENT_COREF"/><W> बाढ़ </W></NATURAL_EVENT><W> में </W><W> कम </W><W> से </W><W> कम </W><CASUALTIES-ARG ID="6"><LINK EVENT_ARG="3" ID="12" TYPE_REL="EVENT_ARG"/><W> सात </W><W> लोग </W><W> मारे </W><W> गए </W></CASUALTIES-ARG><W> हैं </W><W> जबकि </W><W> सैकड़ों </W><W> लोगों </W><W> को </W><W> सुरक्षित </W><W> स्थानों </W><W> पर </W><W> पहुंचाया </W><W> गया </W><W> है। </W><W> आपातकालीन </W><W> सेवाओं </W><W> के </W><W> मुताबिक </W><W> देश </W><W> के </W><W> दक्षिण </W><W> इलाके </W><W> में </W><W> अंडालूसिया </W><W> और </W><W> मूर्सिया </W><W> क्षेत्रों </W><W> में </W><NATURAL_EVENT ID="4" TYPE="FLOODS"><EVENT-COREF-LINK EVENT_ID="2" ID="16" TYPE_REL="EVENT_COREF"/><W> बाढ़ </W></NATURAL_EVENT><W> ने </W><W> अपना </W><W> कहर </W><W> बरपाया </W><W> है। </W><NATURAL_EVENT ID="8" TYPE="FLOODS"><EVENT-COREF-LINK EVENT_ID="2" ID="17" TYPE_REL="EVENT_COREF"/><W> वर्षाजनित </W><W> आपदाओं </W></NATURAL_EVENT><W> में </W><W> अब </W><W> तक </W><CASUALTIES-ARG ID="7"><LINK EVENT_ARG="8" ID="14" TYPE_REL="EVENT_ARG"/><W> सात </W><W> लोग </W><W> मारे </W><W> गए </W></CASUALTIES-ARG><W> हैं। </W><W> इनमें </W><W> से </W><W> चार </W><W> लोगों </W><W> की </W><W> मौत </W><W> देश </W><W> के </W><W> प्रमुख </W><W> तटीय </W><W> पर्यटक </W><W> स्थलों </W><W> मलागा </W><W> और </W><W> अलमेरिया </W><W> में </W><W> हुई </W><W> है। </W></P></DOCUMENT>