<?xml version="1.0" encoding="UTF-8"?>
<DOCUMENT><DESC/><TIME>8435</TIME><P><PLACE-ARG ID="0"><LINK EVENT_ARG="2" ID="11" TYPE_REL="EVENT_ARG"/><W> सियाचीन </W></PLACE-ARG><W> में </W><TIME-ARG ID="1"><LINK EVENT_ARG="2" ID="12" TYPE_REL="EVENT_ARG"/><W> बुधवार </W></TIME-ARG><W> को </W><NATURAL_EVENT ID="2" TYPE="AVALANCHES"><W> हिमसख्‍लन </W></NATURAL_EVENT><W> के </W><W> चलते </W><CASUALTIES-ARG ID="3"><LINK EVENT_ARG="2" ID="13" TYPE_REL="EVENT_ARG"/><W> बर्फ </W><W> में </W><W> फंसे </W><W> सभी </W><W> 10 </W><W> जवानों </W><W> को </W><W> मृत </W><W> घोषित </W></CASUALTIES-ARG><W> कर </W><W> दिया </W><W> है। </W><NATURAL_EVENT ID="4" TYPE="AVALANCHES"><EVENT-COREF-LINK EVENT_ID="2" ID="19" TYPE_REL="EVENT_COREF"/><W> हिमस्‍ख्‍लन </W></NATURAL_EVENT><W> में </W><CASUALTIES-ARG ID="5"><LINK EVENT_ARG="4" ID="14" TYPE_REL="EVENT_ARG"/><W> एक </W><W> जूनियर </W><W> कमीशन </W><W> ऑफिसर </W><W> और </W><W> 19 </W><W> मद्रास </W><W> बटालियन </W><W> के </W><W> नौ </W><W> जवान </W><W> फंसे </W></CASUALTIES-ARG><W> थे। </W><W> बुधवार </W><W> को </W><W> अलसुबह </W><W> आर्मी </W><W> पोस्‍ट </W><NATURAL_EVENT ID="6" TYPE="AVALANCHES"><EVENT-COREF-LINK EVENT_ID="2" ID="18" TYPE_REL="EVENT_COREF"/><W> हिमस्‍ख्‍लन </W></NATURAL_EVENT><W> की </W><W> चपेट </W><W> में </W><W> आ </W><W> गई </W><W> थी। </W><NATURAL_EVENT ID="7" TYPE="AVALANCHES"><EVENT-COREF-LINK EVENT_ID="2" ID="17" TYPE_REL="EVENT_COREF"/><W> हिमस्‍खलन </W></NATURAL_EVENT><W> की </W><W> घटना </W><W> 19600 </W><W> फीट </W><W> की </W><W> ऊंचाई </W><W> पर </W><W> हुई। </W><W> जनरल </W><W> ऑफिसर </W><W> कमांडिंग </W><W> इन </W><W> चीफ </W><W> लेफ्टिनेंट </W><W> जनरल </W><W> डीएस </W><W> हुड्डा </W><W> ने </W><W> इस </W><W> हादसे </W><W> पर </W><W> दुख </W><W> जताते </W><W> हुए </W><W> बताया </W><W> कि, </W><W> यह </W><W> दुखद </W><W> घटना </W><W> है। </W><W> हम </W><W> उन </W><W> सभी </W><W> सैनिकों </W><W> को </W><W> सलाम </W><W> करते </W><W> हैं </W><W> जिन्‍होंने </W><W> सभी </W><W> चुनौतियों </W><W> पर </W><W> काबू </W><W> पाते </W><W> हुए </W><W> सीमाओं </W><W> की </W><W> रक्षा </W><W> की </W><W> और </W><W> ड्यूटी </W><W> पर </W><W> बलिदान </W><W> दिया।’ </W></P><P><W> उधमपुर </W><W> में </W><W> नॉर्दर्न </W><W> कमांड </W><W> में </W><W> रक्षा </W><W> मंत्रालय </W><W> के </W><W> प्रवक्‍ता </W><W> कर्नल </W><W> एसडी </W><W> गोस्‍वामी </W><W> ने </W><W> बताया </W><W> कि, </W><W> घटना </W><W> के </W><W> बाद </W><W> लेह </W><W> से </W><W> रेस्‍क्‍यू </W><W> ऑपरेशन </W><W> के </W><W> लिए </W><W> स्‍पेशल </W><W> इक्विपमेंट </W><W> के </W><W> साथ </W><W> टीमों </W><W> को </W><W> भेजा </W><W> गया। </W><W> सेना </W><W> और </W><W> वायुसेना </W><W> की </W><W> इन </W><W> टीमों </W><W> ने </W><W> दूसरे </W><W> दिन </W><W> भी </W><W> राहत </W><W> कार्य </W><W> जारी </W><W> रखा।’ </W><W> उन्‍होंने </W><W> बताया </W><W> कि, </W><W> ‘रेस्‍क्‍यू </W><W> टीमाें </W><W> को </W><W> विपरीत </W><W> मौसम </W><W> का </W><W> सामना </W><W> करना </W><W> पड़ा। </W><W> हालांकि </W><W> गहरे </W><W> दुख </W><W> के </W><W> साथ </W><W> कहना </W><W> पड़ </W><W> रहा </W><W> है </W><W> कि </W><W> अब </W><W> वहां </W><W> से </W><W> किसी </W><W> को </W><W> भी </W><W> बचा </W><W> पाने </W><W> की </W><W> संभावना </W><W> नगण्‍य </W><W> है।’ </W></P><P><W> गौरतलब </W><W> है </W><W> कि </W><W> जिस </W><W> जगह </W><W> पर </W><NATURAL_EVENT ID="9" TYPE="AVALANCHES"><EVENT-COREF-LINK EVENT_ID="2" ID="16" TYPE_REL="EVENT_COREF"/><W> हादसा </W></NATURAL_EVENT><W> हुआ </W><W> वहां </W><W> पर </W><AFTER_EFFECTS-ARG ID="8"><LINK EVENT_ARG="9" ID="15" TYPE_REL="EVENT_ARG"/><W> रात </W><W> का </W><W> तापमान </W><W> माइनस </W><W> 42 </W><W> डिग्री </W><W> तक </W><W> गिर </W><W> जाता </W><W> है। </W></AFTER_EFFECTS-ARG><W> जबकि </W><W> दिन </W><W> का </W><W> तापमान </W><W> भी </W><W> माइनस </W><W> 25 </W><W> डिग्री </W><W> रहता </W><W> है। </W><W> सियाचीन </W><W> ग्‍लेशियर </W><W> दुनिया </W><W> का </W><W> सबसे </W><W> ऊंचा </W><W> युद्धक्षेत्र </W><W> है। </W><W> 1984 </W><W> में </W><W> भारतीय </W><W> सेना </W><W> ने </W><W> ऑपरेशन </W><W> मेघदूत </W><W> चलाकर </W><W> पाकिस्‍तानी </W><W> सेना </W><W> को </W><W> यहां </W><W> से </W><W> भगाया </W><W> था। </W><W> इसके </W><W> बाद </W><W> से </W><W> यहां </W><W> पर </W><W> भारतीय </W><W> सेना </W><W> तैनात </W><W> रहती </W><W> है। </W></P></DOCUMENT>