<?xml version="1.0" encoding="UTF-8"?>
<DOCUMENT><P><MAN_MADE_EVENT ID="0" TYPE="FIRE"><EVENT-COREF-LINK EVENT_ID="1" ID="24" TYPE_REL="EVENT_COREF"/><W> आग </W></MAN_MADE_EVENT><W> से </W><AFTER_EFFECTS-ARG ID="13"><LINK EVENT_ARG="0" ID="16" TYPE_REL="EVENT_ARG"/><W> छह </W><W> लाख </W><W> की </W><W> संपत्ति </W><W> राख </W></AFTER_EFFECTS-ARG></P><P><W> जानकारी </W><W> के </W><W> मुताबिक </W><TIME-ARG ID="6"><LINK EVENT_ARG="1" ID="20" TYPE_REL="EVENT_ARG"/><W> बुधवार </W></TIME-ARG><TIME-ARG ID="7"><LINK EVENT_ARG="1" ID="19" TYPE_REL="EVENT_ARG"/><W> रात </W></TIME-ARG><W> अचानक </W><PLACE-ARG ID="9"><LINK EVENT_ARG="1" ID="18" TYPE_REL="EVENT_ARG"/><W> गांव </W></PLACE-ARG><W> निवासी </W><PARTICIPANT-ARG ID="11"><LINK EVENT_ARG="1" ID="17" TYPE_REL="EVENT_ARG"/><W> शंभू </W><W> चौहान </W><W> के </W><W> घर </W></PARTICIPANT-ARG><W> से </W><MAN_MADE_EVENT ID="1" TYPE="FIRE"><W> आग </W><W> की </W><W> लपटें </W></MAN_MADE_EVENT><W> उठना </W><W> शुरू </W><W> हो </W><W> गईं। </W><W> यह </W><W> देख </W><W> गुहार </W><W> मचाते </W><W> हुए </W><W> परिवारीजन </W><W> बाहर </W><W> भागे। </W><W> गुहार </W><W> पर </W><W> बड़ी </W><W> संख्या </W><W> में </W><W> ग्रामीण </W><W> मौके </W><W> पर </W><W> एकत्र </W><W> हो </W><W> गए। </W><W> उन्होंने </W><MAN_MADE_EVENT ID="2" TYPE="FIRE"><EVENT-COREF-LINK EVENT_ID="1" ID="25" TYPE_REL="EVENT_COREF"/><W> आग </W></MAN_MADE_EVENT><W> पर </W><W> काबू </W><W> पाने </W><W> का </W><W> प्रयास </W><W> शुरू </W><W> किया, </W><W> लेकिन </W><W> आग </W><W> थमने </W><W> का </W><W> नाम </W><W> ही </W><W> नहीं </W><W> ले </W><W> रही </W><W> थी। </W><W> देखते </W><W> ही </W><W> देखते </W><MAN_MADE_EVENT ID="3" TYPE="FIRE"><EVENT-COREF-LINK EVENT_ID="1" ID="28" TYPE_REL="EVENT_COREF"/><W> आग </W></MAN_MADE_EVENT><W> ने </W><W> इर्दगिर्द </W><W> के </W><W> भी </W><PARTICIPANT-ARG ID="12"><LINK EVENT_ARG="3" ID="23" TYPE_REL="EVENT_ARG"/><W> घरों </W></PARTICIPANT-ARG><W> को </W><W> अपनी </W><W> चपेट </W><W> में </W><W> ले </W><W> लिया। </W><W> इससे </W><W> गांव </W><W> में </W><W> अफरातफरी </W><W> मच </W><W> गई। </W><W> लगभग </W><W> डेढ़ </W><W> घंटे </W><W> के </W><W> अथक </W><W> प्रयास </W><W> के </W><W> बाद </W><MAN_MADE_EVENT ID="4" TYPE="FIRE"><EVENT-COREF-LINK EVENT_ID="1" ID="26" TYPE_REL="EVENT_COREF"/><W> आग </W></MAN_MADE_EVENT><W> पर </W><W> काबू </W><W> पाया </W><W> जा </W><W> सका, </W><W> लेकिन </W><W> तब </W><W> तक </W><AFTER_EFFECTS-ARG ID="14"><LINK EVENT_ARG="4" ID="21" TYPE_REL="EVENT_ARG"/><W> शंभू </W><W> के </W><W> अलावा </W><W> बुधई, </W><W> शेषभान, </W><W> धर्मेंद्र, </W><W> देवेंद्र, </W><W> पुरुषोत्तम </W><W> की </W><W> पूरी </W><W> गृहस्थी </W><W> जलकर </W><W> राख </W></AFTER_EFFECTS-ARG><W> हो </W><W> चुकी </W><W> थी। </W><MAN_MADE_EVENT ID="5" TYPE="FIRE"><EVENT-COREF-LINK EVENT_ID="1" ID="27" TYPE_REL="EVENT_COREF"/><W> आग </W></MAN_MADE_EVENT><W> से </W><AFTER_EFFECTS-ARG ID="15"><LINK EVENT_ARG="5" ID="22" TYPE_REL="EVENT_ARG"/><W> लगभग </W><W> 6 </W><W> लाख </W><W> रुपये </W><W> की </W><W> हानि </W></AFTER_EFFECTS-ARG><W> हुई। </W><W> पूर्व </W><W> प्रधान </W><W> श्यामनरायन </W><W> ने </W><W> मामले </W><W> की </W><W> जानकारी </W><W> एसडीएम </W><W> को </W><W> दी, </W><W> लेकिन </W><W> समाचार </W><W> प्रेषण </W><W> तक </W><W> कोई </W><W> भी </W><W> अधिकारी </W><W> व </W><W> जनप्रतिनिधि </W><W> घटनास्थल </W><W> पर </W><W> नहीं </W><W> पहुंच </W><W> सका। </W><W> नतीजा </W><W> यह </W><W> रहा </W><W> कि </W><W> पूरी </W><W> गृहस्थी </W><W> खाक </W><W> होने </W><W> के </W><W> चलते </W><W> पीड़ित </W><W> खुले </W><W> आसमान </W><W> के </W><W> नीचे </W><W> रहने </W><W> को </W><W> मजबूर </W><W> हो </W><W> रहे </W><W> हैं। </W><W> उपेक्षा </W><W> से </W><W> ग्रामीणों </W><W> में </W><W> अधिकारियों </W><W> व </W><W> जनप्रतिनिधियों </W><W> के </W><W> प्रति </W><W> नाराजगी </W><W> व्याप्त </W><W> है। </W><W> उनका </W><W> कहना </W><W> है </W><W> कि </W><W> कमजोर </W><W> वर्ग </W><W> के </W><W> लोगों </W><W> की </W><W> समस्याओं </W><W> को </W><W> लेकर </W><W> कोई </W><W> भी </W><W> गंभीर </W><W> नहीं </W><W> है। </W><W> उधर </W><W> एसडीएम </W><W> नरेंद्र </W><W> सिंह </W><W> ने </W><W> बताया </W><W> कि </W><W> जानकारी </W><W> मिली </W><W> है। </W><W> राजस्वकर्मियों </W><W> को </W><W> भेजकर </W><W> क्षति </W><W> का </W><W> आंकलन </W><W> कर </W><W> रिपोर्ट </W><W> दिए </W><W> जाने </W><W> का </W><W> निर्देश </W><W> दिया </W><W> गया </W><W> है। </W></P></DOCUMENT>