<?xml version="1.0" encoding="UTF-8"?>
<DOCUMENT><DESC/><TIME>1914</TIME><P><W> उच्च </W><W> हिमालयी </W><W> क्षेत्र </W><W> में </W><W> आधी </W><W> रात </W><W> को </W><W> आया </W><W> बर्फीला </W><W> तूफान, </W><W> तेज </W><W> हवाओं </W><W> से </W><W> कई </W><W> घरों </W><W> की </W><W> छत </W><W> उड़ी </W></P><P><PLACE-ARG ID="0"><LINK EVENT_ARG="4" ID="12" TYPE_REL="EVENT_ARG"/><W> उच्च </W><W> हिमालयी </W><W> क्षेत्रों </W></PLACE-ARG><W> में </W><TIME-ARG ID="2"><LINK EVENT_ARG="4" ID="13" TYPE_REL="EVENT_ARG"/><W> रविवार </W><W> रात </W><W> दो </W><W> बजे </W></TIME-ARG><NATURAL_EVENT ID="4" TYPE="BLIZZARD"><W> बर्फीला </W><W> तूफान </W></NATURAL_EVENT><W> आ </W><W> गया। </W><W> हालांकि </W><W> इससे </W><W> किसी </W><W> प्रकार </W><W> के </W><W> नुकसान </W><W> की </W><W> सूचना </W><W> नहीं </W><W> है। </W><W> साफ </W><W> मौसम </W><W> के </W><W> बीच </W><W> आए </W><NATURAL_EVENT ID="3" TYPE="BLIZZARD"><EVENT-COREF-LINK EVENT_ID="4" ID="24" TYPE_REL="EVENT_COREF"/><W> बर्फीले </W><W> तूफान </W></NATURAL_EVENT><W> के </W><W> बाद </W><AFTER_EFFECTS-ARG ID="5"><LINK EVENT_ARG="3" ID="14" TYPE_REL="EVENT_ARG"/><W> निचले </W><W> इलाकों </W><W> में </W><W> भी </W><W> सर्द </W><W> हवाएं </W><W> चल </W><W> रही </W></AFTER_EFFECTS-ARG><W> हैं। </W></P><P><PLACE-ARG ID="7"><LINK EVENT_ARG="15" ID="16" TYPE_REL="EVENT_ARG"/><W> पंचाचूली, </W><W> राजरंभा, </W><W> हंसलिंग, </W><W> मिलम, </W><W> रालम, </W><W> नन्दा </W><W> देवी, </W><W> लास्पा </W><W> धूरा </W><W> क्षेत्र </W></PLACE-ARG><W> में </W><TIME-ARG ID="6"><LINK EVENT_ARG="15" ID="17" TYPE_REL="EVENT_ARG"/><W> रविवार </W><W> रात </W><W> करीब </W><W> दो </W><W> बजे </W><W> से </W></TIME-ARG><W> जबरदस्त </W><NATURAL_EVENT ID="15" TYPE="BLIZZARD"><EVENT-COREF-LINK EVENT_ID="4" ID="23" TYPE_REL="EVENT_COREF"/><W> तूफान </W></NATURAL_EVENT><W> आया। </W><W> हिमालयी </W><W> चोटियों </W><W> में </W><W> तेज </W><W> आवाज </W><W> के </W><W> साथ </W><W> हवाएं </W><W> चलीं। </W><W> मुनस्यारी </W><W> की </W><W> नजदीकी </W><W> हिम </W><W> चोटियों </W><W> पंचाचूली, </W><W> हंसलिंग, </W><W> रालम </W><W> से </W><W> बर्फ </W><W> के </W><W> गुबार </W><W> उड़े। </W></P><P><W> मुनस्यारी, </W><W> धारचूला </W><W> के </W><W> ऊपरी </W><W> इलाकों </W><W> के </W><W> साथ </W><W> ही </W><W> निचले </W><W> इलाके </W><W> में </W><W> भी </W><W> बर्फीली </W><W> हवा </W><W> चल </W><W> रही </W><W> हैं। </W><W> उल्लेखनीय </W><W> है </W><W> कि </W><PLACE-ARG ID="8"><LINK EVENT_ARG="18" ID="19" TYPE_REL="EVENT_ARG"/><W> उच्च </W><W> हिमालीय </W><W> क्षेत्र </W></PLACE-ARG><W> में </W><TIME-ARG ID="9"><LINK EVENT_ARG="18" ID="20" TYPE_REL="EVENT_ARG"/><W> वर्ष </W><W> 2011 </W><W> और </W><W> 2016 </W></TIME-ARG><W> में </W><W> भी </W><W> इस </W><W> तरह </W><NATURAL_EVENT ID="18" TYPE="BLIZZARD"><W> तूफान </W></NATURAL_EVENT><W> आ </W><W> चुका </W><W> है। </W></P><P><W> तब </W><W> इसकी </W><W> चपेट </W><W> में </W><W> आने </W><W> से </W><AFTER_EFFECTS-ARG ID="10"><LINK EVENT_ARG="18" ID="21" TYPE_REL="EVENT_ARG"/><W> कई </W><W> गांवों </W><W> में </W><W> घरों </W><W> की </W><W> छत </W><W> उड़ </W><W> गई </W></AFTER_EFFECTS-ARG><W> थी। </W><AFTER_EFFECTS-ARG ID="11"><LINK EVENT_ARG="18" ID="22" TYPE_REL="EVENT_ARG"/><W> मकानों </W><W> को </W><W> काफी </W><W> नुकसान </W><W> पहुंचा </W></AFTER_EFFECTS-ARG><W> था। </W><W> पिछले </W><W> तूफानों </W><W> से </W><W> हुए </W><W> नुकसान </W><W> को </W><W> देखते </W><W> हुए </W><W> लोग </W><W> एक </W><W> बार </W><W> फिर </W><W> आशंकित </W><W> हैं। </W><W> हालांकि </W><W> रविवार </W><W> रात </W><W> आए </W><W> तूफान </W><W> से </W><W> नुकसान </W><W> की </W><W> कोई </W><W> खबर </W><W> नहीं </W><W> है। </W><W>   </W></P><P><W> अभी </W><W> तक </W><W> बर्फीले </W><W> तूफान </W><W> से </W><W> कहीं </W><W> से </W><W> नुकसान </W><W> की </W><W> सूचना </W><W> नहीं </W><W> है। </W><W> फिर </W><W> भी </W><W> ऐहतियातन </W><W> संबंधित </W><W> महकमों </W><W> को </W><W> अलर्ट </W><W> कर </W><W> दिया </W><W> है। </W><W> राजस्व </W><W> उप </W><W> निरीक्षकों </W><W> से </W><W> मौसम </W><W> पर </W><W> लगातार </W><W> नजर </W><W> रखने </W><W> को </W><W> कहा </W><W> गया </W><W> है। </W><W> प्रशासन </W><W> इस </W><W> पर </W><W> लगातार </W><W> नजर </W><W> बनाए </W><W> हुए </W><W> हैं। </W></P><P><W> -वैभव </W><W> गुप्ता, </W><W> उपजिलाधिकारी </W><W> मुनस्यारी </W></P></DOCUMENT>