<?xml version="1.0" encoding="UTF-8"?>
<DOCUMENT><DESC/><DESC/><DESC/><DESC/><TIME>1058</TIME><P><W> आफत </W><W> लेकर </W><W> आई </W><NATURAL_EVENT ID="0" TYPE="STORM"><W> आंधी  </W></NATURAL_EVENT><AFTER_EFFECTS-ARG ID="7"><LINK EVENT_ARG="0" ID="31" TYPE_REL="EVENT_ARG"/><W> कई </W><W> इलाकों </W><W> में </W><W> बिजली </W><W> ठप </W></AFTER_EFFECTS-ARG><W> ।  </W></P><P><AFTER_EFFECTS-ARG ID="8"><LINK EVENT_ARG="0" ID="32" TYPE_REL="EVENT_ARG"/><W> पेड़ </W><W> गिरने </W></AFTER_EFFECTS-ARG><W> से </W><AFTER_EFFECTS-ARG ID="9"><LINK EVENT_ARG="0" ID="33" TYPE_REL="EVENT_ARG"/><W> कई </W><W> स्थानों </W><W> पर </W><W> हाईवे </W><W> भी </W><W> जाम </W></AFTER_EFFECTS-ARG><W> हुआ </W><W> ।  </W></P><P><AFTER_EFFECTS-ARG ID="10"><LINK EVENT_ARG="0" ID="34" TYPE_REL="EVENT_ARG"/><W> तेज </W><W> हवाओं </W><W> के </W><W> साथ </W><W> हल्की </W><W> से </W><W> तापमान </W><W> में </W><W> गिरावट </W></AFTER_EFFECTS-ARG><W> ।   </W></P><P><NATURAL_EVENT ID="1" TYPE="STORM"><EVENT-COREF-LINK EVENT_ID="0" ID="55" TYPE_REL="EVENT_COREF"/><W> आंधी </W></NATURAL_EVENT><W> की </W><W> वजह </W><W> से </W><AFTER_EFFECTS-ARG ID="11"><LINK EVENT_ARG="1" ID="35" TYPE_REL="EVENT_ARG"/><W> जगह-जगह </W><W> पेड़ </W><W> और </W><W> विद्युत </W><W> पोल </W><W> गिरने </W><W> से </W><W> जिले </W><W> में </W><W> कई </W><W> इलाकों </W><W> की </W><W> बिजली </W><W> सप्लाई </W><W> ठप </W></AFTER_EFFECTS-ARG><W> हो </W><W> गई। </W><W> गनीमत </W><W> रही </W><W> कि </W><NATURAL_EVENT ID="2" TYPE="STORM"><EVENT-COREF-LINK EVENT_ID="0" ID="54" TYPE_REL="EVENT_COREF"/><W> आंधी </W></NATURAL_EVENT><W> की </W><W> वजह </W><W> से </W><W> कोई </W><W> जनहानि </W><W> नहीं </W><W> हुई। </W><TIME-ARG ID="12"><LINK EVENT_ARG="14" ID="36" TYPE_REL="EVENT_ARG"/><W> गुरुवार </W><W> रात </W></TIME-ARG><W> और </W><TIME-ARG ID="13"><LINK EVENT_ARG="14" ID="37" TYPE_REL="EVENT_ARG"/><W> शुक्रवार </W><W> सुबह </W></TIME-ARG><NATURAL_EVENT ID="14" TYPE="STORM"><EVENT-COREF-LINK EVENT_ID="0" ID="56" TYPE_REL="EVENT_COREF"/><W> तेज </W><W> हवाओं </W></NATURAL_EVENT><W> के </W><W> साथ </W><W> हल्की </W><W> बूंदा-बांदी </W><W> भी </W><W> हुई। </W><W> इससे </W><AFTER_EFFECTS-ARG ID="15"><LINK EVENT_ARG="14" ID="38" TYPE_REL="EVENT_ARG"/><W> तापमान </W><W> में </W><W> कुछ </W><W> गिरावट </W><W> दर्ज </W><W> की </W><W> गई। </W></AFTER_EFFECTS-ARG><NATURAL_EVENT ID="3" TYPE="STORM"><EVENT-COREF-LINK EVENT_ID="0" ID="57" TYPE_REL="EVENT_COREF"/><W> आंधी </W></NATURAL_EVENT><W> के </W><W> वजह </W><W> से </W><AFTER_EFFECTS-ARG ID="16"><LINK EVENT_ARG="3" ID="39" TYPE_REL="EVENT_ARG"/><W> बिजली </W><W> विभाग </W><W> को </W><W> सबसे </W><W> जयादा </W><W> नुकसान </W></AFTER_EFFECTS-ARG><W> हुआ </W><W> है। </W><W>   </W><W> गुरुवार </W><W> की </W><W> रात </W><W> एक </W><W> बार </W><W> फिर </W><W> से </W><W> मौसम </W><W> ने </W><W> अचानक </W><W> करवट </W><W> बदली। </W><W> पहले </W><W> तो </W><W> तेज </W><W> हवाओं </W><W> के </W><W> साथ </W><W> बूंदा-बांदी </W><W> हुई। </W><W> इसके </W><W> बाद </W><W> रात </W><W> में </W><W> आंधी </W><W> चालू </W><W> हो </W><W> गई। </W><AFTER_EFFECTS-ARG ID="17"><LINK EVENT_ARG="3" ID="40" TYPE_REL="EVENT_ARG"/><W> उसावां </W><W> में </W><W> हाईवे </W><W> पर </W><W> पेड़ </W><W> गिरने </W><W> से </W><W> जाम </W><W> लग </W><W> गया। </W></AFTER_EFFECTS-ARG><W> गई </W><AFTER_EFFECTS-ARG ID="18"><LINK EVENT_ARG="3" ID="41" TYPE_REL="EVENT_ARG"/><W> गांवों </W><W> में </W><W> यहां </W><W> विद्युत </W><W> पोल </W><W> भी </W><W> क्षतिग्रस्त </W></AFTER_EFFECTS-ARG><W> हो </W><W> गए। </W><AFTER_EFFECTS-ARG ID="19"><LINK EVENT_ARG="3" ID="42" TYPE_REL="EVENT_ARG"/><W> कई </W><W> स्थानों </W><W> पर </W><W> ट्रांसफार्मर </W><W> भी </W><NATURAL_EVENT ID="4" TYPE="STORM"><W> आंधी </W></NATURAL_EVENT><W> में </W><W> उड़ </W><W> गए। </W></AFTER_EFFECTS-ARG><W> इससे </W><AFTER_EFFECTS-ARG ID="20"><LINK EVENT_ARG="3" ID="43" TYPE_REL="EVENT_ARG"/><W> जिले </W><W> में </W><W> कई </W><W> इलाकों </W><W> की </W><W> बिजली </W><W> सप्लाई </W><W> भी </W><W> ठप </W></AFTER_EFFECTS-ARG><W> हो </W><W> गई। </W><AFTER_EFFECTS-ARG ID="21"><LINK EVENT_ARG="5" ID="44" TYPE_REL="EVENT_ARG"/><W> कई </W><W> इलाकों </W><W> में </W><NATURAL_EVENT ID="5" TYPE="STORM"><W> आंधी </W></NATURAL_EVENT><W> की </W><W> वजह </W><W> से </W><W> ठप </W><W> हुई </W><W> बिजली </W><W> सप्लाई </W><W> शुक्रवार </W><W> शाम </W><W> तक </W><W> चालू </W><W> नहीं </W><W> किया </W><W> जा </W><W> सका </W></AFTER_EFFECTS-ARG><W> था। </W><AFTER_EFFECTS-ARG ID="22"><LINK EVENT_ARG="5" ID="45" TYPE_REL="EVENT_ARG"/><W> बारिश </W><W> की </W><W> वजह </W><W> से </W><W> तापमान </W><W> में </W><W> कमी </W><W> से </W><W> लोगों </W><W> को </W><W> राहत </W><W> जरूर </W><W> मिली, </W><W> लेकिन </W><W> बिजली </W><W> कटौती </W><W> ने </W><W> काफी </W><W> परेशान </W><W> किया। </W></AFTER_EFFECTS-ARG><W>   </W><W>   </W><W>    </W></P><P><PLACE-ARG ID="24"><LINK EVENT_ARG="6" ID="46" TYPE_REL="EVENT_ARG"/><W> ककराला। </W><W> कस्बे </W></PLACE-ARG><W> में </W><TIME-ARG ID="23"><LINK EVENT_ARG="6" ID="47" TYPE_REL="EVENT_ARG"/><W> शुक्रवार </W><W> सुबह </W></TIME-ARG><W> तेज </W><NATURAL_EVENT ID="6" TYPE="STORM"><EVENT-COREF-LINK EVENT_ID="0" ID="53" TYPE_REL="EVENT_COREF"/><W> आंधी </W></NATURAL_EVENT><W> की </W><W> वजह </W><W> से </W><AFTER_EFFECTS-ARG ID="25"><LINK EVENT_ARG="6" ID="48" TYPE_REL="EVENT_ARG"/><W> एक </W><W> चाहरदीवारी </W><W> गिर </W><W> गई। </W></AFTER_EFFECTS-ARG><W> गनीमत </W><W> रही </W><W> कि </W><W> इसकी </W><W> चपेट </W><W> में </W><W> कोई </W><W> नहीं </W><W> आया। </W><AFTER_EFFECTS-ARG ID="27"><LINK EVENT_ARG="6" ID="49" TYPE_REL="EVENT_ARG"/><W> इलाके </W><W> में </W><W> कई </W><W> स्थानों </W><W> पर </W><W> पेड़ </W><W> भी </W><W> गिरे। </W></AFTER_EFFECTS-ARG><W> इससे </W><AFTER_EFFECTS-ARG ID="28"><LINK EVENT_ARG="6" ID="50" TYPE_REL="EVENT_ARG"/><W> बिजली </W><W> लाइनें </W><W> क्षतिग्रस्त </W></AFTER_EFFECTS-ARG><W> हो </W><W> गईं। </W><AFTER_EFFECTS-ARG ID="29"><LINK EVENT_ARG="6" ID="51" TYPE_REL="EVENT_ARG"/><W> पेड़ </W><W> गिरने </W><W> से </W><W> इलाके </W><W> में </W><W> कई </W><W> स्थानों </W><W> पर </W><W> जाम </W><W> भी </W><W> लगे। </W></AFTER_EFFECTS-ARG><AFTER_EFFECTS-ARG ID="30"><LINK EVENT_ARG="6" ID="52" TYPE_REL="EVENT_ARG"/><W> बाद </W><W> में </W><W> किसी </W><W> तरह </W><W> से </W><W> यातायात </W><W> सामान्य </W><W> कराया </W><W> जा </W><W> सका। </W></AFTER_EFFECTS-ARG></P></DOCUMENT>