<?xml version="1.0" encoding="UTF-8"?>
<DOCUMENT><P><PLACE-ARG ID="16"><LINK EVENT_ARG="0" ID="41" TYPE_REL="EVENT_ARG"/><W> अफगानिस्तान </W></PLACE-ARG><W> के </W><PLACE-ARG ID="17"><LINK EVENT_ARG="0" ID="40" TYPE_REL="EVENT_ARG"/><W> नांगरहार </W><W> प्रांत </W></PLACE-ARG><W> में </W><W> एक </W><PLACE-ARG ID="18"><LINK EVENT_ARG="0" ID="39" TYPE_REL="EVENT_ARG"/><W> सुरक्षा </W><W> जांच </W><W> चौकी </W></PLACE-ARG><W> पर </W><MAN_MADE_EVENT ID="0" TYPE="SUICIDE_ATTACK"><EVENT-COREF-LINK EVENT_ID="1" ID="68" TYPE_REL="EVENT_COREF"/><W> आत्मघाती </W><W> हमला </W></MAN_MADE_EVENT><W> हुआ </W><W> जिसमें </W><CASUALTIES-ARG ID="29"><LINK EVENT_ARG="0" ID="37" TYPE_REL="EVENT_ARG"/><W> 10 </W><W> लोगों </W><W> की </W><W> मौत </W></CASUALTIES-ARG><W> हो </W><W> गई </W><W> तो </W><W> वहीं </W><CASUALTIES-ARG ID="30"><LINK EVENT_ARG="0" ID="38" TYPE_REL="EVENT_ARG"/><W> चार </W><W> अन्य </W><W> लोग </W><W> घायल </W></CASUALTIES-ARG><W> हो </W><W> गए। </W></P><P><W> काबुल। </W><PLACE-ARG ID="20"><LINK EVENT_ARG="1" ID="44" TYPE_REL="EVENT_ARG"/><W> अफगानिस्तान </W></PLACE-ARG><W> में </W><TIME-ARG ID="19"><LINK EVENT_ARG="31" ID="42" TYPE_REL="EVENT_ARG"/><W> मंगलवार </W></TIME-ARG><W> को </W><W> एक </W><MAN_MADE_EVENT ID="1" TYPE="SUICIDE_ATTACK"><W> आत्मघाती </W><W> हमले </W></MAN_MADE_EVENT><W> में </W><W> करीब </W><CASUALTIES-ARG ID="31"><LINK EVENT_ARG="1" ID="45" TYPE_REL="EVENT_ARG"/><W> 10 </W><W> लोगों </W><W> की </W><W> मौत </W></CASUALTIES-ARG><W> हो </W><W> गई। </W><W> बता </W><W> दें </W><W> कि </W><PLACE-ARG ID="21"><LINK EVENT_ARG="2" ID="48" TYPE_REL="EVENT_ARG"/><W> अफगानिस्तान </W></PLACE-ARG><W> के </W><PLACE-ARG ID="22"><LINK EVENT_ARG="2" ID="47" TYPE_REL="EVENT_ARG"/><W> नांगरहार </W><W> प्रांत </W></PLACE-ARG><W> में </W><W> एक </W><PLACE-ARG ID="23"><LINK EVENT_ARG="2" ID="46" TYPE_REL="EVENT_ARG"/><W> सुरक्षा </W><W> जांच </W><W> चौकी </W></PLACE-ARG><W> पर </W><MAN_MADE_EVENT ID="2" TYPE="SUICIDE_ATTACK"><EVENT-COREF-LINK EVENT_ID="1" ID="70" TYPE_REL="EVENT_COREF"/><W> आत्मघाती </W><W> हमला </W></MAN_MADE_EVENT><W> हुआ </W><W> जिसमें </W><CASUALTIES-ARG ID="32"><LINK EVENT_ARG="2" ID="49" TYPE_REL="EVENT_ARG"/><W> 10 </W><W> लोगों </W><W> की </W><W> मौत </W></CASUALTIES-ARG><W> हो </W><W> गई </W><W> तो </W><W> वहीं </W><CASUALTIES-ARG ID="33"><LINK EVENT_ARG="2" ID="50" TYPE_REL="EVENT_ARG"/><W> चार </W><W> अन्य </W><W> लोग </W><W> घायल </W></CASUALTIES-ARG><W> हो </W><W> गए। </W><W> मीडिया </W><W> रिपोर्ट </W><W> में </W><W> बताया </W><W> गया </W><W> है </W><W> कि </W><W> मारे </W><W> गए </W><W> लोगों </W><W> में </W><W> अधिकतर </W><W> आम </W><W> नागरिक </W><W> हैं। </W><W> क्षेत्रीय </W><W> गवर्नर </W><W> के </W><W> प्रवक्ता </W><W> अताउल्ला </W><W> कोगयानई </W><W> ने </W><MAN_MADE_EVENT ID="3" TYPE="SUICIDE_ATTACK"><EVENT-COREF-LINK EVENT_ID="1" ID="69" TYPE_REL="EVENT_COREF"/><W> हमले </W></MAN_MADE_EVENT><W> की </W><W> पुष्टि </W><W> करते </W><W> हुए </W><W> कहा </W><W> है </W><W> कि </W><PARTICIPANT-ARG ID="52"><LINK EVENT_ARG="4" ID="59" TYPE_REL="EVENT_ARG"/><W> आत्मघाती </W><W> हमलावर </W></PARTICIPANT-ARG><W> ने </W><PLACE-ARG ID="25"><LINK EVENT_ARG="4" ID="58" TYPE_REL="EVENT_ARG"/><W> नांगरहार </W></PLACE-ARG><W> की </W><W> राजधानी </W><PLACE-ARG ID="24"><LINK EVENT_ARG="4" ID="57" TYPE_REL="EVENT_ARG"/><W> जलालाबाद </W></PLACE-ARG><W> में </W><TIME-ARG ID="12"><LINK EVENT_ARG="4" ID="56" TYPE_REL="EVENT_ARG"/><W> मंगलवार </W></TIME-ARG><W> की </W><TIME-ARG ID="13"><LINK EVENT_ARG="4" ID="55" TYPE_REL="EVENT_ARG"/><W> सुबह </W><W> करीब </W><W> 10 </W><W> बजे </W></TIME-ARG><MAN_MADE_EVENT ID="4" TYPE="SUICIDE_ATTACK"><EVENT-COREF-LINK EVENT_ID="1" ID="72" TYPE_REL="EVENT_COREF"/><W> खुद </W><W> को </W><W> उडा़ </W><W> लिया। </W></MAN_MADE_EVENT><W> इस </W><MAN_MADE_EVENT ID="5" TYPE="SUICIDE_ATTACK"><EVENT-COREF-LINK EVENT_ID="1" ID="73" TYPE_REL="EVENT_COREF"/><W> हमले </W></MAN_MADE_EVENT><W> में </W><W> एक </W><W> सुरक्षा </W><W> जांच </W><W> चौकी </W><W> को </W><W> निशाना </W><W> बनाया </W><W> गया। </W><W> इस </W><MAN_MADE_EVENT ID="6" TYPE="SUICIDE_ATTACK"><EVENT-COREF-LINK EVENT_ID="1" ID="71" TYPE_REL="EVENT_COREF"/><W> हमले </W></MAN_MADE_EVENT><W> में </W><W> आसपास </W><W> की </W><W> दुकानों </W><W> व </W><W> नागरिकों </W><W> के </W><W> वाहनों </W><W> को </W><W> भी </W><W> नुकसान </W><W> पहुंचा </W><W> है। </W></P><P><W> अभी </W><W> तक </W><W> किसी </W><W> संगठन </W><W> ने </W><W> नहीं </W><W> ली </W><W> है </W><W> जिम्मेदारी </W></P><P><W> आपको </W><W> बता </W><W> दें </W><W> कि </W><W> नांगरहार </W><W> सार्वजनिक </W><W> स्वास्थ्य </W><W> निदेशालय </W><W> के </W><W> प्रवक्ता </W><W> इनामुल्ला </W><W> मयाखिल </W><W> ने </W><W> कहा </W><W> है </W><W> कि </W><W> घायलों </W><W> को </W><W> अस्पताल </W><W> में </W><W> भर्ती </W><W> कराया </W><W> गया </W><W> है। </W><W> उन्होंने </W><W> कहा </W><W> कि </W><W> इसमें </W><W> अफगानिस्तान </W><W> की </W><W> मुख्य </W><W> खुफिया </W><W> एजेंसी </W><W> राष्ट्रीय </W><W> सुरक्षा </W><W> निदेशालय </W><W> के </W><W> दो </W><W> सदस्य </W><W> भी </W><W> शामिल </W><W> हैं। </W><W> पुलिस </W><W> प्रवक्ता </W><W> हजरत </W><W> हुसैन </W><W> मशरिकिवाल </W><W> ने </W><W> इस </W><W> घटना </W><W> की </W><W> पुष्टि </W><W> करते </W><W> हुए </W><W> कहा </W><W> कि </W><W> यह </W><W> एक </W><MAN_MADE_EVENT ID="7" TYPE="SUICIDE_ATTACK"><EVENT-COREF-LINK EVENT_ID="1" ID="74" TYPE_REL="EVENT_COREF"/><W> आत्मघाती </W><W> हमला </W></MAN_MADE_EVENT><W> था। </W><W> उन्होंने </W><W> कहा </W><W> कि </W><W> इसकी </W><W> जांच </W><W> की </W><W> जा </W><W> रही </W><W> है। </W><W> हालांकि </W><W> अभी </W><W> तक </W><W> इस </W><MAN_MADE_EVENT ID="8" TYPE="SUICIDE_ATTACK"><EVENT-COREF-LINK EVENT_ID="1" ID="75" TYPE_REL="EVENT_COREF"/><W> हमले </W></MAN_MADE_EVENT><W> की </W><W> जिम्मेदारी </W><W> किसी </W><W> भी </W><W> आतंकी </W><W> संगठन </W><W> ने </W><W> नहीं </W><W> ली </W><W> है। </W></P><P><W> अफगानिस्तान: </W><MAN_MADE_EVENT ID="9" TYPE="SUICIDE_ATTACK"><EVENT-COREF-LINK EVENT_ID="10" ID="76" TYPE_REL="EVENT_COREF"/><W> आत्मघाती </W><W> हमले </W></MAN_MADE_EVENT><W> से </W><W> दहला </W><PLACE-ARG ID="26"><LINK EVENT_ARG="9" ID="60" TYPE_REL="EVENT_ARG"/><W> जलालाबाद, </W></PLACE-ARG><CASUALTIES-ARG ID="34"><LINK EVENT_ARG="9" ID="61" TYPE_REL="EVENT_ARG"/><W> 15 </W><W> लोगों </W><W> की </W><W> मौत </W></CASUALTIES-ARG></P><P><TIME-ARG ID="14"><LINK EVENT_ARG="10" ID="63" TYPE_REL="EVENT_ARG"/><W> एक </W><W> जुलाई </W></TIME-ARG><W> को </W><W> हुए </W><MAN_MADE_EVENT ID="10" TYPE="SUICIDE_ATTACK"><W> हमले </W></MAN_MADE_EVENT><W> में </W><CASUALTIES-ARG ID="35"><LINK EVENT_ARG="10" ID="62" TYPE_REL="EVENT_ARG"/><W> 19 </W><W> लोगों </W><W> की </W><W> हुई </W><W> थी </W><W> मौत </W></CASUALTIES-ARG></P><P><W> गौरतलब </W><W> है </W><W> कि </W><W> नांगरहार </W><W> में </W><W> कई </W><W> आतंकी </W><W> समूह </W><W> अपना </W><W> डेरा </W><W> डाले </W><W> हुए </W><W> हैं </W><W> जिससे </W><W> कि </W><W> यह </W><W> जगह </W><W> विद्रोह </W><W> का </W><W> केंद्र </W><W> बना </W><W> हुआ </W><W> है। </W><W> अफगानिस्तान </W><W> के </W><W> नांगरहार </W><W> में </W><W> बसे </W><W> आतंकी </W><W> समूहों </W><W> में </W><PARTICIPANT-ARG ID="53"><LINK EVENT_ARG="11" ID="67" TYPE_REL="EVENT_ARG"/><W> तालिबान </W><W> और </W><W> इस्लामिक </W><W> स्टेट </W></PARTICIPANT-ARG><W> भी </W><W> शामिल </W><W> हैं। </W><W> बता </W><W> दें </W><W> कि </W><PLACE-ARG ID="27"><LINK EVENT_ARG="11" ID="66" TYPE_REL="EVENT_ARG"/><W> जलालाबाद </W></PLACE-ARG><W> में </W><W> बीते </W><TIME-ARG ID="15"><LINK EVENT_ARG="11" ID="65" TYPE_REL="EVENT_ARG"/><W> एक </W><W> जुलाई </W></TIME-ARG><W> को </W><W> हुए </W><W> एक </W><MAN_MADE_EVENT ID="11" TYPE="SUICIDE_ATTACK"><EVENT-COREF-LINK EVENT_ID="10" ID="77" TYPE_REL="EVENT_COREF"/><W> आतंकी </W><W> हमले </W></MAN_MADE_EVENT><W> में </W><CASUALTIES-ARG ID="36"><LINK EVENT_ARG="11" ID="64" TYPE_REL="EVENT_ARG"/><W> 19 </W><W> लोगों </W><W> की </W><W> मौत </W></CASUALTIES-ARG><W> हो </W><W> गई </W><W> थी। </W><W> इसमें </W><W> से </W><W> अधिकांश </W><W> लोग </W><W> हिन्दू </W><W> और </W><W> सिख </W><W> थे। </W><W> आतंकियों </W><W> के </W><W> द्वारा </W><W> यह </W><MAN_MADE_EVENT ID="28" TYPE="SUICIDE_ATTACK"><EVENT-COREF-LINK EVENT_ID="10" ID="78" TYPE_REL="EVENT_COREF"/><W> हमला </W></MAN_MADE_EVENT><W> राष्ट्रपति </W><W> अशरफ </W><W> गनी </W><W> के </W><W> दौरे </W><W> के </W><W> समय </W><W> किया </W><W> था। </W></P></DOCUMENT>