<?xml version="1.0" encoding="UTF-8"?>
<DOCUMENT><DESC/><TIME>1534</TIME><P><PLACE-ARG ID="6"><LINK EVENT_ARG="0" ID="44" TYPE_REL="EVENT_ARG"/><W> अफगानिस्तान </W></PLACE-ARG><W> में </W><MAN_MADE_EVENT ID="0" TYPE="SUICIDE_ATTACK"><W> आत्मघाती </W><W> हमला, </W></MAN_MADE_EVENT><CASUALTIES-ARG ID="9"><LINK EVENT_ARG="0" ID="45" TYPE_REL="EVENT_ARG"/><W> 14 </W><W> से </W><W> अधिक </W><W> लोगों </W><W> की </W><W> मौत </W></CASUALTIES-ARG></P><P><PLACE-ARG ID="7"><LINK EVENT_ARG="1" ID="46" TYPE_REL="EVENT_ARG"/><W> काबुल। </W></PLACE-ARG><PLACE-ARG ID="8"><LINK EVENT_ARG="1" ID="47" TYPE_REL="EVENT_ARG"/><W> अफगानिस्तान </W><W> के </W><W> काबुल </W></PLACE-ARG><W> में </W><PARTICIPANT-ARG ID="10"><LINK EVENT_ARG="1" ID="48" TYPE_REL="EVENT_ARG"/><W> एक </W><W> आत्मघाती </W><W> हमलावर </W></PARTICIPANT-ARG><W> ने </W><W> नेपाली </W><W> सुरक्षाकर्मियों </W><W> को </W><W> ले </W><W> जा </W><W> रही </W><W> मिनी </W><W> बस </W><W> पर </W><MAN_MADE_EVENT ID="1" TYPE="SUICIDE_ATTACK"><EVENT-COREF-LINK EVENT_ID="0" ID="37" TYPE_REL="EVENT_COREF"/><W> हमला </W></MAN_MADE_EVENT><W> कर </W><W> दिया, </W><W> जिसमें </W><CASUALTIES-ARG ID="11"><LINK EVENT_ARG="1" ID="49" TYPE_REL="EVENT_ARG"/><W> 14 </W><W> से </W><W> अधिक </W><W> लोगों </W><W> के </W><W> मारे </W><W> जाने </W><W> की </W><W> खबर </W><W> है। </W></CASUALTIES-ARG><W> प्राप्त </W><W> सूत्रों </W><W> के </W><W> अनुसार </W><PLACE-ARG ID="12"><LINK EVENT_ARG="2" ID="50" TYPE_REL="EVENT_ARG"/><W> पूर्वी </W><W> शहर </W><W> जलालाबाद </W><W> की </W><W> मुख्य </W><W> सड़क </W></PLACE-ARG><W> पर </W><TIME-ARG ID="13"><LINK EVENT_ARG="2" ID="51" TYPE_REL="EVENT_ARG"/><W> सुबह </W><W> 6 </W><W> बजे </W></TIME-ARG><PARTICIPANT-ARG ID="14"><W> हमलावर </W></PARTICIPANT-ARG><MAN_MADE_EVENT ID="2" TYPE="SUICIDE_ATTACK"><EVENT-COREF-LINK EVENT_ID="0" ID="38" TYPE_REL="EVENT_COREF"/><W> इस </W><W> घटना </W></MAN_MADE_EVENT><W> को </W><W> अंजाम </W><W> दिया। </W><W> पुलिस </W><W> के </W><W> अनुसार </W><PARTICIPANT-ARG ID="15"><LINK EVENT_ARG="16" ID="52" TYPE_REL="EVENT_ARG"/><W> आत्मघाती </W><W> हमलावर </W></PARTICIPANT-ARG><W> पैदल </W><W> ही </W><W> आया </W><W> था </W><W> और </W><W> मिनी </W><W> बस </W><W> पर </W><MAN_MADE_EVENT ID="16" TYPE="SUICIDE_ATTACK"><EVENT-COREF-LINK EVENT_ID="0" ID="39" TYPE_REL="EVENT_COREF"/><W> हमला </W><W> किया। </W></MAN_MADE_EVENT><PLACE-ARG ID="17"><LINK EVENT_ARG="3" ID="53" TYPE_REL="EVENT_ARG"/><W> अफगानिस्तान </W></PLACE-ARG><W> के </W><W> एक </W><W> अधिकारी </W><W> ने </W><W> बताया </W><W> कि </W><TIME-ARG ID="18"><LINK EVENT_ARG="3" ID="54" TYPE_REL="EVENT_ARG"/><W> सोमवार </W></TIME-ARG><W> को </W><W> नेपाली </W><W> सुरक्षाकर्मियों </W><W> को </W><W> लेकर </W><W> जा </W><W> रहे </W><W> बस </W><W> यात्रियों </W><W> पर </W><MAN_MADE_EVENT ID="3" TYPE="SUICIDE_ATTACK"><EVENT-COREF-LINK EVENT_ID="0" ID="40" TYPE_REL="EVENT_COREF"/><W> यह </W><W> हमला </W></MAN_MADE_EVENT><W> किया </W><W> गया। </W><MAN_MADE_EVENT ID="19" TYPE="SUICIDE_ATTACK"><EVENT-COREF-LINK EVENT_ID="0" ID="41" TYPE_REL="EVENT_COREF"/><W> इस </W><W> हमले </W></MAN_MADE_EVENT><W> में </W><CASUALTIES-ARG ID="20"><LINK EVENT_ARG="19" ID="55" TYPE_REL="EVENT_ARG"/><W> 14 </W><W> लोगों </W><W> की </W><W> मौत </W></CASUALTIES-ARG><W> हो </W><W> गई </W><W> है, </W><W> जबकि </W><CASUALTIES-ARG ID="21"><LINK EVENT_ARG="19" ID="56" TYPE_REL="EVENT_ARG"/><W> 8 </W><W> लोग </W><W> बुरी </W><W> तरह </W><W> से </W><W> घायल </W></CASUALTIES-ARG><W> हुए </W><W> हैं। </W><W> पुलिस </W><PARTICIPANT-ARG ID="22"><LINK EVENT_ARG="19" ID="57" TYPE_REL="EVENT_ARG"/><W> हमलावर </W></PARTICIPANT-ARG><W> को </W><W> पहचानने </W><W> की </W><W> कोशिश </W><W> में </W><W> लगी </W><W> है। </W><PARTICIPANT-ARG ID="23"><LINK EVENT_ARG="4" ID="58" TYPE_REL="EVENT_ARG"/><W> तालिबान </W></PARTICIPANT-ARG><W> ने </W><MAN_MADE_EVENT ID="4" TYPE="SUICIDE_ATTACK"><EVENT-COREF-LINK EVENT_ID="0" ID="42" TYPE_REL="EVENT_COREF"/><W> इस </W><W> हमले </W></MAN_MADE_EVENT><W> की </W><W> जिम्मेदारी </W><W> ली </W><W> है। </W><W> तालिबानी </W><W> प्रवक्ता </W><W> जबीहुल्लाह </W><W> मुजाहिद </W><W> ने </W><W> सोशल </W><W> मीडिया </W><W> पर </W><W> इसकी </W><W> जानकारी </W><W> देते </W><W> हुए </W><W> कहा </W><W> कि </W><W> अफगानिस्तान </W><W> में </W><W> अमरेकी </W><W> नेतृत्व </W><W> वाली </W><W> सेना </W><W> के </W><W> विरोध </W><W> में </W><MAN_MADE_EVENT ID="5" TYPE="SUICIDE_ATTACK"><EVENT-COREF-LINK EVENT_ID="0" ID="43" TYPE_REL="EVENT_COREF"/><W> यह </W><W> कार्रवाई </W></MAN_MADE_EVENT><W> है। </W><W> गौरतलब </W><W> है </W><W> कि </W><TIME-ARG ID="24"><LINK EVENT_ARG="5" ID="59" TYPE_REL="EVENT_ARG"/><W> रमजान </W><W> का </W><W> पाक </W><W> महीना </W><W> शुरू </W><W> होने </W><W> के </W><W> दो </W><W> सप्ताह </W><W> बाद </W></TIME-ARG><PLACE-ARG ID="25"><W> काबुल </W></PLACE-ARG><W> में </W><W> इस </W><W> तरह </W><W> की </W><W> यह </W><W> पहली </W><W> घटना </W><W> है। </W><PLACE-ARG ID="26"><LINK EVENT_ARG="27" ID="60" TYPE_REL="EVENT_ARG"/><W> अफगानिस्तान </W><W> के </W><W> राजधानी </W></PLACE-ARG><W> में </W><W> पिछला </W><MAN_MADE_EVENT ID="27" TYPE="SUICIDE_ATTACK"><W> हमला </W></MAN_MADE_EVENT><TIME-ARG ID="28"><LINK EVENT_ARG="27" ID="61" TYPE_REL="EVENT_ARG"/><W> 19 </W><W> अप्रैल </W></TIME-ARG><W> को </W><W> हुआ </W><W> था, </W><W> जिसमें </W><CASUALTIES-ARG ID="29"><LINK EVENT_ARG="27" ID="62" TYPE_REL="EVENT_ARG"/><W> 64 </W><W> लोग </W><W> मारे </W><W> गए </W></CASUALTIES-ARG><W> थे </W><W> और </W><CASUALTIES-ARG ID="30"><LINK EVENT_ARG="27" ID="63" TYPE_REL="EVENT_ARG"/><W> 340 </W><W> से </W><W> ज्याद </W><W> लोग </W><W> घायल </W></CASUALTIES-ARG><W> हुए </W><W> थे।गौरतलब </W><W> है </W><W> कि </W><TIME-ARG ID="31"><W> 2001 </W></TIME-ARG><W> में </W><W> अमरेकी </W><W> नेतृत्व </W><W> में </W><PLACE-ARG ID="32"><W> अफगानिस्तान </W></PLACE-ARG><W> की </W><W> सत्ता </W><W> से </W><W> हटाए </W><W> जाने </W><W> के </W><W> बाद </W><W> से </W><W> ही </W><W> तालिबान </W><W> पश्चिमी </W><W> देशों </W><W> के </W><W> समर्थन </W><W> वाली </W><PLACE-ARG ID="33"><W> काबुल </W></PLACE-ARG><W> सरकार </W><W> के </W><W> खिलाफ </W><W> बगावत </W><W> छेड़े </W><W> हुए </W><W> है। </W><W> हाल </W><W> ही </W><W> में </W><PLACE-ARG ID="34"><W> वॉशिंगटन </W></PLACE-ARG><W> ने </W><W> तालिबान </W><W> के </W><W> खिलाफ </W><W> हवाई </W><W> हमले </W><W> करने </W><W> के </W><W> अमरेकी </W><W> सेना </W><W> के </W><W> और </W><W> अधिकारों </W><W> को </W><W> दिए </W><W> जाने </W><W> की </W><W> घोषणा </W><W> की </W><W> थी। </W><W> इससे </W><PLACE-ARG ID="35"><W> अफगानिस्तान </W></PLACE-ARG><W> के </W><W> सैनिक </W><W> बलों </W><W> की </W><W> क्षमता </W><W> को </W><W> बढ़ावा </W><W> मिला, </W><W> जिनके </W><W> पास </W><W> हवाई </W><W> अभियानों </W><W> से </W><W> जुड़ी </W><W> सीमित </W><W> क्षमताएं </W><W> ही </W><W> हैं। </W><TIME-ARG ID="36"><W> वर्ष </W><W> 2015 </W></TIME-ARG><W> से </W><W> अमेरिकी </W><W> सेना </W><W> अफगानिस्तान </W><W> में </W><W> एक </W><W> सहायक </W><W> की </W><W> भूमिका </W><W> निभा </W><W> रहे </W><W> हैं। </W><W> उन्हें </W><W> रक्षात्मक </W><W> कारणों </W><W> से </W><W> या </W><W> अफगान </W><W> सैनिकों </W><W> की </W><W> सुरक्षा </W><W> के </W><W> लिए </W><W> तालिबान </W><W> के </W><W> ठिकानों </W><W> को </W><W> निशाना </W><W> बनाने </W><W> का </W><W> ही </W><W> अधिकार </W><W> था। </W><W> अब </W><W> वाशिंगटन </W><W> के </W><W> इन </W><W> घोषणाओं </W><W> के </W><W> साथ </W><W> ही </W><W> अमरेकी </W><W> सैनिक </W><W> तालिबान </W><W> पर </W><W> हमला </W><W> करने </W><W> के </W><W> लिए </W><W> अफगान </W><W> सैनिकों </W><W> के </W><W> साथ </W><W> मिलकर </W><W> काम </W><W> कर </W><W> सकेंगे। </W></P></DOCUMENT>