<?xml version="1.0" encoding="UTF-8"?>
<DOCUMENT><DESC/><DESC/><DESC/><TIME>860</TIME><P><PLACE-ARG ID="11"><LINK EVENT_ARG="1" ID="35" TYPE_REL="EVENT_ARG"/><W> पाकिस्तान: </W></PLACE-ARG><PLACE-ARG ID="13"><LINK EVENT_ARG="1" ID="36" TYPE_REL="EVENT_ARG"/><W> खैबर </W><W> पख्तूनख्वा </W><W> प्रांत </W><W> में </W><W> सैन्य </W><W> शिविर </W></PLACE-ARG><W> पर </W><MAN_MADE_EVENT ID="1" TYPE="SUICIDE_ATTACK"><W> आत्मघाती </W><W> हमला, </W></MAN_MADE_EVENT><CASUALTIES-ARG ID="37"><LINK EVENT_ARG="1" ID="38" TYPE_REL="EVENT_ARG"/><W> 11 </W><W> की </W><W> मौत </W></CASUALTIES-ARG><W> । </W></P><P><W> डिजिटल </W><W> डेस्क, </W><PLACE-ARG ID="14"><LINK EVENT_ARG="2" ID="39" TYPE_REL="EVENT_ARG"/><W> इस्लामाबाद। </W></PLACE-ARG><PLACE-ARG ID="15"><LINK EVENT_ARG="2" ID="40" TYPE_REL="EVENT_ARG"/><W> पाकिस्तान </W><W> के </W><W> खैबर </W><W> पख्तूनख्वा </W><W> प्रांत </W><W> के </W><W> स्वात </W><W> जिले </W><W> में </W><W> एक </W><W> सैन्य </W><W> शिविर </W></PLACE-ARG><W> में </W><MAN_MADE_EVENT ID="2" TYPE="SUICIDE_ATTACK"><EVENT-COREF-LINK EVENT_ID="1" ID="27" TYPE_REL="EVENT_COREF"/><W> आत्मघाती </W><W> हमले </W></MAN_MADE_EVENT><W> में </W><CASUALTIES-ARG ID="17"><LINK EVENT_ARG="2" ID="41" TYPE_REL="EVENT_ARG"/><W> 11 </W><W> सैनिकों </W><W> की </W><W> मौत </W></CASUALTIES-ARG><W> हो </W><W> गई। </W><W> इस </W><MAN_MADE_EVENT ID="3" TYPE="SUICIDE_ATTACK"><EVENT-COREF-LINK EVENT_ID="1" ID="28" TYPE_REL="EVENT_COREF"/><W> आत्मघाती </W><W> हमले </W></MAN_MADE_EVENT><W> में </W><CASUALTIES-ARG ID="18"><LINK EVENT_ARG="3" ID="42" TYPE_REL="EVENT_ARG"/><W> कुछ </W><W> सैन्य </W><W> अधिकारियों </W><W> समेत </W><W> 13 </W><W> अन्य </W><W> घायल </W></CASUALTIES-ARG><W> हैं। </W><W> इस </W><MAN_MADE_EVENT ID="4" TYPE="SUICIDE_ATTACK"><EVENT-COREF-LINK EVENT_ID="1" ID="29" TYPE_REL="EVENT_COREF"/><W> हमले </W></MAN_MADE_EVENT><W> की </W><W> जिम्मेदारी </W><PARTICIPANT-ARG ID="19"><LINK EVENT_ARG="4" ID="43" TYPE_REL="EVENT_ARG"/><W> आतंकी </W><W> संगठन </W><W> तहरीक-ए-तालिबान </W></PARTICIPANT-ARG><W> ने </W><W> ली </W><W> है। </W><MAN_MADE_EVENT ID="5" TYPE="SUICIDE_ATTACK"><EVENT-COREF-LINK EVENT_ID="1" ID="30" TYPE_REL="EVENT_COREF"/><W> घटना </W></MAN_MADE_EVENT><W> के </W><W> संबंध </W><W> में </W><W> इंटर-सर्विसेज </W><W> पब्लिक </W><W> रिलेशंस </W><W> की ओर </W><W> से </W><W> बयान </W><W> जारी </W><W> किया </W><W> गया </W><W> है। </W><W> जिसमें </W><W> कहा </W><W> गया </W><W> है </W><W> कि </W><PLACE-ARG ID="16"><LINK EVENT_ARG="7" ID="44" TYPE_REL="EVENT_ARG"/><W> स्वात </W><W> के </W><W> कबाल </W><W> कस्बे </W><W> स्थित </W><W> सैन्य </W><W> शिविर </W><W> के </W><W> स्पो‌र्ट्स </W><W> एरिया </W></PLACE-ARG><W> पर </W><PARTICIPANT-ARG ID="20"><LINK EVENT_ARG="7" ID="45" TYPE_REL="EVENT_ARG"/><W> आतंकियों </W></PARTICIPANT-ARG><W> ने </W><MAN_MADE_EVENT ID="7" TYPE="SUICIDE_ATTACK"><EVENT-COREF-LINK EVENT_ID="1" ID="31" TYPE_REL="EVENT_COREF"/><W> आत्मघाती </W><W> धमाका </W></MAN_MADE_EVENT><W> किया। पीएम शाहिद </W><W> खाकन </W><W> अब्बासी </W><W> ने </W><W> की </W><W> निंदाबता </W><W> दें </W><W> कि </W><W> उस </W><W> समय </W><W> सैनिक </W><W> वॉलीबाल </W><W> खेल </W><W> रहे </W><W> थे, </W><AFTER_EFFECTS-ARG ID="21"><LINK EVENT_ARG="7" ID="46" TYPE_REL="EVENT_ARG"/><W> घायलों </W><W> को </W><W> कबाल </W><W> अस्पताल </W><W> में </W><W> शिफ्ट </W><W> किया </W><W> गया </W><W> है। </W></AFTER_EFFECTS-ARG><W> स्वास्थ्य </W><W> अधिकारियों </W><W> का </W><W> कहना </W><W> है </W><W> कि </W><W> मृतकों </W><W> की </W><W> संख्या </W><W> बढ़ </W><W> सकती </W><W> है, </W><W> क्योंकि </W><W> कई </W><W> घायलों </W><W> की </W><W> संख्या </W><W> बेहद </W><W> नाजुक </W><W> है। </W><W> प्रधानमंत्री </W><W> शाहिद </W><W> खाकन </W><W> अब्बासी </W><W> ने </W><MAN_MADE_EVENT ID="8" TYPE="SUICIDE_ATTACK"><EVENT-COREF-LINK EVENT_ID="1" ID="32" TYPE_REL="EVENT_COREF"/><W> आत्मघाती </W><W> हमले </W></MAN_MADE_EVENT><W> की </W><W> कड़ी </W><W> निंदा </W><W> की </W><W> है। </W><W> उन्होंने </W><W> कहा </W><W> कि </W><W> कोई </W><W> भी </W><W> कायराना </W><W> हमला </W><W> आतंकवाद </W><W> को </W><W> जड़ </W><W> से </W><W> खत्म </W><W> करने </W><W> के </W><W> पाकिस्तान </W><W> के </W><W> अभियान </W><W> को </W><W> नहीं </W><W> रोक </W><W> सकता। </W><W> आतंकवाद </W><W> की </W><W> अंतिम </W><W> कड़ी </W><W> को </W><W> जड़ </W><W> से </W><W> उखाड़ </W><W> फेंकने </W><W> तक </W><W> हमारी </W><W> लड़ाई </W><W> जारी </W><W> रहेगी। </W><AFTER_EFFECTS-ARG ID="22"><LINK EVENT_ARG="8" ID="47" TYPE_REL="EVENT_ARG"/><W> सुरक्षाबलों </W><W> ने </W><W> इलाके </W><W> की </W><W> घेराबंदी </W><W> कर </W><W> दी </W><W> और </W><W> तलाश </W><W> अभियान </W><W> शुरू </W><W> कर </W><W> दिया </W></AFTER_EFFECTS-ARG><W> है। स्वात </W><W> घाटी </W><W> में </W><W> खदेड़े </W><W> जाने </W><W> से </W><W> पहले </W><W> चरमपंथियों </W><W> की </W><W> भारी </W><W> मौजूदगी </W><W> थी। </W><W> खदेड़े </W><W> जाने </W><W> के </W><W> बाद </W><W> भी </W><W> चरमपंथी </W><W> इस </W><W> इलाके </W><W> में </W><W> हमले </W><W> करते </W><W> रहे </W><W> हैं। </W><W> February </W><W> 3, </W><W> 2018तहरीक </W><W> ए </W><W> तालिबान </W><W> ने </W><W> ली </W><W> जिम्मेदारी प्रधानमंत्री </W><W> शाहिद </W><W> खाकन </W><W> अब्बासी </W><W> ने </W><W> इसके </W><W> कायराना </W><W> हरकत </W><W> करार </W><W> देते </W><W> हुए </W><W> कहा </W><W> कि </W><W> ऐसी </W><W> कोई </W><W> भी </W><W> आतंकी </W><W> गतिविधि </W><W> पाकिस्तान </W><W> के </W><W> आतंकविरोधी </W><W> अभियान </W><W> को </W><W> रोक </W><W> नहीं </W><W> सकती। </W><W> उन्होंने </W><W> पाक </W><W> सरकार </W><W> आतंकवाद </W><W> को </W><W> नेस्तानाबूद </W><W> करके </W><W> ही </W><W> दम </W><W> लेगी। </W><PARTICIPANT-ARG ID="23"><LINK EVENT_ARG="8" ID="48" TYPE_REL="EVENT_ARG"/><W> तहरीक </W><W> ए </W><W> तालिबान </W><W> पाकिस्तान </W><W> (टीटीपी) </W></PARTICIPANT-ARG><W> ने </W><W> इस </W><MAN_MADE_EVENT ID="9" TYPE="SUICIDE_ATTACK"><EVENT-COREF-LINK EVENT_ID="1" ID="33" TYPE_REL="EVENT_COREF"/><W> हमले </W></MAN_MADE_EVENT><W> की </W><W> जिम्मेदारी </W><W> ली </W><W> है। </W><W> बता </W><W> दें </W><W> कि </W><PLACE-ARG ID="25"><LINK EVENT_ARG="26" ID="49" TYPE_REL="EVENT_ARG"/><W> स्वात </W><W> घाटी </W></PLACE-ARG><W> में </W><TIME-ARG ID="24"><LINK EVENT_ARG="26" ID="50" TYPE_REL="EVENT_ARG"/><W> 2007 </W><W> और </W><W> 2009 </W><W> के </W><W> बीच </W></TIME-ARG><W> तालिबानी </W><W> नियंत्रण </W><W> था </W><W> और </W><W> इस </W><W> दौरान </W><W> इस </W><W> घाटी </W><W> में </W><W> कई </W><MAN_MADE_EVENT ID="26" TYPE="TERRORIST_ATTACK"><W> हमले </W></MAN_MADE_EVENT><W> हुए </W><W> हैं। उधर, </W><W> अफगानिस्तान </W><W> के </W><W> पूर्वी </W><W> और </W><W> उत्तरी </W><W> क्षेत्रों </W><W> में </W><W> सेना </W><W> ने </W><W> आतंकवादियों </W><W> के </W><W> खिलाफ </W><W> अभियान </W><W> चलाते </W><W> हुए </W><W> पिछले </W><W> 24 </W><W> घंटों </W><W> में </W><W> कम </W><W> से </W><W> कम </W><W> 47 </W><W> आतंकवादियों </W><W> को </W><W> मार </W><W> गिराया। </W><W> एक </W><W> पुलिस </W><W> प्रवक्ता </W><W> के </W><W> हवाले </W><W> से </W><W> बताया </W><W> कि </W><W> सुरक्षा </W><W> बलों </W><W> ने </W><W> शुक्रवार </W><W> को </W><W> फारयाब </W><W> प्रांत </W><W> के </W><W> ख्वाजा </W><W> सब्जपोश </W><W> जिले </W><W> में </W><W> 25 </W><W> तालिबान </W><W> आतंकवादियों </W><W> को </W><W> मार </W><W> गिराया </W><W> और </W><W> उनके </W><W> गढ़ </W><W> पर </W><W> कब्जा </W><W> कर </W><W> लिया। </W><PLACE-ARG ID="51"><LINK EVENT_ARG="10" ID="52" TYPE_REL="EVENT_ARG"/><W> स्वात </W></PLACE-ARG><W> में </W><W> यह </W><W> पहला </W><W> बड़ा </W><MAN_MADE_EVENT ID="10" TYPE="TERRORIST_ATTACK"><EVENT-COREF-LINK EVENT_ID="1" ID="34" TYPE_REL="EVENT_COREF"/><W> आतंकवादी </W><W> हमला </W></MAN_MADE_EVENT><W> था, </W><W> जो </W><W> पिछले </W><W> पांच </W><W> सालों </W><W> में </W><W> हुआ </W><W> है।  </W></P></DOCUMENT>