<?xml version="1.0" encoding="UTF-8"?>
<DOCUMENT><DESC/><DESC/><TIME>2277</TIME><P><PLACE-ARG ID="0"><LINK EVENT_ARG="15" ID="22" TYPE_REL="EVENT_ARG"/><W> सुकमा </W></PLACE-ARG><W> में </W><PARTICIPANT-ARG ID="6"><LINK EVENT_ARG="15" ID="23" TYPE_REL="EVENT_ARG"/><W> माओवादियों </W></PARTICIPANT-ARG><W> ने </W><PARTICIPANT-ARG ID="24"><LINK EVENT_ARG="15" ID="30" TYPE_REL="EVENT_ARG"/><W> सड़क </W><W> निर्माण </W><W> में </W><W> लगे </W><W> वाहनों </W></PARTICIPANT-ARG><W> को </W><MAN_MADE_EVENT ID="15" TYPE="TERRORIST_ATTACK"><W> फूंका। </W></MAN_MADE_EVENT></P><P><PLACE-ARG ID="1"><LINK EVENT_ARG="16" ID="32" TYPE_REL="EVENT_ARG"/><W> सुकमा </W></PLACE-ARG><W> । </W><PLACE-ARG ID="2"><LINK EVENT_ARG="16" ID="33" TYPE_REL="EVENT_ARG"/><W> छत्तीसगढ़ </W><W> के </W><W> सुकमा </W><W> जिले </W></PLACE-ARG><W> में </W><TIME-ARG ID="37"><LINK EVENT_ARG="16" ID="38" TYPE_REL="EVENT_ARG"/><W> शुक्रवार </W><W> देर </W><W> शाम </W></TIME-ARG><W> एक </W><W> बार </W><W> फिर </W><PARTICIPANT-ARG ID="7"><LINK EVENT_ARG="16" ID="34" TYPE_REL="EVENT_ARG"/><W> नक्सलियों </W></PARTICIPANT-ARG><W> ने </W><W> अपना </W><W> तांडव </W><W> मचाया। </W><W> यहां </W><W> कई </W><PARTICIPANT-ARG ID="8"><LINK EVENT_ARG="16" ID="35" TYPE_REL="EVENT_ARG"/><W> नक्सलियों </W></PARTICIPANT-ARG><W> ने </W><PARTICIPANT-ARG ID="25"><LINK EVENT_ARG="16" ID="36" TYPE_REL="EVENT_ARG"/><W> सड़क </W><W> निर्माण </W><W> में </W><W> लगे </W><W> वाहनों </W></PARTICIPANT-ARG><W> को </W><MAN_MADE_EVENT ID="16" TYPE="TERRORIST_ATTACK"><EVENT-COREF-LINK EVENT_ID="15" ID="21" TYPE_REL="EVENT_COREF"/><W> जला </W><W> डाला। </W></MAN_MADE_EVENT><W> मिली </W><W> जानकारी </W><W> के </W><W> मुताबिक </W><PARTICIPANT-ARG ID="9"><LINK EVENT_ARG="17" ID="39" TYPE_REL="EVENT_ARG"/><W> नक्सलियों </W></PARTICIPANT-ARG><W> ने </W><PARTICIPANT-ARG ID="42"><LINK EVENT_ARG="17" ID="43" TYPE_REL="EVENT_ARG"/><W> जिले </W><W> के </W><W> कोंडरे </W><W> से </W><W> पदामि </W><W> पारा </W><W> की </W><W> बीच </W><W> चल </W><W> रहे </W><W> सड़क </W><W> निर्माण </W><W> में </W><W> लगे </W><W> टिपर </W><W> व </W><W> टैंकर </W></PARTICIPANT-ARG><W> को </W><MAN_MADE_EVENT ID="17" TYPE="TERRORIST_ATTACK"><EVENT-COREF-LINK EVENT_ID="16" ID="20" TYPE_REL="EVENT_COREF"/><W> आग </W><W> के </W><W> हवाले </W><W> कर </W><W> दिया। </W></MAN_MADE_EVENT></P><P><PLACE-ARG ID="4"><LINK EVENT_ARG="18" ID="44" TYPE_REL="EVENT_ARG"/><W> गादिरास </W><W> थाना </W><W> क्षेत्र </W></PLACE-ARG><W> में </W><W> हुई </W><W> इस </W><MAN_MADE_EVENT ID="18" TYPE="TERRORIST_ATTACK"><EVENT-COREF-LINK EVENT_ID="17" ID="19" TYPE_REL="EVENT_COREF"/><W> घटना </W></MAN_MADE_EVENT><W> के </W><W> बाद </W><AFTER_EFFECTS-ARG ID="27"><LINK EVENT_ARG="18" ID="45" TYPE_REL="EVENT_ARG"/><W> स्थानीय </W><W> पुलिस </W><W> बल </W><W> सतर्क </W><W> हो </W><W> गया </W><W> है </W></AFTER_EFFECTS-ARG><W> और </W><W> इस </W><AFTER_EFFECTS-ARG ID="28"><LINK EVENT_ARG="18" ID="46" TYPE_REL="EVENT_ARG"/><W> इलाके </W><W> का </W><W> सर्चिंग </W><W> अभियान </W><W> शुरू </W><W> कर </W><W> दिया </W><W> है। </W></AFTER_EFFECTS-ARG></P><P><W> गौरतलब </W><W> है </W><W> कि </W><W> इन </W><W> दिनों </W><W> छत्तीसगढ़ </W><W> में </W><W> नक्सलियों </W><W> के </W><W> खिलाफ </W><W> सुरक्षा </W><W> बलों </W><W> द्वारा </W><W> सख्त </W><W> कार्रवाई </W><W> की </W><W> जा </W><W> रही </W><W> है। </W><W> सुदूर </W><W> जंगलों </W><W> में </W><W> छिप </W><W> कर </W><W> बैठे </W><W> नक्सलियों </W><W> को </W><W> पुलिस </W><W> खोज-खोज </W><W> कर </W><W> मार </W><W> रही </W><W> है। </W><W> ऐसे </W><W> में </W><W> इन </W><W> सुदूर </W><W> इलाके </W><W> से </W><W> संपर्क </W><W> स्थापित </W><W> करने </W><W> के </W><W> लिए </W><W> सड़के </W><W> बनाई </W><W> जा </W><W> रही </W><W> है, </W><W> जिनका </W><W> नक्सली </W><W> विरोध </W><W> करते </W><W> हैं। </W></P></DOCUMENT>