<?xml version="1.0" encoding="UTF-8"?>
<DOCUMENT><DESC/><TIME>887</TIME><P><PLACE-ARG ID="0"><LINK EVENT_ARG="17" ID="24" TYPE_REL="EVENT_ARG"/><W> सुकमा </W></PLACE-ARG><W> में </W><PARTICIPANT-ARG ID="5"><LINK EVENT_ARG="17" ID="25" TYPE_REL="EVENT_ARG"/><W> नक्सलियों </W></PARTICIPANT-ARG><W> ने </W><W> फिर </W><W> की </W><PARTICIPANT-ARG ID="18"><LINK EVENT_ARG="17" ID="26" TYPE_REL="EVENT_ARG"/><W> युवक </W></PARTICIPANT-ARG><W> की </W><MAN_MADE_EVENT ID="17" TYPE="TERRORIST_ATTACK"><W> हत्या। </W></MAN_MADE_EVENT></P><P><PLACE-ARG ID="1"><LINK EVENT_ARG="12" ID="27" TYPE_REL="EVENT_ARG"/><W> सुकमा </W></PLACE-ARG><W> । </W><PLACE-ARG ID="2"><LINK EVENT_ARG="12" ID="28" TYPE_REL="EVENT_ARG"/><W> छत्तीसगढ़ </W><W> के </W><W> सुकमा </W><W> जिले </W></PLACE-ARG><W> में </W><PARTICIPANT-ARG ID="6"><LINK EVENT_ARG="12" ID="29" TYPE_REL="EVENT_ARG"/><W> नक्सलियों </W></PARTICIPANT-ARG><W> ने </W><W> फिर </W><W> अपनी </W><MAN_MADE_EVENT ID="12" TYPE="TERRORIST_ATTACK"><EVENT-COREF-LINK EVENT_ID="17" ID="20" TYPE_REL="EVENT_COREF"/><W> नापाक </W><W> हरकत </W></MAN_MADE_EVENT><W> को </W><W> अंजाम </W><W> दिया </W><W> है। </W><REASON-ARG ID="14"><LINK EVENT_ARG="11" ID="30" TYPE_REL="EVENT_ARG"/><W> मुखबिरी </W><W> के </W><W> शक </W><W> में </W></REASON-ARG><PARTICIPANT-ARG ID="8"><LINK EVENT_ARG="11" ID="31" TYPE_REL="EVENT_ARG"/><W> एक </W><W> युवक </W></PARTICIPANT-ARG><W> की </W><MAN_MADE_EVENT ID="11" TYPE="TERRORIST_ATTACK"><EVENT-COREF-LINK EVENT_ID="12" ID="21" TYPE_REL="EVENT_COREF"/><W> बेरहमी </W><W> से </W><W> हत्या </W></MAN_MADE_EVENT><W> कर </W><W> दी </W><W> है। </W><W> इसके </W><W> अलावा </W><PARTICIPANT-ARG ID="7"><LINK EVENT_ARG="11" ID="32" TYPE_REL="EVENT_ARG"/><W> नक्सलियों </W></PARTICIPANT-ARG><W> ने </W><W> घटना </W><W> स्थल </W><W> पर </W><W> पर्चे </W><W> भी </W><W> फेंके </W><W> हैं। </W></P><P><PARTICIPANT-ARG ID="9"><LINK EVENT_ARG="11" ID="33" TYPE_REL="EVENT_ARG"/><W> नक्सलियों </W></PARTICIPANT-ARG><W> ने </W><REASON-ARG ID="15"><LINK EVENT_ARG="11" ID="34" TYPE_REL="EVENT_ARG"/><W> मृतक </W><W> युवक </W><W> पर </W><W> पुलिस </W><W> के </W><W> लिए </W><W> मुखबिरी </W></REASON-ARG><W> करने </W><W> का </W><W> आरोप </W><W> लगाया </W><W> है। </W><W> इस </W><MAN_MADE_EVENT ID="13" TYPE="TERRORIST_ATTACK"><EVENT-COREF-LINK EVENT_ID="11" ID="22" TYPE_REL="EVENT_COREF"/><W> वारदात </W></MAN_MADE_EVENT><W> को </W><PARTICIPANT-ARG ID="10"><LINK EVENT_ARG="13" ID="35" TYPE_REL="EVENT_ARG"/><W> कांगेर </W><W> एरिया </W><W> कमेटी </W><W> के </W><W> नक्सलियों </W></PARTICIPANT-ARG><W> ने </W><W> अंजाम </W><W> दिया </W><W> है। </W><W> मृतक </W><W> युवक </W><PLACE-ARG ID="3"><LINK EVENT_ARG="13" ID="36" TYPE_REL="EVENT_ARG"/><W> सुकमा </W><W> से </W><W> लगे </W><W> पड़ोसी </W><W> राज्य </W><W> ओडिशा </W><W> के </W><W> मलकानगिरी </W><W> के </W><W> कोटापली </W><W> गांव </W></PLACE-ARG><W> का </W><W> रहने </W><W> वाला </W><W> था। </W><W> उसका </W><W> नाम </W><W> जगदीश </W><W> समरथ </W><W> था। </W><MAN_MADE_EVENT ID="19" TYPE="TERRORIST_ATTACK"><EVENT-COREF-LINK EVENT_ID="13" ID="23" TYPE_REL="EVENT_COREF"/><W> मामला </W></MAN_MADE_EVENT><PLACE-ARG ID="4"><LINK EVENT_ARG="19" ID="37" TYPE_REL="EVENT_ARG"/><W> मैथली </W><W> थाने </W><W> क्षेत्र </W></PLACE-ARG><W> का </W><W> बताया </W><W> जा </W><W> रहा </W><W> है। </W></P></DOCUMENT>