<?xml version="1.0" encoding="UTF-8"?>
<DOCUMENT><P><PLACE-ARG ID="0"><LINK EVENT_ARG="2" ID="12" TYPE_REL="EVENT_ARG"/><W> तमिलनाडु </W></PLACE-ARG><W> में </W><CASUALTIES-ARG ID="1"><LINK EVENT_ARG="2" ID="13" TYPE_REL="EVENT_ARG"/><W> दो </W><W> दर्जन </W><W> से </W><W> ज्यादा </W><W> छात्रों </W></CASUALTIES-ARG><W> के </W><NATURAL_EVENT ID="2" TYPE="FOREST_FIRE"><W> जंगल </W><W> में </W><W> लगी </W><W> आग </W></NATURAL_EVENT><W> में </W><W> फंसे </W><W> होने </W><W> की </W><W> खबर </W><W> से </W><W> हड़कंप </W><W> मचा </W><W> है। </W><W> रक्षा </W><W> मंत्री </W><W> निर्मला </W><W> सीतारमण </W><W> ने </W><W> वायुसेना </W><W> को </W><W> छात्रों </W><W> को </W><W> बचाने </W><W> का </W><W> निर्देश </W><W> दिया </W><W> है। </W><W> वह </W><W> लगातार </W><W> घटना </W><W> पर </W><W> नजर </W><W> बनाए </W><W> हुए </W><W> हैं। </W><W> मीडिया </W><W> खबरों </W><W> के </W><W> मुताबिक </W><NATURAL_EVENT ID="3" TYPE="FOREST_FIRE"><EVENT-COREF-LINK EVENT_ID="2" ID="22" TYPE_REL="EVENT_COREF"/><W> आग थेनी </W></NATURAL_EVENT><PLACE-ARG ID="4"><LINK EVENT_ARG="3" ID="14" TYPE_REL="EVENT_ARG"/><W> जिले </W><W> के कुरानगनी </W><W> के </W><W> जंगल </W></PLACE-ARG><W> में </W><W> लगी। </W><W> मुख्यमंत्री </W><W> ई. </W><W> पलानीसामी </W><W> ने </W><W> रक्षा </W><W> मंत्री </W><W> निर्मला </W><W> सीतारमण </W><W> आग्रह </W><W> किया </W><W> था </W><W> कि </W><W> वह </W><W> वायु </W><W> सेना </W><W> को </W><W> राहत-बचाव </W><W> कार्य </W><W> करने </W><W> और </W><W> छात्रों </W><W> को </W><W> वहां </W><W> से </W><W> निकालने </W><W> के </W><W> निर्देश </W><W> दें। </W><W> रक्षा </W><W> मंत्री </W><W> ने </W><W> बताया </W><W> कि </W><W> साउदर्न </W><W> कमांड </W><W> थेनी </W><W> के </W><W> कलेक्टर </W><W> के </W><W> साथ </W><W> संपर्क </W><W> में </W><W> है। </W><W> सीतारमण </W><W> ने </W><W> ट्वीट </W><W> कर </W><W> बताया- </W><W> ”मैंने </W><W> जिला </W><W> कलेक्टर </W><W> से </W><W> बात </W><W> की </W><W> है, </W><W> उन्होंने </W><W> बताया </W><W> कि </W><W> 10-15 </W><W> छात्रों </W><W> को </W><W> बचाया </W><W> जा </W><W> चुका </W><W> है। </W><W> वे </W><W> पहाड़ी </W><W> से </W><W> नीचे </W><W> आ </W><W> रहे </W><W> हैं।” </W><W> द </W><W> न्यूज </W><W> मिनट </W><W> की </W><W> खबर </W><W> के </W><W> मुताबिक </W><TIME-ARG ID="5"><LINK EVENT_ARG="7" ID="15" TYPE_REL="EVENT_ARG"/><W> रविवार </W><W> (11 </W><W> मार्च) </W><W> की </W><W> शाम </W><W> को </W></TIME-ARG><PLACE-ARG ID="6"><LINK EVENT_ARG="7" ID="16" TYPE_REL="EVENT_ARG"/><W> थेनी </W><W> के </W><W> जंगल </W></PLACE-ARG><W> में </W><NATURAL_EVENT ID="7" TYPE="FOREST_FIRE"><EVENT-COREF-LINK EVENT_ID="2" ID="21" TYPE_REL="EVENT_COREF"/><W> आग </W></NATURAL_EVENT><W> लगी </W><W> जिसमें </W><W> कॉलेज </W><W> के </W><CASUALTIES-ARG ID="8"><LINK EVENT_ARG="7" ID="17" TYPE_REL="EVENT_ARG"/><W> 20 </W><W> छात्र </W><W> फंस </W><W> गए। </W></CASUALTIES-ARG><W> छात्र </W><W> ट्रेकिंग </W><W> के </W><W> लिए </W><W> गए </W><W> हुए </W><W> थे। </W></P><P><W> सरकारी </W><W> आंकड़ों </W><W> के </W><W> मुताबिक </W><W> 20 </W><W> छात्र </W><W> ट्रेकिंग </W><W> पर </W><W> गए </W><W> थे, </W><W> जबकि </W><W> स्थानीय </W><W> पत्रकारों </W><W> के </W><W> मुताबिक </W><W> कम </W><W> से </W><W> कम </W><W> 55 </W><W> छात्र </W><W> जंगल </W><W> में </W><W> ट्रेकिंग </W><W> के </W><W> लिए </W><W> गए </W><W> थे। </W><PLACE-ARG ID="11"><LINK EVENT_ARG="10" ID="18" TYPE_REL="EVENT_ARG"/><W> थेनी </W><W> रेंज </W><W> के </W><W> निकट </W><W> कुरानगनी </W></PLACE-ARG><NATURAL_EVENT ID="10" TYPE="FOREST_FIRE"><W> जंगल </W><W> में </W><W> आग </W></NATURAL_EVENT><W> पकड़ </W><W> गई। </W><W> ऐसा </W><W> माना </W><W> जा </W><W> रहा </W><W> है </W><W> कि </W><W> पर्वत </W><W> श्रृंखला </W><W> के </W><W> लिए </W><W> ट्रेकिंग </W><W> पर </W><W> गए </W><W> छात्र </W><W> आग </W><W> में </W><W> फंस </W><W> गए </W><W> और </W><W> कहा </W><W> जा </W><W> रहा </W><W> है </W><W> कि </W><CASUALTIES-ARG ID="9"><LINK EVENT_ARG="10" ID="19" TYPE_REL="EVENT_ARG"/><W> एक </W><W> छात्र </W><W> की </W><W> मौत </W></CASUALTIES-ARG><W> हो </W><W> गई </W><W> है। </W><W> मौके </W><W> पर </W><W> वायुसेना </W><W> के </W><W> अलावा </W><W> दमकल </W><W> और </W><W> पुलिस </W><W> की </W><W> टीमें </W><W> बचाव </W><W> कार्य </W><W> में </W><W> लगाई </W><W> गई </W><W> हैं। </W></P><P><W> स्थानीय </W><W> मीडिया </W><W> के </W><W> अनुसार </W><W> पास </W><W> के </W><W> गांव </W><W> के </W><W> लोगों </W><W> को </W><W> चाढ़े </W><W> चार </W><W> बजे </W><W> के </W><W> करीब </W><W> आग </W><W> लगने </W><W> का </W><W> पता </W><W> लगा। </W><W> तमिल </W><W> मीडिया </W><W> से </W><W> बात </W><W> करने </W><W> वाले </W><W> बचाव </W><W> दल </W><W> के </W><W> एक </W><W> सदस्य </W><W> ने </W><W> बताया </W><W> कि </W><W> करीब </W><W> 200 </W><W> स्थानीय </W><W> लोग </W><W> बचाव </W><W> कार्य </W><W> में </W><W> मदद </W><W> कर </W><W> रहे </W><W> हैं। </W><W> डॉक्टरों </W><W> के </W><W> भी </W><W> कथिततौर </W><W> पर </W><W> मौके </W><W> पर </W><W> होने </W><W> की </W><W> बात </W><W> कही </W><W> जा </W><W> रही </W><W> है। </W><W> वन </W><W> अधिकारी </W><W> जय </W><W> सिंह </W><W> ने </W><W> मीडिया </W><W> को </W><W> बताया </W><W> कि </W><W> 9 </W><W> छात्रों </W><W> को </W><W> बचाया </W><W> जा </W><W> चुका </W><W> है। </W><W> अंधेरा </W><W> गहराने </W><W> की </W><W> वजह </W><W> से </W><W> बचाव </W><W> कार्य </W><W> में </W><W> कठिनाई </W><W> आ </W><W> रही </W><W> है। </W></P></DOCUMENT>