<?xml version="1.0" encoding="UTF-8"?>
<DOCUMENT><DESC/><TIME>1849</TIME><P><PLACE-ARG ID="0"><LINK EVENT_ARG="2" ID="9" TYPE_REL="EVENT_ARG"/><W> हिमाचल </W></PLACE-ARG><W> में </W><NATURAL_EVENT ID="2" TYPE="COLD_WAVE"><W> शीत </W><W> लहर </W></NATURAL_EVENT><W> का </W><W> कहर </W><W> जारी, </W><AFTER_EFFECTS-ARG ID="4"><LINK EVENT_ARG="2" ID="10" TYPE_REL="EVENT_ARG"/><W> न्यूनतम </W><W> पारा </W><W> गिरा </W></AFTER_EFFECTS-ARG></P><P><PLACE-ARG ID="1"><LINK EVENT_ARG="3" ID="11" TYPE_REL="EVENT_ARG"/><W> हिमाचल </W></PLACE-ARG><W> में </W><NATURAL_EVENT ID="3" TYPE="COLD_WAVE"><EVENT-COREF-LINK EVENT_ID="2" ID="16" TYPE_REL="EVENT_COREF"/><W> शीत </W><W> लहर </W></NATURAL_EVENT><W> का </W><W> कहर </W><W> जारी </W><W> है। </W><AFTER_EFFECTS-ARG ID="5"><LINK EVENT_ARG="3" ID="12" TYPE_REL="EVENT_ARG"/><W> न्यूनतम </W><W> तापमान </W><W> में </W><W> गिरावट </W><W> दर्ज </W><W> की </W><W> गई </W></AFTER_EFFECTS-ARG><W> है। </W><W> प्रदेश </W><W> में </W><W> न्यूनतम </W><W> तापमान </W><W> घटने </W><W> से </W><W> सुबह </W><W> और </W><W> शाम </W><W> के </W><W> समय </W><W> ठंड </W><W> और </W><W> अधिक </W><W> बढ़ </W><W> गई </W><W> है। </W><W> वीरवार </W><W> रात </W><W> के </W><W> मुकाबले </W><W> शुक्रवार </W><W> रात </W><W> को </W><W> प्रदेश </W><W> के </W><W> न्यूनतम </W><W> तापमान </W><W> में </W><W> तीन </W><W> से </W><W> चार </W><W> डिग्री </W><W> सेल्सियस </W><W> की </W><W> कमी </W><W> दर्ज </W><W> की </W><W> गई </W><W> है।  </W></P><P><PLACE-ARG ID="7"><LINK EVENT_ARG="3" ID="14" TYPE_REL="EVENT_ARG"/><W> शिमला </W></PLACE-ARG><W> का </W><AFTER_EFFECTS-ARG ID="6"><LINK EVENT_ARG="3" ID="13" TYPE_REL="EVENT_ARG"/><W> न्यूनतम </W><W> पारा </W><W> छह </W><W> से </W><W> गिरकर </W><W> दो </W><W> डिग्री </W><W> पर </W><W> पहुंच </W><W> गया </W></AFTER_EFFECTS-ARG><W> है। </W><W> शनिवार </W><W> को </W><W> प्रदेश </W><W> के </W><W> अधिकांश </W><W> क्षेत्रों </W><W> में </W><W> मौसम </W><W> साफ </W><W> रहा। </W><W> धूप </W><W> खिलने </W><W> के </W><W> साथ </W><W> ही </W><W> दिन </W><W> भर </W><W> तेज </W><W> हवाएं </W><W> चलने </W><W> का </W><W> दौर </W><W> जारी </W><W> रहा। </W></P><P><W> शनिवार </W><W> को </W><W> शिमला </W><W> में </W><W> अधिकतम </W><W> तापमान </W><W> 14.4, </W><W> ऊना </W><W> में </W><W> 22.6, </W><W> सुंदरनगर </W><W> में </W><W> 20.7, </W><W> भुंतर </W><W> में </W><W> 18.2, </W><W> धर्मशाला </W><W> में </W><W> 14.8, </W><W> नाहन </W><W> में </W><W> 17.8, </W><W> सोलन </W><W> में </W><W> 18.2, </W><W> कांगड़ा </W><W> में </W><W> 20.5, </W><W> हमीरपुर </W><W> में </W><W> 20.7, </W><W> चंबा </W><W> में </W><W> 19.1, </W><W> डलहौजी </W><W> में </W><W> 11.4 </W><W> और </W><W> कल्पा </W><W> में </W><W> 12.0 </W><W> डिग्री </W><W> सेल्सियस </W><W> रिकॉर्ड </W><W> किया </W><W> गया।  </W></P><P><W> उधर, </W><W> शुक्रवार </W><W> रात </W><W> को </W><AFTER_EFFECTS-ARG ID="8"><LINK EVENT_ARG="3" ID="15" TYPE_REL="EVENT_ARG"/><W> केलांग </W><W> में </W><W> न्यूनतम </W><W> तापमान </W><W> -7.6, </W><W> मनाली </W><W> में </W><W> -3.0, </W><W> कल्पा </W><W> में </W><W> -1.6, </W><W> भुंतर </W><W> में </W><W> -1.5, </W><W> सुंदरनगर </W><W> में </W><W> 0.1, </W><W> सोलन </W><W> में </W><W> 1.0, </W><W> चंबा </W><W> में </W><W> 1.4, </W><W> ऊना </W><W> में </W><W> 2.6, </W><W> शिमला </W><W> में </W><W> 2.8 </W><W> और </W><W> धर्मशाला </W><W> में </W><W> 6.4 </W><W> डिग्री </W><W> सेल्सियस </W><W> रिकॉर्ड </W><W> किया </W></AFTER_EFFECTS-ARG><W> गया। </W><W> मौसम </W><W> विज्ञान </W><W> केंद्र </W><W> शिमला </W><W> ने </W><W> 19 </W><W> जनवरी </W><W> तक </W><W> प्रदेश </W><W> में </W><W> मौसम </W><W> साफ </W><W> रहने </W><W> का </W><W> पूर्वानुमान </W><W> जताया </W><W> है।  </W></P></DOCUMENT>