<?xml version="1.0" encoding="UTF-8"?>
<DOCUMENT><DESC/><TIME>1244</TIME><P><MAN_MADE_EVENT ID="0" TYPE="SHOOT_OUT"><W> गोलीकांड </W></MAN_MADE_EVENT><W> में </W><CASUALTIES-ARG ID="1"><LINK EVENT_ARG="0" ID="44" TYPE_REL="EVENT_ARG"/><W> बुझा </W><W> परिवार </W><W> का </W><W> इकलौता </W><W> चिराग </W></CASUALTIES-ARG><W> । </W></P><P><PLACE-ARG ID="2"><LINK EVENT_ARG="3" ID="45" TYPE_REL="EVENT_ARG"/><W> गांव </W><W> मई </W></PLACE-ARG><W> में </W><MAN_MADE_EVENT ID="3" TYPE="SHOOT_OUT"><EVENT-COREF-LINK EVENT_ID="0" ID="36" TYPE_REL="EVENT_COREF"/><W> गोलीकांड </W></MAN_MADE_EVENT><W> में </W><CASUALTIES-ARG ID="7"><LINK EVENT_ARG="3" ID="46" TYPE_REL="EVENT_ARG"/><W> किशोर </W><W> की </W><W> मौत </W></CASUALTIES-ARG><W> से </W><AFTER_EFFECTS-ARG ID="8"><LINK EVENT_ARG="3" ID="47" TYPE_REL="EVENT_ARG"/><W> शादी </W><W> समारोह </W><W> में </W><W> खलल </W></AFTER_EFFECTS-ARG><W> पड़ </W><W> गया। </W><AFTER_EFFECTS-ARG ID="9"><LINK EVENT_ARG="3" ID="48" TYPE_REL="EVENT_ARG"/><W> शादी </W><W> की </W><W> खुशियां </W><W> मातम </W><W> में </W><W> बदल </W><W> गईं। </W><W> हर </W><W> तरफ </W><W> चीख-पुकार </W><W> और </W><W> अफरा-तफरी </W><W> का </W><W> माहौल </W><W> बन </W></AFTER_EFFECTS-ARG><W> गया। </W><W> आनन-फानन </W><W> गोली </W><W> से </W><AFTER_EFFECTS-ARG ID="10"><LINK EVENT_ARG="3" ID="49" TYPE_REL="EVENT_ARG"/><W> घायल </W><W> किशोर </W><W> को </W><W> सीएचसी </W><W> लाया </W><W> गया, </W><W> लेकिन </W><W> तब </W><W> तक </W><W> उसकी </W><W> मौत </W><W> हो </W><W> चुकी </W><W> थी।  </W></AFTER_EFFECTS-ARG></P><P><W> मृत </W><W> किशोर </W><W> मोहित </W><W> अपने </W><W> माता-पिता </W><W> का </W><W> इकलौता </W><W> बेटा </W><W> था। </W><W> मोहित </W><W> से </W><W> छोटी </W><W> उसकी </W><W> एक </W><W> बहन </W><W> है। </W><W> इस </W><W> तरह </W><W> इस </W><MAN_MADE_EVENT ID="4" TYPE="SHOOT_OUT"><EVENT-COREF-LINK EVENT_ID="0" ID="38" TYPE_REL="EVENT_COREF"/><W> हादसे </W></MAN_MADE_EVENT><W> में </W><W> इस </W><CASUALTIES-ARG ID="11"><LINK EVENT_ARG="4" ID="50" TYPE_REL="EVENT_ARG"/><W> परिवार </W><W> का </W><W> इकलौता </W><W> चिराग </W><W> बुझ </W><W> गया। </W></CASUALTIES-ARG><AFTER_EFFECTS-ARG ID="12"><LINK EVENT_ARG="4" ID="51" TYPE_REL="EVENT_ARG"/><W> मोहित </W><W> की </W><W> मौत </W><W> से </W><W> उसके </W><W> परिजन </W><W> सदमे </W><W> की </W><W> हालत </W><W> में </W><W> हैं। </W></AFTER_EFFECTS-ARG><W> वह </W><W> यकीन </W><W> नहीं </W><W> कर </W><W> पा </W><W> रहे </W><W> कि </W><W> उनका </W><W> मोहित </W><W> अब </W><W> इस </W><W> दुनिया </W><W> में </W><W> नहीं </W><W> रहा। </W><W> परिजन </W><W> और </W><W> गांव </W><W> के </W><W> लोग </W><W> उन्हें </W><W> ढांढस </W><W> बंधा </W><W> रहे </W><W> हैं, </W><W> लेकिन </W><W> उनका </W><W> दिल </W><W> सब्र </W><W> करने </W><W> को </W><W> तैयार </W><W> नहीं </W><W> है। </W><MAN_MADE_EVENT ID="5" TYPE="SHOOT_OUT"><EVENT-COREF-LINK EVENT_ID="0" ID="39" TYPE_REL="EVENT_COREF"/><W> घटना </W></MAN_MADE_EVENT><W> की </W><W> जानकारी </W><W> होने </W><W> पर </W><AFTER_EFFECTS-ARG ID="13"><LINK EVENT_ARG="5" ID="52" TYPE_REL="EVENT_ARG"/><W> मोहित </W><W> के </W><W> परिवार </W><W> के </W><W> बाकी </W><W> लोग </W><W> और </W><W> काफी </W><W> ग्रामीण </W><W> भी </W><W> सादाबाद </W><W> पहुंच </W><W> गए। </W><W> सीएचसी </W><W> पर </W><W> करुण-क्रंदन </W><W> शुरू </W><W> हो </W><W> गया। </W></AFTER_EFFECTS-ARG><W> जिसने </W><W> भी </W><W> यह </W><W> माहौल </W><W> देखा, </W><W> उसका </W><W> कलेजा </W><W> हिल </W><W> गया। </W><W> हर </W><W> आंख </W><W> नम </W><W> हो </W><W> गई। </W><W> शोक </W><W> के </W><W> माहौल </W><W> के </W><W> बीच </W><W> आनन-फानन </W><W> शादी </W><W> की </W><W> रस्में </W><W> पूरी </W><W> कराई </W><W> गईं।  </W></P><P><W> गम </W><W> बांटने </W><W> जा </W><W> रहे </W><W> चार </W><W> लोग </W><MAN_MADE_EVENT ID="18" TYPE="VEHICULAR_COLLISION"><ASSOCIATED-EVENT-LINK EVENT_ID="0" ID="19" TYPE_REL="ASSOCIATED_EVENT"/><W> हादसे </W></MAN_MADE_EVENT><W> में </W><W> घायल  </W></P><P><TIME-ARG ID="54"><LINK EVENT_ARG="25" ID="55" TYPE_REL="EVENT_ARG"/><W>  मंगलवार </W></TIME-ARG><W> को </W><PLACE-ARG ID="22"><LINK EVENT_ARG="25" ID="56" TYPE_REL="EVENT_ARG"/><W> कोतवाली </W><W> हाथरस </W><W> गेट </W><W> क्षेत्र </W><W> में </W><W> एआरटीओ </W><W> कार्यालय </W><W> के </W><W> सामने </W></PLACE-ARG><PARTICIPANT-ARG ID="23"><LINK EVENT_ARG="25" ID="57" TYPE_REL="EVENT_ARG"/><W> बालू </W><W> से </W><W> भरे </W><W> ट्रक </W></PARTICIPANT-ARG><W> ने </W><PARTICIPANT-ARG ID="24"><LINK EVENT_ARG="25" ID="58" TYPE_REL="EVENT_ARG"/><W> एक </W><W> स्विफ्ट </W><W> डिजायर </W><W> कार </W></PARTICIPANT-ARG><W> को </W><MAN_MADE_EVENT ID="25" TYPE="VEHICULAR_COLLISION"><EVENT-COREF-LINK EVENT_ID="18" ID="40" TYPE_REL="EVENT_COREF"/><W> टक्कर </W><W> मार </W><W> दी। </W></MAN_MADE_EVENT><W> इसके </W><W> बाद </W><W> ट्रक </W><W> भी </W><W> असंतुलित </W><W> होकर </W><W> पलट </W><W> गया। </W><MAN_MADE_EVENT ID="26" TYPE="VEHICULAR_COLLISION"><EVENT-COREF-LINK EVENT_ID="18" ID="41" TYPE_REL="EVENT_COREF"/><W> हादसे </W></MAN_MADE_EVENT><W> में </W><CASUALTIES-ARG ID="27"><LINK EVENT_ARG="26" ID="59" TYPE_REL="EVENT_ARG"/><W> कार </W><W> सवार </W><W> चार </W><W> लोग </W><W> घायल </W></CASUALTIES-ARG><W> हो </W><W> गए। </W><W> इनमें </W><W> से </W><AFTER_EFFECTS-ARG ID="28"><LINK EVENT_ARG="26" ID="60" TYPE_REL="EVENT_ARG"/><W> एक </W><W> की </W><W> स्थिति </W><W> गंभीर </W><W> होने </W><W> के </W><W> कारण </W><W> उसको </W><W> जेएन </W><W> मेडिकल </W><W> कॉलेज </W><W> अलीगढ़ </W><W> के </W><W> लिए </W><W> रेफर </W><W> किया </W><W> गया </W><W> है।  </W></AFTER_EFFECTS-ARG></P><P><W> जानकारी </W><W> के </W><W> अनुसार </W><PLACE-ARG ID="29"><LINK EVENT_ARG="26" ID="61" TYPE_REL="EVENT_ARG"/><W> सिकंदराराऊ </W><W> की </W><W> ओर </W><W> से </W></PLACE-ARG><PARTICIPANT-ARG ID="30"><LINK EVENT_ARG="26" ID="62" TYPE_REL="EVENT_ARG"/><W> बालू </W><W> से </W><W> भरा </W><W> हुआ </W><W> एक </W><W> ट्रक </W></PARTICIPANT-ARG><W> आ </W><W> रहा </W><W> था। </W><W> इस </W><W> दौरान </W><PLACE-ARG ID="31"><LINK EVENT_ARG="26" ID="63" TYPE_REL="EVENT_ARG"/><W> हाथरस </W><W> की </W><W> ओर </W><W> से </W></PLACE-ARG><PARTICIPANT-ARG ID="32"><LINK EVENT_ARG="26" ID="64" TYPE_REL="EVENT_ARG"/><W> स्विफ्ट </W><W> डिजायर </W><W> कार </W></PARTICIPANT-ARG><W> में </W><W> सवार </W><W> होकर </W><W> बृजेश </W><W> शुक्ला </W><W> निवासी </W><W> रविकुंज </W><W> हाथरस, </W><W> राहुल </W><W> राणावत </W><W> निवासी </W><W> गोपी </W><W> की </W><W> नगररिया </W><W> मथुरा, </W><W> हिमांशु </W><W> निवासी </W><W> सराय </W><W> रहमान </W><W> एटा, </W><W> दीपक </W><W> निवासी </W><W> मथुरा </W><W> पोस्टमार्टम </W><W> हाउस </W><W> जा </W><W> रहे </W><W> थे। </W><W> यह </W><W> लोग </W><W> सादाबाद </W><W> क्षेत्र </W><W> के </W><PLACE-ARG ID="65"><LINK EVENT_ARG="5" ID="66" TYPE_REL="EVENT_ARG"/><W> गांव </W><W> मई </W></PLACE-ARG><W> में </W><REASON-ARG ID="15"><LINK EVENT_ARG="5" ID="67" TYPE_REL="EVENT_ARG"/><W> डीजे </W><W> पर </W><W> डांस </W><W> को </W><W> लेकर </W><W> चली </W><W> गोली </W><W> लगने </W></REASON-ARG><W> से </W><CASUALTIES-ARG ID="16"><LINK EVENT_ARG="5" ID="68" TYPE_REL="EVENT_ARG"/><W> किशोर </W><W> की </W><W> मौत </W></CASUALTIES-ARG><W> के </W><W> बाद </W><W> वहां </W><W> जा </W><W> रहे </W><W> थे। </W><PARTICIPANT-ARG ID="33"><LINK EVENT_ARG="34" ID="69" TYPE_REL="EVENT_ARG"/><W> ट्रक </W></PARTICIPANT-ARG><W> ने </W><W> कार </W><W> में </W><W> इतनी </W><W> तेजी </W><W> से </W><MAN_MADE_EVENT ID="34" TYPE="VEHICULAR_COLLISION"><EVENT-COREF-LINK EVENT_ID="18" ID="42" TYPE_REL="EVENT_COREF"/><W> टक्कर </W><W> मारी </W></MAN_MADE_EVENT><W> कि </W><W> कार </W><W> उछलकर </W><W> होकर </W><W> एक </W><W> तरफ </W><W> खड्ड </W><W> में </W><W> जा </W><W> गिरी। </W><MAN_MADE_EVENT ID="35" TYPE="VEHICULAR_COLLISION"><EVENT-COREF-LINK EVENT_ID="18" ID="43" TYPE_REL="EVENT_COREF"/><W> दुर्घटना </W></MAN_MADE_EVENT><W> के </W><W> बाद </W><W> असंतुलित </W><W> हुआ </W><W> ट्रक </W><W> भी </W><W> कुछ </W><W> दूर </W><W> जाने </W><W> के </W><W> बाद </W><W> पलट </W><W> गया। </W><AFTER_EFFECTS-ARG ID="17"><LINK EVENT_ARG="35" ID="70" TYPE_REL="EVENT_ARG"/><W> कार </W><W> में </W><W> सवार </W><W> चारों </W><W> लोग </W><W> गंभीर </W><W> रूप </W><W> से </W><W> घायल </W><W> हो </W><W> गए। </W><W> पुलिस </W><W> ने </W><W> चारों </W><W> को </W><W> उपचार </W><W> के </W><W> लिए </W><W> बागला </W><W> जिला </W><W> अस्पताल </W><W> में </W><W> भर्ती </W><W> कराया </W><W> गया। </W><W> हालत </W><W> गंभीर </W><W> होने </W><W> के </W><W> कारण </W><W> बृजेश </W><W> को </W><W> अलीगढ़ </W><W> रेफर </W><W> कर </W><W> दिया </W><W> गया </W><W> है। </W></AFTER_EFFECTS-ARG></P></DOCUMENT>