<?xml version="1.0" encoding="UTF-8"?>
<DOCUMENT><DESC/><TIME>340</TIME><P><MAN_MADE_EVENT ID="0" TYPE="VEHICULAR_COLLISION"><W> वाहन </W><W> की </W><W> टक्कर </W></MAN_MADE_EVENT><W> से </W><AFTER_EFFECTS-ARG ID="1"><LINK EVENT_ARG="0" ID="22" TYPE_REL="EVENT_ARG"/><W> किसान </W><W> की </W><W> मौत, </W></AFTER_EFFECTS-ARG><AFTER_EFFECTS-ARG ID="2"><LINK EVENT_ARG="0" ID="23" TYPE_REL="EVENT_ARG"/><W> लगाया </W><W> जाम </W></AFTER_EFFECTS-ARG><W> । </W></P><P><PLACE-ARG ID="3"><LINK EVENT_ARG="6" ID="24" TYPE_REL="EVENT_ARG"/><W> थाना </W><W> क्षेत्र </W><W> के </W><W> अंतर्गत </W><W> लखेरे </W><W> के </W><W> कुंआ </W><W> से </W><W> कुछ </W><W> ही </W><W> दूरी </W><W> पर </W><W> इटावा </W><W> जाने </W><W> वाले </W><W> रास्ते </W></PLACE-ARG><W> पर </W><CASUALTIES-ARG ID="4"><LINK EVENT_ARG="6" ID="25" TYPE_REL="EVENT_ARG"/><W> एक </W><W> अधेड़ </W></CASUALTIES-ARG><W> को </W><PARTICIPANT-ARG ID="5"><LINK EVENT_ARG="6" ID="26" TYPE_REL="EVENT_ARG"/><W> वाहन </W></PARTICIPANT-ARG><W> ने </W><MAN_MADE_EVENT ID="6" TYPE="VEHICULAR_COLLISION"><EVENT-COREF-LINK EVENT_ID="0" ID="19" TYPE_REL="EVENT_COREF"/><W> टक्कर </W><W> मार </W><W> दी। </W></MAN_MADE_EVENT><W> इससे </W><W> उसकी </W><W> मौके </W><W> पर </W><W> ही </W><CASUALTIES-ARG ID="7"><LINK EVENT_ARG="6" ID="27" TYPE_REL="EVENT_ARG"/><W> मौत </W><W> हो </W><W> गई। </W></CASUALTIES-ARG><W> इससे </W><AFTER_EFFECTS-ARG ID="8"><LINK EVENT_ARG="6" ID="28" TYPE_REL="EVENT_ARG"/><W> गुस्साए </W><W> ग्रामीणों </W><W> ने </W><W> जाम </W><W> लगा </W><W> दिया। </W></AFTER_EFFECTS-ARG><W> बाद </W><W> में </W><AFTER_EFFECTS-ARG ID="9"><LINK EVENT_ARG="6" ID="29" TYPE_REL="EVENT_ARG"/><W> पुलिस </W><W> के </W><W> समझाने </W><W> पर </W><W> ग्रामीणों </W><W> ने </W><W> जाम </W><W> खोल </W><W> दिया। </W></AFTER_EFFECTS-ARG><W>   </W></P><P><PLACE-ARG ID="10"><LINK EVENT_ARG="6" ID="30" TYPE_REL="EVENT_ARG"/><W> पीहरपुर </W></PLACE-ARG><W> निवासी </W><CASUALTIES-ARG ID="11"><LINK EVENT_ARG="6" ID="31" TYPE_REL="EVENT_ARG"/><W> दौलतराम </W><W> (55) </W></CASUALTIES-ARG><TIME-ARG ID="12"><LINK EVENT_ARG="6" ID="32" TYPE_REL="EVENT_ARG"/><W> रविवार </W><W> देर </W><W> शाम </W></TIME-ARG><W> को </W><W> को </W><W> अपने </W><W> खेतों </W><W> में </W><W> जानवरों </W><W> से </W><W> गेहूं </W><W> की </W><W> फसल </W><W> बचाने </W><W> को </W><W> काटे </W><W> लगाने </W><W> के </W><W> लिए </W><W> रोड </W><W> क्रॉस </W><W> कर </W><W> रहे </W><W> थे। </W><W> तभी </W><PLACE-ARG ID="13"><LINK EVENT_ARG="15" ID="33" TYPE_REL="EVENT_ARG"/><W> इटावा </W><W> की </W><W> ओर </W></PLACE-ARG><W> से </W><W> आ </W><W> रहे </W><PARTICIPANT-ARG ID="20"><LINK EVENT_ARG="15" ID="34" TYPE_REL="EVENT_ARG"/><W> एक </W><W> वाहन </W></PARTICIPANT-ARG><W> ने </W><W> उसके </W><MAN_MADE_EVENT ID="15" TYPE="VEHICULAR_COLLISION"><EVENT-COREF-LINK EVENT_ID="0" ID="21" TYPE_REL="EVENT_COREF"/><W> टक्कर </W><W> मार </W><W> दी। </W></MAN_MADE_EVENT><W> इससे </W><W> उनकी </W><W> मौके </W><W> पर </W><W> ही </W><CASUALTIES-ARG ID="16"><LINK EVENT_ARG="15" ID="35" TYPE_REL="EVENT_ARG"/><W> मौत </W><W> गई। </W></CASUALTIES-ARG><W> इससे </W><AFTER_EFFECTS-ARG ID="17"><LINK EVENT_ARG="15" ID="36" TYPE_REL="EVENT_ARG"/><W> गुस्साए </W><W> ग्रामीणों </W><W> ने </W><W> रोड </W><W> पर </W><W> जाम </W><W> लगा </W><W> दिया। </W></AFTER_EFFECTS-ARG><AFTER_EFFECTS-ARG ID="18"><LINK EVENT_ARG="15" ID="37" TYPE_REL="EVENT_ARG"/><W> जसवंतनगर </W><W> पुलिस </W><W> के </W><W> उपनिरीक्षक </W><W> सुरेशचंद्र </W><W> और </W><W> अजय </W><W> कुमार </W><W> घटनास्थल </W><W> पर </W><W> पहुंचकर </W><W> शव </W><W> को </W><W> सड़क </W><W> से </W><W> हटाकर </W><W> किनारे </W><W> कराकर </W><W> ग्रामीणों </W><W> को </W><W> समझाबुझा </W><W> कर </W><W> जाम </W><W> खुलवाया। </W></AFTER_EFFECTS-ARG></P></DOCUMENT>