<?xml version="1.0" encoding="UTF-8"?>
<DOCUMENT><DESC/><TIME>293</TIME><P><PLACE-ARG ID="0"><LINK EVENT_ARG="7" ID="20" TYPE_REL="EVENT_ARG"/><W> ब्रिटिश </W><W> द्वीपों </W></PLACE-ARG><W> से </W><W> टकरायेगा </W><NAME-ARG ID="11"><LINK EVENT_ARG="7" ID="21" TYPE_REL="EVENT_ARG"/><W> ओफेलिया </W></NAME-ARG><NATURAL_EVENT ID="7" TYPE="HURRICANE"><W> तूफान, </W></NATURAL_EVENT><W> रेड </W><W> अलर्ट </W><W> जारी </W></P><P><NAME-ARG ID="12"><LINK EVENT_ARG="8" ID="22" TYPE_REL="EVENT_ARG"/><W> ओफेलिया </W></NAME-ARG><NATURAL_EVENT ID="8" TYPE="HURRICANE"><EVENT-COREF-LINK EVENT_ID="7" ID="16" TYPE_REL="EVENT_COREF"/><W> तूफान </W></NATURAL_EVENT><W> की </W><W> वजह </W><W> से </W><PLACE-ARG ID="1"><LINK EVENT_ARG="8" ID="23" TYPE_REL="EVENT_ARG"/><W> ब्रिटिश </W><W> द्वीपों </W></PLACE-ARG><W> में </W><W> रेड </W><W> अलर्ट </W><W> जारी </W><W> कर </W><W> दिया </W><W> गया </W><W> है। </W><NATURAL_EVENT ID="13" TYPE="HURRICANE"><EVENT-COREF-LINK EVENT_ID="7" ID="17" TYPE_REL="EVENT_COREF"/><W> तूफान </W></NATURAL_EVENT><W> की </W><W> वजह </W><W> से </W><PLACE-ARG ID="2"><LINK EVENT_ARG="13" ID="24" TYPE_REL="EVENT_ARG"/><W> स्कूलों </W></PLACE-ARG><W> को </W><W> बंद </W><W> रखने </W><W> की </W><W> एडवाइजरी </W><W> भी </W><W> जारी </W><W> की </W><W> गई </W><W> है। </W><W> मौसम </W><W> विभाग </W><W> के </W><W> मुताबिक </W><PLACE-ARG ID="3"><LINK EVENT_ARG="9" ID="25" TYPE_REL="EVENT_ARG"/><W> अटलांटिक </W><W> महासागर </W></PLACE-ARG><W> से </W><W> उठा </W><W> यह </W><NATURAL_EVENT ID="9" TYPE="HURRICANE"><EVENT-COREF-LINK EVENT_ID="7" ID="18" TYPE_REL="EVENT_COREF"/><W> तूफान </W></NATURAL_EVENT><INTENSITY-ARG ID="15"><LINK EVENT_ARG="9" ID="26" TYPE_REL="EVENT_ARG"/><W> 90 </W><W> एमपीएच </W><W> (145 </W><W> किमी/ </W><W> घंटा) </W><W> की </W><W> रफ्तार </W></INTENSITY-ARG><W> से </W><W> आगे </W><W> बढ़ </W><W> रहा </W><W> है। </W></P><P><PLACE-ARG ID="4"><LINK EVENT_ARG="10" ID="27" TYPE_REL="EVENT_ARG"/><W> तटीय </W><W> क्षेत्रों </W></PLACE-ARG><W> में </W><TIME-ARG ID="14"><LINK EVENT_ARG="10" ID="28" TYPE_REL="EVENT_ARG"/><W> सोमवार </W><W> सुबह </W><W> 9 </W><W> बजे </W></TIME-ARG><NATURAL_EVENT ID="10" TYPE="HURRICANE"><EVENT-COREF-LINK EVENT_ID="7" ID="19" TYPE_REL="EVENT_COREF"/><W> इस </W><W> तूफान </W></NATURAL_EVENT><W> का </W><W> असर </W><W> पड़ेगा। </W><W> मौसम </W><W> विभाग </W><W> ने </W><W> लोगों </W><W> को </W><W> बेवजह </W><W> यात्रा </W><W> करने </W><W> के </W><W> लिए </W><W> मना </W><W> किया </W><W> है। </W><W> मौसम </W><W> विभाग </W><W> ने </W><PLACE-ARG ID="5"><LINK EVENT_ARG="10" ID="29" TYPE_REL="EVENT_ARG"/><W> उत्तरी </W><W> आयरलैंड, </W><W> वाल्स, </W><W> दक्षिणी </W><W> क्षेत्र </W><W> और </W><W> सेंट्रंल </W><W> स्कॉटलैंड </W></PLACE-ARG><W> में </W><W> यैलो </W><W> वार्निंग </W><W> जारी </W><W> की </W><W> है।  </W></P><P><W> सूत्रों </W><W> के </W><W> मुताबिक </W><W> सैनिकों </W><W> को </W><W> भी </W><W> आदेश </W><W> दिया </W><W> गया </W><W> है </W><W> कि </W><W> किसी </W><W> भी </W><W> आपदा </W><W> का </W><W> सामना </W><W> करने </W><W> के </W><W> लिए </W><W> तैयार </W><W> रहें। </W><W> भीषण </W><W> तबाही </W><W> की </W><W> आशंका </W><W> वाले </W><W> क्षेत्रों </W><PLACE-ARG ID="6"><LINK EVENT_ARG="10" ID="30" TYPE_REL="EVENT_ARG"/><W> वेक्सफोर्ड, </W><W> गालवे, </W><W> मायो, </W><W> क्लार, </W><W> कॉर्क, </W><W> केरी, </W><W> लिमरिक </W><W> और </W><W> वाटरफोर्ड </W></PLACE-ARG><W> में </W><W> सुरक्षाबलों </W><W> की </W><W> तैनाती </W><W> की </W><W> गई </W><W> है। </W><W>    </W></P></DOCUMENT>