<?xml version="1.0" encoding="UTF-8"?>
<DOCUMENT><DESC/><TIME>1142</TIME><P><PLACE-ARG ID="0"><LINK EVENT_ARG="4" ID="37" TYPE_REL="EVENT_ARG"/><W> मथुरा </W></PLACE-ARG><W> में </W><MAN_MADE_EVENT ID="4" TYPE="TRANSPORT_HAZARDS"><W> ट्रैक्टर-ट्रॉली </W><W> पलटने </W></MAN_MADE_EVENT><W> से </W><CASUALTIES-ARG ID="9"><LINK EVENT_ARG="4" ID="38" TYPE_REL="EVENT_ARG"/><W> तीन </W><W> मजदूरों </W><W> की </W><W> दबकर </W><W> मौत, </W><W> दो </W><W> घायल </W></CASUALTIES-ARG><W> ।  </W></P><P><PLACE-ARG ID="1"><LINK EVENT_ARG="5" ID="39" TYPE_REL="EVENT_ARG"/><W> मथुरा </W><W> के </W><W> चौमुंहा </W><W> क्षेत्र </W></PLACE-ARG><W> में </W><TIME-ARG ID="11"><LINK EVENT_ARG="5" ID="40" TYPE_REL="EVENT_ARG"/><W> मंगलवार </W><W> सुबह </W></TIME-ARG><PLACE-ARG ID="12"><LINK EVENT_ARG="5" ID="41" TYPE_REL="EVENT_ARG"/><W> आगरा-दिल्ली </W><W> हाईवे </W></PLACE-ARG><W> पर </W><PARTICIPANT-ARG ID="15"><LINK EVENT_ARG="5" ID="42" TYPE_REL="EVENT_ARG"/><W> एक </W><W> ट्रैक्टर-ट्राली </W></PARTICIPANT-ARG><REASON-ARG ID="19"><LINK EVENT_ARG="5" ID="43" TYPE_REL="EVENT_ARG"/><W> अनियंत्रित </W><W> होकर </W></REASON-ARG><MAN_MADE_EVENT ID="5" TYPE="TRANSPORT_HAZARDS"><EVENT-COREF-LINK EVENT_ID="4" ID="31" TYPE_REL="EVENT_COREF"/><W> पलट </W><W> गई। </W></MAN_MADE_EVENT><MAN_MADE_EVENT ID="6" TYPE="TRANSPORT_HAZARDS"><EVENT-COREF-LINK EVENT_ID="4" ID="32" TYPE_REL="EVENT_COREF"/><W> हादसे </W></MAN_MADE_EVENT><W> में </W><REASON-ARG ID="29"><LINK EVENT_ARG="6" ID="44" TYPE_REL="EVENT_ARG"/><W> ट्राली </W><W> के </W><W> नीचे </W><W> दबकर </W></REASON-ARG><CASUALTIES-ARG ID="10"><LINK EVENT_ARG="6" ID="45" TYPE_REL="EVENT_ARG"/><W> तीन </W><W> लोगों </W><W> की </W><W> मौत </W><W> हो </W><W> गई, </W><W> जबकि </W><W> दो </W><W> घायल </W></CASUALTIES-ARG><W> हो </W><W> गए। </W><W> ये </W><W> लोग </W><W> आझई </W><W> से </W><W> टेंट </W><W> का </W><W> सामान </W><W> लेकर </W><W> राल </W><W> जा </W><W> रहे </W><W> थे।  </W></P><P><W> पुलिस </W><W> के </W><W> मुताबिक </W><REASON-ARG ID="20"><LINK EVENT_ARG="14" ID="46" TYPE_REL="EVENT_ARG"/><W> ट्रैक्टर </W><W> चालक </W><W> को </W><W> झपकी </W><W> आने </W><W> से </W></REASON-ARG><MAN_MADE_EVENT ID="14" TYPE="TRANSPORT_HAZARDS"><EVENT-COREF-LINK EVENT_ID="4" ID="33" TYPE_REL="EVENT_COREF"/><W> हादसा </W></MAN_MADE_EVENT><W> हुआ </W><W> था। </W><AFTER_EFFECTS-ARG ID="23"><LINK EVENT_ARG="14" ID="47" TYPE_REL="EVENT_ARG"/><W> चालक </W><W> ट्रैक्टर </W><W> छोड़कर </W><W> भाग </W><W> गया। </W><W> पुलिस </W><W> ने </W><W> घायलों </W><W> को </W><W> अस्पताल </W><W> में </W><W> भर्ती </W><W> कराया </W><W> और </W><W> शवों </W><W> को </W><W> पोस्टमार्टम </W><W> के </W><W> लिए </W><W> भिजवाया।  </W></AFTER_EFFECTS-ARG></P><P><W> जैंत </W><W> के </W><W> गांव </W><W> राल </W><W> निवासी </W><W> यादराम </W><W> सैनी </W><W> हलवाई </W><W> के </W><W> यहां </W><W> से </W><W> मजदूरी </W><W> करने </W><W> वाले </W><W> कुछ </W><W> लोग </W><W> गांव </W><W> आझई </W><W> के </W><W> सौदान </W><W> सिंह </W><W> की </W><W> बेटी </W><W> के </W><W> विवाह </W><W> समारोह </W><W> से </W><W> टेंट </W><W> का </W><W> सामान </W><W> लेकर </W><PARTICIPANT-ARG ID="17"><LINK EVENT_ARG="14" ID="48" TYPE_REL="EVENT_ARG"/><W> ट्रैक्टर-ट्राली </W></PARTICIPANT-ARG><W> से </W><W> राल </W><W> जा </W><W> रहे </W><W> थे। </W><W> ट्रैक्टर </W><W> राल </W><W> का </W><W> ही </W><W> टीकाराम </W><W> चला </W><W> रहा </W><W> था।  </W></P><P><PLACE-ARG ID="3"><LINK EVENT_ARG="22" ID="49" TYPE_REL="EVENT_ARG"/><W> आगरा-दिल्ली </W><W> हाईवे </W><W> पर </W><W> सनसिटी </W><W> कॉलोनी </W><W> के </W><W> पास </W></PLACE-ARG><PARTICIPANT-ARG ID="18"><LINK EVENT_ARG="22" ID="50" TYPE_REL="EVENT_ARG"/><W> ट्रैक्टर-ट्राली </W></PARTICIPANT-ARG><REASON-ARG ID="21"><LINK EVENT_ARG="22" ID="51" TYPE_REL="EVENT_ARG"/><W> अनियंत्रित </W><W> होकर </W></REASON-ARG><MAN_MADE_EVENT ID="22" TYPE="TRANSPORT_HAZARDS"><EVENT-COREF-LINK EVENT_ID="4" ID="34" TYPE_REL="EVENT_COREF"/><W> पलट </W><W> गई। </W></MAN_MADE_EVENT><AFTER_EFFECTS-ARG ID="24"><LINK EVENT_ARG="22" ID="52" TYPE_REL="EVENT_ARG"/><W> उसके </W><W> नीचे </W><W> पांच </W><W> मजदूर </W><W> दब </W><W> गए। </W><W> यह </W><W> देख </W><W> चालक </W><W> भाग </W><W> खड़ा </W><W> हुआ। </W></AFTER_EFFECTS-ARG><MAN_MADE_EVENT ID="8" TYPE="TRANSPORT_HAZARDS"><EVENT-COREF-LINK EVENT_ID="4" ID="35" TYPE_REL="EVENT_COREF"/><W> हादसा </W></MAN_MADE_EVENT><W> होने </W><W> से </W><PLACE-ARG ID="13"><LINK EVENT_ARG="8" ID="53" TYPE_REL="EVENT_ARG"/><W> हाईवे </W></PLACE-ARG><W> पर </W><AFTER_EFFECTS-ARG ID="25"><LINK EVENT_ARG="8" ID="54" TYPE_REL="EVENT_ARG"/><W> एक </W><W> साइड </W><W> वाहनों </W><W> की </W><W> कतारें </W><W> लग </W><W> गई।  </W></AFTER_EFFECTS-ARG></P><P><AFTER_EFFECTS-ARG ID="26"><LINK EVENT_ARG="8" ID="55" TYPE_REL="EVENT_ARG"/><W> सूचना </W><W> पर </W><W> पहुंची </W><W> जैंत </W><W> पुलिस </W><W> ने </W><W> क्रेन </W><W> के </W><W> माध्यम </W><W> से </W><W> ट्राली </W><W> को </W><W> सीधा </W><W> कराकर </W><W> घायलों </W><W> को </W><W> अस्पताल </W><W> में </W><W> भर्ती </W><W> कराया। </W><W> मौके </W><W> पर </W><W> गोवर्धन </W><W> के </W><W> गांव </W><W> जुल्हैंदी </W><W> निवासी </W><W> बाबू </W><W> (50) </W><W> पुत्र </W><W> हेतमपाल, </W><W> जीतू </W><W> (28) </W><W> पुत्र </W><W> कैलाश </W><W> की </W><W> मौत </W><W> हो </W><W> गई, </W><W> जबकि </W><W> राल </W><W> के </W><W> नगला </W><W> चंदी </W><W> निवासी </W><W> रामकुमार </W><W> (30) </W><W> पुत्र </W><W> भारत </W><W> ने </W><W> अस्पताल </W><W> में </W><W> दम </W><W> तोड़ </W><W> दिया।  </W></AFTER_EFFECTS-ARG></P><P><AFTER_EFFECTS-ARG ID="27"><LINK EVENT_ARG="30" ID="56" TYPE_REL="EVENT_ARG"/><W> इनके </W><W> अलावा </W><W> घायल </W><W> अजित </W><W> पुत्र </W><W> ओमप्रकाश </W><W> और </W><W> विष्णु </W><W> उर्फ </W><W> लुक्का </W><W> सैनी </W><W> पुत्र </W><W> देवी </W><W> सिंह </W><W> का </W><W> इलाज </W><W> चल </W><W> रहा </W><W> है। </W><W> पुलिस </W><W> ने </W><W> शवों </W><W> को </W><W> कब्जे </W><W> में </W><W> लेकर </W><W> परिजनों </W><W> को </W><W> सूचित </W><W> किया। </W></AFTER_EFFECTS-ARG><W> चौकी </W><W> प्रभारी </W><W> सुल्तान </W><W> सिंह </W><W> ने </W><W> बताया </W><REASON-ARG ID="28"><LINK EVENT_ARG="30" ID="57" TYPE_REL="EVENT_ARG"/><W> चालक </W><W> को </W><W> झपकी </W><W> आने </W><W> के </W><W> चलते </W></REASON-ARG><MAN_MADE_EVENT ID="30" TYPE="TRANSPORT_HAZARDS"><EVENT-COREF-LINK EVENT_ID="4" ID="36" TYPE_REL="EVENT_COREF"/><W> हादसा </W></MAN_MADE_EVENT><W> हुआ </W><W> है। </W></P></DOCUMENT>