<?xml version="1.0" encoding="UTF-8"?>
<DOCUMENT><DESC/><TIME>3257</TIME><P><PLACE-ARG ID="1"><LINK EVENT_ARG="2" ID="18" TYPE_REL="EVENT_ARG"/><W> जम्मू-कश्मीर </W><W> के </W><W> कुपवाड़ा </W><W> जिले </W><W> के </W><W> माछिल </W><W> सेक्टर </W></PLACE-ARG><W> में </W><NATURAL_EVENT ID="2" TYPE="AVALANCHES"><W> हिमस्खलन </W></NATURAL_EVENT><W> की </W><W> चपेट </W><W> में </W><W> आर्मी </W><W> पोस्ट </W><W> आ </W><W> गई, </W><W> जिसमें </W><W> तीन </W><CASUALTIES-ARG ID="3"><LINK EVENT_ARG="2" ID="19" TYPE_REL="EVENT_ARG"/><W> जवान </W><W> शहीद </W><W> हो </W><W> गए, </W><W> जबकि </W><W> एक </W><W> जवान </W><W> गंभीर </W><W> रूप </W><W> से </W><W> घायल </W></CASUALTIES-ARG><W> हो </W><W> गया। </W><W> सेना </W><W> के </W><W> एक </W><W> अधिकारी </W><W> ने </W><W> बताया, </W><W> ‘‘माछिल </W><W> सेक्टर </W><W> में </W><W> सेना </W><W> ने </W><W> तीन </W><W> जवानों </W><W> को </W><W> खो </W><W> दिया </W><W> है।’’अधिकारी </W><W> ने </W><W> कहा </W><W> कि </W><W> तीनों </W><W> जवानों </W><W> के </W><W> शव </W><W> बरामद </W><W> कर </W><W> लिए </W><W> गए </W><W> हैं। </W><W> शहीद </W><W> जवानों </W><W> में </W><W> हवलदार </W><W> कमलेश </W><W> सिंह, </W><W> नायक </W><W> बलवीर </W><W> और </W><W> सिपाही </W><W> राजिंदर </W><W> शामिल </W><W> हैं। </W></P><P><W> बताया </W><W> जा </W><W> रहा </W><W> है </W><W> कि </W><W> माछिल </W><W> सेक्टर </W><W> के </W><W> सोना </W><W> पंडी </W><W> गली </W><W> के </W><W> पास </W><W> स्थित </W><W> 21 </W><W> राजपूत </W><W> सेना </W><W> की </W><W> चौकी </W><W> पर </W><TIME-ARG ID="4"><LINK EVENT_ARG="5" ID="20" TYPE_REL="EVENT_ARG"/><W> शाम </W><W> करीब </W><W> साढ़े </W><W> चार </W><W> बजे </W></TIME-ARG><NATURAL_EVENT ID="5" TYPE="AVALANCHES"><EVENT-COREF-LINK EVENT_ID="2" ID="30" TYPE_REL="EVENT_COREF"/><W> हिमस्खलन </W></NATURAL_EVENT><W> हुआ, </W><W> जिसकी </W><W> चपेट </W><W> में </W><PLACE-ARG ID="6"><LINK EVENT_ARG="5" ID="21" TYPE_REL="EVENT_ARG"/><W> आर्मी </W><W> चौकी </W></PLACE-ARG><W> आ </W><W> गई। </W><W> हालांकि, </W><W> सेना </W><W> ने </W><W> तीन </W><W> दिन </W><W> पहले </W><W> ही </W><W> हिमस्खलन </W><W> को </W><W> लेकर </W><W> चेतावनी </W><W> जारी </W><W> की </W><W> थी। </W><W> खबरों </W><W> के </W><W> मुताबिक </W><W> इस </W><W> हिमस्खलन </W><W> में </W><W> सेना </W><W> के </W><W> जवानों </W><W> ने </W><W> अपने </W><W> आपको </W><W> बचाने </W><W> की </W><W> कोशिश </W><W> की, </W><W> लेकिन </W><W> वह </W><W> खुद </W><W> को </W><W> बचा </W><W> नहीं </W><W> पाए। </W><W> वहीं </W><W> घायल </W><W> जवान </W><W> को </W><W> गंभीर </W><W> हालत </W><W> में </W><W> अस्पताल </W><W> में </W><W> भर्ती </W><W> करा </W><W> दिया </W><W> गया </W><W> है। </W></P><P><W> वहीं </W><PLACE-ARG ID="7"><LINK EVENT_ARG="10" ID="22" TYPE_REL="EVENT_ARG"/><W> अफगगानिस्तान-ताजिकिस्तान </W><W> बॉर्डर </W></PLACE-ARG><W> पर </W><MAGNITUDE-ARG ID="8"><LINK EVENT_ARG="10" ID="23" TYPE_REL="EVENT_ARG"/><W> 6.2 </W><W> तीव्रता </W></MAGNITUDE-ARG><W> के </W><NATURAL_EVENT ID="9" TYPE="EARTHQUAKE"><EVENT-COREF-LINK EVENT_ID="10" ID="29" TYPE_REL="EVENT_COREF"/><W> झटके </W></NATURAL_EVENT><W> महसूस </W><W> किए </W><W> गए </W><W> थे </W><W> और </W><NATURAL_EVENT ID="10" TYPE="EARTHQUAKE"><W> भूंकप </W></NATURAL_EVENT><W> के </W><W> बाज </W><NATURAL_EVENT ID="11" TYPE="BLIZZARD"><W> बर्फीले </W><W> तूफान </W></NATURAL_EVENT><W> की </W><W> चेतावनी </W><W> जारी </W><W> की </W><W> गई </W><W> थी। </W><W> यह </W><W> चेतावनी </W><W> दो </W><W> दिन </W><W> पहले </W><W> कुपवाड़ा, </W><W> बांदीपुर, </W><W> शोपियां </W><W> और </W><W> कारगिल </W><W> के </W><W> जिलों </W><W> में </W><W> जारी </W><W> की </W><W> गई </W><W> थी। </W><W> बता </W><W> दें </W><W> कि </W><TIME-ARG ID="12"><LINK EVENT_ARG="14" ID="24" TYPE_REL="EVENT_ARG"/><W> बीते </W><W> वर्ष </W><W> के </W><W> आखिर </W><W> (दिसंबर) </W></TIME-ARG><W> में </W><PLACE-ARG ID="13"><LINK EVENT_ARG="14" ID="25" TYPE_REL="EVENT_ARG"/><W> जम्मू-कश्मीर </W><W> के </W><W> बांदीपोरा </W><W> जिले </W><W> के </W><W> गुरेज </W><W> सेक्टर </W></PLACE-ARG><W> में </W><NATURAL_EVENT ID="14" TYPE="AVALANCHES"><W> हिम्सखलन </W></NATURAL_EVENT><W> हुआ </W><W> था। </W><W> उस </W><NATURAL_EVENT ID="17" TYPE="AVALANCHES"><EVENT-COREF-LINK EVENT_ID="14" ID="28" TYPE_REL="EVENT_COREF"/><W> हिम्सखलन </W></NATURAL_EVENT><W> में </W><AFTER_EFFECTS-ARG ID="15"><LINK EVENT_ARG="17" ID="26" TYPE_REL="EVENT_ARG"/><W> एक </W><W> सैन्य </W><W> चौकी </W><W> चपेट </W><W> में </W></AFTER_EFFECTS-ARG><W> आ </W><W> थी </W><W> और </W><CASUALTIES-ARG ID="16"><LINK EVENT_ARG="17" ID="27" TYPE_REL="EVENT_ARG"/><W> भारतीय </W><W> सेना </W><W> के </W><W> 6 </W><W> जवान </W><W> लापता </W></CASUALTIES-ARG><W> हो </W><W> गए </W><W> थे। </W><W> हालांकि </W><W> कुपवाड़ा </W><W> में </W><W> आए </W><W> हिम्सखलन </W><W> में </W><W> किसी </W><W> सेना </W><W> के </W><W> जवान </W><W> के </W><W> लापता </W><W> होने </W><W> की </W><W> कोई </W><W> खबर </W><W> नहीं </W><W> है। </W></P></DOCUMENT>