<?xml version="1.0" encoding="UTF-8"?>
<DOCUMENT><DESC/><TIME>631</TIME><P><PARTICIPANT-ARG ID="12"><LINK EVENT_ARG="0" ID="44" TYPE_REL="EVENT_ARG"/><W> दो </W><W> कारों </W></PARTICIPANT-ARG><W> में </W><W> हुई </W><INTENSITY-ARG ID="9"><LINK EVENT_ARG="0" ID="45" TYPE_REL="EVENT_ARG"/><W> जबरदस्त </W></INTENSITY-ARG><MAN_MADE_EVENT ID="0" TYPE="VEHICULAR_COLLISION"><W> टक्कर, </W></MAN_MADE_EVENT><AFTER_EFFECTS-ARG ID="27"><LINK EVENT_ARG="0" ID="46" TYPE_REL="EVENT_ARG"/><W> उजड़ </W><W> गया </W><W> परिवार </W></AFTER_EFFECTS-ARG><W> ।  </W></P><P><PARTICIPANT-ARG ID="13"><LINK EVENT_ARG="1" ID="47" TYPE_REL="EVENT_ARG"/><W> दो </W><W> कारों </W></PARTICIPANT-ARG><W> की </W><INTENSITY-ARG ID="10"><LINK EVENT_ARG="1" ID="48" TYPE_REL="EVENT_ARG"/><W> जबरदस्त </W></INTENSITY-ARG><MAN_MADE_EVENT ID="1" TYPE="VEHICULAR_COLLISION"><EVENT-COREF-LINK EVENT_ID="0" ID="37" TYPE_REL="EVENT_COREF"/><W> टक्कर </W></MAN_MADE_EVENT><W> में </W><AFTER_EFFECTS-ARG ID="28"><LINK EVENT_ARG="1" ID="49" TYPE_REL="EVENT_ARG"/><W> पूरा </W><W> परिवार </W><W> उजड़ </W><W> गया, </W></AFTER_EFFECTS-ARG><W> एक </W><W> ही </W><W> परिवार </W><W> के </W><CASUALTIES-ARG ID="19"><LINK EVENT_ARG="2" ID="50" TYPE_REL="EVENT_ARG"/><W> तीन </W><W> लोगों </W></CASUALTIES-ARG><W> की </W><MAN_MADE_EVENT ID="2" TYPE="VEHICULAR_COLLISION"><EVENT-COREF-LINK EVENT_ID="0" ID="38" TYPE_REL="EVENT_COREF"/><W> हादसे </W></MAN_MADE_EVENT><W> में </W><CASUALTIES-ARG ID="20"><LINK EVENT_ARG="2" ID="51" TYPE_REL="EVENT_ARG"/><W> जान </W><W> चली </W><W> गई। </W></CASUALTIES-ARG><PLACE-ARG ID="32"><LINK EVENT_ARG="3" ID="52" TYPE_REL="EVENT_ARG"/><W> गुरुग्राम </W><W> स्थित </W><W> शीतला </W><W> माता </W><W> मंदिर </W></PLACE-ARG><W> में </W><W> मत्था </W><W> टेककर </W><W> वापस </W><W> लौट </W><W> रहे </W><CASUALTIES-ARG ID="21"><LINK EVENT_ARG="3" ID="53" TYPE_REL="EVENT_ARG"/><W> एक </W><W> परिवार </W><W> के </W><W> तीन </W><W> सदस्यों </W><W> की </W></CASUALTIES-ARG><MAN_MADE_EVENT ID="3" TYPE="VEHICULAR_COLLISION"><EVENT-COREF-LINK EVENT_ID="0" ID="39" TYPE_REL="EVENT_COREF"/><W> सड़क </W><W> हादसे </W></MAN_MADE_EVENT><W> में </W><CASUALTIES-ARG ID="22"><LINK EVENT_ARG="3" ID="54" TYPE_REL="EVENT_ARG"/><W> मौत </W></CASUALTIES-ARG><W> हो </W><W> गई। </W><MAN_MADE_EVENT ID="4" TYPE="VEHICULAR_COLLISION"><EVENT-COREF-LINK EVENT_ID="0" ID="40" TYPE_REL="EVENT_COREF"/><W> हादसे </W></MAN_MADE_EVENT><W> में </W><CASUALTIES-ARG ID="23"><LINK EVENT_ARG="4" ID="55" TYPE_REL="EVENT_ARG"/><W> दो </W><W> बच्चों </W><W> सहित </W><W> चार </W><W> लोग </W><W> घायल </W></CASUALTIES-ARG><W> भी </W><W> हुए </W><W> हैं। </W><AFTER_EFFECTS-ARG ID="29"><LINK EVENT_ARG="4" ID="56" TYPE_REL="EVENT_ARG"/><W> पुलिस </W><W> ने </W><W> इस </W><W> संबंध </W><W> में </W><W> आरोपी </W><W> चालक </W><W> के </W><W> खिलाफ </W><W> मामला </W><W> दर्ज </W><W> कर </W><W> लिया </W><W> है। </W></AFTER_EFFECTS-ARG></P><P><W> प्राप्त </W><W> जानकारी </W><W> के </W><W> अनुसार </W><PLACE-ARG ID="33"><LINK EVENT_ARG="16" ID="57" TYPE_REL="EVENT_ARG"/><W> गांव </W><W> सांवड़ </W></PLACE-ARG><W> निवासी </W><W> जितेंद्र </W><TIME-ARG ID="16"><LINK EVENT_ARG="5" ID="58" TYPE_REL="EVENT_ARG"/><W> सोमवार </W></TIME-ARG><W> को </W><W> अपने </W><W> परिवार </W><W> सहित </W><W> शीतला </W><W> माता </W><W> के </W><W> दर्शन </W><W> के </W><W> लिए </W><W> गाड़ी </W><W> से </W><PLACE-ARG ID="34"><LINK EVENT_ARG="5" ID="59" TYPE_REL="EVENT_ARG"/><W> गुरुग्राम </W></PLACE-ARG><W> गया </W><W> था। </W><W> यहां </W><W> पूजा </W><W> कर </W><W> सभी </W><W> लोग </W><TIME-ARG ID="17"><LINK EVENT_ARG="5" ID="60" TYPE_REL="EVENT_ARG"/><W> देर </W><W> शाम </W></TIME-ARG><W> वापस </W><PLACE-ARG ID="35"><LINK EVENT_ARG="5" ID="61" TYPE_REL="EVENT_ARG"/><W> गांव </W></PLACE-ARG><W> लौट </W><W> रहे </W><W> थे </W><W> तभी </W><PLACE-ARG ID="36"><LINK EVENT_ARG="5" ID="62" TYPE_REL="EVENT_ARG"/><W> फरूखनगर </W><W> के </W><W> समीप </W></PLACE-ARG><PARTICIPANT-ARG ID="14"><LINK EVENT_ARG="5" ID="63" TYPE_REL="EVENT_ARG"/><W> एक </W><W> तेज </W><W> रफ्तार </W><W> स्विफ्ट </W><W> कार </W></PARTICIPANT-ARG><W> ने </W><W> उनकी </W><W> गाड़ी </W><W> को </W><INTENSITY-ARG ID="11"><LINK EVENT_ARG="5" ID="64" TYPE_REL="EVENT_ARG"/><W> जोरदार </W></INTENSITY-ARG><MAN_MADE_EVENT ID="5" TYPE="VEHICULAR_COLLISION"><EVENT-COREF-LINK EVENT_ID="0" ID="41" TYPE_REL="EVENT_COREF"/><W> टक्कर </W><W> दे </W><W> मारी। </W></MAN_MADE_EVENT><MAN_MADE_EVENT ID="6" TYPE="VEHICULAR_COLLISION"><EVENT-COREF-LINK EVENT_ID="0" ID="65" TYPE_REL="EVENT_COREF"/><W> हादसे </W></MAN_MADE_EVENT><W> में </W><CASUALTIES-ARG ID="24"><LINK EVENT_ARG="6" ID="66" TYPE_REL="EVENT_ARG"/><W> जितेंद्र </W><W> की </W><W> मां </W><W> ओमबाई, </W><W> पत्नी </W><W> ममता </W><W> व </W><W> बेटी </W><W> निकुंज </W><W> की </W><W> मौत </W></CASUALTIES-ARG><W> हो </W><W> गई </W><W> जबकि </W><CASUALTIES-ARG ID="25"><LINK EVENT_ARG="6" ID="67" TYPE_REL="EVENT_ARG"/><W> जितेंद्र </W><W> और </W><W> उसका </W><W> बेटा </W><W> मन्नु </W><W> गंभीर </W><W> रूप </W><W> से </W><W> घायल </W></CASUALTIES-ARG><W> हो </W><W> गए। </W></P><P><W> वहीं, </W><MAN_MADE_EVENT ID="7" TYPE="VEHICULAR_COLLISION"><EVENT-COREF-LINK EVENT_ID="0" ID="42" TYPE_REL="EVENT_COREF"/><W> घटना </W></MAN_MADE_EVENT><W> में </W><PARTICIPANT-ARG ID="15"><LINK EVENT_ARG="7" ID="68" TYPE_REL="EVENT_ARG"/><W> स्विफ्ट </W><W> कार </W></PARTICIPANT-ARG><W> में </W><CASUALTIES-ARG ID="26"><LINK EVENT_ARG="7" ID="69" TYPE_REL="EVENT_ARG"/><W> सवार </W><W> लोगों </W><W> को </W><W> भी </W><W> चोटें </W><W> आईं। </W></CASUALTIES-ARG><AFTER_EFFECTS-ARG ID="30"><LINK EVENT_ARG="7" ID="70" TYPE_REL="EVENT_ARG"/><W> इन्हें </W><W> उपचार </W><W> के </W><W> लिए </W><W> झज्जर </W><W> के </W><W> सिविल </W><W> अस्पताल </W><W> में </W><W> भर्ती </W><W> करवाया </W><W> गया। </W><W> उपचार </W><W> के </W><W> दौरान </W><W> स्विफ्ट </W><W> चालक </W><W> अमित </W><W> ने </W><W> भी </W><W> दम </W><W> तोड़ </W><W> दिया। </W></AFTER_EFFECTS-ARG><MAN_MADE_EVENT ID="8" TYPE="VEHICULAR_COLLISION"><EVENT-COREF-LINK EVENT_ID="0" ID="43" TYPE_REL="EVENT_COREF"/><W> हादसे </W></MAN_MADE_EVENT><W> की </W><W> खबर </W><W> गांव </W><W> सांवड़ </W><W> पहुंचते </W><W> ही </W><W> मातम </W><W> छा </W><W> गया। </W><W> पुलिस </W><W> ने </W><TIME-ARG ID="18"><LINK EVENT_ARG="8" ID="72" TYPE_REL="EVENT_ARG"/><W> मंगलवार </W><W> सुबह </W></TIME-ARG><AFTER_EFFECTS-ARG ID="31"><LINK EVENT_ARG="8" ID="71" TYPE_REL="EVENT_ARG"/><W> मृतकों </W><W> का </W><W> पोस्टमार्टम </W><W> करवाकर </W><W> शव </W><W> परिजनों </W><W> को </W><W> सौंप </W><W> दिये।  </W></AFTER_EFFECTS-ARG></P></DOCUMENT>