<?xml version="1.0" encoding="UTF-8"?>
<DOCUMENT><DESC/><TIME>739</TIME><P><PLACE-ARG ID="0"><LINK EVENT_ARG="3" ID="33" TYPE_REL="EVENT_ARG"/><W> यूपी: </W></PLACE-ARG><MAN_MADE_EVENT ID="3" TYPE="FIRE"><W> आग </W></MAN_MADE_EVENT><W> से </W><AFTER_EFFECTS-ARG ID="17"><LINK EVENT_ARG="3" ID="34" TYPE_REL="EVENT_ARG"/><W> 15 </W><W> घर </W><W> तबाह, </W></AFTER_EFFECTS-ARG><CASUALTIES-ARG ID="11"><LINK EVENT_ARG="3" ID="35" TYPE_REL="EVENT_ARG"/><W> तीन </W><W> बच्चे </W><W> जिंदा </W><W> जले </W></CASUALTIES-ARG><W> । </W></P><P><PLACE-ARG ID="1"><LINK EVENT_ARG="4" ID="36" TYPE_REL="EVENT_ARG"/><W> उत्तर </W><W> प्रदेश </W><W> के </W><W> कन्नौज </W><W> में </W><W> सदर </W><W> कोतवाली </W><W> क्षेत्र </W><W> के </W><W> गांव </W><W> अलियापुर </W></PLACE-ARG><W> में </W><TIME-ARG ID="14"><LINK EVENT_ARG="4" ID="37" TYPE_REL="EVENT_ARG"/><W> गुरुवार </W><W> शाम </W></TIME-ARG><PARTICIPANT-ARG ID="24"><LINK EVENT_ARG="4" ID="38" TYPE_REL="EVENT_ARG"/><W> 15 </W><W> घरों </W></PARTICIPANT-ARG><W> में </W><W> लगी </W><INTENSITY-ARG ID="25"><LINK EVENT_ARG="4" ID="39" TYPE_REL="EVENT_ARG"/><W> भीषण </W></INTENSITY-ARG><MAN_MADE_EVENT ID="4" TYPE="FIRE"><EVENT-COREF-LINK EVENT_ID="3" ID="27" TYPE_REL="EVENT_COREF"/><W> आग </W></MAN_MADE_EVENT><W> में </W><CASUALTIES-ARG ID="12"><LINK EVENT_ARG="4" ID="40" TYPE_REL="EVENT_ARG"/><W> दो </W><W> भाइयों </W><W> समेत </W><W> तीन </W><W> बच्चे </W><W> जिंदा </W><W> जल </W><W> गए। </W></CASUALTIES-ARG><AFTER_EFFECTS-ARG ID="18"><LINK EVENT_ARG="4" ID="41" TYPE_REL="EVENT_ARG"/><W> लाखों </W><W> रुपये </W><W> की </W><W> संपत्ति </W><W> खाक </W></AFTER_EFFECTS-ARG><W> हो </W><W> गई। </W><AFTER_EFFECTS-ARG ID="19"><LINK EVENT_ARG="4" ID="42" TYPE_REL="EVENT_ARG"/><W> दमकल </W><W> गाड़ियों </W><W> व </W><W> गांव </W><W> के </W><W> लोगों </W><W> ने </W><W> मिलकर </W><W> कई </W><W> घंटे </W><W> की </W><W> मशक्कत </W><W> के </W><W> बाद </W><W> आग </W><W> पर </W><W> काबू </W><W> पाया। </W></AFTER_EFFECTS-ARG><W> एसडीएम </W><W> ने </W><W> मौके </W><W> पर </W><W> पहुंचकर </W><MAN_MADE_EVENT ID="5" TYPE="FIRE"><EVENT-COREF-LINK EVENT_ID="3" ID="28" TYPE_REL="EVENT_COREF"/><W> घटना </W></MAN_MADE_EVENT><W> का </W><W> जायजा </W><W> लिया। </W><PLACE-ARG ID="2"><LINK EVENT_ARG="6" ID="43" TYPE_REL="EVENT_ARG"/><W> काली </W><W> नदी </W><W> किनारे </W><W> बसे </W><W> गांव </W><W> अलियापुर </W></PLACE-ARG><W> में </W><TIME-ARG ID="15"><LINK EVENT_ARG="6" ID="44" TYPE_REL="EVENT_ARG"/><W> शाम </W><W> करीब </W><W> साढ़े </W><W> पांच </W><W> बजे </W></TIME-ARG><W> अचानक </W><MAN_MADE_EVENT ID="6" TYPE="FIRE"><EVENT-COREF-LINK EVENT_ID="3" ID="29" TYPE_REL="EVENT_COREF"/><W> आग </W><W> लग </W><W> गई। </W></MAN_MADE_EVENT><W> देखते </W><W> ही </W><W> देखते </W><W> लपटों </W><W> ने </W><W> तेज </W><W> हवा </W><W> के </W><W> झोकों </W><W> के </W><W> साथ </W><W> भयंकर </W><W> रूप </W><W> ले </W><W> लिया। </W><MAN_MADE_EVENT ID="8" TYPE="FIRE"><EVENT-COREF-LINK EVENT_ID="3" ID="30" TYPE_REL="EVENT_COREF"/><W> आग </W></MAN_MADE_EVENT><W> की </W><W> चपेट </W><W> में </W><AFTER_EFFECTS-ARG ID="20"><LINK EVENT_ARG="8" ID="45" TYPE_REL="EVENT_ARG"/><W> उमाशंकर </W><W> पुत्र </W><W> गोकुल, </W><W> फूलचंद्र </W><W> पुत्र </W><W> प्रताप, </W><W> कृपाल </W><W> सिंह </W><W> पुत्र </W><W> सुरजा, </W><W> गंगा </W><W> दयाल </W><W> पुत्र </W><W> बाबूराम, </W><W> राम </W><W> पाल </W><W> पुत्र </W><W> सुरजा, </W><W> मन्नीलाल </W><W> पुत्र </W><W> नरायन, </W><W> रामशंकर </W><W> पुत्र </W><W> रामचरन, </W><W> रामसहाय </W><W> पुत्र </W><W> राजाराम, </W><W> शिवराज </W><W> पुत्र </W><W> भीखम, </W><W> गोकुल </W><W> पुत्र </W><W> टिम्मा, </W><W> परसूराम </W><W> पुत्र </W><W> टिम्मा, </W><W> विश्राम </W><W> पुत्र </W><W> सोनेलाल, </W><W> श्रीकृष्ण </W><W> पुत्र </W><W> रतीराम, </W><W> कमलेश </W><W> पुत्र </W><W> रामसहाय </W><W> समेत </W><W> 15 </W><W> घर </W><W> आ </W><W> गए। </W></AFTER_EFFECTS-ARG><REASON-ARG ID="26"><LINK EVENT_ARG="8" ID="46" TYPE_REL="EVENT_ARG"/><W> घरों </W><W> के </W><W> अंदर </W><W> फंस </W><W> जाने </W><W> के </W><W> कारण </W></REASON-ARG><CASUALTIES-ARG ID="13"><LINK EVENT_ARG="8" ID="47" TYPE_REL="EVENT_ARG"/><W> शिवराज </W><W> का </W><W> दो </W><W> वर्षीय </W><W> पुत्र </W><W> दिवारीलाल </W><W> और </W><W> पांच </W><W> वर्षीय </W><W> पुत्र </W><W> रोहित, </W><W> कृपाल </W><W> सिंह </W><W> की </W><W> आठ </W><W> वर्षीय </W><W> पुत्री </W><W> सिया </W><W> देवी </W><W> की </W><W> मौके </W><W> पर </W><W> ही </W><W> मौत </W></CASUALTIES-ARG><W> हो </W><W> गई। </W><TIME-ARG ID="16"><LINK EVENT_ARG="9" ID="48" TYPE_REL="EVENT_ARG"/><W> रात </W><W> करीब </W><W> साढ़े </W><W> आठ </W><W> बजे </W></TIME-ARG><AFTER_EFFECTS-ARG ID="21"><LINK EVENT_ARG="9" ID="49" TYPE_REL="EVENT_ARG"/><W> आग </W><W> बुझने </W><W> के </W><W> बाद </W><W> इन </W><W> तीनों </W><W> के </W><W> शवों </W><W> को </W><W> जली </W><W> हालत </W><W> में </W><W> बाहर </W><W> निकाला </W></AFTER_EFFECTS-ARG><W> जा </W><W> सका।</W><MAN_MADE_EVENT ID="9" TYPE="FIRE"><EVENT-COREF-LINK EVENT_ID="3" ID="31" TYPE_REL="EVENT_COREF"/><W> घटना </W></MAN_MADE_EVENT><W> की </W><AFTER_EFFECTS-ARG ID="22"><LINK EVENT_ARG="9" ID="50" TYPE_REL="EVENT_ARG"/><W> सूचना </W><W> मिलते </W><W> ही </W><W> उप </W><W> जिलाधिकारी </W><W> सदर </W><W> सुनील </W><W> शुक्ला, </W><W> सीओ </W><W> सदर </W><W> करन </W><W> सिंह </W><W> पुलिस </W><W> बल </W><W> व </W><W> दमकल </W><W> के </W><W> साथ </W><W> मौके </W><W> पर </W><W> पहुंच </W><W> गए। </W></AFTER_EFFECTS-ARG><W> नायब </W><W> तहसीलदार </W><W> प्रेम </W><W> नरायन </W><W> प्रजापति, </W><W> लेखपाल, </W><W> कानूनगो </W><W> ने </W><W> क्षति </W><W> का </W><W> आंकलन </W><W> किया। </W><MAN_MADE_EVENT ID="10" TYPE="FIRE"><EVENT-COREF-LINK EVENT_ID="3" ID="32" TYPE_REL="EVENT_COREF"/><W> अग्निकांड </W></MAN_MADE_EVENT><W> के </W><W> दौरान </W><AFTER_EFFECTS-ARG ID="23"><LINK EVENT_ARG="10" ID="51" TYPE_REL="EVENT_ARG"/><W> घरों </W><W> में </W><W> रखा </W><W> अनाज, </W><W> कपड़े, </W><W> नकदी, </W><W> जेवर, </W><W> बरतन </W><W> समेत </W><W> गृहस्थी </W><W> का </W><W> अन्य </W><W> सारा </W><W> सामान </W><W> जलकर </W><W> राख </W><W> के </W><W> ढेर </W><W> में </W><W> तब्दील </W><W> हो </W><W> गया। </W></AFTER_EFFECTS-ARG></P></DOCUMENT>