<?xml version="1.0" encoding="UTF-8"?>
<DOCUMENT><DESC/><TIME>1992</TIME><P><PLACE-ARG ID="14"><LINK EVENT_ARG="0" ID="60" TYPE_REL="EVENT_ARG"/><W> बाराबंकी </W><W> में </W><W> मानवरहित </W><W> क्रॉसिंग </W></PLACE-ARG><W> पर </W><MAN_MADE_EVENT ID="0" TYPE="TRAIN_COLLISION"><W> ट्रेन </W><W> दुर्घटना </W></MAN_MADE_EVENT><W> । </W></P><P><PLACE-ARG ID="15"><LINK EVENT_ARG="2" ID="61" TYPE_REL="EVENT_ARG"/><W> बाराबंकी-गोंडा </W><W> रेलवे </W><W> रूट </W></PLACE-ARG><W> पर </W><TIME-ARG ID="17"><LINK EVENT_ARG="2" ID="62" TYPE_REL="EVENT_ARG"/><W> बृहस्पतिवार </W><W> की </W><W> सुबह </W></TIME-ARG><PLACE-ARG ID="16"><LINK EVENT_ARG="2" ID="63" TYPE_REL="EVENT_ARG"/><W> मानव </W><W> रहित </W><W> रेलवे </W><W> क्रासिंग </W><W> नहामऊ </W><W> (गेट </W><W> नंबर </W><W> 308) </W></PLACE-ARG><W> पर </W><PARTICIPANT-ARG ID="18"><LINK EVENT_ARG="2" ID="64" TYPE_REL="EVENT_ARG"/><W> अवध </W><W> आसाम </W><W> एक्सप्रेस </W><W> ट्रेन </W></PARTICIPANT-ARG><PARTICIPANT-ARG ID="19"><LINK EVENT_ARG="2" ID="65" TYPE_REL="EVENT_ARG"/><W> एक </W><W> ट्रक </W></PARTICIPANT-ARG><W> से </W><MAN_MADE_EVENT ID="2" TYPE="TRAIN_COLLISION"><EVENT-COREF-LINK EVENT_ID="0" ID="50" TYPE_REL="EVENT_COREF"/><W> टकरा </W><W> गई। </W></MAN_MADE_EVENT><MAN_MADE_EVENT ID="3" TYPE="TRAIN_COLLISION"><EVENT-COREF-LINK EVENT_ID="0" ID="51" TYPE_REL="EVENT_COREF"/><W> हादसे </W></MAN_MADE_EVENT><W> में </W><CASUALTIES-ARG ID="23"><LINK EVENT_ARG="3" ID="66" TYPE_REL="EVENT_ARG"/><W> ट्रक </W><W> के </W><W> चालक </W><W> व </W><W> क्लीनर </W><W> और </W><W> ट्रेन </W><W> के </W><W> दो </W><W> यात्री </W><W> गंभीर </W><W> रूप </W><W> से </W><W> घायल </W></CASUALTIES-ARG><W> हो </W><W> गए। </W><AFTER_EFFECTS-ARG ID="25"><LINK EVENT_ARG="3" ID="67" TYPE_REL="EVENT_ARG"/><W> पुलिस </W><W> ने </W><W> स्थानीय </W><W> लोगों </W><W> की </W><W> मदद </W><W> से </W><W> घायलों </W><W> को </W><W> जिला </W><W> अस्पताल </W><W> भेजा। </W></AFTER_EFFECTS-ARG><MAN_MADE_EVENT ID="4" TYPE="TRAIN_COLLISION"><EVENT-COREF-LINK EVENT_ID="0" ID="52" TYPE_REL="EVENT_COREF"/><W> दुर्घटना </W></MAN_MADE_EVENT><W> के </W><W> बाद </W><PARTICIPANT-ARG ID="20"><LINK EVENT_ARG="4" ID="68" TYPE_REL="EVENT_ARG"/><W> ट्रक </W></PARTICIPANT-ARG><AFTER_EFFECTS-ARG ID="26"><LINK EVENT_ARG="4" ID="69" TYPE_REL="EVENT_ARG"/><W> पांच </W><W> सौ </W><W> मीटर </W><W> तक </W></AFTER_EFFECTS-ARG><PARTICIPANT-ARG ID="21"><LINK EVENT_ARG="4" ID="70" TYPE_REL="EVENT_ARG"/><W> ट्रेन </W><W> के </W><W> इंजन </W></PARTICIPANT-ARG><W> के </W><W> साथ </W><AFTER_EFFECTS-ARG ID="27"><LINK EVENT_ARG="4" ID="71" TYPE_REL="EVENT_ARG"/><W> घिसटता </W><W> चला </W><W> गया। </W></AFTER_EFFECTS-ARG><MAN_MADE_EVENT ID="5" TYPE="TRAIN_COLLISION"><EVENT-COREF-LINK EVENT_ID="0" ID="53" TYPE_REL="EVENT_COREF"/><W> हादसे </W></MAN_MADE_EVENT><W> में </W><AFTER_EFFECTS-ARG ID="28"><LINK EVENT_ARG="5" ID="72" TYPE_REL="EVENT_ARG"/><W> ट्रक </W><W> का </W><W> मलबा </W><W> सौ </W><W> मीटर </W><W> तक </W><W> बिखर </W><W> गया </W><W> जबकि </W><W> आधा </W><W> ट्रक </W><W> ट्रेन </W><W> के </W><W> इंजन </W><W> में </W><W> ही </W><W> चिपका </W><W> रहा। </W></AFTER_EFFECTS-ARG><MAN_MADE_EVENT ID="6" TYPE="TRAIN_COLLISION"><EVENT-COREF-LINK EVENT_ID="0" ID="54" TYPE_REL="EVENT_COREF"/><W> हादसे </W></MAN_MADE_EVENT><W> में </W><AFTER_EFFECTS-ARG ID="49"><LINK EVENT_ARG="6" ID="73" TYPE_REL="EVENT_ARG"/><W> ट्रेन </W><W> इंजन </W><W> के </W><W> दो </W><W> पहिए </W><W> भी </W><W> बेपटरी </W><W> हो </W><W> गए। </W></AFTER_EFFECTS-ARG><MAN_MADE_EVENT ID="7" TYPE="TRAIN_COLLISION"><EVENT-COREF-LINK EVENT_ID="0" ID="55" TYPE_REL="EVENT_COREF"/><W> हादसे </W></MAN_MADE_EVENT><W> के </W><W> बाद </W><AFTER_EFFECTS-ARG ID="29"><LINK EVENT_ARG="7" ID="74" TYPE_REL="EVENT_ARG"/><W> ट्रेन </W><W> खड़ी </W><W> रही। </W></AFTER_EFFECTS-ARG><AFTER_EFFECTS-ARG ID="30"><LINK EVENT_ARG="7" ID="75" TYPE_REL="EVENT_ARG"/><W> जीआरपी, </W><W> आरपीएफ </W><W> व </W><W> मसौली </W><W> पुलिस </W><W> पहुंच </W><W> गई। </W></AFTER_EFFECTS-ARG><PLACE-ARG ID="31"><LINK EVENT_ARG="8" ID="76" TYPE_REL="EVENT_ARG"/><W> रामनगर-बाराबंकी </W><W> रेलखंड </W><W> के </W><W> बीच </W><W> मानव </W><W> रहित </W><W> रेलवे </W><W> क्रासिंग </W></PLACE-ARG><W> पार </W><W> कर </W><W> रहे </W><PARTICIPANT-ARG ID="32"><LINK EVENT_ARG="8" ID="77" TYPE_REL="EVENT_ARG"/><W> ट्रक </W></PARTICIPANT-ARG><W> से </W><TIME-ARG ID="34"><LINK EVENT_ARG="8" ID="78" TYPE_REL="EVENT_ARG"/><W> बृहस्पतिवार </W><W> की </W><W> सुबह </W><W> करीब </W><W> नौ </W><W> बजे </W></TIME-ARG><PARTICIPANT-ARG ID="33"><LINK EVENT_ARG="8" ID="79" TYPE_REL="EVENT_ARG"/><W> अवध-आसाम </W><W> एक्सप्रेस </W></PARTICIPANT-ARG><MAN_MADE_EVENT ID="8" TYPE="TRAIN_COLLISION"><EVENT-COREF-LINK EVENT_ID="0" ID="56" TYPE_REL="EVENT_COREF"/><W> टकरा </W><W> गई। </W></MAN_MADE_EVENT><PARTICIPANT-ARG ID="35"><LINK EVENT_ARG="8" ID="81" TYPE_REL="EVENT_ARG"/><W> ट्रेन </W></PARTICIPANT-ARG><PLACE-ARG ID="38"><LINK EVENT_ARG="8" ID="80" TYPE_REL="EVENT_ARG"/><W> डाउन </W><W> लाइन </W><W> से </W><W> बाराबंकी </W><W> की </W><W> ओर </W></PLACE-ARG><W> आ </W><W> रही </W><W> भी </W><W> जबकि </W><PARTICIPANT-ARG ID="36"><LINK EVENT_ARG="8" ID="82" TYPE_REL="EVENT_ARG"/><W> ट्रक </W></PARTICIPANT-ARG><PLACE-ARG ID="39"><LINK EVENT_ARG="8" ID="83" TYPE_REL="EVENT_ARG"/><W> बिंदौरा </W><W> चौराहा </W><W> से </W><W> नहामऊ </W><W> गांव </W><W> की </W><W> ओर </W></PLACE-ARG><W> जा </W><W> रहा </W><W> था। </W><PARTICIPANT-ARG ID="37"><LINK EVENT_ARG="9" ID="84" TYPE_REL="EVENT_ARG"/><W> ट्रक  </W></PARTICIPANT-ARG><W> खाली </W><W> था। </W><MAN_MADE_EVENT ID="9" TYPE="TRAIN_COLLISION"><EVENT-COREF-LINK EVENT_ID="0" ID="57" TYPE_REL="EVENT_COREF"/><W> टक्कर </W></MAN_MADE_EVENT><W> के </W><W> बाद </W><AFTER_EFFECTS-ARG ID="40"><LINK EVENT_ARG="9" ID="85" TYPE_REL="EVENT_ARG"/><W> ट्रक </W><W> ट्रेन </W><W> के </W><W> इंजन </W><W> में </W><W> फंस </W><W> कर </W><W> पांच </W><W> सौ </W><W> मीटर </W><W> तक </W><W> घिसटता </W><W> चला </W><W> गया। </W><W> करीब </W><W> सौ </W><W> मीटर </W><W> के </W><W> दायरे </W><W> में </W><W> ट्रक </W><W> का </W><W> मलबा </W><W> बिखर </W><W> गया </W><W> जबकि </W><W> आधा </W><W> ट्रक </W><W> ट्रेन </W><W> के </W><W> इंजन </W><W> में </W><W> ही </W><W> फंसा </W><W> रहा। </W></AFTER_EFFECTS-ARG></P><P><AFTER_EFFECTS-ARG ID="48"><LINK EVENT_ARG="9" ID="86" TYPE_REL="EVENT_ARG"/><W> ट्रेन </W><W> इंजन </W><W> के </W><W> दो </W><W> पहिए </W><W> भी </W><W> बेपटरी </W><W> हो </W><W> गए। </W></AFTER_EFFECTS-ARG><AFTER_EFFECTS-ARG ID="41"><LINK EVENT_ARG="9" ID="87" TYPE_REL="EVENT_ARG"/><W> रेलवे </W><W> ट्रैक </W><W> के </W><W> ऊपर </W><W> से </W><W> गुजरी </W><W> ओएचई </W><W> (ओवर </W><W> हेड </W><W> इलेक्ट्रिक) </W><W> लाइन </W><W> भी </W><W> करीब </W><W> एक </W><W> किमी </W><W> तक </W><W> क्षतिग्रस्त </W><W> हो </W><W> गई। </W></AFTER_EFFECTS-ARG><MAN_MADE_EVENT ID="10" TYPE="TRAIN_COLLISION"><EVENT-COREF-LINK EVENT_ID="0" ID="58" TYPE_REL="EVENT_COREF"/><W>  हादसे </W></MAN_MADE_EVENT><W> में </W><CASUALTIES-ARG ID="22"><LINK EVENT_ARG="10" ID="88" TYPE_REL="EVENT_ARG"/><W> ट्रक </W><W> का </W><W> चालक </W><W> व </W><W> क्लीनर </W><W> गंभीर </W><W> रूप </W><W> से </W><W> घायल </W></CASUALTIES-ARG><W> हो </W><W> गए। </W><AFTER_EFFECTS-ARG ID="42"><LINK EVENT_ARG="10" ID="89" TYPE_REL="EVENT_ARG"/><W> पुलिस </W><W> ने </W><W> घायलों </W><W> को </W><W> जिला </W><W> अस्पताल </W><W> भेजवाया। </W></AFTER_EFFECTS-ARG><MAN_MADE_EVENT ID="11" TYPE="TRAIN_COLLISION"><EVENT-COREF-LINK EVENT_ID="0" ID="90" TYPE_REL="EVENT_COREF"/><W> दुर्घटना </W></MAN_MADE_EVENT><W> में </W><W> ट्रेन </W><W> में </W><W> यात्रा </W><W> कर </W><W> रहे </W><CASUALTIES-ARG ID="24"><LINK EVENT_ARG="11" ID="91" TYPE_REL="EVENT_ARG"/><W> राम </W><W> सिंह </W><W> पुत्र </W><W> रघुवीर </W><W> सिंह </W><W> व </W><W> जावेद </W><W> घायल </W></CASUALTIES-ARG><W> हो </W><W> गए। </W><AFTER_EFFECTS-ARG ID="43"><LINK EVENT_ARG="11" ID="92" TYPE_REL="EVENT_ARG"/><W> राम </W><W> सिंह </W><W> के </W><W> हाथ </W><W> में </W><W> चोट </W><W> आई। </W><W> जिसने </W><W> उपचार </W><W> के </W><W> बाद </W><W> उन्हें </W><W> जाने </W><W> दिया </W><W> गया </W><W> जबकि </W><W> जावेद </W><W> के </W><W> सिर </W><W> में </W><W> चोट </W><W> होने </W><W> से </W><W> उसका </W><W> उपचार </W><W> सीएचसी </W><W> बड़ा </W><W> गांव </W><W> में </W><W> किया </W><W> जा </W><W> रहा </W><W> है। </W></AFTER_EFFECTS-ARG><AFTER_EFFECTS-ARG ID="45"><LINK EVENT_ARG="11" ID="93" TYPE_REL="EVENT_ARG"/><W> मौके </W><W> पर </W><W> जीआरपी, </W><W> आरपीएफ </W><W> व </W><W> मसौली </W><W> पुलिस </W><W> मौजूद </W><W> है। </W></AFTER_EFFECTS-ARG><AFTER_EFFECTS-ARG ID="44"><LINK EVENT_ARG="12" ID="94" TYPE_REL="EVENT_ARG"/><W> सैकड़ों </W><W> की </W><W> संख्या </W><W> में </W><W> ग्रामीण </W><W> भी </W><W> मौके </W><W> पर </W><W> जमा </W><W> रहे। </W></AFTER_EFFECTS-ARG><MAN_MADE_EVENT ID="12" TYPE="TRAIN_COLLISION"><EVENT-COREF-LINK EVENT_ID="0" ID="59" TYPE_REL="EVENT_COREF"/><W> दुर्घटना </W></MAN_MADE_EVENT><W> के </W><AFTER_EFFECTS-ARG ID="46"><LINK EVENT_ARG="12" ID="95" TYPE_REL="EVENT_ARG"/><W> करीब </W><W> तीन </W><W> घंटे </W><W> तक </W><W> ट्रेन </W><W> वहीं </W><W> पर </W><W> खड़ी </W><W> रही। </W></AFTER_EFFECTS-ARG><AFTER_EFFECTS-ARG ID="47"><LINK EVENT_ARG="12" ID="96" TYPE_REL="EVENT_ARG"/><W> जिला </W><W> अस्पताल </W><W> भेजे </W><W> गए </W><W> चालक </W><W> व </W><W> क्लीनर </W><W> की </W><W> हालत </W><W> काफी </W><W> गंभीर </W><W> बताई </W><W> जा </W><W> रही </W><W> है।   </W></AFTER_EFFECTS-ARG></P></DOCUMENT>