<?xml version="1.0" encoding="UTF-8"?>
<DOCUMENT><DESC/><DESC/><DESC/><TIME>1278</TIME><P><PLACE-ARG ID="0"><LINK EVENT_ARG="2" ID="25" TYPE_REL="EVENT_ARG"/><W> ताइवान </W></PLACE-ARG><W> में </W><MAN_MADE_EVENT ID="2" TYPE="TRAIN_COLLISION"><W> पटरी </W><W> से </W><W> उतरी </W><W> ट्रेन, </W></MAN_MADE_EVENT><CASUALTIES-ARG ID="9"><LINK EVENT_ARG="2" ID="26" TYPE_REL="EVENT_ARG"/><W> 22 </W><W> लोग </W><W> मरे </W></CASUALTIES-ARG><W> । </W></P><P><PLACE-ARG ID="1"><LINK EVENT_ARG="18" ID="27" TYPE_REL="EVENT_ARG"/><W> ताइवान </W><W> के </W><W> लोकप्रिय </W><W> समुद्री </W><W> रूट </W></PLACE-ARG><W> पर </W><PARTICIPANT-ARG ID="12"><LINK EVENT_ARG="18" ID="28" TYPE_REL="EVENT_ARG"/><W> एक </W><W> एक्सप्रेस </W><W> ट्रेन </W></PARTICIPANT-ARG><W> के </W><MAN_MADE_EVENT ID="18" TYPE="TRAIN_COLLISION"><EVENT-COREF-LINK EVENT_ID="2" ID="19" TYPE_REL="EVENT_COREF"/><W> पटरी </W><W> से </W><W> उतरने </W></MAN_MADE_EVENT><W> के </W><W> कारण </W><CASUALTIES-ARG ID="10"><LINK EVENT_ARG="18" ID="29" TYPE_REL="EVENT_ARG"/><W> 22 </W><W> लोगों </W><W> की </W><W> मौत </W></CASUALTIES-ARG><W> हो </W><W> गई। </W><MAN_MADE_EVENT ID="4" TYPE="TRAIN_COLLISION"><EVENT-COREF-LINK EVENT_ID="2" ID="20" TYPE_REL="EVENT_COREF"/><W> हादसे </W></MAN_MADE_EVENT><W> में </W><CASUALTIES-ARG ID="11"><LINK EVENT_ARG="4" ID="30" TYPE_REL="EVENT_ARG"/><W> 171 </W><W> लोग </W><W> घायल </W></CASUALTIES-ARG><W> हो </W><W> गए। </W><W> रेलवे </W><W> प्रशासन </W><W> ने </W><W> बताया </W><W> कि </W><W> यह </W><MAN_MADE_EVENT ID="5" TYPE="TRAIN_COLLISION"><EVENT-COREF-LINK EVENT_ID="2" ID="21" TYPE_REL="EVENT_COREF"/><W> हादसा </W></MAN_MADE_EVENT><W> स्थानीय </W><W> समय </W><W> के </W><W> अनुसार </W><TIME-ARG ID="16"><LINK EVENT_ARG="5" ID="31" TYPE_REL="EVENT_ARG"/><W> शाम </W><W> 4:50 </W><W> मिनट </W></TIME-ARG><W> पर </W><W> हुआ। </W></P><P><PARTICIPANT-ARG ID="13"><LINK EVENT_ARG="6" ID="32" TYPE_REL="EVENT_ARG"/><W> पुयूमा </W><W> एक्सप्रेस ट्रेन </W><W> के </W><W> सभी </W><W> आठ </W><W> डिब्बे </W></PARTICIPANT-ARG><MAN_MADE_EVENT ID="6" TYPE="TRAIN_COLLISION"><EVENT-COREF-LINK EVENT_ID="2" ID="22" TYPE_REL="EVENT_COREF"/><W> पटरी </W><W> से </W><W> उतर </W><W> गए। </W></MAN_MADE_EVENT><PARTICIPANT-ARG ID="14"><LINK EVENT_ARG="6" ID="33" TYPE_REL="EVENT_ARG"/><W> ट्रेन </W></PARTICIPANT-ARG><W> में </W><W> 366 </W><W> लोग </W><W> सवार </W><W> थे। </W><AFTER_EFFECTS-ARG ID="17"><LINK EVENT_ARG="6" ID="34" TYPE_REL="EVENT_ARG"/><W> रक्षा </W><W> मंत्रालय </W><W> ने </W><W> लोगों </W><W> की </W><W> मदद </W><W> के </W><W> लिए </W><W> 120 </W><W> सैनिकों </W><W> को </W><W> घटनास्थल </W><W> पर </W><W> भेज </W><W> दिया </W></AFTER_EFFECTS-ARG><W> है। </W><MAN_MADE_EVENT ID="7" TYPE="TRAIN_COLLISION"><EVENT-COREF-LINK EVENT_ID="2" ID="23" TYPE_REL="EVENT_COREF"/><W> दुर्घटना </W></MAN_MADE_EVENT><W> के </W><W> कारणों </W><W> का </W><W> अभी </W><W> पता </W><W> नहीं </W><W> चल </W><W> पाया </W><W> है। </W></P><P><W> हालांकि </W><W> इस </W><W> बात </W><W> की </W><W> पुष्टि </W><W> नहीं </W><W> हुई </W><W> कि </W><PARTICIPANT-ARG ID="15"><LINK EVENT_ARG="8" ID="35" TYPE_REL="EVENT_ARG"/><W> ट्रेन </W></PARTICIPANT-ARG><W> के </W><W> भीतर </W><W> कोई </W><W> जीवित </W><W> आदमी </W><W> फंसा </W><W> है </W><W> या </W><W> नहीं। </W><W> राष्ट्रपति </W><W> साइ </W><W> इंग-वेन </W><W> ने </W><MAN_MADE_EVENT ID="8" TYPE="TRAIN_COLLISION"><EVENT-COREF-LINK EVENT_ID="2" ID="24" TYPE_REL="EVENT_COREF"/><W> घटना </W></MAN_MADE_EVENT><W> को </W><W> ‘बड़ी </W><W> त्रासदी’ </W><W> बताया। </W><W> एक </W><W> ट्वीट </W><W> में </W><W> उन्होंने </W><W> मृतकों </W><W> के </W><W> प्रति </W><W> संवेदना </W><W> व्यक्त </W><W> की।  </W></P></DOCUMENT>