<?xml version="1.0" encoding="UTF-8"?>
<DOCUMENT><DESC/><DESC/><TIME>164</TIME><P><PLACE-ARG ID="0"><LINK EVENT_ARG="1" ID="8" TYPE_REL="EVENT_ARG"/><W> हिमाचल </W><W> प्रदेश </W><W> के </W><W> कांगड़ा </W></PLACE-ARG><W> में </W><NATURAL_EVENT ID="1" TYPE="EARTHQUAKE"><W> भूकंप </W><W> के </W><W> झटके, </W></NATURAL_EVENT><W> किसी </W><W> के </W><W> हताहत </W><W> होने </W><W> की </W><W> खबर </W><W> नहीं </W><W> ।  </W></P><P><PLACE-ARG ID="3"><LINK EVENT_ARG="2" ID="9" TYPE_REL="EVENT_ARG"/><W> हिमाचल </W><W> प्रदेश </W></PLACE-ARG><W> में </W><NATURAL_EVENT ID="2" TYPE="EARTHQUAKE"><EVENT-COREF-LINK EVENT_ID="1" ID="13" TYPE_REL="EVENT_COREF"/><W> भूकंप </W><W> के </W><W> झटके </W></NATURAL_EVENT><W> महसूस </W><W> किए </W><W> गए </W><W> हैं। जानकारी </W><W> के </W><W> मुताबिक </W><PLACE-ARG ID="4"><LINK EVENT_ARG="5" ID="10" TYPE_REL="EVENT_ARG"/><W> कांगड़ा </W><W> जिले </W></PLACE-ARG><W> में </W><W> ये </W><NATURAL_EVENT ID="5" TYPE="EARTHQUAKE"><EVENT-COREF-LINK EVENT_ID="1" ID="14" TYPE_REL="EVENT_COREF"/><W> झटके </W></NATURAL_EVENT><W> महसूस </W><W> किए </W><W> गए।  </W></P><P><W> रिक्टर </W><W> पैमाने </W><W> पर </W><NATURAL_EVENT ID="6" TYPE="EARTHQUAKE"><EVENT-COREF-LINK EVENT_ID="1" ID="12" TYPE_REL="EVENT_COREF"/><W> भूकंप </W></NATURAL_EVENT><W> की </W><MAGNITUDE-ARG ID="7"><LINK EVENT_ARG="6" ID="11" TYPE_REL="EVENT_ARG"/><W> तीव्रता </W><W> 3.8 </W></MAGNITUDE-ARG><W> मापी </W><W> गई </W><W> है।  </W></P><P><W> फिलहाल </W><W> किसी </W><W> के </W><W> हताहत </W><W> होने </W><W> की </W><W> कोई </W><W> खबर </W><W> नहीं </W><W> है।  </W></P></DOCUMENT>