<?xml version="1.0" encoding="UTF-8"?>
<DOCUMENT><DESC/><DESC/><DESC/><DESC/><DESC/><DESC/><DESC/><DESC/><DESC/><TIME>5253</TIME><P><NATURAL_EVENT ID="0" TYPE="LAND_SLIDE"><W> पहाड़ी </W><W> दरकने </W></NATURAL_EVENT><W> से </W><CASUALTIES-ARG ID="1"><LINK EVENT_ARG="0" ID="26" TYPE_REL="EVENT_ARG"/><W> भेड़पालक </W><W> और </W><W> परिचालक </W><W> की </W><W> मौत, </W></CASUALTIES-ARG><CASUALTIES-ARG ID="2"><LINK EVENT_ARG="0" ID="27" TYPE_REL="EVENT_ARG"/><W> 116 </W><W> मवेशी </W><W> दबे </W></CASUALTIES-ARG></P><P><PLACE-ARG ID="3"><LINK EVENT_ARG="4" ID="28" TYPE_REL="EVENT_ARG"/><W> हिमाचल </W><W> में </W><W> दो </W><W> अलग-अलग </W><W> स्थानों </W></PLACE-ARG><W> में </W><NATURAL_EVENT ID="4" TYPE="LAND_SLIDE"><EVENT-COREF-LINK EVENT_ID="0" ID="43" TYPE_REL="EVENT_COREF"/><W> पहाड़ी </W><W> दरकने </W></NATURAL_EVENT><W> से </W><CASUALTIES-ARG ID="5"><LINK EVENT_ARG="4" ID="29" TYPE_REL="EVENT_ARG"/><W> दो </W><W> लोगों </W><W> की </W><W> मौत </W></CASUALTIES-ARG><W> हो </W><W> गई। </W><W> जबकि </W><CASUALTIES-ARG ID="6"><LINK EVENT_ARG="4" ID="30" TYPE_REL="EVENT_ARG"/><W> 116 </W><W> भेड़ </W><W> बकरियां </W><W> और </W><W> पशु </W><W> मलबे </W><W> में </W><W> दब </W><W> गए। </W></CASUALTIES-ARG><PLACE-ARG ID="7"><LINK EVENT_ARG="9" ID="31" TYPE_REL="EVENT_ARG"/><W> निरमंड </W><W> खंड </W><W> की </W><W> दुर्गम </W><W> पंचायत </W><W> सरघा </W></PLACE-ARG><W> में </W><TIME-ARG ID="8"><LINK EVENT_ARG="9" ID="32" TYPE_REL="EVENT_ARG"/><W> सोमवार </W><W> दोपहर </W><W> बाद </W></TIME-ARG><W> एक </W><NATURAL_EVENT ID="9" TYPE="LAND_SLIDE"><EVENT-COREF-LINK EVENT_ID="0" ID="42" TYPE_REL="EVENT_COREF"/><W> पहाड़ी </W><W> दरक </W><W> गई।  </W></NATURAL_EVENT></P><P><W> इसकी </W><W> चपेट </W><W> में </W><W> आने </W><W> से </W><W> एक </W><CASUALTIES-ARG ID="10"><LINK EVENT_ARG="9" ID="33" TYPE_REL="EVENT_ARG"/><W> भेड़पालक </W><W> की </W><W> मौके </W><W> पर </W><W> ही </W><W> मौत </W></CASUALTIES-ARG><W> हो </W><W> गई। </W><W> इसके </W><W> अलावा </W><W> हादसे </W><W> में </W><CASUALTIES-ARG ID="11"><LINK EVENT_ARG="9" ID="34" TYPE_REL="EVENT_ARG"/><W> 116 </W><W> भेड़ </W><W> बकरियां </W><W> और </W><W> पशु </W><W> भी </W><W> काल </W><W> का </W><W> ग्रास </W><W> बन </W><W> गए। </W></CASUALTIES-ARG><W> प्रशासन </W><W> ने </W><W> प्रभावितों </W><W> को </W><W> फौरी </W><W> राहत </W><W> जारी </W><W> कर </W><W> दी </W><W> है। </W><W> पुलिस </W><W> ने </W><W> मामला </W><W> दर्ज </W><W> कर </W><W> छानबीन </W><W> शुरू </W><W> कर </W><W> दी </W><W> है। </W></P><P><W> मौके </W><W> पर </W><W> तहसीलदार </W><W> निरमंड </W><W> और </W><W> पशु </W><W> पालक </W><W> विभाग </W><W> की </W><W> टीम </W><W> भी </W><W> पहुंच </W><W> गई </W><W> है, </W><W> जो </W><W> नुकसान </W><W> का </W><W> आकलन </W><W> करने </W><W> में जुटी </W><W> है। </W><W> पुलिस </W><W> थाना </W><W> ब्रौ </W><W> से </W><W> मिली </W><W> जानकारी </W><W> के </W><W> मुताबिक </W><W> सोमवार </W><W> दोपहर </W><W> बाद </W><W> आउटर </W><W> सिराज </W><W> की </W><W> दुर्गम </W><W> पंचायत </W><W> धारा </W><W> सरघा </W><W> के </W><W> हुमकू </W><W> गांव </W><W> के </W><W> साथ </W><W> लगती </W><W> पहाड़ी </W><W> अचानक </W><W> दरक </W><W> गई। </W></P><P><W> वहीं </W><W> एक </W><W> चट्टान </W><W> के </W><W> नीचे </W><W> आराम </W><W> कर </W><W> रहे </W><W> भेड़ </W><W> पालक </W><W> देगा </W><W> नंद </W><W> (65), </W><CASUALTIES-ARG ID="12"><LINK EVENT_ARG="13" ID="35" TYPE_REL="EVENT_ARG"/><W> पुत्र </W><W> देर </W><W> सिंह, </W><W> गांव </W><W> हुमकू, </W><PLACE-ARG ID="14"><W> तहसील </W><W> निरमंड </W></PLACE-ARG><W> की </W><NATURAL_EVENT ID="13" TYPE="LAND_SLIDE"><EVENT-COREF-LINK EVENT_ID="0" ID="44" TYPE_REL="EVENT_COREF"/><W> भूस्खलन </W></NATURAL_EVENT><W> की </W><W> चपेट </W><W> में </W><W> आने </W><W> से </W><W> मौके </W><W> पर </W><W> ही </W><W> मौत </W></CASUALTIES-ARG><W> हो </W><W> गई। </W></P><P><W> इसके </W><W> अलावा </W><W> इस </W><NATURAL_EVENT ID="16" TYPE="LAND_SLIDE"><EVENT-COREF-LINK EVENT_ID="0" ID="45" TYPE_REL="EVENT_COREF"/><W> हादसे </W></NATURAL_EVENT><W> में </W><CASUALTIES-ARG ID="15"><LINK EVENT_ARG="16" ID="36" TYPE_REL="EVENT_ARG"/><W> 110 </W><W> भेड़ </W><W> बकरियां, </W><W> 3 </W><W> गाय, </W><W> 2 </W><W> बैल </W><W> और </W><W> एक </W><W> खच्चर </W><W> भी </W><W> मरी </W><W> है। </W></CASUALTIES-ARG><W> घटना </W><W> की </W><W> सूचना </W><W> पंचायत </W><W> प्रधान </W><W> ने </W><W> संबंधित </W><W> पुलिस </W><W> थाना </W><W> और </W><W> प्रशासन </W><W> को </W><W> दी। </W><W> सूचना </W><W> मिलते </W><W> ही </W><W> प्रशासन </W><W> और </W><W> पुलिस </W><W> का </W><W> दल </W><W> मौके </W><W> पर </W><W> पहुंचा।  </W></P><P><NATURAL_EVENT ID="17" TYPE="LAND_SLIDE"><EVENT-COREF-LINK EVENT_ID="0" ID="47" TYPE_REL="EVENT_COREF"/><W> पहाड़ी </W><W> दरकने </W></NATURAL_EVENT><W> के </W><W> दौरान </W><W> अन्य </W><W> भेड़ </W><W> पालक </W><W> अपनी </W><W> जान </W><W> बचाकर </W><W> भागने </W><W> में </W><W> सफल </W><W> हुए, </W><W> जबकि </W><W> मृतक </W><W> देगा </W><W> नंद </W><W> के </W><NATURAL_EVENT ID="19" TYPE="LAND_SLIDE"><EVENT-COREF-LINK EVENT_ID="0" ID="46" TYPE_REL="EVENT_COREF"/><W> हादसे </W></NATURAL_EVENT><W> में </W><CASUALTIES-ARG ID="18"><LINK EVENT_ARG="19" ID="37" TYPE_REL="EVENT_ARG"/><W> चिथड़े </W><W> चिथड़े </W><W> उड़ </W><W> गए </W><W> हैं। </W></CASUALTIES-ARG><W>   </W></P><P><W> घटना </W><W> में </W><W> ग्रामीण </W><W> मोहन </W><W> लाल, </W><W> गोविंद </W><W> सिंह, </W><W> सत्यदेव, </W><W> बेगा </W><W> नंद, </W><W> सुरेश, </W><W> संगत </W><W> राम, </W><W> रमेश </W><W> कुमार, </W><W> खेबी </W><W> राम </W><W> के </W><W> 116 </W><W> पशु </W><W> मरे </W><W> हैं, </W><W> जिन्हें </W><W> प्रशासन </W><W> की </W><W> ओर </W><W> से </W><W> 10-10 </W><W> हजार </W><W> रुपये </W><W> की </W><W> फौरा </W><W> राहत </W><W> दी </W><W> गई </W><W> है। </W></P><P><W> वहीं </W><W> प्रशासन </W><W> की </W><W> ओर </W><W> से </W><W> तहसीलदार </W><W> निरमंड </W><W> निरजा </W><W> शर्मा </W><W> और </W><W> पशुपालन </W><W> विभाग </W><W> की </W><W> टीम </W><W> मौके </W><W> पर </W><W> पहुंचकर </W><W> नुकसान </W><W> का </W><W> आकलन </W><W> करने </W><W> में </W><W> जुटी </W><W> हुई </W><W> है </W><W> ।डीएसपी </W><W> आनी </W><W> रोहित </W><W> मृगपुरी </W><W> ने </W><W> बताया </W><W> कि </W><W> पहाड़ी </W><W> दरकने </W><W> से </W><W> एक </W><W> भेड़पालक </W><W> की </W><W> मौत </W><W> हो </W><W> गई </W><W> है, </W><W> जबकि </W><NATURAL_EVENT ID="20" TYPE="LAND_SLIDE"><W> घटना </W></NATURAL_EVENT><W> के </W><CASUALTIES-ARG ID="21"><LINK EVENT_ARG="20" ID="38" TYPE_REL="EVENT_ARG"/><W> 116 </W><W> भेड़ </W><W> बकरियां </W><W> और </W><W> पशुओं </W><W> की </W><W> भी </W><W> मौत </W></CASUALTIES-ARG><W> हो </W><W> गई </W><W> है। </W></P><P><W>   </W></P><P><W> पुलिस </W><W> मामले </W><W> की </W><W> छानबीन </W><W> में </W><W> जुटी </W><W> हुई </W><W> है। </W><W> एसडीएम </W><W> आनी </W><W> चेत </W><W> सिंह </W><W> ने </W><W> बताया </W><W> कि </W><W> मृतक </W><W> के </W><W> परिजनों </W><W> को </W><W> 10 </W><W> हजार </W><W> की </W><W> फौरी </W><W> राहत, </W><W> जबकि </W><W> भेड़ </W><W> बकरियों </W><W> और </W><W> पशुओं </W><W> के </W><W> मालिकों </W><W> को </W><W> भी </W><W> 10-10 </W><W> हजार </W><W> रुपये </W><W> की </W><W> राहत </W><W> राशि </W><W> जारी </W><W> की </W><W> गई </W><W> है। </W><W>   </W></P><P><W> उपमंडल </W><W> संगड़ाह </W><W> की </W><W> ग्राम </W><W> पंचायत </W><W> सैंज </W><W> में </W><W> शिवपुर </W><W> के </W><W> लिए </W><W> बन </W><W> रही </W><W> संपर्क </W><W> सड़क </W><W> पर </W><W> पहाड़ी </W><W> दरकने </W><W> से </W><W> एनएनटी </W><W> मशीन </W><W> के </W><W> परिचालक </W><W> की </W><W> मौके </W><W> पर </W><W> ही </W><W> मौत </W><W> हो </W><W> गई। </W><W> जबकि </W><W> एनएनटी </W><W> मशीन </W><W> चालक </W><W> गंभीर </W><W> रूप </W><W> से </W><W> घायल </W><W> हो </W><W> गया। </W></P><P><W> मृतक </W><W> की </W><W> पहचान </W><W> 19 </W><W> वर्षीय </W><W> विक्की </W><W> पुत्र </W><W> वेद </W><W> राम </W><W> के </W><W> रूप </W><W> में </W><W> हुई </W><W> है, </W><W> जबकि </W><W> चालक </W><W> पंकज </W><W> (22) </W><CASUALTIES-ARG ID="22"><LINK EVENT_ARG="20" ID="39" TYPE_REL="EVENT_ARG"/><W> पुत्र </W><W> ओम </W><W> प्रकाश </W><W> गंभीर </W><W> रूप </W><W> से </W><W> घायल </W></CASUALTIES-ARG><W> हो </W><W> गया </W><W> है। </W><W> उसे </W><W> संगड़ाह </W><W> से </W><W> मेडिकल </W><W> कॉलेज </W><W> नाहन </W><W> रेफर </W><W> कर </W><W> दिया </W><W> गया </W><W> है। </W><W> दोनों </W><W> ही </W><W> मंडी </W><W> जिले </W><W> के </W><W> चच्योट </W><W> के </W><W> निवासी </W><W> बताए </W><W> जा </W><W> रहे </W><W> हैं।  </W></P><P><W> सैंज </W><W> गांव </W><W> से </W><W> शिवपुर </W><W> के </W><W> लिए </W><W> निर्माणाधीन </W><W> मार्ग </W><W> का </W><W> कार्य </W><W> चला </W><W> हुआ </W><W> है। </W><W> इसके </W><W> लिए </W><W> एलएनटी </W><W> मशीन </W><W> लगाई </W><W> गई </W><W> है। </W><TIME-ARG ID="23"><LINK EVENT_ARG="24" ID="40" TYPE_REL="EVENT_ARG"/><W> मंगलवार </W><W> करीब </W><W> 11 </W><W> बजे </W></TIME-ARG><W> कार्य </W><W> के </W><W> दौरान </W><W> अचानक </W><NATURAL_EVENT ID="24" TYPE="LAND_SLIDE"><EVENT-COREF-LINK EVENT_ID="0" ID="48" TYPE_REL="EVENT_COREF"/><W> पहाड़ी </W><W> दरक </W></NATURAL_EVENT><W> गई। </W><W> भारी </W><W> मलबा </W><W> गिरने </W><W> से </W><CASUALTIES-ARG ID="25"><LINK EVENT_ARG="24" ID="41" TYPE_REL="EVENT_ARG"/><W> एनएनटी </W><W> मशीन </W><W> सहित </W><W> चालक </W><W> और </W><W> परिचालक </W><W> मलबे </W><W> में </W><W> दब </W></CASUALTIES-ARG><W> गए। </W></P><P><W> स्थानीय </W><W> लोगों </W><W> की </W><W> सहायता </W><W> से </W><W> दोनों </W><W> को </W><W> बाहर </W><W> निकाला </W><W> गया। </W><W> लेकिन, </W><W> तब </W><W> तक </W><W> परिचालक </W><W> विक्की </W><W> की </W><W> मौत </W><W> हो </W><W> चुकी </W><W> थी। </W><W> ग्रामीणों </W><W> ने </W><W> बताया </W><W> कि </W><W> मार्ग </W><W> बनकर </W><W> तैयार </W><W> हो </W><W> चुका </W><W> था। </W><W>  अब </W><W> मार्ग </W><W> को </W><W> चौड़ा </W><W> करने </W><W> का </W><W> कार्य </W><W> चल </W><W> हुआ </W><W> है। </W></P><P><W> तहसीलदार </W><W> संगड़ाह </W><W> राजेंद्र </W><W> ठाकुर </W><W> ने </W><W> घायल </W><W> के </W><W> उपचार </W><W> के </W><W> लिए </W><W> पांच </W><W> हजार </W><W> की </W><W> फौरी </W><W> राहत </W><W> प्रदान </W><W> की। </W><W> थाना </W><W> प्रभारी </W><W> विरोचन </W><W> नेगी </W><W> ने </W><W> मौके </W><W> पर </W><W> पहुंचकर </W><W> शव </W><W> को </W><W> कब्जेे </W><W> में </W><W> लेकर </W><W> पोस्टमार्टम </W><W> के </W><W> लिए </W><W> संगड़ाह </W><W> चिकित्सालय </W><W> भेज </W><W> दिया </W><W> है। </W></P><P><W> उन्होंने </W><W> बताया </W><W> कि </W><W> शव </W><W> मलबे </W><W> व </W><W> मशीन </W><W> के </W><W> बीच </W><W> में </W><W> बुरी </W><W> तरह </W><W> से </W><W> फंसा </W><W> हुआ </W><W> था। </W><W> पुलिस </W><W> व </W><W> ग्रामीणों </W><W> की </W><W> मदद </W><W> से </W><W> शव </W><W> बाहर </W><W> निकाला </W><W> गया। हादसे </W><W> में </W><W> घायल </W><W> हुए </W><W> चालक </W><W> को </W><W> संगड़ाह </W><W> अस्पताल </W><W> तक </W><W> पहुंचाने </W><W> में </W><W> लोगों </W><W> को </W><W> भारी </W><W> जद्दोजहद </W><W> करनी </W><W> पड़ी। </W></P><P><W> सैंज </W><W> के </W><W> जोगेंद्र </W><W> राणा </W><W> ने </W><W> बताया </W><W> कि </W><W> उन्होंने </W><W> ग्रामीणों </W><W> की </W><W> मदद </W><W> से </W><W> घायल </W><W> पंकज </W><W> को </W><W> मशीन </W><W> से </W><W> बाहर </W><W> निकाला। </W><W> 108 </W><W> एंबुलेंस </W><W> न </W><W> मिलने </W><W> पर </W><W> निजी </W><W> वाहन </W><W> में </W><W> उसे </W><W> संगड़ाह </W><W> चिकित्सालय </W><W> पहुंचाया। </W></P><P><W> लेकिन, </W><W> अस्पताल </W><W> मार्ग </W><W> में </W><W> फंसी </W><W> 108 </W><W> के </W><W> कारण </W><W> घायल </W><W> व्यक्ति </W><W> को </W><W> कंधे </W><W> पर </W><W> उठाकर </W><W> अस्पताल </W><W> पहुंचाना </W><W> पड़ा। </W><W> स्वास्थ्य </W><W> अधिकारी </W><W> डॉ. </W><W> आकांक्षा </W><W> शर्मा </W><W> ने </W><W> बताया </W><W> कि </W><W> नाजुक </W><W> हालत </W><W> को </W><W> देखते </W><W> हुए </W><W> घायल </W><W> को </W><W> मेडिकल </W><W> कॉलेज </W><W> नाहन </W><W> रेफर </W><W> कर </W><W> दिया </W><W> गया </W><W> है।  </W></P></DOCUMENT>