<?xml version="1.0" encoding="UTF-8"?>
<DOCUMENT><DESC/><TIME>4249</TIME><P><PLACE-ARG ID="3"><LINK EVENT_ARG="0" ID="10" TYPE_REL="EVENT_ARG"/><W> जम्मू-कश्मीर: </W><W> त्राल </W></PLACE-ARG><W> में </W><NATURAL_EVENT ID="0" TYPE="AVALANCHES"><W> हिमस्खलन </W></NATURAL_EVENT><W> में </W><CASUALTIES-ARG ID="6"><LINK EVENT_ARG="0" ID="11" TYPE_REL="EVENT_ARG"/><W> दो </W><W> की </W><W> मौत </W><W> । </W></CASUALTIES-ARG></P><P><PLACE-ARG ID="4"><LINK EVENT_ARG="1" ID="12" TYPE_REL="EVENT_ARG"/><W> दक्षिणी </W><W> कश्मीर </W><W> के </W><W> पुलवामा </W><W> जिले </W><W> के </W><W> त्राल </W></PLACE-ARG><W> में </W><TIME-ARG ID="5"><LINK EVENT_ARG="1" ID="13" TYPE_REL="EVENT_ARG"/><W> वीरवार </W></TIME-ARG><W> को </W><NATURAL_EVENT ID="1" TYPE="AVALANCHES"><EVENT-COREF-LINK EVENT_ID="0" ID="18" TYPE_REL="EVENT_COREF"/><W> हिमस्खलन </W></NATURAL_EVENT><W> में </W><W> दबने </W><CASUALTIES-ARG ID="7"><LINK EVENT_ARG="1" ID="14" TYPE_REL="EVENT_ARG"/><W> से </W><W> दो </W><W> लोगों </W><W> की </W><W> मौत </W></CASUALTIES-ARG><W> हो </W><W> गई। </W><W> दोनों </W><W> के </W><W> शव </W><W> पुलिस </W><W> ने </W><W> स्थानीय </W><W> लोगों </W><W> की </W><W> सहायता </W><W> से </W><W> निकाल </W><W> लिए </W><W> हैं।घटना </W><W> त्राल </W><W> के </W><W> नारिस्तान </W><W> पहाड़ियों </W><W> की </W><W> है। </W><TIME-ARG ID="8"><LINK EVENT_ARG="1" ID="15" TYPE_REL="EVENT_ARG"/><W> दोपहर </W><W> करीब </W><W> दो </W><W> बजे </W></TIME-ARG><W> पहाड़ियों </W><W> में </W><W> बसने </W><W> वाले </W><W> लोगों </W><W> को </W><W> बर्फ </W><W> में </W><W> दरार </W><W> पड़ने </W><W> की </W><W> आवाज </W><W> सुनाई </W><W> दी, </W><W> जिससे </W><W> वह </W><W> सतर्क </W><W> हो </W><W> गए </W><W> कि </W><W> कुछ </W><W> अनहोनी </W><W> होने </W><W> वाली </W><W> है।लेकिन </W><W> इतने </W><W> में </W><W> ही </W><W> वहां </W><PLACE-ARG ID="9"><LINK EVENT_ARG="2" ID="16" TYPE_REL="EVENT_ARG"/><W> इलाके </W><W> के </W><W> ऊपरी </W><W> हिस्से </W></PLACE-ARG><W> में </W><NATURAL_EVENT ID="2" TYPE="AVALANCHES"><EVENT-COREF-LINK EVENT_ID="0" ID="17" TYPE_REL="EVENT_COREF"/><W> हिमस्खलन </W></NATURAL_EVENT><W> आने </W><W> की </W><W> खबर </W><W> मिली। </W><W> इसमें </W><W> कुछ </W><W> लोगों </W><W> के </W><W> दबे </W><W> होने </W><W> की </W><W> खबर </W><W> पर </W><W> स्थानीय </W><W> पुलिस </W><W> और </W><W> लोगों </W><W> द्वारा </W><W> सर्च </W><W> आपरेशन </W><W> शुरू </W><W> किया </W><W> गया। </W></P><P><W> इस </W><W> दौरान </W><W> दो </W><W> लोगों </W><W> के </W><W> शव </W><W> बर्फ </W><W> के </W><W> नीचे </W><W> से </W><W> बरामद </W><W> किए </W><W> गए। </W><W> मृतकों </W><W> की </W><W> पहचान </W><W> मोहम्मद </W><W> यूसुफ </W><W> गुज्जर </W><W> (22) </W><W> पुत्र </W><W> गुल्ला </W><W> गुज्जर </W><W> और </W><W> मोहम्मद </W><W> यूसुफ </W><W> (32) </W><W> पुत्र </W><W> जुम्मा </W><W> अहमद </W><W> के </W><W> तौर </W><W> पर </W><W> हुई </W><W> है।इस </W><W> बात </W><W> की </W><W> पुष्टि </W><W> करते </W><W> हुए </W><W> पुलिस </W><W> के </W><W> एक </W><W> अधिकारी </W><W> ने </W><W> बताया </W><W> कि </W><W> यह </W><W> घटना </W><W> त्राल </W><W> टाउन </W><W> से </W><W> 25 </W><W> किलोमीटर </W><W> दूर </W><W> हुई </W><W> थी। </W><W> पुलिस </W><W> को </W><W> स्थानीय </W><W> लोगों </W><W> की </W><W> सहायता </W><W> से </W><W> दो </W><W> शव </W><W> बरामद </W><W> करने </W><W> में </W><W> सफलता </W><W> प्राप्त </W><W> हुई </W><W> है।उन्होंने </W><W> बताया </W><W> कि </W><W> दोनों </W><W> सुबह </W><W> घरों </W><W> से </W><W> ईंधन </W><W> के </W><W> लिए </W><W> लकड़ी </W><W> लाने </W><W> के </W><W> लिए </W><W> मुश्किदजां </W><W> इलाके </W><W> में </W><W> गए </W><W> थे, </W><W> जो </W><W> नारिस्तान </W><W> पहाड़ियों </W><W> में </W><W> पड़ता </W><W> है। </W><W> गौरतलब </W><W> है </W><W> क‌ि </W><W> कुछ </W><W> द‌िन </W><W> पहले </W><W> प्रशासन </W><W> ने </W><W> ह‌िमस्खलन </W><W> की </W><W> चेतावनी </W><W> जारी </W><W> की </W><W> थी। </W></P></DOCUMENT>