<?xml version="1.0" encoding="UTF-8"?>
<DOCUMENT><DESC/><TIME>239</TIME><P><PLACE-ARG ID="0"><LINK EVENT_ARG="3" ID="9" TYPE_REL="EVENT_ARG"/><W> जम्मू-कश्मीर </W><W> के </W><W> उधमपुर </W></PLACE-ARG><W> में </W><NATURAL_EVENT ID="3" TYPE="LAND_SLIDE"><W> भूस्खलन, </W></NATURAL_EVENT><CASUALTIES-ARG ID="6"><LINK EVENT_ARG="3" ID="10" TYPE_REL="EVENT_ARG"/><W> दो </W><W> लोग </W><W> घायल </W></CASUALTIES-ARG><W> ।  </W></P><P><PLACE-ARG ID="1"><LINK EVENT_ARG="4" ID="12" TYPE_REL="EVENT_ARG"/><W> जम्मू </W><W> और </W><W> कश्मीर </W><W> के </W><W> उधमपुर </W><W> इलाके </W></PLACE-ARG><W> में </W><PLACE-ARG ID="2"><LINK EVENT_ARG="4" ID="13" TYPE_REL="EVENT_ARG"/><W> कुन </W><W> नाले </W><W> के </W><W> करीब </W></PLACE-ARG><NATURAL_EVENT ID="4" TYPE="LAND_SLIDE"><EVENT-COREF-LINK EVENT_ID="3" ID="18" TYPE_REL="EVENT_COREF"/><W> भूस्खलन </W></NATURAL_EVENT><W> में </W><CASUALTIES-ARG ID="5"><LINK EVENT_ARG="4" ID="14" TYPE_REL="EVENT_ARG"/><W> दो </W><W> व्यक्ति </W><W> के </W><W> घायल </W><W> होने </W><W> की </W><W> सूचना </W></CASUALTIES-ARG><W> मिली </W><W> है। </W><W> न्यूज </W><W> एजेंसी </W><W> एएनआई </W><W> की </W><W> रिपोर्ट </W><W> के </W><W> मुताबिक </W><W> इस </W><W> घटना </W><W> में </W><CASUALTIES-ARG ID="7"><LINK EVENT_ARG="4" ID="15" TYPE_REL="EVENT_ARG"/><W> दो </W><W> व्यक्तियों </W><W> के </W><W> घायल </W></CASUALTIES-ARG><W> होने </W><W> के </W><W> अलावा </W><CASUALTIES-ARG ID="8"><LINK EVENT_ARG="4" ID="16" TYPE_REL="EVENT_ARG"/><W> तीन </W><W> वाहनों </W><W> को </W><W> भी </W><W> क्षति </W><W> पहुंची </W></CASUALTIES-ARG><W> है। </W><W> फिलहाल </W><W> क्लीयरेंस </W><W> ऑपरेशन </W><W> का </W><W> काम </W><W> शुरू </W><W> कर </W><W> दिया </W><W> गया </W><W> है।  </W></P><P><W>   </W></P></DOCUMENT>