<?xml version="1.0" encoding="UTF-8"?>
<DOCUMENT><P><W> अक्सर </W><W> ट्रैक्टर </W><W> के </W><W> साथ </W><W> अन्य </W><W> वाहनों </W><W> की </W><W> सड़क </W><W> दुर्घटनाओं </W><W> में </W><W> ट्रैक्टर </W><W> सही </W><W> सलामत </W><W> रहता </W><W> है, </W><W> लेकिन </W><TIME-ARG ID="6"><LINK EVENT_ARG="0" ID="19" TYPE_REL="EVENT_ARG"/><W> गुरुवार </W></TIME-ARG><W> को </W><W> हुई </W><MAN_MADE_EVENT ID="0" TYPE="VEHICULAR_COLLISION"><EVENT-COREF-LINK EVENT_ID="1" ID="30" TYPE_REL="EVENT_COREF"/><W> दुर्घटना </W></MAN_MADE_EVENT><W> में </W><PARTICIPANT-ARG ID="9"><LINK EVENT_ARG="0" ID="18" TYPE_REL="EVENT_ARG"/><W> ट्रैक्टर </W></PARTICIPANT-ARG><W> दो </W><W> भागों </W><W> में </W><W> बंट </W><W> गया </W></P><P><W> दमोह. </W><PLACE-ARG ID="7"><LINK EVENT_ARG="1" ID="23" TYPE_REL="EVENT_ARG"/><W> मप्र </W><W> के </W><W> दमोह </W><W> जिले </W></PLACE-ARG><W> के </W><PLACE-ARG ID="8"><LINK EVENT_ARG="1" ID="22" TYPE_REL="EVENT_ARG"/><W> हटा </W><W> नगर </W></PLACE-ARG><W> में </W><W> पूर्व </W><W> मंत्री </W><W> राजा </W><W> पटैरिया </W><W> के </W><W> घर </W><W> के </W><W> सामने </W><W> में </W><W> हटा </W><W> अस्पताल </W><W> में </W><W> निलबिंत </W><W> चल </W><W> रहे </W><PARTICIPANT-ARG ID="10"><LINK EVENT_ARG="1" ID="21" TYPE_REL="EVENT_ARG"/><W> डॉ. </W><W> मुकेश </W><W> अहिरवाल </W><W> की </W><W> कार </W></PARTICIPANT-ARG><W> ने </W><W> खड़े </W><PARTICIPANT-ARG ID="11"><LINK EVENT_ARG="1" ID="20" TYPE_REL="EVENT_ARG"/><W> ट्रैक्टर </W></PARTICIPANT-ARG><W> को </W><MAN_MADE_EVENT ID="1" TYPE="VEHICULAR_COLLISION"><W> टक्कर </W><W> मार </W><W> दी </W></MAN_MADE_EVENT><W> जिससे </W><PARTICIPANT-ARG ID="12"><LINK EVENT_ARG="1" ID="24" TYPE_REL="EVENT_ARG"/><W> ट्रैक्टर </W></PARTICIPANT-ARG><W> के </W><W> दो </W><W> टुकड़े </W><W> हो </W><W> गए, </W><W> लेकिन </W><PARTICIPANT-ARG ID="13"><LINK EVENT_ARG="1" ID="25" TYPE_REL="EVENT_ARG"/><W> कार </W></PARTICIPANT-ARG><W> में </W><W> सवार </W><PARTICIPANT-ARG ID="14"><LINK EVENT_ARG="1" ID="26" TYPE_REL="EVENT_ARG"/><W> डॉक्टर </W></PARTICIPANT-ARG><W> को </W><W> खरोच </W><W> भी </W><W> नहीं </W><W> आई। कार </W><W> में </W><W> सागर </W><PARTICIPANT-ARG ID="15"><LINK EVENT_ARG="1" ID="27" TYPE_REL="EVENT_ARG"/><W> डॉ. </W><W> मुकेश </W><W> अहिरवार </W></PARTICIPANT-ARG><W> शराब </W><W> के </W><W> नशे </W><W> में </W><W> धुत्त </W><W> था। </W><W> यह </W><W> डॉक्टर </W><W> सुबह </W><W> से </W><W> रात </W><W> तक </W><W> शराब </W><W> के </W><W> नशे </W><W> में </W><W> धुत्त </W><W> रहता </W><W> है, </W><W> जिससे </W><W> कई </W><W> बार </W><W> यह </W><W> सुर्खियों </W><W> में </W><W> आ </W><W> चुका </W><W> है। </W><PARTICIPANT-ARG ID="16"><LINK EVENT_ARG="2" ID="29" TYPE_REL="EVENT_ARG"/><W> ट्रैक्टर </W></PARTICIPANT-ARG><W> के </W><W> दो </W><W> टुकड़े </W><W> होने </W><W> व </W><W> कार </W><W> में </W><W> सवार </W><PARTICIPANT-ARG ID="17"><LINK EVENT_ARG="2" ID="28" TYPE_REL="EVENT_ARG"/><W> डॉक्टर </W></PARTICIPANT-ARG><W> का </W><W> बाल </W><W> बांका </W><W> भी </W><W> न </W><W> होने </W><W> पर </W><W> लोग </W><W> इस </W><MAN_MADE_EVENT ID="2" TYPE="VEHICULAR_COLLISION"><EVENT-COREF-LINK EVENT_ID="1" ID="31" TYPE_REL="EVENT_COREF"/><W> सड़क </W><W> दुर्घटना </W></MAN_MADE_EVENT><W> को </W><W> हैरत </W><W> भरी </W><W> निगाहों </W><W> से </W><W> देखते </W><W> रहे। </W><MAN_MADE_EVENT ID="3" TYPE="VEHICULAR_COLLISION"><EVENT-COREF-LINK EVENT_ID="1" ID="34" TYPE_REL="EVENT_COREF"/><W> दुर्घटना </W></MAN_MADE_EVENT><W> के </W><W> बाद </W><W> भी </W><W> नशे </W><W> में </W><W> धुत्त </W><W> डॉक्टर </W><W> कार </W><W> से </W><W> बाहर </W><W> नहीं </W><W> निकला </W><W> बाद </W><W> में </W><W> पुलिस </W><W> के </W><W> आने </W><W> के </W><W> बाद </W><W> सामुदायिक </W><W> स्वास्थ्य </W><W> केंद्र </W><W> हटा </W><W> भेजा </W><W> गया </W><W> है, </W><W> जहां </W><W> चेकअप </W><W> किया </W><W> जा </W><W> रहा </W><W> है </W><W> कि </W><W> कहीं </W><W> डॉक्टर </W><W> को </W><W> अंदरुनी </W><W> चोटें </W><W> तो </W><W> नहीं </W><W> आई </W><W> हैं।बीच </W><W> सड़क </W><W> पर </W><MAN_MADE_EVENT ID="4" TYPE="VEHICULAR_COLLISION"><EVENT-COREF-LINK EVENT_ID="1" ID="33" TYPE_REL="EVENT_COREF"/><W> हादसे </W></MAN_MADE_EVENT><W> के </W><W> साथ </W><W> जोरदार </W><W> आवाज </W><W> को </W><W> सुनकर </W><W> राहगीरों </W><W> तथा </W><W> आसपास </W><W> के </W><W> निवासियों </W><W> की </W><W> सड़क </W><W> पर </W><W> भीड़ </W><W> जमा </W><W> हो </W><W> गई, </W><W> तथा </W><W> लोग </W><W> कार </W><W> में </W><W> सवार </W><W> कार </W><W> चालक </W><W> की  </W><W> हालत </W><W> को </W><W> लेकर </W><W> चिंतित </W><W> हो </W><W> उठे। </W><W> लोगों </W><W> ने </W><W> मदद </W><W> करने </W><W> के </W><W> उद्देश्य </W><W> से </W><W> कार </W><W> का </W><W> दरवाजा </W><W> खुलवाया </W><W> व </W><W> अंदर </W><W> बैठे </W><W> व्यक्ति </W><W> की </W><W> हालत </W><W> जानने </W><W> के </W><W> लिए </W><W> प्रयास </W><W> किया </W><W> तो </W><W> चालक </W><W> नशे </W><W> में </W><W> धुत्त </W><W> नजर </W><W> आया। </W><W> आपको </W><W> बता </W><W> दें </W><W> कि </W><W> पूर्व </W><W> में </W><W> भी </W><W> अपनी </W><W> नशाखोरी </W><W> के </W><W> कारण </W><W> चर्चाओं </W><W> में </W><W> रहे </W><W> डॉक्टर </W><W> पटेरा </W><W> स्वास्थ्य </W><W> केंद्र </W><W> में </W><W> नशाखोरी </W><W> किया </W><W> निलंबित </W><W> होने </W><W> के </W><W> बाद </W><W> इन </W><W> दिनों </W><W> हटा </W><W> में </W><W> एक्सीलेंस </W><W> स्कूल </W><W> के </W><W> समीप </W><W> निवासरत </W><W> हैं। </W><W> निलंबन </W><W> के </W><W> बाद </W><W> भी </W><W> इनकी </W><W> नशाखोरी </W><W> सुबह </W><W> से </W><W> जारी </W><W> रहने </W><W> का </W><W> ही </W><W> यह </W><W> नतीजा </W><W> है </W><W> कि </W><W> घर </W><W> से </W><W> नशे </W><W> की </W><W> हालत </W><W> में </W><W> निकलने </W><W> के </W><W> बाद </W><W> कार </W><W> की </W><W> ट्रैक्टर </W><W> से </W><MAN_MADE_EVENT ID="5" TYPE="VEHICULAR_COLLISION"><EVENT-COREF-LINK EVENT_ID="1" ID="32" TYPE_REL="EVENT_COREF"/><W> भिड़ंत </W></MAN_MADE_EVENT><W> हो </W><W> जाने </W><W> की </W><W> दशा </W><W> में </W><W> भी </W><W> वह </W><W> कार्य </W><W> से </W><W> निकलने </W><W> की </W><W> हिम्मत </W><W> नहीं </W><W> जुटा </W><W> पाए। </W></P></DOCUMENT>