<?xml version="1.0" encoding="UTF-8"?>
<DOCUMENT><DESC/><DESC/><TIME>1275</TIME><P><NATURAL_EVENT ID="0" TYPE="FLOODS"><W> बाढ़ </W></NATURAL_EVENT><W> की </W><AFTER_EFFECTS-ARG ID="1"><LINK EVENT_ARG="0" ID="7" TYPE_REL="EVENT_ARG"/><W> चपेट </W><W> में </W><W> दो </W><W> हजार </W><W> परिवार </W></AFTER_EFFECTS-ARG></P><P><REASON-ARG ID="3"><LINK EVENT_ARG="4" ID="8" TYPE_REL="EVENT_ARG"/><W> बादल </W><W> फटने </W></REASON-ARG><W> के </W><W> बाद </W><W> आई </W><NATURAL_EVENT ID="4" TYPE="FLOODS"><EVENT-COREF-LINK EVENT_ID="0" ID="12" TYPE_REL="EVENT_COREF"/><W> बाढ़ </W></NATURAL_EVENT><W> की </W><AFTER_EFFECTS-ARG ID="2"><LINK EVENT_ARG="4" ID="9" TYPE_REL="EVENT_ARG"/><W> चपेट </W><W> में </W><W> 1903 </W><W> परिवार </W></AFTER_EFFECTS-ARG><W> आए </W><W> हैं। </W><W> जिला </W><W> प्रशासन </W><W> ने </W><W> त्वरित </W><W> रूप </W><W> से </W><W> बाढ़ </W><W> प्रभावित </W><W> क्षेत्र </W><W> का </W><W> जायजा </W><W> लेकर </W><W> तैयार </W><W> की </W><W> गई </W><W> रिपोर्ट </W><W> में </W><W> इस </W><W> आशय </W><W> की </W><W> पुष्टि </W><W> की </W><W> है। </W></P><P><W> इस </W><W> बीच </W><W> उधमपुर </W><W> जिला </W><W> प्रशासन </W><W> को </W><W> फोन </W><W> के </W><W> माध्यम </W><W> से </W><W> सूचित </W><W> कर </W><W> स्थानीय </W><W> सांसद </W><W> और </W><W> पीएमओ </W><W> में </W><W> राज्य </W><W> मंत्री </W><W> डा. </W><W> जितेंद्र </W><W> सिंह </W><W> ने </W><W> सांसद </W><W> निधि </W><W> से </W><W> बाढ़ </W><W> प्रभावितों </W><W> के </W><W> लिए </W><W> 10 </W><W> लाख </W><W> रुपये </W><W> देने </W><W> की </W><W> घोषणा </W><W> की </W><W> है। </W></P><P><W> जिला </W><W> उपायुक्त </W><W> की </W><W> हिदायत </W><W> पर </W><W> एसडीएम </W><W> चिनैनी </W><W> देविंदर </W><W> शर्मा </W><W> की </W><W> अध्यक्षता </W><W> वाली </W><W> टीम </W><W> ने </W><W> अंतर </W><W> विभागीय </W><W> कसरत </W><W> के </W><W> बाद </W><W> बाढ़ </W><W> के </W><W> नुक्सान </W><W> का </W><W> आंकलन </W><W> किया </W><W> है। </W><W> रिपोर्ट </W><W> के </W><W> अनुसार </W><W> उधमपुर </W><W> जिले </W><W> के </W><W> 1903 </W><W> परिवार </W><W> इसमें </W><W> प्रभावित </W><W> हुए </W><W> हैं </W><W> जिनमें </W><W> से </W><W> 1891 </W><W> परिवार </W><W> चिनैनी </W><W> सब </W><W> डिविजन </W><W> से </W><W> हैं। </W></P><P><AFTER_EFFECTS-ARG ID="5"><LINK EVENT_ARG="4" ID="10" TYPE_REL="EVENT_ARG"/><W> 410 </W><W> हेक्टेयर </W><W> भूमि </W><W> पर </W><W> फसल </W><W> पूरी </W><W> तरह </W><W> से </W><W> चौपट </W></AFTER_EFFECTS-ARG><W> हो </W><W> गई </W><W> है। </W><W> कुल </W><AFTER_EFFECTS-ARG ID="6"><LINK EVENT_ARG="4" ID="11" TYPE_REL="EVENT_ARG"/><W> नुक्सान </W><W> 34.66 </W><W> लाख </W></AFTER_EFFECTS-ARG><W> का </W><W> आंका </W><W> गया </W><W> है </W><W> जिसमें </W><W> छह </W><W> घर </W><W> क्षतिग्रस्त </W><W> होने </W><W> की </W><W> वजह </W><W> से </W><W> 3.44 </W><W> लाख </W><W> का </W><W> नुक्सान </W><W> हुआ </W><W> है। </W><W> माल </W><W> मवेशी </W><W> मारे </W><W> जाने </W><W> की </W><W> वजह </W><W> से </W><W> विभिन्न </W><W> परिवारों </W><W> को </W><W> कुल </W><W> 3.34 </W><W> लाख </W><W> का </W><W> नुक्सान </W><W> हुआ </W><W> है। </W><W> वहीं </W><W> फसल </W><W> चौपट </W><W> होने </W><W> से </W><W> 27.88 </W><W> लाख </W><W> रूपए </W><W> का </W><W> नुक्सान </W><W> आंका </W><W> गया </W><W> है। </W></P><P><W> जिला </W><W> उपायुक्त </W><W> उधमपुर </W><W> शाहिद </W><W> इकबाल </W><W> चौधरी </W><W> ने </W><W> कहा </W><W> चिनैनी, </W><W> कुद, </W><W> मादा, </W><W> बट्टल </W><W> बालियां, </W><W> लड्डन </W><W> में </W><W> बिजली </W><W> ढांचे </W><W> को </W><W> पहुंचे </W><W> नुक्सान </W><W> की </W><W> त्वरित </W><W> रूप </W><W> से </W><W> भरपाई </W><W> के </W><W> लिए </W><W> निर्देश </W><W> जारी </W><W> किए। </W><W> बैठक </W><W> में </W><W> उन्होंने </W><W> विभिन्न </W><W> विभागों </W><W> को </W><W> चुस्ती </W><W> से </W><W> काम </W><W> करने </W><W> की </W><W> हिदायत </W><W> दी। </W><W> उन्हाेंने </W><W> कहा </W><W> रिलीफ </W><W> सेल </W><W> स्थापित </W><W> कर </W><W> प्रभावितों </W><W> को </W><W> ई-पेमेंट </W><W> सिस्टम </W><W> के </W><W> तहत </W><W> राहत </W><W> राशि </W><W> वितरित </W></P><P><W> की </W><W> जाएगी। </W></P></DOCUMENT>