<?xml version="1.0" encoding="UTF-8"?>
<DOCUMENT><DESC/><TIME>2184</TIME><P><PLACE-ARG ID="0"><LINK EVENT_ARG="1" ID="15" TYPE_REL="EVENT_ARG"/><W> कैलिफोर्निया </W><W> के </W><W> जंगल </W></PLACE-ARG><W> में </W><NATURAL_EVENT ID="1" TYPE="FOREST_FIRE"><W> लगी </W><W> आग </W></NATURAL_EVENT><W> से </W><AFTER_EFFECTS-ARG ID="6"><LINK EVENT_ARG="1" ID="16" TYPE_REL="EVENT_ARG"/><W> 500 </W><W> घर </W><W> जलकर </W><W> राख, </W></AFTER_EFFECTS-ARG><CASUALTIES-ARG ID="2"><LINK EVENT_ARG="1" ID="17" TYPE_REL="EVENT_ARG"/><W> दो </W><W> दमकलकर्मियों </W><W> की </W><W> मौत </W></CASUALTIES-ARG><W> | </W></P><P><PLACE-ARG ID="7"><LINK EVENT_ARG="8" ID="18" TYPE_REL="EVENT_ARG"/><W> कैलिफोर्निया </W><W> की </W><W> जंगल </W></PLACE-ARG><W> में </W><NATURAL_EVENT ID="8" TYPE="FOREST_FIRE"><EVENT-COREF-LINK EVENT_ID="1" ID="28" TYPE_REL="EVENT_COREF"/><W> लगी </W><W> आग </W></NATURAL_EVENT><W> को </W><W> अभी </W><W> तक </W><W> बुझाया </W><W> नहीं </W><W> जा </W><W> सका </W><W> है। </W><AFTER_EFFECTS-ARG ID="5"><LINK EVENT_ARG="8" ID="19" TYPE_REL="EVENT_ARG"/><W> आग </W><W> से </W><W> पांच </W><W> सौ </W><W> से </W><W> अधिक </W><W> घर </W><W> जलकर </W><W> तबाह </W></AFTER_EFFECTS-ARG><W> हो </W><W> गए </W><W> हैं। </W></P><P><W> वाशिंगटनः </W><PLACE-ARG ID="9"><LINK EVENT_ARG="10" ID="20" TYPE_REL="EVENT_ARG"/><W> अमरीका </W><W> के </W><W> कैलिफोर्निया </W><W> में </W><W> जंगल </W></PLACE-ARG><W> की </W><NATURAL_EVENT ID="10" TYPE="FOREST_FIRE"><EVENT-COREF-LINK EVENT_ID="1" ID="27" TYPE_REL="EVENT_COREF"/><W> आग </W></NATURAL_EVENT><W> की </W><W> चपेट </W><W> में </W><W> आकर </W><CASUALTIES-ARG ID="11"><LINK EVENT_ARG="10" ID="21" TYPE_REL="EVENT_ARG"/><W> दो </W><W> दमकलकर्मियों </W><W> की </W><W> मौत </W></CASUALTIES-ARG><W> हो </W><W> गई </W><W> और </W><W> 38,000 </W><W> लोगों </W><W> को </W><W> उनके </W><W> घरों </W><W> से </W><W> निकाल </W><W> कर </W><W> सुरक्षित </W><W> जगहों </W><W> पर </W><W> ले </W><W> जाया </W><W> गया </W><W> है। </W><W> आग </W><W> में </W><AFTER_EFFECTS-ARG ID="12"><LINK EVENT_ARG="10" ID="22" TYPE_REL="EVENT_ARG"/><W> सैंकड़ों </W><W> घर </W><W> तबाह </W></AFTER_EFFECTS-ARG><W> हो </W><W> गए </W><W> और </W><W> अन्य </W><W> प्रतिष्ठानों </W><W> के </W><W> जलने </W><W> का </W><W> भी </W><W> खतरा </W><W> पैदा </W><W> हो </W><W> गया </W><W> है। </W><W> शास्ता </W><W> काउंटी </W><W> में </W><W> कम </W><W> से </W><W> कम </W><W> 500 </W><W> ढांचों </W><W> को </W><W> तबाह </W><W> करने </W><W> वाली </W><W> आग </W><W> को </W><W> कार्र </W><W> नाम </W><W> दिया </W><W> गया </W><W> है। </W><W> आग </W><W> सोमवार </W><W> को </W><W> लगी </W><W> थी। </W><W> स्थानीय </W><W> मीडिया </W><W> रिपोर्ट </W><W> के </W><W> मुताबिक, </W><W> कैलिफोर्निया </W><W> नेशनल </W><W> गार्ड </W><W> ने </W><W> कहा </W><W> कि </W><W> इस </W><W> कार्र </W><W> आग </W><W> से </W><W> निपटने </W><W> के </W><W> लिए </W><W> लगभग </W><W> 800 </W><W> जवानों </W><W> और </W><W> एयरमैन </W><W> को </W><W> लगाया </W><W> गया </W><W> है। </W></P><P><W> आग </W><W> से </W><W> सैकड़ों </W><W> घर </W><W> जलकर </W><W> तबाहकैलिफोर्निया </W><W> नेशनल </W><W> गार्ड </W><W> के </W><W> अधिकारी </W><W> ने </W><W> कहा, </W><W> "शास्ता </W><W> और </W><W> केसविक </W><W> में </W><W> समुदायों </W><W> को </W><W> तबाह </W><W> करने </W><W> के </W><W> बाद, </W><W> आग </W><W> रात </W><W> के </W><W> दौरान </W><W> स्कारमेंटो </W><W> नदी </W><W> के </W><W> आस-पास </W><W> फैल </W><W> गई </W><W> और </W><W> रैडलिंग </W><W> के </W><W> बाहरी </W><W> इलाके </W><W> में </W><W> कई </W><W> घर </W><W> इसकी </W><W> चपेट </W><W> में </W><W> आ </W><W> गए। </W><W> इस </W><W> शहर </W><W> में </W><W> 95,000 </W><W> लोग </W><W> रहते </W><W> हैं।" </W><W> दमकलकर्मियों </W><W> के </W><W> साथ </W><W> आग </W><W> बुझाने </W><W> का </W><W> प्रयास </W><W> करने </W><W> के </W><W> दौरान </W><W> रैडलिंग </W><W> में </W><W> एक </W><CASUALTIES-ARG ID="4"><LINK EVENT_ARG="10" ID="23" TYPE_REL="EVENT_ARG"/><W> बुलडोजर </W><W> ऑपरेटर </W><W> की </W><W> मौत </W></CASUALTIES-ARG><W> हो </W><W> गई। </W><W> आग </W><W> की </W><W> चपेट </W><W> में </W><W> आकर </W><W> एक </W><W> अन्य </W><W> रैडलिंग </W><CASUALTIES-ARG ID="3"><LINK EVENT_ARG="10" ID="24" TYPE_REL="EVENT_ARG"/><W> दमकलकर्मी </W><W> की </W><W> मौत </W></CASUALTIES-ARG><W> हो </W><W> गई। </W></P><P><W> ये </W><W> भी </W><W> पढ़ेंः </W><W> हफ्ते </W><W> भर </W><W> से </W><W> सुलग </W><W> रहे </W><W> हैं </W><W> लंदन </W><W> के </W><W> ये </W><W> जंगल, </W><AFTER_EFFECTS-ARG ID="13"><LINK EVENT_ARG="8" ID="25" TYPE_REL="EVENT_ARG"/><W> 100 </W><W> से </W><W> ज्यादा </W><W> जगहों </W><W> पर </W><W> फैल </W><W> चुकी </W></AFTER_EFFECTS-ARG><W> है </W><W> आगऐसे </W><W> लगी </W><W> थी </W><W> आगबताया </W><W> जा </W><W> रहा </W><W> है </W><W> कि </W><W> एक </W><W> वाहन </W><W> में </W><W> आग </W><W> लगी </W><W> थी </W><W> जोकि </W><W> धीरे-धीरे </W><W> पूरे </W><W> इलाके </W><W> में </W><W> फैल </W><W> गई। </W><W> मंगलवार </W><W> को </W><W> यह </W><AFTER_EFFECTS-ARG ID="14"><LINK EVENT_ARG="8" ID="26" TYPE_REL="EVENT_ARG"/><W> आग </W><W> नियंत्रण </W><W> से </W><W> बाहर </W><W> हो </W><W> गई </W><W> और </W><W> रेड्डिंग </W><W> शहर </W><W> तक </W><W> पहुंच </W><W> गयी। </W></AFTER_EFFECTS-ARG><W> आग </W><W> इतनी </W><W> तेजी </W><W> से </W><W> फैली </W><W> कि </W><W> आग </W><W> बुझाने </W><W> वाले </W><W> कर्मचारियों </W><W> को </W><W> काम </W><W> छोड़कर </W><W> बीच </W><W> में </W><W> रुकना </W><W> पड़ा। </W><W> दमकल </W><W> कर्मचारियों </W><W> का </W><W> कहना </W><W> है </W><W> कि </W><W> उनकी </W><W> प्राथमिकता </W><W> वहां </W><W> रह </W><W> रहे </W><W> लोगों </W><W> की </W><W> जान </W><W> बचाना </W><W> है। </W><W> कर्मचारियों </W><W> का </W><W> कहना </W><W> है </W><W> कि </W><W> आग </W><W> बुझाने </W><W> से </W><W> पहले </W><W> लोगों </W><W> को </W><W> वहां </W><W> से </W><W> निकालकर </W><W> सुरक्षित </W><W> स्थान </W><W> पर </W><W> भेजने </W><W> का </W><W> काम </W><W> किया </W><W> जा </W><W> रहा </W><W> है। </W><W> अभी </W><W> तक </W><W> करीब </W><W> 38 </W><W> हजार </W><W> लोगों </W><W> को </W><W> आग </W><W> प्रभावित </W><W> इलाकों </W><W> से </W><W> हटाकर </W><W> सुरक्षित </W><W> जगहों </W><W> पर </W><W> ले </W><W> जाया </W><W> गया </W><W> है। </W></P></DOCUMENT>