<?xml version="1.0" encoding="UTF-8"?>
<DOCUMENT><DESC/><TIME>1003</TIME><P><SPEED-ARG ID="4"><LINK EVENT_ARG="1" ID="11" TYPE_REL="EVENT_ARG"/><W> 105 </W><W> किमी </W></SPEED-ARG><W> थी </W><W> ट्रेन </W><W> की </W><W> रफ्तार </W></P><P><MAN_MADE_EVENT ID="1" TYPE="TRAIN_COLLISION"><EVENT-COREF-LINK EVENT_ID="0" ID="8" TYPE_REL="EVENT_COREF"/><W> घटना </W></MAN_MADE_EVENT><TIME-ARG ID="3"><LINK EVENT_ARG="1" ID="10" TYPE_REL="EVENT_ARG"/><W> शाम </W><W> करीब </W><W> 5.50 </W><W> बजे </W></TIME-ARG><W> की </W><W> है। </W><W> ट्रेन </W><W> को </W><W> रात </W><W> 9 </W><W> बजे </W><W> हरिद्वार </W><W> पहुंचना </W><W> था। </W><W> दुर्घटनास्थल </W><W> की </W><W> मुजफ्फरनगर </W><W> जिला </W><W> मुख्यालय </W><W> से </W><W> दूरी </W><W> करीब </W><W> 25 </W><W> किमी </W><W> है। </W><MAN_MADE_EVENT ID="2" TYPE="TRAIN_COLLISION"><EVENT-COREF-LINK EVENT_ID="0" ID="9" TYPE_REL="EVENT_COREF"/><W> हादसे </W></MAN_MADE_EVENT><W> के </W><W> वक्त </W><W> ट्रेन </W><SPEED-ARG ID="5"><LINK EVENT_ARG="2" ID="12" TYPE_REL="EVENT_ARG"/><W> 105 </W><W> किमी </W><W> प्रति </W><W> घंटे </W></SPEED-ARG><W> की </W><W> रफ्तार </W><W> से </W><W> चल </W><W> रही </W><W> थी। </W><W> रेलवे </W><W> सूत्रों </W><W> के </W><W> मुताबिक </W><W> इंजन </W><W> के </W><W> बाद </W><W> तीसरा </W><W> डिब्बे </W><W> डिरेल </W><W> हुआ </W><W> और </W><W> उसके </W><W> बाद </W><W> 8 </W><W> डिब्बे </W><W> और </W><MAN_MADE_EVENT ID="0" TYPE="TRAIN_COLLISION"><W> पटरी </W><W> से </W><W> उतर </W><W> गए। </W></MAN_MADE_EVENT><W> कई </W><W> डिब्बे </W><W> एक </W><W> दूसरे </W><W> के </W><W> ऊपर </W><W> चढ़ </W><W> गए </W><W> और </W><W> एक </W><W> डिब्बा </W><W> पटरी </W><W> के </W><W> पास </W><W> बने </W><W> मकान </W><W> में </W><W> जा </W><W> घुसा। </W><W> अंधेरा </W><W> होने </W><W> की </W><W> वजह </W><W> से </W><W> पुलिस </W><W> फोर्स </W><W> व </W><W> जीआरपी </W><W> को </W><AFTER_EFFECTS-ARG ID="6"><LINK EVENT_ARG="0" ID="13" TYPE_REL="EVENT_ARG"/><W> राहत-बचाव </W><W> कार्य </W><W> में </W><W> काफी </W><W> मुश्किलें </W></AFTER_EFFECTS-ARG><W> आईं। </W><W> देर </W><W> रात </W><W> तक </W><AFTER_EFFECTS-ARG ID="7"><LINK EVENT_ARG="0" ID="14" TYPE_REL="EVENT_ARG"/><W> गैस </W><W> कटर </W><W> की </W><W> मदद </W><W> से </W><W> डिब्बों </W><W> को </W><W> काटकर </W><W> यात्रियों </W><W> को </W><W> निकाला </W><W> गया। </W></AFTER_EFFECTS-ARG></P><P><REASON-ARG ID="16"><LINK EVENT_ARG="0" ID="32" TYPE_REL="EVENT_ARG"/><W> ड्राइवर </W><W> ने </W><W> इमरजेंसी </W><W> ब्रेक </W><W> लगाए </W></REASON-ARG></P><P><W> रेलवे </W><W> अधिकारियों </W><W> के </W><W> मुताबिकए </W><W> ष्उत्कल </W><W> एक्सप्रेस </W><W> का </W><W> स्टॉपेज </W><W> खतौली </W><W> में </W><W> नहीं </W><W> है। </W><W> ट्रेन </W><SPEED-ARG ID="31"><LINK EVENT_ARG="0" ID="33" TYPE_REL="EVENT_ARG"/><W> करीब </W><W> 105 </W><W> किमी </W><W> प्रति </W><W> घंटे </W></SPEED-ARG><W> की </W><W> रफ्तार </W><W> से </W><W> चल </W><W> रही </W><W> थी। </W><W> स्टेशन </W><W> पार </W><W> करेत </W><W> ही </W><W> ड्राइवर </W><W> को </W><W> किसी </W><W> खतरे </W><W> की </W><W> आशंका </W><W> हुई, </W><W> जिसके </W><W> बाद </W><W> उसने </W><REASON-ARG ID="15"><LINK EVENT_ARG="0" ID="34" TYPE_REL="EVENT_ARG"/><W> इमरजेंसी </W><W> ब्रेक </W><W> लगाया। </W></REASON-ARG><W> इसी </W><W> वजह </W><W> से </W><W> डिब्बे </W><W> पटरी </W><W> से </W><W> उतरने </W><W> की </W><W> आशंका </W><W> है। </W><W> रेलवे </W><W> पीआरओ </W><W> अनिल </W><W> कुमार </W><W> सक्सेना </W><W> ने </W><W> बताया </W><W> कि </W><AFTER_EFFECTS-ARG ID="17"><LINK EVENT_ARG="0" ID="35" TYPE_REL="EVENT_ARG"/><W> दिल्ली </W><W> से </W><W> एनडीआरएफ  </W><W> व </W><W> यूपी </W><W> एटीएस </W><W> की </W><W> टीम </W><W> को </W><W> भी </W><W> रवाना </W><W> किया </W><W> गया </W></AFTER_EFFECTS-ARG><W> है। </W><AFTER_EFFECTS-ARG ID="18"><LINK EVENT_ARG="0" ID="36" TYPE_REL="EVENT_ARG"/><W> मुजफ्फरनगर </W><W> और </W><W> मेरठ </W><W> से </W><W> भी </W><W> रेलवे </W><W> की </W><W> टीमें </W><W> राहत </W><W> कार्य </W><W> के </W><W> लिए </W><W> घटनास्थल </W><W> पर </W><W> पहुंचीं। </W></AFTER_EFFECTS-ARG><AFTER_EFFECTS-ARG ID="19"><LINK EVENT_ARG="0" ID="37" TYPE_REL="EVENT_ARG"/><W> केंद्रीय </W><W> मंत्री </W><W> संजीव </W><W> बालियान </W><W> और </W><W> रेल </W><W> राज्यमंत्री </W><W> मनोज </W><W> सिन्हा </W><W> भी </W><W> मौके </W><W> पर </W><W> पहुंचे। </W></AFTER_EFFECTS-ARG><W> इसके </W><W> अलावा </W><AFTER_EFFECTS-ARG ID="20"><LINK EVENT_ARG="0" ID="38" TYPE_REL="EVENT_ARG"/><W> रेलवे </W><W> ने </W><W> ये </W><W> हेल्‍पलाइन </W><W> नंबर </W><W> भी </W><W> जारी </W><W> क‍िए </W></AFTER_EFFECTS-ARG><W> हैं। </W></P><P><W> रेलवे </W><W> के </W><W> हेल्पलाइन </W><W> नंबर </W></P><P><W> * </W><W> 9760534054/5101 </W></P><P><W> * </W><W> 9410609434 </W></P><P><W> * </W><W> 9454455183 </W></P><P><W> * </W><W> 0121-2604977 </W></P><P><W> रेलमंत्री </W><W> सुरेश </W><W> प्रभु: </W></P><P><W> वहीं </W><W> इस </W><MAN_MADE_EVENT ID="40" TYPE="TRAIN_COLLISION"><EVENT-COREF-LINK EVENT_ID="0" ID="41" TYPE_REL="EVENT_COREF"/><W> हादसे </W></MAN_MADE_EVENT><W> को </W><W> लेकर </W><AFTER_EFFECTS-ARG ID="23"><LINK EVENT_ARG="40" ID="43" TYPE_REL="EVENT_ARG"/><W> रेलमंत्री </W><W> सुरेश </W><W> प्रभु </W><W> ने </W><W> भी </W><W> गहरा </W><W> दुख </W><W> जताया </W></AFTER_EFFECTS-ARG><W> है। </W><W> उनका </W><W> कहना </W><W> है </W><W> क‍ि </W><W> इस </W><MAN_MADE_EVENT ID="22" TYPE="TRAIN_COLLISION"><EVENT-COREF-LINK EVENT_ID="0" ID="42" TYPE_REL="EVENT_COREF"/><W> घटना </W></MAN_MADE_EVENT><W> पर </W><W> निजी </W><W> तौर </W><W> पर </W><W> मेरी </W><W> नजर </W><W> है। </W><AFTER_EFFECTS-ARG ID="24"><LINK EVENT_ARG="22" ID="44" TYPE_REL="EVENT_ARG"/><W> सीनियर </W><W> अफसरों </W><W> को </W><W> तुरंत </W><W> मौके </W><W> पर </W><W> पहुंचने </W><W> को </W><W> कहा </W></AFTER_EFFECTS-ARG><W> है </W><W> और </W><AFTER_EFFECTS-ARG ID="25"><LINK EVENT_ARG="22" ID="45" TYPE_REL="EVENT_ARG"/><W> राहत </W><W> एवं </W><W> बचाव </W><W> कार्य </W><W> को </W><W> तेज </W><W> करने </W><W> का </W><W> आदेश </W></AFTER_EFFECTS-ARG><W> दिया </W><W> है। </W><W> दोषियों </W><W> के </W><W> खिलाफ </W><W> सख्त </W><W> कार्रवाई </W><W> होगी। </W></P><P><W>   </W></P><P><W> सीएम </W><W> योगी </W><W> आद‍ित्‍यनाथ: </W></P><P><W> इसके </W><W> आलवा </W><AFTER_EFFECTS-ARG ID="26"><LINK EVENT_ARG="27" ID="47" TYPE_REL="EVENT_ARG"/><W> यूपी </W><W> के </W><W> सीएम </W><W> योगी </W><W> आद‍ित्‍यनाथ </W><W> ने </W><W> भी </W><W> अपनी </W><W> अपनी </W><W> संवेदनाएं </W><W> व्‍यक्‍त </W><W> की </W></AFTER_EFFECTS-ARG><W> हैं। </W><W> उनका </W><W> कहना </W><W> है </W><W> क‍ि </W><W> मुजफ्फरनगर </W><W> ट्रेन </W><MAN_MADE_EVENT ID="27" TYPE="TRAIN_COLLISION"><EVENT-COREF-LINK EVENT_ID="0" ID="46" TYPE_REL="EVENT_COREF"/><W> हादसे </W></MAN_MADE_EVENT><W> की </W><W> घटना </W><W> दुखद </W><W> है। </W><W> घायल </W><W> यात्रियों </W><W> का </W><W> समुचित </W><W> इलाज </W><W> होगा। </W><W> उन्हें </W><AFTER_EFFECTS-ARG ID="28"><LINK EVENT_ARG="27" ID="48" TYPE_REL="EVENT_ARG"/><W> हरसंभव </W><W> मदद </W><W> के </W><W> लिए </W><W> निर्देश </W><W> दिए </W></AFTER_EFFECTS-ARG><W> गए </W><W> हैं। </W></P><P><W> आतंकी </W><W> साजिश </W><W> की </W><W> पड़ताल   </W><W>   </W></P><P><W> मुजफ्फरनगर </W><W> में </W><W> हुआ </W><MAN_MADE_EVENT ID="30" TYPE="TRAIN_COLLISION"><EVENT-COREF-LINK EVENT_ID="0" ID="50" TYPE_REL="EVENT_COREF"/><W> हादसा </W></MAN_MADE_EVENT><W> कहीं </W><AFTER_EFFECTS-ARG ID="29"><LINK EVENT_ARG="30" ID="49" TYPE_REL="EVENT_ARG"/><W> आतंकी </W><W> साजिश </W><W> तो </W><W> नहीं, </W><W> इस </W><W> बात </W><W> का </W><W> पता </W><W> लगाने </W><W> के </W><W> लिए </W><W> एटीएस </W><W> की </W><W> टीम </W><W> को </W><W> भी </W><W> खतौली </W><W> रवाना </W><W> किया </W></AFTER_EFFECTS-ARG><W> गया </W><W> है। </W><W> क्योंकि </W><W> घटनास्थल </W><W> पर </W><W> रेलवे </W><W> की </W><W> पटरी </W><W> टूटी </W><W> हुई </W><W> मिली </W><W> है। </W><W> गौरतलब </W><W> है </W><TIME-ARG ID="52"><W> पिछले </W><W> साल </W></TIME-ARG><PLACE-ARG ID="53"><LINK EVENT_ARG="51" ID="55" TYPE_REL="EVENT_ARG"/><W> कानपुर </W><W> के </W><W> पास </W><W> पुखरायां </W></PLACE-ARG><W> में </W><W> भी </W><W> इसी </W><W> तरह </W><W> का </W><MAN_MADE_EVENT ID="51" TYPE="TRAIN_COLLISION"><W> हादसा </W></MAN_MADE_EVENT><W> हुआ </W><W> था। </W><W> जिसमें </W><REASON-ARG ID="54"><LINK EVENT_ARG="51" ID="56" TYPE_REL="EVENT_ARG"/><W> पाक </W><W> खुफिया </W><W> एजेंसी </W><W> आईएसआई </W><W> का </W><W> हाथ </W></REASON-ARG><W> सामने </W><W> आया </W><W> था। </W><W> इससे </W><W> पहले </W><W> भी </W><W> खतौली </W><W> और </W><W> इसके </W><W> आसपास </W><W> रेलवे </W><W> ट्रैक </W><W> पर </W><W> पटरी </W><W> से </W><W> छेड़छाड़ </W><W> होती </W><W> रही </W><W> है। </W><W> कुछ </W><W> दिन </W><W> पहले </W><W> भी </W><W> पटरी </W><W> की </W><W> पेंड्रोल </W><W> क्लिप </W><W> निकली </W><W> मिली </W><W> थीं।   </W><W>   </W></P><P><AFTER_EFFECTS-ARG ID="57"><W> कई </W><W> ट्रेनें </W><W> प्रभावित </W></AFTER_EFFECTS-ARG></P><P><MAN_MADE_EVENT ID="60" TYPE="TRAIN_COLLISION"><EVENT-COREF-LINK EVENT_ID="0" ID="61" TYPE_REL="EVENT_COREF"/><W> हादसे </W></MAN_MADE_EVENT><W> के </W><W> बाद </W><W> दिल्ली-देहरादून </W><W> रूट </W><W> पर </W><AFTER_EFFECTS-ARG ID="58"><LINK EVENT_ARG="60" ID="62" TYPE_REL="EVENT_ARG"/><W> ट्रेनें </W><W> जहां </W><W> तहां </W><W> खड़ी </W><W> हो </W><W> गईं। </W></AFTER_EFFECTS-ARG><AFTER_EFFECTS-ARG ID="59"><LINK EVENT_ARG="60" ID="63" TYPE_REL="EVENT_ARG"/><W> सहारनपुर </W><W> की </W><W> तरफ  </W><W> से </W><W> आ </W><W> रही </W><W> गाडियों </W><W> को </W><W> रोक </W><W> दिया </W><W> गया। </W></AFTER_EFFECTS-ARG></P><P><W> * </W><W> देहरादून-बांद्रा </W><W> एक्सप्रेस </W></P><P><W> * </W><W> सहारनपुर-इलाहाबाद </W><W> नौचंदी </W><W> एक्सप्रेस </W></P><P><W> * </W><W> अंबाला-दिल्ली </W><W> पैसेंजर </W></P><P><W> * </W><W> शालीमार </W><W> एक्सप्रेस </W></P><P><W> * </W><W> दिल्ली-देहरादून </W><W> जनशताब्दी </W></P><P><W> और </W><W> हेल्‍पलाइन </W><W> नंबर </W><W> जानने </W><W> के </W><W> ल‍िए </W><W> यहां </W><W> पर </W><W> पर </W><W> करें </W><W> क्‍ल‍िक: </W><W> खतौली </W><W> में </W><W> ट्रेन </W><W> हादसे </W><W> के </W><W> बाद </W><W> मेरठ </W><W> में </W><W> अलर्ट </W></P></DOCUMENT>