<?xml version="1.0" encoding="UTF-8"?>
<DOCUMENT><DESC/><TIME>636</TIME><P><PLACE-ARG ID="0"><LINK EVENT_ARG="5" ID="12" TYPE_REL="EVENT_ARG"/><W> मेरठ </W></PLACE-ARG><W> : </W><PLACE-ARG ID="1"><LINK EVENT_ARG="5" ID="13" TYPE_REL="EVENT_ARG"/><W> सदर </W><W> बाजार </W><W> थाना </W></PLACE-ARG><PARTICIPANT-ARG ID="4"><LINK EVENT_ARG="5" ID="14" TYPE_REL="EVENT_ARG"/><W> पुलिस </W><W> और </W><W> बदमाशों </W><W> के </W><W> बीच </W></PARTICIPANT-ARG><TIME-ARG ID="3"><LINK EVENT_ARG="5" ID="15" TYPE_REL="EVENT_ARG"/><W> बुधवार </W><W> देर </W><W> रात </W></TIME-ARG><PLACE-ARG ID="2"><LINK EVENT_ARG="5" ID="16" TYPE_REL="EVENT_ARG"/><W> भूसा </W><W> मंडी </W><W> तिराहे </W></PLACE-ARG><W> पर </W><W> हुई </W><MAN_MADE_EVENT ID="5" TYPE="SHOOT_OUT"><W> मुठभेड़ </W></MAN_MADE_EVENT><W> में </W><CASUALTIES-ARG ID="7"><LINK EVENT_ARG="5" ID="17" TYPE_REL="EVENT_ARG"/><W> दो </W><W> बदमाश </W></CASUALTIES-ARG><REASON-ARG ID="6"><LINK EVENT_ARG="5" ID="18" TYPE_REL="EVENT_ARG"/><W> गोली </W><W> लगने </W><W> से </W></REASON-ARG><CASUALTIES-ARG ID="8"><LINK EVENT_ARG="5" ID="19" TYPE_REL="EVENT_ARG"/><W> घायल </W></CASUALTIES-ARG><W> हो </W><W> गए। </W><PARTICIPANT-ARG ID="10"><LINK EVENT_ARG="9" ID="20" TYPE_REL="EVENT_ARG"/><W> एक </W><W> बदमाश </W></PARTICIPANT-ARG><W> पुलिस </W><W> पर </W><MAN_MADE_EVENT ID="9" TYPE="SHOOT_OUT"><EVENT-COREF-LINK EVENT_ID="5" ID="36" TYPE_REL="EVENT_COREF"/><W> फाय¨रग </W></MAN_MADE_EVENT><W> करते </W><W> हुए </W><W> फरार </W><W> हो </W><W> गया। </W><AFTER_EFFECTS-ARG ID="11"><LINK EVENT_ARG="9" ID="21" TYPE_REL="EVENT_ARG"/><W> घायल </W><W> बदमाशों </W><W> को </W><W> मेडिकल </W><W> में </W><W> भर्ती </W><W> कराया </W><W> है। </W></AFTER_EFFECTS-ARG><W> यह </W><W> गिरोह </W><W> फर्जी </W><W> पुलिसकर्मी </W><W> बनकर </W><W> महिलाओं </W><W> से </W><W> ठगी </W><W> के </W><W> साथ </W><W> लूटपाट </W><W> भी </W><W> करता </W><W> है। </W><W> एएसपी </W><W> क्राइम </W><W> सतपाल </W><W> और </W><W> एसपी </W><W> सिटी </W><W> रणविजय </W><W> सिंह </W><W> ने </W><W> बताया </W><W> कि </W><PLACE-ARG ID="22"><LINK EVENT_ARG="26" ID="39" TYPE_REL="EVENT_ARG"/><W> सदर </W><W> बाजार </W><W> थाना </W></PLACE-ARG><W> प्रभारी </W><W> प्रशांत </W><W> कपिल </W><W> को </W><W> सूचना </W><W> मिली </W><W> कि </W><PLACE-ARG ID="23"><LINK EVENT_ARG="26" ID="40" TYPE_REL="EVENT_ARG"/><W> आर्मी </W><W> अस्पताल </W></PLACE-ARG><W> की </W><W> तरफ </W><W> से </W><W> बाइक </W><W> पर </W><W> तीन </W><W> लुटेरे </W><PLACE-ARG ID="24"><LINK EVENT_ARG="26" ID="42" TYPE_REL="EVENT_ARG"/><W> भूसा </W><W> मंडी </W><W> तिराहे </W></PLACE-ARG><W> की </W><W> तरफ </W><W> आ </W><W> रहे </W><W> हैं। </W><W> पुलिस </W><W> ने </W><PLACE-ARG ID="25"><LINK EVENT_ARG="26" ID="41" TYPE_REL="EVENT_ARG"/><W> भूसा </W><W> मंडी </W><W> तिराहे </W></PLACE-ARG><W> पर </W><W> घेराबंदी </W><W> कर </W><W> ली। </W><W> जब </W><W> बदमाश </W><W> यहां </W><W> पहुंचे </W><W> तो </W><W> पुलिस </W><W> ने </W><W> उन्हें </W><W> रुकने </W><W> का </W><W> इशारा </W><W> किया </W><W> गया, </W><W> लेकिन </W><W> उन्होंने </W><W> पुलिस </W><W> पर </W><MAN_MADE_EVENT ID="26" TYPE="SHOOT_OUT"><EVENT-COREF-LINK EVENT_ID="5" ID="37" TYPE_REL="EVENT_COREF"/><W> गोलियां </W><W> चला </W><W> दी। </W></MAN_MADE_EVENT><W> पुलिस </W><W> ने </W><W> बचाव </W><W> में </W><MAN_MADE_EVENT ID="27" TYPE="SHOOT_OUT"><EVENT-COREF-LINK EVENT_ID="5" ID="38" TYPE_REL="EVENT_COREF"/><W> फाय¨रग </W></MAN_MADE_EVENT><W> की </W><W> तो </W><W> पैर </W><W> में </W><REASON-ARG ID="28"><LINK EVENT_ARG="27" ID="44" TYPE_REL="EVENT_ARG"/><W> गोली </W><W> लगने </W><W> से </W></REASON-ARG><CASUALTIES-ARG ID="29"><LINK EVENT_ARG="27" ID="43" TYPE_REL="EVENT_ARG"/><W> दो </W><W> बदमाश </W><W> घायल </W></CASUALTIES-ARG><W> हो </W><W> गए। </W><W> घायल </W><W> बदमाशों </W><W> की </W><W> पहचान </W><W> नवाब </W><W> हैदर </W><W> पुत्र </W><W> हसन </W><W> अब्बासी </W><W> निवासी </W><W> पठानपुरा </W><W> मंगलौर </W><W> हरिद्वार, </W><W> अहमद </W><W> अली </W><W> पुत्र </W><W> जाकिर </W><W> अली </W><W> निवासी </W><W> लैसवाड़ा </W><W> देवबंद </W><W> सहारनपुर </W><W> के </W><W> रूप </W><W> में </W><W> हुई। </W><W> तीसरा </W><W> बदमाश </W><W> इम्तियाज </W><W> हुसैन </W><W> पुत्र </W><W> मुस्लिम </W><W> हुसैन </W><W> निवासी </W><W> लैसवाड़ा </W><W> फरार </W><W> हो </W><W> गया। </W><AFTER_EFFECTS-ARG ID="30"><LINK EVENT_ARG="27" ID="45" TYPE_REL="EVENT_ARG"/><W> बदमाशों </W><W> से </W><W> अपाचे </W><W> बाइक, </W><W> दो </W><W> तमंचे, </W><W> कारतूस, </W><W> कुछ </W><W> आइ-कार्ड, </W><W> चार </W><W> कंगन, </W><W> चार </W><W> टॉप्स, </W><W> दो </W><W> अंगूठी, </W><W> एक </W><W> मंगलसूत्र, </W><W> चूड़ियां </W><W> आदि </W><W> सामान </W><W> मिला </W><W> है। </W></AFTER_EFFECTS-ARG><W> बता </W><W> दें </W><W> कि </W><W> मंगलवार </W><W> को </W><W> भी </W><W> आरोपितों </W><W> ने </W><W> एक </W><W> महिला </W><W> को </W><W> ठगा </W><W> था। </W></P><P><AFTER_EFFECTS-ARG ID="32"><LINK EVENT_ARG="27" ID="46" TYPE_REL="EVENT_ARG"/><W> गृह </W><W> मंत्रालय </W><W> तक </W><W> के </W><W> फर्जी </W><W> आइ-कार्ड </W><W> मिले </W><W> आरोपितों </W><W> के </W><W> पास </W><W> से </W><W> पुलिस </W><W> के </W><W> आइ-कार्ड </W><W> के </W><W> अलावा </W><W> गृह </W><W> मंत्रालय </W><W> के </W><W> भी </W><W> फर्जी </W><W> कार्ड </W><W> मिले </W><W> हैं। </W></AFTER_EFFECTS-ARG><W> आरोपित </W><W> खुद </W><W> को </W><W> पुलिसकर्मी </W><W> व </W><W> गृह </W><W> मंत्रालय </W><W> का </W><W> कर्मचारी </W><W> बताकर </W><W> लोगों </W><W> को </W><W> ठगते </W><W> थे। </W><W> इसलिए </W><W> कहा </W><W> जाता </W><W> है </W><W> ईरानी </W><W> गैंग </W></P><P><W> इंस्पेक्टर </W><W> प्रशांत </W><W> कपिल </W><W> ने </W><W> बताया </W><W> कि </W><PLACE-ARG ID="50"><W> उत्तर </W><W> प्रदेश </W><W> और </W><W> उत्तराखंड </W></PLACE-ARG><W> में </W><W> ईरानी </W><W> गैंग </W><W> सक्रिय </W><W> है। </W><W> ये </W><W> लोग </W><W> ठगी </W><W> के </W><W> अलावा </W><W> लूटपाट </W><W> भी </W><W> करते </W><W> हैं। </W><W> 300-400 </W><W> साल </W><W> पहले </W><PLACE-ARG ID="51"><W> ईरान </W></PLACE-ARG><W> से </W><W> आए </W><W> इस </W><W> गैंग </W><W> के </W><W> पूर्वज </W><PLACE-ARG ID="52"><W> उत्तर </W><W> प्रदेश </W><W> व </W><W> उत्तराखंड </W></PLACE-ARG><W> में </W><W> रह </W><W> गए </W><W> थे। </W><W> ये </W><W> लोग </W><W> शुरू </W><W> से </W><W> ही </W><W> आपराधिक </W><W> प्रवृत्ति </W><W> के </W><W> रहे </W><W> हैं, </W><W> इसलिए </W><W> इन्हें </W><W> ईरानी </W><W> गैंग </W><W> के </W><W> नाम </W><W> से </W><W> जाना </W><W> जाता </W><W> है। </W></P></DOCUMENT>