<?xml version="1.0" encoding="UTF-8"?>
<DOCUMENT><DESC/><DESC/><TIME>3368</TIME><P><W> आगरा(जागरण </W><W> संवाददाता): </W><PLACE-ARG ID="0"><LINK EVENT_ARG="2" ID="4" TYPE_REL="EVENT_ARG"/><W> ताजनगरी </W></PLACE-ARG><W> में </W><TIME-ARG ID="1"><LINK EVENT_ARG="2" ID="5" TYPE_REL="EVENT_ARG"/><W> मंगलवार </W><W> की </W><W> सुबह </W></TIME-ARG><NATURAL_EVENT ID="2" TYPE="COLD_WAVE"><W> ठंडी </W><W> हवाओं </W></NATURAL_EVENT><W> के </W><W> साथ </W><W> हुई </W><W> लेकिन </W><W> दिन </W><W> चढ़ने </W><W> के </W><W> साथ </W><W> सूरज </W><W> ने </W><W> एक </W><W> बार </W><W> फिर </W><W> शहरवासियों </W><W> को </W><W> पसीना </W><W> छुड़ाया। </W><W> धूप </W><W> की </W><W> वजह </W><W> से </W><W> दोपहर </W><W> में </W><W> उमस </W><W> से </W><W> लोग </W><W> परेशान </W><W> रहे। </W><NATURAL_EVENT ID="3" TYPE="HEAT_WAVE"><W> गर्म </W><W> हवा </W></NATURAL_EVENT><W> चलती </W><W> रही। </W><W> वहीं </W><W> सुबह </W><W> शहरवासियों </W><W> के </W><W> लिए </W><W> राहत </W><W> लेकर </W><W> हुई </W><W> थी। </W><W> बादल </W><W> बार </W><W> बार </W><W> बारिश </W><W> होने </W><W> का </W><W> अहसास </W><W> करा </W><W> रहे </W><W> थे। </W><W> लेकिन </W><W> सुबह </W><W> करीब </W><W> नौ </W><W> बजे </W><W> के </W><W> बाद </W><W> स्थिति </W><W> सोमवार </W><W> की </W><W> तरह </W><W> ही </W><W> हो </W><W> गई। </W></P><P><W> सोमवार </W><W> को </W><W> आगरा </W><W> प्रदेश </W><W> का </W><W> दूसरा </W><W> सबसे </W><W> गर्म </W><W> शहर </W><W> रहा। </W><W> हालाकि </W><W> शाम </W><W> को </W><W> मौसम </W><W> में </W><W> बदलाव </W><W> आया </W><W> था </W><W> और </W><W> तेज </W><W> हवा </W><W> चलने </W><W> लगी </W><W> थीं। </W><W> इसके </W><W> साथ </W><W> उड़ी </W><W> धूल </W><W> से </W><W> राहगीरों </W><W> को </W><W> काफी </W><W> परेशानी </W><W> उठानी </W><W> पड़ी </W><W> थी। </W></P><P><W> पिछले </W><W> कई </W><W> दिन </W><W> से </W><W> दोपहर </W><W> में </W><W> उमस </W><W> ने </W><W> लोगों </W><W> को </W><W> बेहाल </W><W> किया </W><W> हुआ </W><W> है। </W><W> सोमवार </W><W> को </W><W> दिन </W><W> भर </W><W> उमस </W><W> के </W><W> बाद </W><W> शाम </W><W> को </W><W> आई </W><W> आंधी </W><W> व </W><W> बारिश </W><W> ने </W><W> राहत </W><W> दिलाई। </W><W> रात </W><W> भर </W><W> और </W><W> मंगलवार </W><W> सुबह </W><W> हवा </W><W> चलने </W><W> से </W><W> गर्मी </W><W> से </W><W> कुछ </W><W> हद </W><W> तक </W><W> राहत </W><W> मिली </W><W> थी </W><W> लेकिन </W><W> दिन </W><W> चढ़ने </W><W> के </W><W> साथ </W><W> तापमान </W><W> भी </W><W> बढ़ता </W><W> चला </W><W> गया। </W><W> हल्के </W><W> बादल </W><W> छाए </W><W> रहने </W><W> से </W><W> उमस </W><W> अधिक </W><W> रही। </W><W> दिनभर </W><W> शहरवासी </W><W> इससे </W><W> परेशान </W><W> नजर </W><W> आए। </W><W> अधिकतम </W><W> तापमान </W><W> सोमवार </W><W> को </W><W> 42.2 </W><W> डिग्री </W><W> से. </W><W> दर्ज </W><W> किया </W><W> गया </W><W> जो </W><W> कि </W><W> रविवार </W><W> के </W><W> 42 </W><W> डिग्री </W><W> से. </W><W> से </W><W> थोड़ा </W><W> ही </W><W> अधिक </W><W> था। </W><W> सामान्य </W><W> तापमान </W><W> से </W><W> यह </W><W> एक </W><W> डिग्री </W><W> से. </W><W> अधिक </W><W> रहा। </W><W> न्यूनतम </W><W> तापमान </W><W> 24 </W><W> डिग्री </W><W> से. </W><W> दर्ज </W><W> किया </W><W> गया, </W><W> जो </W><W> रविवार </W><W> के </W><W> 24.8 </W><W> डिग्री </W><W> से. </W><W> से </W><W> कम </W><W> था। </W><W> प्रदेश </W><W> के </W><W> गर्म </W><W> शहरों </W><W> में </W><W> आगरा </W><W> सोमवार </W><W> को </W><W> हमीरपुर </W><W> के </W><W> साथ </W><W> संयुक्त </W><W> रूप </W><W> से </W><W> दूसरे </W><W> स्थान </W><W> पर </W><W> रहा। </W><W> झांसी </W><W> सबसे </W><W> अधिक </W><W> गर्म </W><W> रहा। </W></P><P><W> मंगलवार </W><W> को </W><W> तापमान </W><W> में </W><W> वृद्धि </W><W> देखी </W><W> गई </W><W> है। </W><W> यह </W><W> शहर </W><W> रहे </W><W> गर्म </W></P><P><W> झांसी- </W><W> 44.1 </W><W> डिग्री </W><W> से. </W></P><P><W> आगरा- </W><W> 42.2 </W></P><P><W> हमीरपुर- </W><W> 42.2 </W></P><P><W> उरई- </W><W> 41.0 </W></P><P><W> इटावा- </W><W> 40.2 </W></P><P><W> इलाहाबाद- </W><W> 39.9 </W></P></DOCUMENT>