<?xml version="1.0" encoding="UTF-8"?>
<DOCUMENT><P><PARTICIPANT-ARG ID="1"><LINK EVENT_ARG="0" ID="20" TYPE_REL="EVENT_ARG"/><W> कलिंग-उत्कल </W><W> एक्सप्रेस </W><W> ट्रेन </W></PARTICIPANT-ARG><TIME-ARG ID="2"><LINK EVENT_ARG="0" ID="21" TYPE_REL="EVENT_ARG"/><W> शनिवार </W><W> की </W><W> शाम </W></TIME-ARG><PLACE-ARG ID="3"><LINK EVENT_ARG="0" ID="22" TYPE_REL="EVENT_ARG"/><W> यूपी </W><W> में </W><W> मुजफ्फरनगर </W><W> के </W><W> खतौली </W><W> के </W><W> पास </W></PLACE-ARG><MAN_MADE_EVENT ID="0" TYPE="TRANSPORT_HAZARDS"><W> दुर्घटनाग्रस्त </W></MAN_MADE_EVENT><W> हो </W><W> गई। </W><W> इस </W><MAN_MADE_EVENT ID="4" TYPE="TRANSPORT_HAZARDS"><EVENT-COREF-LINK EVENT_ID="0" ID="29" TYPE_REL="EVENT_COREF"/><W> हादसे </W></MAN_MADE_EVENT><W> में </W><CASUALTIES-ARG ID="8"><LINK EVENT_ARG="4" ID="23" TYPE_REL="EVENT_ARG"/><W> 23 </W><W> लोगों </W></CASUALTIES-ARG><W> की </W><W> मौत </W><W> हो </W><W> गई </W><W> जबकि </W><CASUALTIES-ARG ID="9"><LINK EVENT_ARG="4" ID="24" TYPE_REL="EVENT_ARG"/><W> 50 </W><W> से </W><W> ज्यादा </W><W> लोग </W></CASUALTIES-ARG><W> घायल </W><W> हो </W><W> गए। </W><MAN_MADE_EVENT ID="5" TYPE="TRANSPORT_HAZARDS"><EVENT-COREF-LINK EVENT_ID="0" ID="30" TYPE_REL="EVENT_COREF"/><W> हादसे </W></MAN_MADE_EVENT><W> के </W><W> चश्मदीदों </W><W> ने </W><W> उस </W><W> भयानक </W><W> मंजर </W><W> को </W><W> ना </W><W> सिर्फ </W><W> देखा </W><W> बल्कि </W><MAN_MADE_EVENT ID="6" TYPE="TRANSPORT_HAZARDS"><EVENT-COREF-LINK EVENT_ID="0" ID="31" TYPE_REL="EVENT_COREF"/><W> हादसे </W></MAN_MADE_EVENT><W> के </W><W> बाद </W><W> से </W><W> सहमे </W><W> हुए </W><W> हैं। </W><PLACE-ARG ID="10"><LINK EVENT_ARG="11" ID="25" TYPE_REL="EVENT_ARG"/><W> खतौली </W><W> के </W><W> नई </W><W> आबादी </W><W> गांव </W></PLACE-ARG><W> में </W><W> जहां </W><MAN_MADE_EVENT ID="11" TYPE="TRANSPORT_HAZARDS"><EVENT-COREF-LINK EVENT_ID="0" ID="32" TYPE_REL="EVENT_COREF"/><W> ट्रेन </W><W> पटरी </W><W> से </W><W> उतरी </W></MAN_MADE_EVENT><W> वहां </W><W> रहने </W><W> वाले </W><W> मोहम्मद </W><W> सलीम </W><W> ने </W><W> बताया </W><W> कि </W><TIME-ARG ID="12"><LINK EVENT_ARG="11" ID="26" TYPE_REL="EVENT_ARG"/><W> शाम </W><W> छह </W><W> बजे </W><W> के </W><W> करीब </W></TIME-ARG><W> उन्होंने </W><W> बम </W><W> ब्लास्ट </W><W> जैसी </W><W> एक </W><W> आवाज </W><W> सुनी </W><W> और </W><W> रेलवे </W><W> ट्रेक </W><W> की </W><W> तरफ </W><W> देखा </W><W> तो </W><CASUALTIES-ARG ID="13"><LINK EVENT_ARG="11" ID="27" TYPE_REL="EVENT_ARG"/><W> ट्रेन </W><W> के </W><W> कुछ </W><W> डिब्बे </W><W> हवा </W><W> में </W><W> उड़ </W><W> रहे </W><W> थे </W></CASUALTIES-ARG><W> और </W><W> फिर </W><W> आकर </W><CASUALTIES-ARG ID="14"><LINK EVENT_ARG="11" ID="28" TYPE_REL="EVENT_ARG"/><W> एक </W><W> दूसरे </W><W> के </W><W> ऊपर </W><W> गिर </W><W> गए। </W></CASUALTIES-ARG><W> इनमें </W><W> से </W><W> कुछ </W><W> घरों </W><W> पर </W><W> और </W><W> कुछ </W><W> बगल </W><W> के </W><W> स्कूल </W><W> पर </W><W> गिरे। </W></P><P><W> सलीम </W><W> ने </W><W> इंडियन </W><W> एक्सप्रेस </W><W> को </W><W> बताया </W><W> कि </W><W> उन्हें </W><W> लोगों </W><W> के </W><W> रोने, </W><W> चीखने </W><W> और </W><W> बचा </W><W> लो-बचा </W><W> लो </W><W> की </W><W> आवाजें </W><W> साफ </W><W> सुनाई </W><W> दे </W><W> रही </W><W> थीं। </W><W> गांव </W><W> के </W><AFTER_EFFECTS-ARG ID="15"><LINK EVENT_ARG="6" ID="34" TYPE_REL="EVENT_ARG"/><W> 100 </W><W> से </W><W> ज्यादा </W><W> लोग </W><W> फटाफट </W><W> रेलवे </W><W> ट्रैक </W><W> पर </W><W> पहुंच </W></AFTER_EFFECTS-ARG><W> गए </W><W> थे। </W><W> वे </W><W> लोग </W><W> गांव </W><W> से </W><W> अपने </W><W> साथ </W><W> दो </W><W> सीढ़ियां </W><W> और </W><W> दो </W><W> खाट </W><W> लेकर </W><W> पहुंचे </W><W> थे। </W><W> गांववाले </W><W> घायल </W><W> यात्रियों </W><W> को </W><W> निकाल-निकालकर </W><W> गांव </W><W> के </W><W> ही </W><W> डॉक्टर </W><W> मंसूर </W><W> के </W><W> पास </W><W> लेकर </W><W> जा </W><W> रहे </W><W> थे। </W><W> उन्होंने </W><W> ही </W><AFTER_EFFECTS-ARG ID="16"><LINK EVENT_ARG="6" ID="35" TYPE_REL="EVENT_ARG"/><W> घायलों </W><W> का </W><W> प्राथमिक </W><W> उपचार </W></AFTER_EFFECTS-ARG><W> किया, </W><W> उसके </W><W> बाद </W><W> वहां </W><AFTER_EFFECTS-ARG ID="17"><LINK EVENT_ARG="6" ID="36" TYPE_REL="EVENT_ARG"/><W> एंबुलेंस </W><W> पहुंची </W><W> और </W><W> लोगों </W><W> को </W><W> अस्पताल </W><W> ले </W><W> गई। </W></AFTER_EFFECTS-ARG></P><P><MAN_MADE_EVENT ID="7" TYPE="TRANSPORT_HAZARDS"><EVENT-COREF-LINK EVENT_ID="0" ID="33" TYPE_REL="EVENT_COREF"/><W> हादसे </W></MAN_MADE_EVENT><W> के </W><W> 6 </W><W> घंटे </W><W> बाद </W><W> आधी </W><W> रात </W><W> तक </W><W> सलीम </W><W> वहीं </W><W> घटनास्थल </W><W> पर </W><W> ही </W><W> कैम्प </W><W> करते </W><W> रहे </W><W> और </W><W> लोगों </W><W> को </W><W> मदद </W><W> पहुंचाते </W><W> रहे। </W><W> इस </W><W> दौरान </W><AFTER_EFFECTS-ARG ID="18"><LINK EVENT_ARG="7" ID="37" TYPE_REL="EVENT_ARG"/><W> राहत-बचाव </W><W> करने </W><W> आए </W></AFTER_EFFECTS-ARG><W> कर्मियों </W><W> ने </W><W> गैस </W><W> कटर </W><W> से </W><W> दुर्घटनाग्रस्त </W><W> बॉगियों </W><W> को </W><W> काट-काटकर </W><W> घायलों </W><W> को </W><W> बाहर </W><W> निकाला। </W><W> सलीम </W><W> ने </W><W> बताया </W><W> कि </W><W> वो </W><W> यह </W><W> देखकर </W><W> बहुत </W><W> दुखी </W><W> थे </W><W> कि </W><W> अंदर </W><W> अभी </W><W> बी </W><W> बहुत </W><W> से </W><W> लोग </W><W> फंसे </W><W> हुए </W><W> थे </W><W> और </W><W> दर्द </W><W> से </W><W> कराह </W><W> रहे </W><W> थे। </W></P><P><W> बगल </W><W> की </W><W> जगत </W><W> कॉलोनी </W><W> के </W><W> भी </W><W> कई </W><W> लोगों </W><W> ने </W><W> बताया </W><W> कि </W><W> उनलोगों </W><W> ने </W><W> देखा </W><W> कि </W><W> जोरदार </W><W> आवाज </W><W> के </W><W> बाद </W><W> ट्रेन </W><W> की </W><W> बॉगी </W><W> हवा </W><W> में </W><W> लहरा </W><W> रही </W><W> थी </W><W> और </W><W> फिर </W><W> वो </W><W> एक </W><W> इंटरमीडिएट </W><W> कॉलेज </W><W> पर </W><W> आ </W><W> गिरी। </W><W> उनलोगों </W><W> ने </W><W> बताया </W><W> कि </W><W> महिला-बच्चों </W><W> समेत </W><W> कई </W><W> लोग </W><W> चिल्ला </W><W> रहे </W><W> थे। </W><W> यह </W><W> देखकर </W><W> उनलोगों </W><W> ने </W><W> वहां </W><W> पहुंचकर </W><W> घायलों </W><W> की </W><W> मदद </W><W> की। </W><W> नई </W><W> आबादी </W><W> और </W><W> जगत </W><W> कॉलोनी, </W><W> दोनों </W><W> गांव </W><W> के </W><W> लोगों </W><W> ने </W><W> इंडियन </W><W> एक्सप्रेस </W><W> को </W><W> बताया </W><W> कि </W><W> वहां </W><W> पिछले </W><W> 10 </W><W> दिनों </W><W> से </W><W> रेल </W><W> ट्रैक </W><W> पर </W><W> रिपेयर </W><W> का </W><W> काम </W><W> चल </W><W> रहा </W><W> था। </W><W> स्थानीय </W><W> निवासी </W><W> हिमांशु </W><W> और </W><W> अली </W><W> ने </W><W> बताया </W><W> कि </W><W> अमूमन </W><W> सभी </W><W> ट्रेनें </W><W> रिपेयर </W><W> के </W><W> दौरान </W><W> धीमी </W><W> गति </W><W> से </W><W> वहां </W><W> से </W><W> गुजरती </W><W> थीं </W><W> लेकिन </W><REASON-ARG ID="19"><LINK EVENT_ARG="7" ID="38" TYPE_REL="EVENT_ARG"/><W> कलिंगा </W><W> एक्सप्रेस </W><W> तेज </W><W> गति </W><W> से </W><W> गुजर </W><W> रही </W><W> थी। </W></REASON-ARG></P></DOCUMENT>