<?xml version="1.0" encoding="UTF-8"?>
<DOCUMENT><P><PARTICIPANT-ARG ID="16"><LINK EVENT_ARG="0" ID="25" TYPE_REL="EVENT_ARG"/><W> वाहन </W></PARTICIPANT-ARG><W> की </W><MAN_MADE_EVENT ID="0" TYPE="VEHICULAR_COLLISION"><EVENT-COREF-LINK EVENT_ID="1" ID="43" TYPE_REL="EVENT_COREF"/><W> टक्कर </W></MAN_MADE_EVENT><W> से </W><PARTICIPANT-ARG ID="17"><LINK EVENT_ARG="0" ID="26" TYPE_REL="EVENT_ARG"/><W> बाइक </W><W> सवार </W></PARTICIPANT-ARG><CASUALTIES-ARG ID="9"><LINK EVENT_ARG="0" ID="27" TYPE_REL="EVENT_ARG"/><W> दो </W><W> युवकों </W><W> की </W><W> मौत </W></CASUALTIES-ARG></P><P><W> ठठिया। </W><PLACE-ARG ID="6"><LINK EVENT_ARG="1" ID="31" TYPE_REL="EVENT_ARG"/><W> मानीमऊ-ठठिया </W><W> मार्ग </W></PLACE-ARG><W> पर </W><W> स्थित </W><PLACE-ARG ID="7"><LINK EVENT_ARG="1" ID="30" TYPE_REL="EVENT_ARG"/><W> बेहटा </W><W> गांव </W><W> के </W><W> निकट </W></PLACE-ARG><PARTICIPANT-ARG ID="18"><LINK EVENT_ARG="1" ID="29" TYPE_REL="EVENT_ARG"/><W> वाहन </W></PARTICIPANT-ARG><W> ने </W><PARTICIPANT-ARG ID="19"><LINK EVENT_ARG="1" ID="28" TYPE_REL="EVENT_ARG"/><W> बाइक </W></PARTICIPANT-ARG><W> में </W><MAN_MADE_EVENT ID="1" TYPE="VEHICULAR_COLLISION"><W> टक्कर </W><W> मार </W><W> दी। </W></MAN_MADE_EVENT><W> इससे </W><CASUALTIES-ARG ID="10"><LINK EVENT_ARG="1" ID="32" TYPE_REL="EVENT_ARG"/><W> एक </W><W> युवक </W><W> की </W><W> मौके </W><W> पर </W><W> ही </W><W> मौत </W></CASUALTIES-ARG><W> हो </W><W> गई </W><W> जबकि </W><W> एक </W><W> अन्य </W><W> साथी </W><W> ने </W><W> तिर्वा </W><W> मेडिकल </W><W> कालेज </W><W> में </W><W> दम </W><W> तोड़ </W><W> दिया। </W><MAN_MADE_EVENT ID="2" TYPE="VEHICULAR_COLLISION"><EVENT-COREF-LINK EVENT_ID="1" ID="44" TYPE_REL="EVENT_COREF"/><W> दुर्घटना </W></MAN_MADE_EVENT><W> के </W><W> वक्त </W><W> मौजूद </W><W> लोगों </W><W> ने </W><W> बताया </W><W> कि </W><W> सिर </W><W> में </W><W> ज्यादा </W><W> चोट </W><W> लगने </W><W> से </W><W> मौत </W><W> हो </W><W> हुई </W><W> है। </W><W> अगर </W><W> हेलमेट </W><W> लगाए </W><W> होते </W><W> तो </W><W> जान </W><W> बच </W><W> सकती </W><W> था। </W><W> पुलिस </W><W> ने </W><W> शव </W><W> को </W><W> कब्जे </W><W> में </W><W> लेकर </W><W> पोस्टर्माटम </W><W> केे </W><W> लिए </W><W> भेजा। </W></P><P><W> लोहिया </W><W> नगर </W><W> थाना </W><W> तिर्वा </W><W> निवासी </W><W> संतोष </W><W> कुमार </W><W> उम्र </W><W> 23 </W><W> वर्ष </W><W> पुत्र </W><W> रामप्रकाश </W><W> अपनी </W><PARTICIPANT-ARG ID="20"><LINK EVENT_ARG="3" ID="37" TYPE_REL="EVENT_ARG"/><W> बाइक </W></PARTICIPANT-ARG><W> पर </W><W> मौजमपुर </W><W> थाना </W><W> रसूलाबाद </W><W> जनपद </W><W> कानपुर </W><W> देहात </W><W> निवासी </W><W> अजय </W><W> कुमार </W><W> 22 </W><W> वर्ष </W><W> पुत्र </W><W> लाखन </W><W> को </W><W> बैठाकर </W><W> ठठिया </W><W> से </W><W> मानीमऊ </W><W> जा </W><W> रहे </W><W> थे। </W><W> जैसे </W><W> ही </W><W> वह </W><PARTICIPANT-ARG ID="21"><LINK EVENT_ARG="3" ID="36" TYPE_REL="EVENT_ARG"/><W> बाइक </W></PARTICIPANT-ARG><W> लेकर </W><PLACE-ARG ID="8"><LINK EVENT_ARG="3" ID="35" TYPE_REL="EVENT_ARG"/><W> बेहटा </W><W> गांव </W><W> के </W><W> निकट </W></PLACE-ARG><W> पहुंचे। </W><W> तभी </W><PARTICIPANT-ARG ID="22"><LINK EVENT_ARG="3" ID="34" TYPE_REL="EVENT_ARG"/><W> वाहन </W></PARTICIPANT-ARG><W> ने </W><W> सुनसान </W><W> जगह </W><W> पर </W><PARTICIPANT-ARG ID="23"><LINK EVENT_ARG="3" ID="33" TYPE_REL="EVENT_ARG"/><W> बाइक </W></PARTICIPANT-ARG><W> में </W><MAN_MADE_EVENT ID="3" TYPE="VEHICULAR_COLLISION"><EVENT-COREF-LINK EVENT_ID="1" ID="45" TYPE_REL="EVENT_COREF"/><W> टक्कर </W><W> मार </W><W> दी। </W></MAN_MADE_EVENT><W> इससे </W><CASUALTIES-ARG ID="12"><LINK EVENT_ARG="3" ID="38" TYPE_REL="EVENT_ARG"/><W> संतोष </W><W> कुमार </W><W> की </W><W> मौके </W><W> पर </W><W> ही </W><W> मौत </W></CASUALTIES-ARG><W> हो </W><W> गई। </W><W> जबकि </W><CASUALTIES-ARG ID="13"><LINK EVENT_ARG="3" ID="39" TYPE_REL="EVENT_ARG"/><W> अजय </W><W> कुमार </W><W> गंभीर </W><W> रूप </W><W> से </W><W> घायल </W></CASUALTIES-ARG><W> हो </W><W> गया। </W><W> काफी </W><W> देर </W><W> तक </W><W> दोनाें </W><W> सड़क </W><W> किनारे </W><W> पड़े </W><W> रहे। </W><W> जब </W><W> कुछ </W><W> यात्री </W><W> उधर </W><W> से </W><W> गुजरे </W><W> तो </W><MAN_MADE_EVENT ID="5" TYPE="VEHICULAR_COLLISION"><EVENT-COREF-LINK EVENT_ID="1" ID="46" TYPE_REL="EVENT_COREF"/><W> दुर्घटना </W></MAN_MADE_EVENT><W> देख </W><W> लोगों </W><W> को </W><W> सूचना </W><W> दी। </W><W> तत्काल </W><W> ठठिया </W><W> थाना </W><W> पुलिस </W><W> को </W><W> घटना </W><W> से </W><W> अवगत </W><W> कराया </W><W> गया। </W><W> जानकारी </W><W> मिलते </W><W> ही </W><W> पुलिस </W><W> मौके </W><W> पर </W><W> पहुंची। </W></P><P><W> घायल </W><CASUALTIES-ARG ID="15"><LINK EVENT_ARG="5" ID="40" TYPE_REL="EVENT_ARG"/><W> अजय </W><W> कुमार </W></CASUALTIES-ARG><W> को </W><W> जिला </W><W> अस्पताल </W><W> में </W><W> भर्ती </W><W> कराया। </W><W> जिला </W><W> अस्पताल </W><W> में </W><W> प्राथमिक </W><W> उपचार </W><W> के </W><W> दौरान </W><W> हालत </W><W> बिगड़ने </W><W> पर </W><W> उसे </W><W> मेडिकल </W><W> कालेज </W><W> में </W><W> रिफर </W><W> कर </W><W> दिया </W><W> गया। </W><W> जहां </W><CASUALTIES-ARG ID="14"><LINK EVENT_ARG="5" ID="41" TYPE_REL="EVENT_ARG"/><W> उसने </W><W> भी </W><W> दम </W><W> तोड़ </W><W> दिया। </W></CASUALTIES-ARG><W> सूचना </W><W> मिलते </W><W> ही </W><W> मृतकों </W><W> के </W><W> परिजन </W><W> मेडिकल </W><W> कालेज </W><W> व </W><W> घटनास्थल </W><W> पर </W><W> पहुंच </W><W> गए। </W><W> जहां </W><W> परिजनों </W><W> का </W><W> रो-रो </W><W> कर </W><W> बुरा </W><W> हाल </W><W> था। </W><W> मामले </W><W> में </W><W> मृतक </W><W> संतोष </W><W> के </W><W> भाई </W><W> ने </W><PARTICIPANT-ARG ID="24"><LINK EVENT_ARG="5" ID="42" TYPE_REL="EVENT_ARG"/><W> अज्ञात </W><W> वाहन </W></PARTICIPANT-ARG><W> के </W><W> खिलाफ </W><W> थाने </W><W> में </W><W> रिपोर्ट </W><W> दर्ज </W><W> कराई </W><W> है। </W></P></DOCUMENT>