<?xml version="1.0" encoding="UTF-8"?>
<DOCUMENT><DESC/><TIME>684</TIME><P><W> नशे </W><W> में </W><PARTICIPANT-ARG ID="10"><LINK EVENT_ARG="0" ID="27" TYPE_REL="EVENT_ARG"/><W> धुत वियतनाम </W><W> के </W><W> राजनयिक </W></PARTICIPANT-ARG><W> ने </W><PARTICIPANT-ARG ID="26"><LINK EVENT_ARG="0" ID="28" TYPE_REL="EVENT_ARG"/><W> खड़ी </W><W> गाड़ी </W></PARTICIPANT-ARG><W> में </W><MAN_MADE_EVENT ID="0" TYPE="VEHICULAR_COLLISION"><W> टक्कर </W><W> मारी </W></MAN_MADE_EVENT><W> ।  </W></P><P><PLACE-ARG ID="7"><LINK EVENT_ARG="1" ID="29" TYPE_REL="EVENT_ARG"/><W> साउथ </W><W> कैंपस </W><W> थाना </W><W> इलाके </W></PLACE-ARG><W> में </W><PARTICIPANT-ARG ID="9"><LINK EVENT_ARG="1" ID="30" TYPE_REL="EVENT_ARG"/><W> वियतनाम </W><W> के </W><W> राजनयिक </W></PARTICIPANT-ARG><W> ने </W><PARTICIPANT-ARG ID="31"><LINK EVENT_ARG="1" ID="32" TYPE_REL="EVENT_ARG"/><W> खड़ी </W><W> गाड़ी </W></PARTICIPANT-ARG><W> में </W><INTENSITY-ARG ID="33"><LINK EVENT_ARG="1" ID="48" TYPE_REL="EVENT_ARG"/><W> जबरदस्त </W></INTENSITY-ARG><MAN_MADE_EVENT ID="1" TYPE="VEHICULAR_COLLISION"><EVENT-COREF-LINK EVENT_ID="0" ID="20" TYPE_REL="EVENT_COREF"/><W> टक्कर </W><W> मार </W><W> दी। </W></MAN_MADE_EVENT><W> इससे </W><W> महिला </W><W> व </W><W> उसके </W><W> पति </W><W> बाल-बाल </W><W> बच </W><W> गए। </W><W> वहीं </W><AFTER_EFFECTS-ARG ID="15"><LINK EVENT_ARG="1" ID="36" TYPE_REL="EVENT_ARG"/><W> महिला </W><W> की </W><W> गाड़ी </W><W> क्षतिग्रस्त </W><W> हो </W><W> गई। </W></AFTER_EFFECTS-ARG><W> शिकायत </W><W> पर </W><W> दक्षिण </W><W> जिले </W><W> की </W><PLACE-ARG ID="8"><LINK EVENT_ARG="2" ID="37" TYPE_REL="EVENT_ARG"/><W> साउथ </W><W> कैंपस </W><W> थाना </W></PLACE-ARG><W> पुलिस </W><W> ने </W><MAN_MADE_EVENT ID="2" TYPE="VEHICULAR_COLLISION"><EVENT-COREF-LINK EVENT_ID="0" ID="21" TYPE_REL="EVENT_COREF"/><W> सड़क </W><W> दुर्घटना </W></MAN_MADE_EVENT><W> का </W><AFTER_EFFECTS-ARG ID="16"><LINK EVENT_ARG="2" ID="38" TYPE_REL="EVENT_ARG"/><W> मामला </W><W> दर्ज </W><W> कर </W><W> लिया </W><W> है। </W></AFTER_EFFECTS-ARG></P><P><AFTER_EFFECTS-ARG ID="17"><LINK EVENT_ARG="3" ID="39" TYPE_REL="EVENT_ARG"/><W> दक्षिण </W><W> जिला </W><W> पुलिस </W><W> ने </W><W> गृहमंत्रालय </W><W> को </W><W> पत्र </W><W> लिखकर </W><W> वियतनाम </W><W> दूतावास </W><W> को </W><W> सूचना </W><W> दे </W><W> दी </W><W> है। </W></AFTER_EFFECTS-ARG><W> मामला </W><W> राजनयिक </W><W> से </W><W> जुड़ा </W><W> हुआ </W><W> है, </W><W> इसलिए </W><MAN_MADE_EVENT ID="3" TYPE="VEHICULAR_COLLISION"><EVENT-COREF-LINK EVENT_ID="0" ID="22" TYPE_REL="EVENT_COREF"/><W> दुर्घटना </W></MAN_MADE_EVENT><W> के </W><W> मामले </W><W> में </W><W> किसी </W><W> की </W><W> गिरफ्तारी </W><W> नहीं </W><W> हुई </W><W> है। </W></P><P><W>  दक्षिण </W><W> जिला </W><W> पुलिस </W><W> अधिकारियों </W><W> के </W><W> अनुसार, </W><W> आरती </W><W> गुप्ता </W><W> (42) </W><W> आनंद </W><W> निकेतन </W><W> में </W><W> रहती </W><W> हैं। </W><TIME-ARG ID="13"><LINK EVENT_ARG="3" ID="40" TYPE_REL="EVENT_ARG"/><W> रविवार </W><W> शाम </W><W> करीब </W><W> छह </W><W> बजे </W></TIME-ARG><W> वे </W><W> अपने </W><W> पति </W><W> के </W><W> साथ </W><W> कहीं </W><W> से </W><W> घर </W><W> लौट </W><W> रही </W><W> थीं। </W></P><P><W> वे </W><W> अपने </W><W> क्रेटा </W><W> कार </W><W> से </W><W> घर </W><W> के </W><W> सामने </W><W> उतरने </W><W> लगी, </W><W> तभी </W><W> पीछे </W><W> से </W><PARTICIPANT-ARG ID="11"><LINK EVENT_ARG="4" ID="41" TYPE_REL="EVENT_ARG"/><W> वियतनाम </W><W> दूतावास </W><W> की </W><W> टोयटा </W><W> गाड़ी </W></PARTICIPANT-ARG><W> तेज </W><W> गति </W><W> से </W><W> आई </W><W> और </W><W> उनकी </W><PARTICIPANT-ARG ID="35"><LINK EVENT_ARG="4" ID="42" TYPE_REL="EVENT_ARG"/><W> कार </W></PARTICIPANT-ARG><W> में </W><INTENSITY-ARG ID="34"><LINK EVENT_ARG="4" ID="43" TYPE_REL="EVENT_ARG"/><W> जोरदार </W></INTENSITY-ARG><MAN_MADE_EVENT ID="4" TYPE="VEHICULAR_COLLISION"><EVENT-COREF-LINK EVENT_ID="0" ID="23" TYPE_REL="EVENT_COREF"/><W> टक्कर </W><W> मार </W><W> दी। </W></MAN_MADE_EVENT><W> फिर </W><PARTICIPANT-ARG ID="12"><LINK EVENT_ARG="4" ID="44" TYPE_REL="EVENT_ARG"/><W> दूतावास </W><W> की </W><W> कार </W></PARTICIPANT-ARG><W> आगे </W><W> जाकर </W><W> रुक </W><W> गई। </W></P><P><W> आरती </W><W> व </W><W> उनके </W><W> पति </W><W> लोकेश </W><W> गुप्ता </W><W> ने </W><W> गाड़ी </W><W> के </W><W> अंदर </W><W> घुसकर </W><W> अपनी </W><W> जान </W><W> बचाई। </W><W> सूचना </W><W> के </W><W> बाद </W><W> मौके </W><W> पर </W><W> पहुंची </W><W> पुलिस </W><W> को </W><W> जांच </W><W> में </W><W> पता </W><W> लगा </W><W> कि </W><W> वियतनाम </W><W> दूतावास </W><W> की </W><W> कार </W><W> को </W><W> राजनयिक </W><W> नगूयेन </W><W> डुई </W><W> खान्हा </W><W> चला </W><W> रहे </W><W> थे। </W><W> वे </W><W> दूतावास </W><W> में </W><W> प्रथम </W><W> सेक्रेटरी </W><W> के </W><W> पद </W><W> पर </W><W> तैनात </W><W> हैं। </W></P><P><W>  साउथ </W><W> कैंपस </W><W> थाना </W><W> पुलिस </W><W> ने </W><MAN_MADE_EVENT ID="5" TYPE="VEHICULAR_COLLISION"><EVENT-COREF-LINK EVENT_ID="0" ID="24" TYPE_REL="EVENT_COREF"/><W> सड़क </W><W> दुर्घटना </W></MAN_MADE_EVENT><W> का </W><AFTER_EFFECTS-ARG ID="18"><LINK EVENT_ARG="5" ID="45" TYPE_REL="EVENT_ARG"/><W> मामला </W><W> दर्ज </W><W> कर </W><W> लिया </W><W> है। </W></AFTER_EFFECTS-ARG><W> नगूयेन </W><W> हुई </W><W> खान्हा </W><W> को </W><W> राजनयिक </W><W> का </W><W> स्टेटस </W><W> मिला </W><W> हुआ </W><W> है, </W><W> इसलिए </W><W> पुलिस </W><W> ने </W><W> न </W><W> तो </W><W> उनकी </W><W> मेडिकल </W><W> जांच </W><W> कराई </W><W> और </W><W> न </W><W> ही </W><W> गिरफ्तार </W><W> किया। </W></P><P><W> बताया </W><W> जा </W><W> रहा </W><W> है </W><W> कि </W><REASON-ARG ID="14"><LINK EVENT_ARG="6" ID="46" TYPE_REL="EVENT_ARG"/><W> राजनयिक </W><W> शराब </W><W> के </W><W> नशे </W><W> में </W><W> इस </W><W> कदर </W><W> धुत </W><W> थे </W></REASON-ARG><W> कि </W><MAN_MADE_EVENT ID="6" TYPE="VEHICULAR_COLLISION"><EVENT-COREF-LINK EVENT_ID="0" ID="25" TYPE_REL="EVENT_COREF"/><W> घटना </W></MAN_MADE_EVENT><W> के </W><W> समय </W><W> ठीक </W><W> से </W><W> चला </W><W> भी </W><W> नहीं </W><W> जा </W><W> रहा </W><W> था। </W><AFTER_EFFECTS-ARG ID="19"><LINK EVENT_ARG="6" ID="47" TYPE_REL="EVENT_ARG"/><W> दक्षिण </W><W> जिला </W><W> पुलिस </W><W> ने </W><W> गृहमंत्रालय </W><W> के </W><W> जरिये </W><W> वियतनाम </W><W> दूतावास </W><W> को </W><W> सूचना </W><W> दे </W><W> दी </W><W> है। </W></AFTER_EFFECTS-ARG></P></DOCUMENT>