<?xml version="1.0" encoding="UTF-8"?>
<DOCUMENT><DESC/><TIME>723</TIME><P><PLACE-ARG ID="0"><LINK EVENT_ARG="4" ID="13" TYPE_REL="EVENT_ARG"/><W> ग्वाटेमाला </W></PLACE-ARG><W> में </W><W> फिर </W><NATURAL_EVENT ID="4" TYPE="VOLCANO"><W> सक्रिय </W><W> हुआ </W></NATURAL_EVENT><NAME-ARG ID="2"><LINK EVENT_ARG="4" ID="14" TYPE_REL="EVENT_ARG"/><W> फ्यूजो </W></NAME-ARG><W> ज्वालामुखी, </W><W> 4000 </W><W> लोगों </W><W> को </W><W> सुरक्षित </W><W> स्थानों </W><W> पर </W><W> पहुंचाया। </W></P><P><PLACE-ARG ID="1"><LINK EVENT_ARG="5" ID="15" TYPE_REL="EVENT_ARG"/><W> ग्वाटेमाला </W></PLACE-ARG><W> में </W><W> इस </W><W> साल </W><NAME-ARG ID="3"><LINK EVENT_ARG="5" ID="16" TYPE_REL="EVENT_ARG"/><W> फ्यूजो </W></NAME-ARG><W> ज्वालामुखी </W><W> ने </W><W> पांचवीं </W><W> बार </W><NATURAL_EVENT ID="5" TYPE="VOLCANO"><EVENT-COREF-LINK EVENT_ID="4" ID="23" TYPE_REL="EVENT_COREF"/><W> लावा </W><W> उगलना </W><W> शुरू </W><W> किया </W></NATURAL_EVENT><W> है। </W><W> इसके </W><W> खतरे </W><W> को </W><W> देखते </W><W> हुए </W><W> अधिकारियों </W><W> ने </W><W> रेड </W><W> अलर्ट </W><W> जारी </W><W> कर </W><W> दिया </W><W> है। </W><W> सोमवार </W><W> को </W><W> करीब </W><W> 4,000 </W><W> लोगों </W><W> को </W><W> वहां </W><W> से </W><W> हटाकर </W><W> सुरक्षित </W><W> स्थानों </W><W> पर </W><W> पहुंचाया </W><W> गया। </W></P><P><W> इंस्टीट्यूट </W><W> ऑफ </W><W> वोल्केनोलॉजी </W><W> के </W><W> निदेशक </W><W> पाब्लो </W><W> ओलिवा </W><W> ने </W><W> कहा </W><W> कि </W><W> ज्वालामुखी </W><W> फटने </W><W> के </W><W> बाद </W><W> लावा, </W><W> राख </W><W> और </W><W> गुबार </W><W> फैल </W><W> गया </W><W> था </W><W> लेकिन </W><W> सोमवार </W><W> रात </W><W> तक </W><W> ज्वालामुखी </W><W> काफी </W><W> हद </W><W> तक </W><W> शांत </W><W> हो </W><W> गया </W><W> था।  </W></P><P><W> ग्वाटेमाला </W><W> आपदा </W><W> प्रबंधन </W><W> एजेंसी </W><W> के </W><W> प्रवक्ता </W><W> डेविड </W><W> डी </W><W> लियोन </W><W> ने </W><W> बताया </W><W> कि </W><W> एहतियात </W><W> के </W><W> तौर </W><W> पर </W><W> करीब </W><W> चार </W><W> हजार </W><W> लोगों </W><W> को </W><W> अस्थायी </W><W> ठिकानों </W><W> पर </W><W> ले </W><W> जाया </W><W> गया </W><W> है। </W><W> उन्होंने </W><W> यह </W><W> भी </W><W> बताया </W><W> कि </W><TIME-ARG ID="10"><LINK EVENT_ARG="11" ID="17" TYPE_REL="EVENT_ARG"/><W> रविवार </W><W> की </W><W> सुबह </W></TIME-ARG><NATURAL_EVENT ID="11" TYPE="VOLCANO"><EVENT-COREF-LINK EVENT_ID="4" ID="22" TYPE_REL="EVENT_COREF"/><W> ज्वालामुखी </W><W> प्रचंड </W><W> हो </W><W> गया </W><W> था </W></NATURAL_EVENT><W> जिससे </W><AFTER_EFFECTS-ARG ID="12"><LINK EVENT_ARG="11" ID="18" TYPE_REL="EVENT_ARG"/><W> हजारों </W><W> लोगों </W><W> की </W><W> सुरक्षा </W><W> खतरे </W><W> में </W><W> आ </W><W> गई </W></AFTER_EFFECTS-ARG><W> थी। </W></P><P><TIME-ARG ID="9"><LINK EVENT_ARG="6" ID="19" TYPE_REL="EVENT_ARG"/><W> इससे </W><W> पहले </W><W> जून </W><W> महीने </W></TIME-ARG><W> में </W><W> भी </W><W> यह </W><NATURAL_EVENT ID="6" TYPE="VOLCANO"><W> ज्वालामुखी </W><W> फूटा </W><W> था </W></NATURAL_EVENT><W> जिसकी </W><W> चपेट </W><W> में </W><W> आकर </W><W> करीब </W><CASUALTIES-ARG ID="7"><LINK EVENT_ARG="6" ID="20" TYPE_REL="EVENT_ARG"/><W> 200 </W><W> लोगों </W><W> की </W><W> मौत </W></CASUALTIES-ARG><W> हो </W><W> गई </W><W> थी, </W><W> जिसकी </W><W> दर्द </W><W> भरी </W><W> यादें </W><W> अभी </W><W> भी </W><W> ताजा </W><W> हैं। </W><W> उस </W><W> वक्त </W><W> करीब </W><CASUALTIES-ARG ID="8"><LINK EVENT_ARG="6" ID="21" TYPE_REL="EVENT_ARG"/><W> 235 </W><W> लोग </W><W> लापता </W></CASUALTIES-ARG><W> हो </W><W> गए </W><W> थे। </W></P></DOCUMENT>