<?xml version="1.0" encoding="UTF-8"?>
<DOCUMENT><DESC/><TIME>1566</TIME><P><W> मौसम </W><W> के </W><W> कहर </W><W> के </W><W> कारण </W><PLACE-ARG ID="12"><LINK EVENT_ARG="0" ID="73" TYPE_REL="EVENT_ARG"/><W> उत्तर </W><W> भारत </W></PLACE-ARG><NATURAL_EVENT ID="0" TYPE="HEAT_WAVE"><EVENT-COREF-LINK EVENT_ID="2" ID="65" TYPE_REL="EVENT_COREF"/><W> लू </W></NATURAL_EVENT><W> के </W><W> कहर </W><W> से </W><W> झुलस </W><W> रहा </W><W> है, </W><W> वहीं </W><PLACE-ARG ID="13"><LINK EVENT_ARG="1" ID="74" TYPE_REL="EVENT_ARG"/><W> दक्षिण </W><W> भारत </W></PLACE-ARG><W> में </W><TIME-ARG ID="41"><LINK EVENT_ARG="1" ID="75" TYPE_REL="EVENT_ARG"/><W> अगले </W><W> 48 </W><W> घंटों </W></TIME-ARG><W> में </W><NATURAL_EVENT ID="1" TYPE="STORM"><EVENT-COREF-LINK EVENT_ID="3" ID="77" TYPE_REL="EVENT_COREF"/><W> तूफान </W></NATURAL_EVENT><W> की </W><W> आशंका </W><W> है। </W><W> भारत </W><W> के </W><W> मौसम </W><W> विभाग </W><W> ने </W><PLACE-ARG ID="14"><LINK EVENT_ARG="2" ID="76" TYPE_REL="EVENT_ARG"/><W> दिल्ली, </W><W> पंजाब, </W><W> चंडीगढ़, </W><W> हरियाणा, </W><W> उत्तर </W><W> प्रदेश, </W><W> राजस्थान, </W><W> मध्य </W><W> प्रदेश </W><W> और </W><W> गुजरात </W><W> के </W><W> कई </W><W> हिस्सों </W></PLACE-ARG><W> में </W><W> आने </W><W> वाले </W><W> दिनों </W><W> में </W><W> अत्यंत </W><NATURAL_EVENT ID="2" TYPE="HEAT_WAVE"><W> भीषण </W><W> लू </W></NATURAL_EVENT><W> की </W><W> चेतावनी </W><W> जारी </W><W> की </W><W> है। </W><W> मौसम </W><W> के </W><W> कहर </W><W> का </W><W> हाल </W><W> यह </W><W> है </W><W> कि </W><PLACE-ARG ID="15"><LINK EVENT_ARG="3" ID="78" TYPE_REL="EVENT_ARG"/><W> दक्षिण </W><W> भारत </W><W> के </W><W> राज्य </W><W> तमिलनाडु, </W><W> पुडुचेरी </W><W> और </W><W> आंध्र </W><W> प्रदेश </W></PLACE-ARG><W> में </W><TIME-ARG ID="42"><LINK EVENT_ARG="3" ID="79" TYPE_REL="EVENT_ARG"/><W> अगले </W><W> 48 </W><W> घंटे </W><W> के </W><W> दौरान </W></TIME-ARG><NATURAL_EVENT ID="3" TYPE="CYCLONE"><W> चक्रवर्ती </W><W> तूफान </W></NATURAL_EVENT><W> की </W><W> आशंका </W><W> है। </W><W> इसका </W><W> असर </W><PLACE-ARG ID="16"><LINK EVENT_ARG="3" ID="80" TYPE_REL="EVENT_ARG"/><W> पश्चिम </W><W> बंगाल </W><W> और </W><W> ओड़ीशा </W></PLACE-ARG><W> पर </W><W> भी </W><W> पड़ </W><W> सकता </W><W> है। </W><W> उधर </W><PLACE-ARG ID="17"><LINK EVENT_ARG="2" ID="81" TYPE_REL="EVENT_ARG"/><W> दिल्ली </W><W> के </W><W> सफदरजंग </W></PLACE-ARG><W> में </W><TIME-ARG ID="43"><LINK EVENT_ARG="2" ID="82" TYPE_REL="EVENT_ARG"/><W> बुधवार </W><W> (18 </W><W> मई) </W></TIME-ARG><W> को </W><W> अधिकतम </W><W> तापमान </W><INTENSITY-ARG ID="53"><LINK EVENT_ARG="2" ID="83" TYPE_REL="EVENT_ARG"/><W> 43.3 </W></INTENSITY-ARG><W> और </W><PLACE-ARG ID="55"><LINK EVENT_ARG="2" ID="84" TYPE_REL="EVENT_ARG"/><W> पालम </W></PLACE-ARG><W> में </W><INTENSITY-ARG ID="54"><LINK EVENT_ARG="2" ID="85" TYPE_REL="EVENT_ARG"/><W> 46.4 </W><W> डिग्री </W><W> सेल्सियस </W></INTENSITY-ARG><W> दर्ज </W><W> किया </W><W> गया। </W></P><P><W> मौसम </W><W> विभाग </W><W> ने </W><TIME-ARG ID="44"><LINK EVENT_ARG="4" ID="86" TYPE_REL="EVENT_ARG"/><W> बुधवार </W><W> (18 </W><W> मई) </W></TIME-ARG><W> को </W><PLACE-ARG ID="66"><LINK EVENT_ARG="4" ID="87" TYPE_REL="EVENT_ARG"/><W> दिल्ली, </W><W> उत्तर-पश्चिम </W><W> और </W><W> मध्य </W><W> भारत </W></PLACE-ARG><W> के </W><W> लिए </W><TIME-ARG ID="45"><LINK EVENT_ARG="4" ID="88" TYPE_REL="EVENT_ARG"/><W> अगले </W><W> कुछ </W><W> दिनों </W><W> तक </W></TIME-ARG><W> अत्यंत </W><NATURAL_EVENT ID="4" TYPE="HEAT_WAVE"><EVENT-COREF-LINK EVENT_ID="2" ID="67" TYPE_REL="EVENT_COREF"/><W> भीषण </W><W> लू </W></NATURAL_EVENT><W> की </W><W> चपेट </W><W> में </W><W> रहने </W><W> का </W><W> एलर्ट </W><W> जारी </W><W> किया </W><W> है। </W><W> मौसम </W><W> पूर्वानुमान </W><W> के </W><W> अनुसार, </W><PLACE-ARG ID="19"><LINK EVENT_ARG="5" ID="89" TYPE_REL="EVENT_ARG"/><W> ‘राजधानी </W><W> के </W><W> अलावा </W><W> चंडीगढ़, </W><W> हरियाणा, </W><W> उत्तर </W><W> प्रदेश, </W><W> मध्य </W><W> प्रदेश, </W><W> राजस्थान </W><W> और </W><W> गुजरात </W><W> में </W><W> कई </W><W> जगहों </W></PLACE-ARG><W> पर </W><W> अत्यंत </W><NATURAL_EVENT ID="5" TYPE="HEAT_WAVE"><EVENT-COREF-LINK EVENT_ID="2" ID="68" TYPE_REL="EVENT_COREF"/><W> भीषण </W><W> लू </W></NATURAL_EVENT><W> की </W><W> स्थिति </W><W> बनी </W><W> रहेगी’। </W><PLACE-ARG ID="20"><LINK EVENT_ARG="6" ID="90" TYPE_REL="EVENT_ARG"/><W> पंजाब </W></PLACE-ARG><W> में </W><NATURAL_EVENT ID="6" TYPE="HEAT_WAVE"><EVENT-COREF-LINK EVENT_ID="2" ID="69" TYPE_REL="EVENT_COREF"/><W> लू </W></NATURAL_EVENT><W> की </W><W> स्थिति </W><W> बताई </W><W> गई </W><W> है, </W><W> लेकिन </W><TIME-ARG ID="46"><LINK EVENT_ARG="7" ID="91" TYPE_REL="EVENT_ARG"/><W> 20 </W><W> मई </W></TIME-ARG><W> को </W><W> वहां </W><W> अत्यंत </W><NATURAL_EVENT ID="7" TYPE="HEAT_WAVE"><EVENT-COREF-LINK EVENT_ID="2" ID="70" TYPE_REL="EVENT_COREF"/><W> भीषण </W><W> लू </W></NATURAL_EVENT><W> का </W><W> पूर्वानुमान </W><W> है। </W><PLACE-ARG ID="21"><LINK EVENT_ARG="8" ID="92" TYPE_REL="EVENT_ARG"/><W> इन </W><W> क्षेत्रों </W></PLACE-ARG><W> में </W><W> इस </W><W> हफ्ते </W><NATURAL_EVENT ID="8" TYPE="HEAT_WAVE"><EVENT-COREF-LINK EVENT_ID="2" ID="71" TYPE_REL="EVENT_COREF"/><W> लू </W></NATURAL_EVENT><W> से </W><W> राहत </W><W> की </W><W> कोई </W><W> उम्मीद </W><W> नहीं </W><W> है। </W><PLACE-ARG ID="22"><LINK EVENT_ARG="8" ID="93" TYPE_REL="EVENT_ARG"/><W> दिल्ली </W><W> के </W><W> सफदरजंग </W></PLACE-ARG><W> में </W><TIME-ARG ID="47"><LINK EVENT_ARG="8" ID="94" TYPE_REL="EVENT_ARG"/><W> बुधवार </W><W> (18 </W><W> मई) </W></TIME-ARG><W> को </W><W> अधिकतम </W><INTENSITY-ARG ID="57"><LINK EVENT_ARG="8" ID="95" TYPE_REL="EVENT_ARG"/><W> 43.3 </W><W> डिग्री </W><W> सेल्सियस </W></INTENSITY-ARG><W> दर्ज </W><W> किया </W><W> गया </W><W> जो </W><W> सामान्य </W><W> से </W><W> 3.5 </W><W> डिग्री </W><W> सेल्सियस </W><W> अधिक </W><W> है, </W><W> वहीं </W><W> न्यूनतम </W><W> तापमान </W><INTENSITY-ARG ID="58"><LINK EVENT_ARG="8" ID="96" TYPE_REL="EVENT_ARG"/><W> 26.4 </W><W> डिग्री </W><W> सेल्सियस </W></INTENSITY-ARG><W> दर्ज </W><W> किया </W><W> गया </W><W> जो </W><W> सामान्य </W><W> रहा। </W><PLACE-ARG ID="23"><LINK EVENT_ARG="8" ID="97" TYPE_REL="EVENT_ARG"/><W> दिल्ली </W></PLACE-ARG><W> का </W><W> तापमान </W><TIME-ARG ID="60"><LINK EVENT_ARG="8" ID="98" TYPE_REL="EVENT_ARG"/><W> अगले </W><W> दो-तीन </W><W> दिनों </W></TIME-ARG><W> तक </W><INTENSITY-ARG ID="59"><LINK EVENT_ARG="8" ID="99" TYPE_REL="EVENT_ARG"/><W> 44 </W><W> डिग्री </W><W> के </W><W> इर्द-गिर्द </W></INTENSITY-ARG><W> बने </W><W> रहने </W><W> का </W><W> पूर्वानुमान </W><W> है। </W></P><P><PLACE-ARG ID="103"><LINK EVENT_ARG="102" ID="105" TYPE_REL="EVENT_ARG"/><W> दिल्ली </W></PLACE-ARG><W> के </W><W> लिए </W><TIME-ARG ID="104"><LINK EVENT_ARG="102" ID="106" TYPE_REL="EVENT_ARG"/><W> गुरुवार </W><W> (19 </W><W> मई) </W></TIME-ARG><W> का </W><W> पूर्वानुमान </W><W> बताते </W><W> हुए </W><W> मौसम </W><W> विभाग </W><W> के </W><W> अधिकारी </W><W> ने </W><W> कहा </W><W> कि </W><W> आसमान </W><W> साफ </W><W> रहेगा, </W><W> शाम </W><W> तक </W><W> धूल </W><W> भरी </W><W> आंधी </W><W> की </W><W> संभावना </W><W> है, </W><W> लेकिन </W><W> इससे </W><NATURAL_EVENT ID="102" TYPE="HEAT_WAVE"><W> गर्मी </W></NATURAL_EVENT><W> से </W><W> कोई </W><W> विशेष </W><W> राहत </W><W> नहीं </W><W> मिलेगी। </W><PLACE-ARG ID="25"><LINK EVENT_ARG="102" ID="107" TYPE_REL="EVENT_ARG"/><W> हालांकि </W><W> उत्तर </W><W> प्रदेश </W></PLACE-ARG><W> में </W><W> सबसे </W><W> गर्म </W><W> स्थान </W><PLACE-ARG ID="52"><LINK EVENT_ARG="102" ID="108" TYPE_REL="EVENT_ARG"/><W> बांदा </W></PLACE-ARG><W> रहा, </W><W> जहां </W><W> तापमान </W><INTENSITY-ARG ID="61"><LINK EVENT_ARG="102" ID="109" TYPE_REL="EVENT_ARG"/><W> 47 </W><W> डिग्री </W><W> सेल्सियस </W></INTENSITY-ARG><W> तापमान </W><W> दर्ज </W><W> किया </W><W> गया। </W><PLACE-ARG ID="26"><LINK EVENT_ARG="9" ID="110" TYPE_REL="EVENT_ARG"/><W> भारत </W></PLACE-ARG><W> के </W><W> मौसम </W><W> विज्ञान </W><W> में </W><W> वरिष्ठ </W><W> वैज्ञानिक </W><W> आनंद </W><W> शर्मा </W><W> ने </W><W> कहा, </W><NATURAL_EVENT ID="9" TYPE="HEAT_WAVE"><EVENT-COREF-LINK EVENT_ID="2" ID="72" TYPE_REL="EVENT_COREF"/><W> ‘लू </W></NATURAL_EVENT><W> की </W><W> स्थिति </W><W> अभी </W><W> जारी </W><W> रहेगी, </W><W> इसलिए </W><W> बच्चों </W><W> और </W><W> बुजुर्गों </W><W> को </W><TIME-ARG ID="49"><LINK EVENT_ARG="9" ID="111" TYPE_REL="EVENT_ARG"/><W> दिन </W><W> में </W><W> 11 </W><W> से </W><W> 4 </W><W> के </W><W> बीच </W></TIME-ARG><W> घर </W><W> से </W><W> बाहर </W><W> निकलने </W><W> से </W><W> बचना </W><W> चाहएि। </W><W> हीट </W><W> स्ट्रोक </W><W> से </W><W> बचने </W><W> के </W><W> लिए </W><W> वयस्क </W><W> भी </W><W> जरूरत </W><W> पड़ने </W><W> पर </W><W> ही </W><W> बाहर </W><W> निकलें </W><W> और </W><W> ज्यादा </W><W> शारीरिक </W><W> श्रम </W><W> का </W><W> काम </W><W> नहीं </W><W> करें </W><W> क्योंकि </W><W> डिहाइड्रेशन </W><W> होने </W><W> का </W><W> खतरा </W><W> बना </W><W> रहता </W><W> है।’ </W></P><P><W> उधर </W><PLACE-ARG ID="27"><LINK EVENT_ARG="10" ID="113" TYPE_REL="EVENT_ARG"/><W> बंगाल </W><W> की </W><W> खाड़ी </W></PLACE-ARG><W> में </W><W> बना </W><W> गहरा </W><W> दबाव </W><TIME-ARG ID="50"><LINK EVENT_ARG="10" ID="114" TYPE_REL="EVENT_ARG"/><W> अगले </W><W> 48 </W><W> घंटों </W></TIME-ARG><W> में </W><NATURAL_EVENT ID="10" TYPE="CYCLONE"><EVENT-COREF-LINK EVENT_ID="3" ID="112" TYPE_REL="EVENT_COREF"/><W> चक्रवाती </W><W> तूफान </W></NATURAL_EVENT><W> में </W><W> तब्दील </W><W> होने </W><W> की </W><W> आशंका </W><W> है। </W><W> इसके </W><W> चलते </W><PLACE-ARG ID="28"><LINK EVENT_ARG="10" ID="115" TYPE_REL="EVENT_ARG"/><W> तमिलनाडु </W><W> के </W><W> उत्तरी </W><W> समुद्र </W><W> तटीय </W><W> इलाके, </W><W> पुडुचेरी </W><W> और </W><W> उत्तरी </W><W> आंध्र </W><W> प्रदेश </W></PLACE-ARG><W> में </W><W> भारी </W><W> बारिश </W><W> हो </W><W> सकती </W><W> है। </W><W> चेतावनी </W><W> दी </W><W> गई </W><W> है </W><W> कि </W><PLACE-ARG ID="29"><LINK EVENT_ARG="10" ID="116" TYPE_REL="EVENT_ARG"/><W> उत्तरी </W><W> तमिलनाडु </W><W> और </W><W> पुडुचेरी </W></PLACE-ARG><W> में </W><INTENSITY-ARG ID="62"><LINK EVENT_ARG="10" ID="117" TYPE_REL="EVENT_ARG"/><W> 55 </W><W> से </W><W> 65 </W><W> किलोमीटर </W><W> की </W><W> गति </W></INTENSITY-ARG><W> से </W><W> तूफानी </W><W> हवाएं </W><W> चलेंगी। </W><W> समुद्र </W><W> अति </W><W> उग्र </W><W> रहेगा </W><W> और </W><W> मछुआरों </W><W> को </W><W> सलाह </W><W> दी </W><W> गई </W><W> है </W><W> वे </W><TIME-ARG ID="51"><LINK EVENT_ARG="10" ID="118" TYPE_REL="EVENT_ARG"/><W> अगले </W><W> 48 </W><W> घंटों </W></TIME-ARG><W> के </W><W> दौरान </W><W> समुद्र </W><W> में </W><W> प्रवेश </W><W> न </W><W> करें। </W><PLACE-ARG ID="30"><LINK EVENT_ARG="10" ID="119" TYPE_REL="EVENT_ARG"/><W> चेन्नई </W><W> और </W><W> इसके </W><W> आसपास </W><W> के </W><W> निचले </W><W> इलाकों </W></PLACE-ARG><W> में </W><W> एनडीआरएफ </W><W> की </W><W> चार </W><W> टीमों </W><W> को </W><W> तैनात </W><W> किया </W><W> गया </W><W> है। </W><PLACE-ARG ID="31"><LINK EVENT_ARG="10" ID="120" TYPE_REL="EVENT_ARG"/><W> तमिलनाडु </W></PLACE-ARG><W> सरकार </W><W> ने </W><W> जिला </W><W> कलेक्टरों </W><W> को </W><W> सभी </W><W> एहतियाती </W><W> कदम </W><W> उठाने </W><W> के </W><W> निर्देश </W><W> दिए </W><W> हैं। </W><W> बारिश </W><W> से </W><W> संबंधित </W><W> शिकायतों </W><W> को </W><W> प्राप्त </W><W> करने </W><W> के </W><W> लिए </W><PLACE-ARG ID="32"><LINK EVENT_ARG="10" ID="121" TYPE_REL="EVENT_ARG"/><W> तमिलनाडु </W></PLACE-ARG><W> सरकार </W><W> ने </W><W> 1070 </W><W> नंबर </W><W> भी </W><W> तय </W><W> किया </W><W> है। </W></P><P><W> उधर </W><PLACE-ARG ID="63"><LINK EVENT_ARG="10" ID="122" TYPE_REL="EVENT_ARG"/><W> आंध्र </W><W> प्रदेश </W></PLACE-ARG><W> सरकार </W><W> के </W><W> मुख्यमंत्री </W><W> एन. </W><W> चंद्रबाबू </W><W> नायडू </W><W> ने </W><W> सभी </W><W> जिला </W><W> कलेक्टरों </W><W> को </W><W> एहतियातन </W><W> कदम </W><W> उठाने </W><W> का </W><W> निर्देश </W><W> दिया </W><W> है। </W><W> इसका </W><W> असर </W><PLACE-ARG ID="34"><LINK EVENT_ARG="10" ID="123" TYPE_REL="EVENT_ARG"/><W> पश्चिम </W><W> बंगाल </W><W> और </W><W> ओड़ीशा </W></PLACE-ARG><W> पर </W><W> पड़ने </W><W> की </W><W> आशंका </W><W> भी </W><W> जताई </W><W> गई </W><W> है। </W><PLACE-ARG ID="35"><LINK EVENT_ARG="10" ID="124" TYPE_REL="EVENT_ARG"/><W> पश्चिम </W><W> बंगाल </W></PLACE-ARG><W> में </W><W> इसे </W><NAME-ARG ID="64"><LINK EVENT_ARG="10" ID="125" TYPE_REL="EVENT_ARG"/><W> ‘रुनू’ </W><W> तूफान </W></NAME-ARG><W> कहते </W><W> हैं। </W><PLACE-ARG ID="36"><LINK EVENT_ARG="126" ID="128" TYPE_REL="EVENT_ARG"/><W> अरुणाचल </W><W> प्रदेश </W></PLACE-ARG><W> में </W><TIME-ARG ID="137"><LINK EVENT_ARG="126" ID="139" TYPE_REL="EVENT_ARG"/><W> पिछले </W><W> कुछ </W><W> दिनों </W><W> से </W></TIME-ARG><W> हुई </W><REASON-ARG ID="138"><LINK EVENT_ARG="126" ID="140" TYPE_REL="EVENT_ARG"/><W> बारिश </W><W> के </W><W> चलते </W></REASON-ARG><PLACE-ARG ID="37"><LINK EVENT_ARG="126" ID="129" TYPE_REL="EVENT_ARG"/><W> नोआ-देहींग </W><W> नदी </W></PLACE-ARG><W> में </W><W> उफान </W><W> आने </W><W> से </W><PLACE-ARG ID="38"><LINK EVENT_ARG="126" ID="130" TYPE_REL="EVENT_ARG"/><W> नामसई </W><W> जिले </W><W> में </W><W> कई </W><W> इलाकों </W></PLACE-ARG><W> में </W><NATURAL_EVENT ID="126" TYPE="FLOODS"><EVENT-COREF-LINK EVENT_ID="11" ID="127" TYPE_REL="EVENT_COREF"/><W> पानी </W><W> भर </W><W> गया </W><W> है। </W></NATURAL_EVENT><PLACE-ARG ID="39"><LINK EVENT_ARG="131" ID="133" TYPE_REL="EVENT_ARG"/><W> इस </W><W> जिले </W><W> के </W><W> महादेवपुर </W><W> 1, </W><W> महादेवपुर </W><W> 4 </W><W> और </W><W> काकोनी </W><W> गांवों </W></PLACE-ARG><W> में </W><NATURAL_EVENT ID="131" TYPE="FLOODS"><EVENT-COREF-LINK EVENT_ID="11" ID="132" TYPE_REL="EVENT_COREF"/><W> पानी </W><W> भर </W><W> गया </W></NATURAL_EVENT><W> है। </W><NATURAL_EVENT ID="11" TYPE="FLOODS"><W> बाढ़ </W></NATURAL_EVENT><W> के </W><W> पानी </W><W> से </W><PLACE-ARG ID="40"><LINK EVENT_ARG="11" ID="134" TYPE_REL="EVENT_ARG"/><W> पियोंग </W><W> क्षेत्र </W><W> के </W><W> नामपोंग </W></PLACE-ARG><W> में </W><AFTER_EFFECTS-ARG ID="135"><LINK EVENT_ARG="11" ID="136" TYPE_REL="EVENT_ARG"/><W> तटबंध </W><W> बुरी </W><W> तरह </W><W> से </W><W> प्रभावित </W><W> हुआ </W><W> है। </W></AFTER_EFFECTS-ARG></P></DOCUMENT>