<?xml version="1.0" encoding="UTF-8"?>
<DOCUMENT><DESC/><DESC/><TIME>1677</TIME><P><W> कड़ाके </W><W> की </W><NATURAL_EVENT ID="0" TYPE="COLD_WAVE"><W> ठंड </W></NATURAL_EVENT><W> से </W><AFTER_EFFECTS-ARG ID="4"><LINK EVENT_ARG="0" ID="10" TYPE_REL="EVENT_ARG"/><W> ठिठुर </W><W> रहे </W><W> लोग, </W></AFTER_EFFECTS-ARG><AFTER_EFFECTS-ARG ID="5"><LINK EVENT_ARG="0" ID="11" TYPE_REL="EVENT_ARG"/><W> लगातार </W><W> गिर </W><W> रहे </W><W> तापमान </W></AFTER_EFFECTS-ARG><W> से </W><W> प्रदेश </W><W> में </W><W> शीतलहर </W><W> की </W><W> संभावना </W></P><P><AFTER_EFFECTS-ARG ID="6"><LINK EVENT_ARG="0" ID="12" TYPE_REL="EVENT_ARG"/><W> राजधानी </W><W> समेत </W><W> प्रदेश </W><W> के </W><W> प्रमुख </W><W> शहरों </W><W> में </W><W> रात </W><W> और </W><W> दिन </W><W> के </W><W> तापमान </W><W> में </W><W> हल्की </W><W> गिरावट </W></AFTER_EFFECTS-ARG><W> आई </W><W> है </W></P><P><W> रायपुर. </W><W> राजधानी </W><W> समेत </W><W> प्रदेश </W><W> के </W><W> प्रमुख </W><W> शहरों </W><W> में </W><W> रात </W><W> और </W><W> दिन </W><W> के </W><W> तापमान </W><W> में </W><W> हल्की </W><W> गिरावट </W><W> आई </W><W> है। </W><W> सभी </W><W> जगहों </W><W> पर </W><W> सामान्य </W><W> से </W><W> कम </W><W> तापमान </W><W> रहा। </W><W> राजधानी </W><W> रायपुर </W><W> में </W><W> दिन </W><W> के </W><W> तापमान </W><W> में </W><W> दो </W><W> डिग्री </W><W> की </W><W> गिरावट </W><W> रही, </W><W> जबकि </W><W> रात </W><W> के </W><W> तापमान </W><W> में </W><W> एक </W><W> डिग्री </W><W> गिरावट </W><W> रही। </W><W> प्रदेश </W><W> में </W><W> सबसे </W><W> कम </W><W> तापमान </W><W> 6.5 </W><W> डिग्री </W><W> अंबिकापुर </W><W> दर्ज </W><W> किया </W><W> गया। </W><W> रायपुर </W><W> में </W><W> शुक्रवार </W><W> को </W><W> रात </W><W> का </W><W> तापमान </W><W> 12.3 </W><W> डिग्री </W><W> रहा, </W><W> जबकि </W><W> दिन </W><W> का </W><W> तापमान </W><W> 25.8 </W><W> डिग्री </W><W> रहा। </W><W> मौसम </W><W> विभाग </W><W> के </W><W> अनुसार </W><W> शनिवार </W><W> को </W><W> उत्तरी </W><W> छत्तीसगढ़ </W><W> के </W><W> कुछ </W><W> भागों </W><W> में </W><W> शीतलहर </W><W> चलने </W><W> की </W><W> संभावना </W><W> है। </W></P><P><W> समुद्री </W><W> तूफान </W><W> पेथाई </W><W> के </W><W> बाद </W><W> छत्तीसगढ़ </W><W> में </W><W> कड़ाके </W><W> की </W><NATURAL_EVENT ID="1" TYPE="COLD_WAVE"><EVENT-COREF-LINK EVENT_ID="0" ID="18" TYPE_REL="EVENT_COREF"/><W> ठंड </W></NATURAL_EVENT><W> को </W><W> देखते </W><W> हुए </W><W> राज्य </W><W> सरकार </W><W> ने </W><W> सभी </W><W> नगरीय </W><W> निकायों </W><W> को </W><AFTER_EFFECTS-ARG ID="7"><LINK EVENT_ARG="1" ID="13" TYPE_REL="EVENT_ARG"/><W> अलाव </W><W> जलाने </W><W> का </W><W> फरमान </W></AFTER_EFFECTS-ARG><W> जारी </W><W> कर </W><W> दिया </W><W> है। </W><W> सरकार </W><W> ने </W><W> कड़ाके </W><W> की </W><W> ठंड </W><W> में </W><W> जनहानि </W><W> होने </W><W> की </W><W> आशंका </W><W> जताते </W><W> हुए </W><W> कहा </W><W> है </W><W> कि </W><W> ऐसे </W><W> सार्वजनिक </W><W> स्थानों </W><W> पर </W><W> प्राथमिकता </W><W> के </W><W> साथ </W><W> अलाव </W><W> जलाएं, </W><W> जहां </W><W> लोगों </W><W> का </W><W> जमावड़ा </W><W> अधिक </W><W> रहता </W><W> है। </W></P><P><W> बता </W><W> दें </W><W> कि </W><W> पिछले </W><W> 5-6 </W><W> दिनों </W><W> में </W><W> प्रदेश </W><W> में </W><NATURAL_EVENT ID="2" TYPE="COLD_WAVE"><EVENT-COREF-LINK EVENT_ID="0" ID="17" TYPE_REL="EVENT_COREF"/><W> ठंड </W></NATURAL_EVENT><W> से </W><CASUALTIES-ARG ID="8"><LINK EVENT_ARG="2" ID="14" TYPE_REL="EVENT_ARG"/><W> छह </W><W> लोगों </W><W> की </W><W> मौत </W><W> के </W><W> साथ </W><W> ही </W><W> 125 </W><W> से </W><W> ज्यादा </W><W> मवेशियों </W><W> के </W><W> मरने </W><W> की </W><W> खबरें </W></CASUALTIES-ARG><W> आई </W><W> हैं। </W><W> नगरीय </W><W> प्रशासन </W><W> विभाग </W><W> के </W><W> संचालक </W><W> निरंजन </W><W> दास </W><W> ने </W><W> प्रदेश </W><W> के </W><W> सभी </W><W> नगरनिगम </W><W> आयुक्तों </W><W> और </W><W> मुख्य </W><W> नगरपालिक </W><W> अधिकारियों </W><W> को </W><W> अलाव </W><W> जलाने </W><W> का </W><W> आदेश </W><W> जारी </W><W> करते </W><W> हुए </W><W> कहा </W><W> है, </W><W> इस </W><W> प्राकृतिक </W><W> आपदा </W><W> से </W><W> निपटने </W><W> की </W><W> दिशा </W><W> में </W><W> नगरीय </W><W> निकायों </W><W> को </W><W> महती </W><W> भूमिका </W><W> निभानी </W><W> होगी। </W></P><P><W> उन्होंने </W><W> रेलवे </W><W> स्टेशन, </W><W> बसस्टैंड, </W><W> शासकीय </W><W> अस्पतालों </W><W> और </W><W> अन्य </W><W> सार्वजनिक </W><W> स्थानों </W><W> पर </W><W> अलाव </W><W> जलाने </W><W> को </W><W> कहा </W><W> है। </W><W> बता </W><W> दें </W><W> कि </W><W> मौसम </W><W> में </W><W> बदलाव </W><W> के </W><W> बाद </W><W> पूरे </W><W> प्रदेश </W><W> में </W><W> कड़ाके </W><W> की </W><W> ठंड </W><W> पड़ </W><W> रहा </W><W> है। </W><W> तापमान </W><W> में </W><W> भी </W><W> औसत </W><W> से </W><W> ज्यादा </W><W> गिरावट </W><W> आई </W><W> है। </W><W> सुबह </W><W> और </W><W> रात </W><W> को </W><W> धुंध </W><W> छाई </W><W> रहती </W><W> है। </W><CASUALTIES-ARG ID="3"><LINK EVENT_ARG="2" ID="15" TYPE_REL="EVENT_ARG"/><W> जनजीवन </W><W> भी </W><W> प्रभावित </W></CASUALTIES-ARG><W> हुआ </W><W> है। </W></P><P><AFTER_EFFECTS-ARG ID="9"><LINK EVENT_ARG="2" ID="16" TYPE_REL="EVENT_ARG"/><W> स्कूलों </W><W> का </W><W> समय </W><W> बदलारायपुर </W><W> जिले </W><W> में </W><W> विगत </W><W> तीन-चार </W><W> दिनों </W><W> से </W><W> पड़ </W><W> रही </W><W> कड़ाके </W><W> की </W><W> ठंड </W><W> को </W><W> देखते </W><W> हुए </W><W> जिला </W><W> शिक्षा </W><W> अधिकारी </W><W> ने </W><W> सभी </W><W> स्कूलों </W><W> के </W><W> समय </W><W> में </W><W> परिवर्तन </W><W> कर </W><W> दिया </W></AFTER_EFFECTS-ARG><W> है। </W><W> जिला </W><W> शिक्षा </W><W> अधिकारी </W><W> के </W><W> जारी </W><W> आदेशानुसार, </W><W> सुबह </W><W> 7.30 </W><W> बजे </W><W> लगने </W><W> वाली </W><W> शाला </W><W> अब </W><W> 8 </W><W> बजे </W><W> से </W><W> लगेगी। </W><W> द्वितीय </W><W> पाली </W><W> की </W><W> कक्षाएं </W><W> यथावत </W><W> रहेगी। </W><W> कलक्टर </W><W> के </W><W> निर्देशानुसार </W><W> यह </W><W> आदेश </W><W> 15 </W><W> जनवरी </W><W> तक </W><W> लागू </W><W> रहेगी। </W></P></DOCUMENT>