<?xml version="1.0" encoding="UTF-8"?>
<DOCUMENT><P><W> दुर्गापुर </W><W> : </W><PLACE-ARG ID="1"><LINK EVENT_ARG="0" ID="17" TYPE_REL="EVENT_ARG"/><W> सेल </W><W> की </W><W> इकाई </W><W> दुर्गापुर </W><W> इस्पात </W><W> संयंत्र </W><W> (डीएसपी) </W></PLACE-ARG><W> के </W><PLACE-ARG ID="2"><LINK EVENT_ARG="0" ID="16" TYPE_REL="EVENT_ARG"/><W> कंटीन्यूअस </W><W> क¨स्टग </W><W> प्लांट </W><W> (सीसीपी) </W></PLACE-ARG><W> के </W><PLACE-ARG ID="3"><LINK EVENT_ARG="0" ID="15" TYPE_REL="EVENT_ARG"/><W> ब्लूम </W><W> कम </W><W> राउंड </W><W> कास्टर </W><W> विभाग </W></PLACE-ARG><W> में </W><TIME-ARG ID="4"><LINK EVENT_ARG="0" ID="14" TYPE_REL="EVENT_ARG"/><W> बुधवार </W></TIME-ARG><TIME-ARG ID="5"><LINK EVENT_ARG="0" ID="13" TYPE_REL="EVENT_ARG"/><W> सुबह </W></TIME-ARG><W> तकरीबन </W><TIME-ARG ID="6"><LINK EVENT_ARG="0" ID="12" TYPE_REL="EVENT_ARG"/><W> 11 </W><W> बजे </W></TIME-ARG><W> हुई </W><MAN_MADE_EVENT ID="0" TYPE="INDUSTRIAL_ACCIDENT"><W> दुर्घटना </W></MAN_MADE_EVENT><W> में </W><W> असिस्टेंट </W><W> मैनेजर </W><CASUALTIES-ARG ID="7"><LINK EVENT_ARG="0" ID="18" TYPE_REL="EVENT_ARG"/><W> अनिर्वाण </W><W> सिन्हा </W><W> बाबू(29) </W><W> गंभीर </W><W> रूप </W><W> से </W><W> जख्मी </W><W> हो </W><W> गए। </W></CASUALTIES-ARG><W> थोड़ी </W><W> देर </W><W> बाद </W><W> इलाज </W><W> के </W><W> दौरान </W><CASUALTIES-ARG ID="8"><LINK EVENT_ARG="0" ID="19" TYPE_REL="EVENT_ARG"/><W> उनकी </W><W> मौत </W><W> हो </W><W> गई। </W></CASUALTIES-ARG><W> प्रबंधन </W><W> ने </W><MAN_MADE_EVENT ID="11" TYPE="INDUSTRIAL_ACCIDENT"><EVENT-COREF-LINK EVENT_ID="0" ID="21" TYPE_REL="EVENT_COREF"/><W> हादसे </W></MAN_MADE_EVENT><W> की </W><W> जांच </W><W> के </W><W> लिए </W><W> हाई </W><W> पावर </W><W> कमेटी </W><W> का </W><W> गठन </W><W> किया </W><W> है। </W></P><P><W> दुर्गापुर </W><W> शहर </W><W> के </W><W> सी-जोन </W><W> भगत </W><W> ¨सह </W><W> रोड </W><W> निवासी </W><W> अनिर्वाण </W><W> सिन्हा </W><W> सीसीपी </W><W> विभाग </W><W> में </W><W> कार्यरत </W><W> थे। </W><W> वे </W><W> सुबह </W><W> की </W><W> शिफ्ट </W><W> में </W><W> काम </W><W> कर </W><W> रहे </W><W> थे। </W><W> ड्यूटी </W><W> के </W><W> दौरान </W><REASON-ARG ID="9"><LINK EVENT_ARG="11" ID="20" TYPE_REL="EVENT_ARG"/><W> लोहे </W><W> का </W><W> बार </W><W> उनकी </W><W> सिर </W><W> से </W><W> टकरा </W><W> गया। </W></REASON-ARG><W> सहकर्मियों </W><W> की </W><W> मदद </W><W> से </W><W> उन्हें </W><W> प्लांट </W><W> की </W><W> मेडिकल </W><W> यूनिट </W><W> में </W><W> इलाज </W><W> के </W><W> लिए </W><W> भेजा </W><W> गया। </W><W> प्राथमिक </W><W> चिकित्सा </W><W> के </W><W> बाद </W><W> गंभीर </W><W> हालत </W><W> में </W><W> वहां </W><W> से </W><W> उन्हें </W><W> दुर्गापुर </W><W> इस्पात </W><W> संयंत्र </W><W> अस्पताल </W><W> भेजा </W><W> गया। </W><W> वहां </W><W> डॉक्टरों </W><W> ने </W><W> उन्हें </W><W> मृत </W><W> घोषित </W><W> कर </W><W> दिया। </W><W> दुर्गापुर </W><W> इस्पात </W><W> कर्मचारी </W><W> संघ </W><W> के </W><W> महासचिव </W><W> अरुप </W><W> राय </W><W> ने </W><W> सुरक्षा </W><W> पर </W><W> सवाल </W><W> उठाया। </W><W> उन्होंने </W><W> कहा </W><W> कि </W><W> डीएसपी </W><W> में </W><W> कोई </W><W> सेफ्टी </W><W> कमेटी </W><W> नहीं </W><W> है। </W></P><P><MAN_MADE_EVENT ID="10" TYPE="INDUSTRIAL_ACCIDENT"><EVENT-COREF-LINK EVENT_ID="0" ID="22" TYPE_REL="EVENT_COREF"/><W> घटना </W></MAN_MADE_EVENT><W> में </W><W> असिस्टेंट </W><W> मैनेजर </W><W> की </W><W> मौत </W><W> हुई </W><W> है। </W><W> इसकी </W><W> जांच </W><W> के </W><W> लिए </W><W> हाई </W><W> पावर </W><W> कमेटी </W><W> बनाई </W><W> गई </W><W> है। </W><W> कारणों </W><W> की </W><W> जांच </W><W> की </W><W> जाएगी। </W><W> भविष्य </W><W> में </W><W> इस </W><W> तरह </W><W> की </W><W> घटना </W><W> न </W><W> हो </W><W> इसके </W><W> लिए </W><W> आवश्यक </W><W> पहल </W><W> की </W><W> जाएगी। </W><W> डीएसपी </W><W> प्रबंधन </W><W> हमेशा </W><W> सेफ्टी </W><W> के </W><W> प्रति </W><W> तत्पर </W><W> रहता </W><W> है। </W></P><P><W> डॉ. </W><W> चिन्मय </W><W> समाजदार, </W><W> मुख्य </W><W> जनसंपर्क </W><W> अधिकारी, </W><W> दुर्गापुर </W><W> इस्पात </W><W> संयंत्र। </W></P></DOCUMENT>