<?xml version="1.0" encoding="UTF-8"?>
<DOCUMENT><DESC/><TIME>1665</TIME><P><W> फतेहपुर </W><W> में </W><W> पारा </W><W> फिर </W><W> 0.2 </W><W> डिग्री </W><W> पहुंचा, </W><W> 8 </W><W> शहरों </W><W> का </W><W> तापमान </W><W> 5 </W><W> डिग्री </W><W> से </W><W> नीचे </W><W> । </W></P><P><W> माउंट </W><W> आबू </W><W> में </W><W> 1.0 </W><W> डिग्री </W><W> रहा, राजधानी </W><W> जयपुर </W><W> में </W><W> भी </W><W> पारे </W><W> में </W><W> भी </W><W> कमी </W><W> आई </W><W> । </W></P><P><PLACE-ARG ID="1"><LINK EVENT_ARG="2" ID="7" TYPE_REL="EVENT_ARG"/><W> जयपुर. </W><W> प्रदेश </W></PLACE-ARG><W> में </W><NATURAL_EVENT ID="2" TYPE="COLD_WAVE"><W> शीतलहर </W></NATURAL_EVENT><W> चलने </W><W> से </W><AFTER_EFFECTS-ARG ID="3"><LINK EVENT_ARG="2" ID="8" TYPE_REL="EVENT_ARG"/><W> सर्दी </W><W> का </W><W> कहर </W><W> जारी </W></AFTER_EFFECTS-ARG><W> है। </W><W> जिसके </W><W> चलते </W><AFTER_EFFECTS-ARG ID="4"><LINK EVENT_ARG="2" ID="9" TYPE_REL="EVENT_ARG"/><W> सोमवार </W><W> सुबह </W><W> कई </W><W> जगह </W><W> कोहरा </W><W> छाया </W></AFTER_EFFECTS-ARG><W> रहा। </W><W> कार </W><W> चालकों </W><W> को </W><W> परेशानी </W><W> का </W><W> सामना </W><W> करना </W><W> पड़ा। </W><AFTER_EFFECTS-ARG ID="5"><LINK EVENT_ARG="2" ID="10" TYPE_REL="EVENT_ARG"/><W> फतेहपुर </W><W> में </W><W> पारा </W><W> 0.2 </W><W> डिग्री </W></AFTER_EFFECTS-ARG><W> रिकॉर्ड </W><W> किया </W><W> गया। </W><W> वहीं </W><W> माउंट </W><W> आबू </W><W> में </W><W> 1.0 </W><W> डिग्री </W><W> रहा। </W><W> राजधानी </W><W> जयपुर </W><W> में </W><W> भी </W><W> पारे </W><W> में </W><W> भी </W><W> कमी </W><W> आई। </W><W> यहां </W><W> तापमान </W><W> 7.5 </W><W> डिग्री </W><W> दर्ज </W><W> किया </W><W> गया। </W><W> इसके </W><W> साथ </W><W> 8 </W><W> शहरों </W><W> का </W><W> तापमान </W><W> 5 </W><W> डिग्री </W><W> के </W><W> नीचे </W><W> रिकॉर्ड </W><W> किया </W><W> गया </W><W> है। </W></P><P><W> शीतलहर </W><W> के </W><W> साथ </W><W> कोहरे </W><W> की </W><W> संभावना </W><W> । </W></P><P><W> मौसम </W><W> विभाग </W><W> ने </W><W> अगले </W><W> दो </W><W> दिनों </W><W> तक </W><W> श्रीगंगानगर, </W><W> झुंझुनूं, </W><W> सीकर, </W><W> चूरू, </W><W> हनुमानगढ़, </W><W> अलवर, </W><W> भरतपुर </W><W> और </W><W> दौसा </W><W> सहित </W><W> उत्तरी </W><W> इलाकों </W><W> में </W><W> जबरदस्त </W><W> शीतलहर </W><W> चलने </W><W> के </W><W> साथ </W><W> उत्तरी </W><W> इलाकों </W><W> में </W><W> भारी </W><W> कोहरा </W><W> की </W><W> संभावना </W><W> जताई </W><W> है। </W><W> सर्द </W><W> हवाओं </W><W> से </W><W> गलन </W><W> के </W><W> साथ </W><W> ठिठुरन </W><W> बढ़ </W><W> गई।  </W></P><P><AFTER_EFFECTS-ARG ID="6"><LINK EVENT_ARG="2" ID="11" TYPE_REL="EVENT_ARG"/><W> बच्चों </W><W> की </W><W> 8 </W><W> से </W><W> 12 </W><W> जनवरी </W><W> तक </W><W> छुट्टी </W><W> रहेगी </W></AFTER_EFFECTS-ARG><W> कलेक्टर </W><W> जगरूप </W><W> सिंह </W><W> यादव </W><W> ने </W><W> एक </W><W> आदेश </W><W> जारी </W><W> कर </W><W> जयपुर </W><W> जिले </W><W> के </W><W> समस्त </W><W> राजकीय </W><W> एवं </W><W> गैर </W><W> राजकीय </W><W> विद्यालय </W><W> में </W><W> कक्षा </W><W> 1 </W><W> से </W><W> 5 </W><W> तक </W><W> के </W><W> बच्चों </W><W> की </W><W> 8 </W><W> से </W><W> 12 </W><W> जनवरी </W><W> तक </W><W> छुट्टी </W><W> घोषित </W><W> की </W><W> है। </W><W> यह </W><W> आदेश </W><W> शिक्षकों </W><W> के </W><W> लिए </W><W> लागू </W><W> नहीं </W><W> होंगे </W><W> तथा </W><W> जिन </W><W> स्कूलों </W><W> में </W><W> परीक्षाएं </W><W> संचालित </W><W> हो </W><W> रही </W><W> है, </W><W> वहां </W><W> परीक्षाएं </W><W> पूर्व </W><W> निर्धारित </W><W> कार्यक्रम </W><W> एवं </W><W> पूर्व </W><W> निर्धारित </W><W> समय </W><W> पर </W><W> होगी। </W><W> जिला </W><W> कलेक्टर </W><W> यादव </W><W> ने </W><W> बताया </W><W> कि </W><W> ये </W><W> आदेश </W><W> जिले </W><W> में </W><W> स्थित </W><W> केन्द्रीय </W><W> माध्यमिक </W><W> शिक्षा </W><W> बोर्ड </W><W> (सीबीएसई) </W><W> से </W><W> सम्बद्ध </W><W> सभी </W><W> सरकारी </W><W> एवं </W><W> निजी </W><W> विद्यालयों </W><W> पर </W><W> भी </W><W> लागू </W><W> होंगे। </W></P></DOCUMENT>