<?xml version="1.0" encoding="UTF-8"?>
<DOCUMENT><DESC/><TIME>378</TIME><P><PLACE-ARG ID="0"><LINK EVENT_ARG="5" ID="31" TYPE_REL="EVENT_ARG"/><W> दिल्लीः </W></PLACE-ARG><PARTICIPANT-ARG ID="15"><LINK EVENT_ARG="5" ID="32" TYPE_REL="EVENT_ARG"/><W> नशे </W><W> में </W><W> धुत </W><W> लड़की </W></PARTICIPANT-ARG><W> ने </W><W> तीन </W><W> कारों </W><W> को </W><MAN_MADE_EVENT ID="5" TYPE="VEHICULAR_COLLISION"><W> मारी </W><W> टक्कर, </W></MAN_MADE_EVENT><CASUALTIES-ARG ID="18"><LINK EVENT_ARG="5" ID="33" TYPE_REL="EVENT_ARG"/><W> 1 </W><W> महिला </W><W> की </W><W> मौत, </W><W> 2 </W><W> बच्चे </W><W> घायल </W></CASUALTIES-ARG><W> ।  </W></P><P><PLACE-ARG ID="1"><LINK EVENT_ARG="6" ID="34" TYPE_REL="EVENT_ARG"/><W> राजधानी </W><W> दिल्ली </W></PLACE-ARG><W> में </W><W> रफ्तार </W><W> का </W><W> कहर </W><W> देखने </W><W> को </W><W> मिला </W><W> है। </W><PLACE-ARG ID="2"><LINK EVENT_ARG="6" ID="35" TYPE_REL="EVENT_ARG"/><W> दिल्ली </W></PLACE-ARG><W> में </W><PARTICIPANT-ARG ID="36"><LINK EVENT_ARG="6" ID="37" TYPE_REL="EVENT_ARG"/><W> तीन </W><W> वाहन </W></PARTICIPANT-ARG><MAN_MADE_EVENT ID="6" TYPE="VEHICULAR_COLLISION"><EVENT-COREF-LINK EVENT_ID="5" ID="25" TYPE_REL="EVENT_COREF"/><W> आपस </W><W> में </W><W> टकरा </W><W> गए। </W></MAN_MADE_EVENT><W> दर्दनाक </W><MAN_MADE_EVENT ID="7" TYPE="VEHICULAR_COLLISION"><EVENT-COREF-LINK EVENT_ID="5" ID="26" TYPE_REL="EVENT_COREF"/><W> हादसे </W></MAN_MADE_EVENT><W> में </W><CASUALTIES-ARG ID="19"><LINK EVENT_ARG="7" ID="38" TYPE_REL="EVENT_ARG"/><W> महिला </W><W> की </W><W> मौत </W></CASUALTIES-ARG><W> हो </W><W> गई। </W><W> जबकि </W><CASUALTIES-ARG ID="20"><LINK EVENT_ARG="7" ID="39" TYPE_REL="EVENT_ARG"/><W> एक </W><W> बच्चे </W><W> समेत </W><W> दो </W><W> लोग </W><W> घायल </W></CASUALTIES-ARG><W> हो </W><W> गए।  </W></P><P><MAN_MADE_EVENT ID="8" TYPE="VEHICULAR_COLLISION"><EVENT-COREF-LINK EVENT_ID="5" ID="40" TYPE_REL="EVENT_COREF"/><W> घटना </W></MAN_MADE_EVENT><PLACE-ARG ID="3"><LINK EVENT_ARG="8" ID="41" TYPE_REL="EVENT_ARG"/><W> पंजाबी </W><W> बाग </W><W> के </W><W> फ्लाईओवर </W></PLACE-ARG><W> पर </W><W> हुई। </W><W> बताया </W><W> जा </W><W> रहा </W><W> है </W><W> कि </W><PLACE-ARG ID="4"><LINK EVENT_ARG="9" ID="42" TYPE_REL="EVENT_ARG"/><W> फ्लाइओवर </W></PLACE-ARG><W> पर </W><PARTICIPANT-ARG ID="16"><LINK EVENT_ARG="9" ID="43" TYPE_REL="EVENT_ARG"/><W> तीन </W><W> गाड़ियां </W></PARTICIPANT-ARG><MAN_MADE_EVENT ID="9" TYPE="VEHICULAR_COLLISION"><EVENT-COREF-LINK EVENT_ID="5" ID="27" TYPE_REL="EVENT_COREF"/><W> आपस </W><W> में </W><W> भिड़ </W><W> गईं। </W></MAN_MADE_EVENT><MAN_MADE_EVENT ID="10" TYPE="VEHICULAR_COLLISION"><EVENT-COREF-LINK EVENT_ID="5" ID="28" TYPE_REL="EVENT_COREF"/><W> हादसे </W></MAN_MADE_EVENT><W> में </W><AFTER_EFFECTS-ARG ID="22"><LINK EVENT_ARG="10" ID="44" TYPE_REL="EVENT_ARG"/><W> कार </W><W> भी </W><W> बुरी </W><W> क्षतिग्रस्त </W></AFTER_EFFECTS-ARG><W> हो </W><W> गईं।  </W></P><P><AFTER_EFFECTS-ARG ID="21"><LINK EVENT_ARG="11" ID="45" TYPE_REL="EVENT_ARG"/><W> घायलों </W><W> को </W><W> अस्पताल </W><W> में </W><W> भर्ती </W><W> कराया </W><W> गया </W><W> है। </W></AFTER_EFFECTS-ARG><W> मौके </W><W> पर </W><W> पहुंची </W><W> पुलिस </W><W> ने </W><W> जांच </W><W> शुरू </W><W> कर </W><W> दी </W><W> है। </W><W> पुलिस </W><W> की </W><W> शुरुआती </W><W> जांच </W><W> में </W><W> यह </W><W> बात </W><W> सामने </W><W> आई </W><W> है </W><W> कि </W><W> यह </W><W> पूरा </W><MAN_MADE_EVENT ID="11" TYPE="VEHICULAR_COLLISION"><EVENT-COREF-LINK EVENT_ID="5" ID="29" TYPE_REL="EVENT_COREF"/><W> हादसा </W></MAN_MADE_EVENT><REASON-ARG ID="23"><LINK EVENT_ARG="11" ID="46" TYPE_REL="EVENT_ARG"/><W> नशे </W><W> में </W><W> धुत </W><W> एक </W><W> लड़की </W><W> की </W><W> वजह </W><W> से </W></REASON-ARG><W> हुआ। </W><W> वह </W><REASON-ARG ID="24"><LINK EVENT_ARG="11" ID="47" TYPE_REL="EVENT_ARG"/><W> नशे </W><W> में </W><W> कार </W><W> चला </W><W> रही </W><W> थी </W></REASON-ARG><W> और </W><PARTICIPANT-ARG ID="17"><LINK EVENT_ARG="13" ID="48" TYPE_REL="EVENT_ARG"/><W> तीन </W><W> अन्य </W><W> कारों </W></PARTICIPANT-ARG><W> को </W><MAN_MADE_EVENT ID="12" TYPE="VEHICULAR_COLLISION"><EVENT-COREF-LINK EVENT_ID="13" ID="49" TYPE_REL="EVENT_COREF"/><W> ठोक </W><W> दिया </W></MAN_MADE_EVENT><W> जिसके </W><W> बाद </W><W> इतना </W><W> बड़ा </W><MAN_MADE_EVENT ID="13" TYPE="VEHICULAR_COLLISION"><EVENT-COREF-LINK EVENT_ID="5" ID="30" TYPE_REL="EVENT_COREF"/><W> हादसा </W></MAN_MADE_EVENT><W> हो </W><W> गया। </W></P></DOCUMENT>