<?xml version="1.0" encoding="UTF-8"?>
<DOCUMENT><P><W> मनीला, </W><PLACE-ARG ID="7"><LINK EVENT_ARG="0" ID="23" TYPE_REL="EVENT_ARG"/><W> फिलीपींस </W></PLACE-ARG><W> की </W><W> राजधानी </W><PLACE-ARG ID="8"><LINK EVENT_ARG="0" ID="22" TYPE_REL="EVENT_ARG"/><W> मनीला </W></PLACE-ARG><W> में </W><TIME-ARG ID="5"><LINK EVENT_ARG="0" ID="21" TYPE_REL="EVENT_ARG"/><W> शनिवार </W></TIME-ARG><W> को </W><W> पांच </W><W> लोगों </W><W> को </W><W> ले </W><W> जा </W><W> रहा </W><W> छोटा </W><W> यात्री </W><PARTICIPANT-ARG ID="12"><LINK EVENT_ARG="0" ID="20" TYPE_REL="EVENT_ARG"/><W> विमान </W></PARTICIPANT-ARG><W> उड़ान </W><W> भरने </W><W> के </W><W> कुछ </W><W> देर </W><W> बाद </W><W> ही </W><W> एक </W><PARTICIPANT-ARG ID="13"><LINK EVENT_ARG="0" ID="19" TYPE_REL="EVENT_ARG"/><W> मकान </W></PARTICIPANT-ARG><W> के </W><W> ऊपर </W><MAN_MADE_EVENT ID="0" TYPE="AVIATION_HAZARD"><W> गिर </W><W> गया। </W></MAN_MADE_EVENT><W> इस </W><MAN_MADE_EVENT ID="1" TYPE="AVIATION_HAZARD"><EVENT-COREF-LINK EVENT_ID="0" ID="33" TYPE_REL="EVENT_COREF"/><W> हादसे </W></MAN_MADE_EVENT><W> में </W><W> कुल </W><CASUALTIES-ARG ID="10"><LINK EVENT_ARG="1" ID="24" TYPE_REL="EVENT_ARG"/><W> दस </W><W> लोगों </W><W> की </W><W> मौत </W></CASUALTIES-ARG><W> हो </W><W> गई। </W></P><P><PLACE-ARG ID="9"><LINK EVENT_ARG="2" ID="27" TYPE_REL="EVENT_ARG"/><W> फिलीपींस </W></PLACE-ARG><W> के </W><W> नागरिक </W><W> उड्डयन </W><W> प्राधिकरण </W><W> के </W><W> प्रवक्ता </W><W> एरिक </W><W> अपोलोनियो </W><W> के </W><W> अनुसार </W><W> बुलाकान </W><W> प्रांत </W><W> के </W><W> प्लारिडेल </W><W> शहर </W><W> के </W><W> हवाई </W><W> अड्डे </W><W> से </W><PARTICIPANT-ARG ID="14"><LINK EVENT_ARG="2" ID="26" TYPE_REL="EVENT_ARG"/><W> पाइपर-23 </W><W> अपाचे </W><W> विमान </W></PARTICIPANT-ARG><TIME-ARG ID="6"><LINK EVENT_ARG="2" ID="25" TYPE_REL="EVENT_ARG"/><W> शनिवार </W></TIME-ARG><W> को </W><MAN_MADE_EVENT ID="2" TYPE="AVIATION_HAZARD"><EVENT-COREF-LINK EVENT_ID="0" ID="34" TYPE_REL="EVENT_COREF"/><W> दुर्घटनाग्रस्त </W></MAN_MADE_EVENT><W> हो </W><W> गया। </W><W> इसमें </W><W> सवार </W><W> सभी </W><W> यात्रियों </W><W> की </W><W> मौत </W><W> हो </W><W> गई। </W><W> साथ </W><W> ही </W><W> जमीन </W><W> पर </W><PARTICIPANT-ARG ID="15"><LINK EVENT_ARG="2" ID="28" TYPE_REL="EVENT_ARG"/><W> विमान </W></PARTICIPANT-ARG><W> की </W><W> चपेट </W><W> में </W><W> आने </W><W> से </W><W> पांच </W><W> अन्य </W><W> लोगों </W><W> की </W><W> भी </W><W> मौत </W><W> हो </W><W> गई, </W><W> जबकि </W><CASUALTIES-ARG ID="11"><LINK EVENT_ARG="2" ID="29" TYPE_REL="EVENT_ARG"/><W> दो </W><W> लोग </W><W> घायल </W></CASUALTIES-ARG><W> हो </W><W> गए। </W></P><P><MAN_MADE_EVENT ID="3" TYPE="AVIATION_HAZARD"><EVENT-COREF-LINK EVENT_ID="0" ID="35" TYPE_REL="EVENT_COREF"/><W> विमान </W><W> हादसे </W></MAN_MADE_EVENT><W> का </W><W> कारण </W><W> अभी </W><W> पता </W><W> नहीं </W><W> चल </W><W> पाया </W><W> है। </W><W> प्रत्यक्षदर्शी </W><W> के </W><W> मुताबिक, </W><PARTICIPANT-ARG ID="16"><LINK EVENT_ARG="3" ID="30" TYPE_REL="EVENT_ARG"/><W> मकान </W></PARTICIPANT-ARG><W> पर </W><W> गिरने </W><W> से </W><W> पहले </W><PARTICIPANT-ARG ID="17"><LINK EVENT_ARG="3" ID="31" TYPE_REL="EVENT_ARG"/><W> विमान </W></PARTICIPANT-ARG><W> एक </W><PARTICIPANT-ARG ID="18"><LINK EVENT_ARG="3" ID="32" TYPE_REL="EVENT_ARG"/><W> पेड़ </W></PARTICIPANT-ARG><W> से </W><W> टकराया </W><W> था। </W><W> अपोलोनियो </W><W> ने </W><W> कहा </W><W> कि </W><W> इस </W><W> उड़ान </W><W> का </W><W> संचालन </W><W> करने </W><W> वाली </W><W> कंपनी </W><W> लाइट </W><W> एयर </W><W> एक्सप्रेस </W><W> की </W><W> सभी </W><W> उड़ानें </W><MAN_MADE_EVENT ID="4" TYPE="AVIATION_HAZARD"><EVENT-COREF-LINK EVENT_ID="0" ID="36" TYPE_REL="EVENT_COREF"/><W> दुर्घटना </W></MAN_MADE_EVENT><W> का </W><W> कारण </W><W> का </W><W> पता </W><W> चलने </W><W> तक </W><W> रोक </W><W> दी </W><W> गई </W><W> हैं। </W></P></DOCUMENT>