<?xml version="1.0" encoding="UTF-8"?>
<DOCUMENT><DESC/><DESC/><TIME>524</TIME><P><PLACE-ARG ID="0"><LINK EVENT_ARG="1" ID="15" TYPE_REL="EVENT_ARG"/><W> अमेरिका </W></PLACE-ARG><W> में </W><W> भीषण </W><NATURAL_EVENT ID="1" TYPE="STORM"><W> तूफान </W></NATURAL_EVENT><W> से </W><CASUALTIES-ARG ID="10"><LINK EVENT_ARG="1" ID="16" TYPE_REL="EVENT_ARG"/><W> 18 </W><W> की </W><W> मौत </W></CASUALTIES-ARG><W> ।  </W></P><P><PLACE-ARG ID="6"><LINK EVENT_ARG="2" ID="17" TYPE_REL="EVENT_ARG"/><W> फ्लोरिडा। </W></PLACE-ARG><PLACE-ARG ID="5"><LINK EVENT_ARG="2" ID="18" TYPE_REL="EVENT_ARG"/><W> अमेरिका </W><W> के </W><W> दक्षिणी </W><W> हिस्सों </W></PLACE-ARG><W> में </W><W> भीषण </W><NATURAL_EVENT ID="2" TYPE="STORM"><EVENT-COREF-LINK EVENT_ID="1" ID="27" TYPE_REL="EVENT_COREF"/><W> आंधी-तूफान </W></NATURAL_EVENT><W> और </W><W> बारिश </W><W> से </W><CASUALTIES-ARG ID="3"><LINK EVENT_ARG="2" ID="19" TYPE_REL="EVENT_ARG"/><W> 18 </W><W> लोगों </W><W> की </W><W> मौत </W></CASUALTIES-ARG><W> हो </W><W> गई </W><W> है। </W><CASUALTIES-ARG ID="4"><LINK EVENT_ARG="2" ID="20" TYPE_REL="EVENT_ARG"/><W> दर्जनों </W><W> लोग </W><W> घायल </W></CASUALTIES-ARG><W> हैं। </W><W> सिर्फ </W><AFTER_EFFECTS-ARG ID="7"><LINK EVENT_ARG="2" ID="21" TYPE_REL="EVENT_ARG"/><W> मिशिसिपी </W><W> में </W><W> ही </W><W> 480 </W><W> घरों </W><W> को </W><W> नुकसान </W></AFTER_EFFECTS-ARG><W> पहुंचने </W><W> की </W><W> बात </W><W> कही </W><W> गई </W><W> है। </W><AFTER_EFFECTS-ARG ID="8"><LINK EVENT_ARG="2" ID="22" TYPE_REL="EVENT_ARG"/><W> जॉर्जिया, </W><W> मिसिसिपी, </W><W> फ्लोरिडा </W><W> और </W><W> अलबामा </W><W> राज्य </W><W> सबसे </W><W> ज्यादा </W><W> प्रभावित </W></AFTER_EFFECTS-ARG><W> हुए </W><W> हैं। </W><AFTER_EFFECTS-ARG ID="9"><LINK EVENT_ARG="2" ID="23" TYPE_REL="EVENT_ARG"/><W> बिजली </W><W> की </W><W> आपूर्ति </W><W> बुरी </W><W> तरह </W><W> प्रभावित </W></AFTER_EFFECTS-ARG><W> हुई </W><W> है। </W></P><P><W> मीडिया </W><W> रिपोर्ट </W><W> में </W><W> क्षतिग्रस्त </W><W> मकान </W><W> और </W><W> उखड़े </W><W> पेड़ों </W><W> को </W><W> देखा </W><W> जा </W><W> सकता </W><W> है। </W><W> जॉर्जिया </W><W> में </W><W> 14 </W><W> और </W><W> मिसिसिपी </W><W> में </W><W> चार </W><W> लोगों </W><W> की </W><W> आंधी-तूफान </W><W> से </W><W> जुड़े </W><W> हादसों </W><W> में </W><W> मौत </W><W> हो </W><W> गई। </W><W> जॉर्जिया </W><W> के </W><W> गवर्नर </W><W> नाथन </W><W> डील </W><W> ने </W><W> सात </W><W> काउंटी </W><W> में </W><W> आपात </W><W> स्थिति </W><W> की </W><W> घोषणा </W><W> कर </W><W> दी </W><W> है। </W></P><P><W> उन्होंने </W><NATURAL_EVENT ID="13" TYPE="STORM"><EVENT-COREF-LINK EVENT_ID="1" ID="28" TYPE_REL="EVENT_COREF"/><W> तूफान </W></NATURAL_EVENT><W> के </W><W> राजधानी </W><W> अटलांटा </W><W> तक </W><W> पहुंचने </W><W> की </W><W> आशंका </W><W> जताते </W><W> हुए </W><W> लोगों </W><W> को </W><W> आगाह </W><W> किया </W><W> है। </W><W> अकेले </W><PLACE-ARG ID="12"><LINK EVENT_ARG="13" ID="24" TYPE_REL="EVENT_ARG"/><W> कुक </W><W> काउंटी </W></PLACE-ARG><W> में </W><CASUALTIES-ARG ID="11"><LINK EVENT_ARG="13" ID="25" TYPE_REL="EVENT_ARG"/><W> सात </W><W> लोगों </W><W> की </W><W> मौत </W></CASUALTIES-ARG><W> हो </W><W> गई। </W><W> अमेरिकी </W><W> मौसम </W><W> विभाग </W><W> ने </W><NATURAL_EVENT ID="14" TYPE="STORM"><EVENT-COREF-LINK EVENT_ID="1" ID="26" TYPE_REL="EVENT_COREF"/><W> तूफान </W></NATURAL_EVENT><W> की </W><W> तीव्रता </W><W> को </W><W> देखते </W><W> हुए </W><W> आने </W><W> वाले </W><W> दिनों </W><W> के </W><W> लिए </W><W> गंभीर </W><W> खतरे </W><W> की </W><W> चेतावनी </W><W> दी </W><W> है। </W><W> पिछली </W><W> बार </W><W> इस </W><W> तरह </W><W> की </W><W> चेतावनी </W><W> 2014 </W><W> में </W><W> जारी </W><W> की </W><W> गई </W><W> थी। </W></P></DOCUMENT>