<?xml version="1.0" encoding="UTF-8"?>
<DOCUMENT><DESC/><TIME>2125</TIME><P><PLACE-ARG ID="8"><LINK EVENT_ARG="0" ID="44" TYPE_REL="EVENT_ARG"/><W> रूस </W></PLACE-ARG><W> में </W><MAN_MADE_EVENT ID="0" TYPE="AVIATION_HAZARD"><W> विमान </W><W> हादसा, </W></MAN_MADE_EVENT><CASUALTIES-ARG ID="17"><LINK EVENT_ARG="0" ID="45" TYPE_REL="EVENT_ARG"/><W> 2 </W><W> भारतीयों </W><W> समेत </W><W> 62 </W><W> की </W><W> मौत </W></CASUALTIES-ARG><W> । </W></P><P><PLACE-ARG ID="10"><LINK EVENT_ARG="1" ID="46" TYPE_REL="EVENT_ARG"/><W> रोस्तोव-ऑन-डॉन </W><W> (रूस)। </W></PLACE-ARG><PLACE-ARG ID="9"><LINK EVENT_ARG="1" ID="47" TYPE_REL="EVENT_ARG"/><W> दक्षिणी </W><W> रूस </W><W> के </W><W> रोस्तोव-ऑन-डॉन </W></PLACE-ARG><W> में </W><W> लैंडिंग </W><W> के </W><W> समय </W><REASON-ARG ID="11"><LINK EVENT_ARG="1" ID="48" TYPE_REL="EVENT_ARG"/><W> खराब </W><W> मौसम </W><W> के </W><W> चलते </W></REASON-ARG><PARTICIPANT-ARG ID="21"><LINK EVENT_ARG="1" ID="49" TYPE_REL="EVENT_ARG"/><W> फ्लाईदुबई </W><W> बोइंग </W><W> 737 </W><W> विमान </W></PARTICIPANT-ARG><MAN_MADE_EVENT ID="1" TYPE="AVIATION_HAZARD"><EVENT-COREF-LINK EVENT_ID="0" ID="36" TYPE_REL="EVENT_COREF"/><W> दुर्घटनाग्रस्त </W></MAN_MADE_EVENT><W> हो </W><W> गया। </W><W> इस </W><MAN_MADE_EVENT ID="22" TYPE="AVIATION_HAZARD"><EVENT-COREF-LINK EVENT_ID="0" ID="37" TYPE_REL="EVENT_COREF"/><W> हादसे </W></MAN_MADE_EVENT><W> में </W><CASUALTIES-ARG ID="18"><LINK EVENT_ARG="22" ID="50" TYPE_REL="EVENT_ARG"/><W> दो </W><W> भारतीयों </W><W> समेत </W><W> विमान </W><W> में </W><W> सवार </W><W> सभी </W><W> 62 </W><W> लोगों </W><W> की </W><W> मौत </W></CASUALTIES-ARG><W> हो </W><W> गई। </W></P><P><W> रूस </W><W> के </W><W> आपात </W><W> मंत्रालय </W><W> के </W><W> अधिकारियों </W><W> ने </W><W> बताया </W><W> कि </W><W> मारे </W><W> गए </W><W> लोगों </W><W> में </W><CASUALTIES-ARG ID="19"><LINK EVENT_ARG="22" ID="51" TYPE_REL="EVENT_ARG"/><W> 2 </W><W> भारतीय </W><W> अंजू </W><W> कथिरवेल </W><W> अय्प्पन </W><W> और </W><W> मोहन </W><W> श्याम </W></CASUALTIES-ARG><W> हैं। </W><W> केरल </W><W> के </W><W> गृह </W><W> मंत्री </W><W> रमेश </W><W> चेन्नितला </W><W> ने </W><W> बताया </W><W> कि </W><W> यह </W><W> दंपती </W><W> केरल </W><W> के </W><W> एरनाकुलम </W><W> जिले </W><W> के </W><W> पेरुमबेवूर </W><W> के </W><W> वेनगोला </W><W> गांव </W><W> के </W><W> रहने </W><W> वाले </W><W> हैं। </W><W> यह </W><W> दोनों </W><W> वेनगोला </W><W> में </W><W> दो </W><W> महीने </W><W> की </W><W> छुट्टी </W><W> मनाने </W><W> के </W><W> बाद </W><W> गत </W><W> शुक्रवार </W><W> को </W><W> ही </W><W> रूस </W><W> के </W><W> लिए </W><W> रवाना </W><W> हुए </W><W> थे। </W></P><P><W> वह </W><W> रूस </W><W> के </W><W> एक </W><W> आयुर्वेदिक </W><W> रिसार्ट </W><W> में </W><W> काम </W><W> करते </W><W> थे। </W><W> मारे </W><W> गए </W><W> अन्य </W><W> लोगों </W><W> में </W><W> 44 </W><W> रूसी, </W><W> 8 </W><W> यूक्रेन </W><W> और </W><W> एक </W><W> उज्बेकिस्तान </W><W> का </W><W> नागरिक </W><W> है। </W><PARTICIPANT-ARG ID="23"><LINK EVENT_ARG="20" ID="52" TYPE_REL="EVENT_ARG"/><W> विमान </W></PARTICIPANT-ARG><W> में </W><W> सवार </W><W> लोगों </W><W> में </W><W> 55 </W><W> यात्री </W><W> और </W><W> सात </W><W> चालक </W><W> दल </W><W> के </W><W> सदस्य </W><W> थे। </W><CASUALTIES-ARG ID="20"><LINK EVENT_ARG="22" ID="53" TYPE_REL="EVENT_ARG"/><W> मारे </W><W> गए </W><W> लोगों </W><W> में </W><W> 33 </W><W> महिलाएं, </W><W> 18 </W><W> पुरुष </W><W> और </W><W> चार </W><W> बच्चे </W><W> शामिल </W></CASUALTIES-ARG><W> हैं। </W></P><P><MAN_MADE_EVENT ID="3" TYPE="AVIATION_HAZARD"><EVENT-COREF-LINK EVENT_ID="0" ID="38" TYPE_REL="EVENT_COREF"/><W> हादसे </W></MAN_MADE_EVENT><W> की </W><W> जांच </W><W> कर </W><W> रहे </W><W> दल </W><W> के </W><W> प्रवक्ता </W><W> व्लादिमीर </W><W> मार्किन </W><W> के </W><W> अनुसार </W><MAN_MADE_EVENT ID="4" TYPE="AVIATION_HAZARD"><EVENT-COREF-LINK EVENT_ID="0" ID="39" TYPE_REL="EVENT_COREF"/><W> हादसा </W></MAN_MADE_EVENT><TIME-ARG ID="29"><LINK EVENT_ARG="4" ID="54" TYPE_REL="EVENT_ARG"/><W> शनिवार </W><W> को </W><W> सुबह </W><W> 6.20 </W><W> बजे </W></TIME-ARG><W> हुआ। </W><PARTICIPANT-ARG ID="24"><LINK EVENT_ARG="4" ID="55" TYPE_REL="EVENT_ARG"/><W> विमान </W></PARTICIPANT-ARG><W> दुबई </W><W> से </W><TIME-ARG ID="30"><LINK EVENT_ARG="4" ID="56" TYPE_REL="EVENT_ARG"/><W> शुक्रवार </W><W> की </W><W> रात </W><W> 11.50 </W><W> बजे </W></TIME-ARG><W> रवाना </W><W> हुआ </W><W> था। </W><W> अधिकारियों </W><W> ने </W><W> बताया </W><W> कि </W><REASON-ARG ID="12"><LINK EVENT_ARG="4" ID="57" TYPE_REL="EVENT_ARG"/><W> खराब </W><W> मौसम </W><W> की </W><W> वजह </W><W> से </W></REASON-ARG><W> यह </W><PARTICIPANT-ARG ID="25"><LINK EVENT_ARG="4" ID="58" TYPE_REL="EVENT_ARG"/><W> विमान </W></PARTICIPANT-ARG><W> लैंड </W><W> करने </W><W> के </W><W> लिए </W><W> रोस्तोव-ऑन-डोन </W><W> के </W><W> आकाश </W><W> पर </W><W> दो </W><W> घंटे </W><W> से </W><W> मंडरा </W><W> रहा </W><W> था। </W><REASON-ARG ID="15"><LINK EVENT_ARG="4" ID="59" TYPE_REL="EVENT_ARG"/><W> बारिश </W><W> और </W><W> तेज </W><W> हवाओं </W><W> के </W><W> चलते </W></REASON-ARG><W> लैंडिंग </W><W> की </W><W> अनुमति </W><W> नहीं </W><W> मिल </W><W> रही </W><W> थी। </W></P><P><W> कई </W><W> विमान </W><W> रोस्तोव-ऑन-डोन </W><W> से </W><W> 300 </W><W> किमी </W><W> दूर </W><W> क्रास्नोडार </W><W> एयरपोर्ट </W><W> के </W><W> लिए </W><W> डायवर्ट </W><W> कर </W><W> दिए </W><W> गए। </W><W> लेकिन </W><W> दो </W><W> घंटे </W><W> की </W><W> कोशिशों </W><W> के </W><W> बाद </W><PARTICIPANT-ARG ID="26"><LINK EVENT_ARG="5" ID="61" TYPE_REL="EVENT_ARG"/><W> दुबई </W><W> के </W><W> इस </W><W> बोइंग </W></PARTICIPANT-ARG><W> को </W><W> लैंडिंग </W><W> का </W><W> दूसरा </W><W> मौका </W><W> मिलने </W><W> पर </W><W> यात्री </W><W> विमान </W><W> रनवे </W><W> को </W><W> पीछे </W><W> छोड़ते </W><W> हुए </W><REASON-ARG ID="13"><LINK EVENT_ARG="5" ID="62" TYPE_REL="EVENT_ARG"/><W> अपना </W><W> संतुलन </W><W> खो </W><W> बैठा </W></REASON-ARG><W> और </W><W> रोस्तोव-ऑन-डोन </W><W> में </W><W> एयरपोर्ट </W><W> के </W><W> पास </W><MAN_MADE_EVENT ID="5" TYPE="AVIATION_HAZARD"><EVENT-COREF-LINK EVENT_ID="0" ID="40" TYPE_REL="EVENT_COREF"/><W> दुर्घटनाग्रस्त </W></MAN_MADE_EVENT><W> हो </W><W> गया। </W></P><P><PARTICIPANT-ARG ID="27"><LINK EVENT_ARG="5" ID="63" TYPE_REL="EVENT_ARG"/><W> फ्लाई </W><W> दुबई </W><W> एयरलाइंस </W><W> के </W><W> इस </W><W> विमान </W></PARTICIPANT-ARG><W> को </W><W> आसमान </W><W> में </W><W> एक </W><W> आग </W><W> का </W><W> गोले </W><W> की </W><W> तरह </W><W> नीचे </W><W> गिरते </W><W> देखा </W><W> गया। </W><PARTICIPANT-ARG ID="28"><LINK EVENT_ARG="16" ID="64" TYPE_REL="EVENT_ARG"/><W> विमान </W></PARTICIPANT-ARG><W> के </W><AFTER_EFFECTS-ARG ID="31"><LINK EVENT_ARG="16" ID="65" TYPE_REL="EVENT_ARG"/><W> जमीन </W><W> पर </W><W> गिरते </W><W> ही </W><W> भीषण </W><W> धमाका </W><W> हुआ </W><W> और </W><W> मलबा </W><W> दुर्घटनास्थल </W><W> पर </W><W> 1.5 </W><W> किलोमीटर </W><W> तक </W><W> फैला </W><W> गया। </W></AFTER_EFFECTS-ARG><AFTER_EFFECTS-ARG ID="32"><LINK EVENT_ARG="16" ID="66" TYPE_REL="EVENT_ARG"/><W> वहां </W><W> लगी </W><W> आग </W><W> को </W><W> अग्निशमन </W><W> दल </W><W> को </W><W> बुझाने </W><W> में </W><W> एक </W><W> घंटा </W><W> लगा। </W></AFTER_EFFECTS-ARG><W> एयरलाइंस </W><W> का </W><W> कहना </W><W> है </W><W> कि </W><MAN_MADE_EVENT ID="16" TYPE="AVIATION_HAZARD"><EVENT-COREF-LINK EVENT_ID="0" ID="41" TYPE_REL="EVENT_COREF"/><W> हादसे </W></MAN_MADE_EVENT><W> में </W><AFTER_EFFECTS-ARG ID="33"><LINK EVENT_ARG="16" ID="67" TYPE_REL="EVENT_ARG"/><W> मारे </W><W> गए </W><W> लोगों </W><W> के </W><W> परिजनों </W><W> के </W><W> वह </W><W> संपर्क </W><W> में </W><W> हैं </W><W> और </W><W> उनकी </W><W> हरसंभव </W><W> मदद </W><W> करने </W><W> की </W><W> कोशिश </W><W> कर </W><W> रहे </W><W> हैं। </W></AFTER_EFFECTS-ARG></P><P><AFTER_EFFECTS-ARG ID="34"><LINK EVENT_ARG="16" ID="68" TYPE_REL="EVENT_ARG"/><W> रूस </W><W> के </W><W> आपात </W><W> मंत्रालय </W><W> के </W><W> अनुसार </W><W> घटनास्थल </W><W> पर </W><W> 700 </W><W> से </W><W> अधिक </W><W> बचाव </W><W> कर्मी </W><W> और </W><W> सौ </W><W> वाहन </W><W> तैनात </W><W> किए </W><W> गए </W><W> हैं। </W><W> यह </W><W> सभी </W><W> तेज </W><W> हवाओं </W><W> और </W><W> छिटपुट </W><W> बर्फबारी </W><W> के </W><W> बावजूद </W><W> घटनास्थल </W><W> की </W><W> सघन </W><W> जांच </W><W> कर </W><W> रहे </W><W> हैं। </W><W> जांचकर्ताओं </W><W> ने </W><W> विमान </W><W> के </W><W> एक </W><W> ब्लैक </W><W> बॉक्स </W><W> के </W><W> मिलने </W><W> की </W><W> पुष्टि </W><W> की </W><W> है। </W></AFTER_EFFECTS-ARG></P><P><AFTER_EFFECTS-ARG ID="35"><LINK EVENT_ARG="16" ID="69" TYPE_REL="EVENT_ARG"/><W> विशेषज्ञों </W><W> को </W><W> काकपिट </W><W> की </W><W> बातचीत </W><W> का </W><W> रिकार्डर </W><W> मिला </W><W> है। </W><W> दूसरे </W><W> रिकार्डर </W><W> की </W><W> तलाश </W><W> जारी </W><W> है </W><W> जिसमें </W><W> विमान </W><W> की </W><W> उड़ान </W><W> का </W><W> ब्योरा </W><W> दर्ज </W><W> होता </W><W> है। </W></AFTER_EFFECTS-ARG><MAN_MADE_EVENT ID="6" TYPE="AVIATION_HAZARD"><EVENT-COREF-LINK EVENT_ID="0" ID="42" TYPE_REL="EVENT_COREF"/><W> हादसे </W></MAN_MADE_EVENT><W> के </W><REASON-ARG ID="71"><LINK EVENT_ARG="6" ID="72" TYPE_REL="EVENT_ARG"/><W> आधिकारिक </W><W> कारणों </W><W> की </W><W> अभी </W><W> घोषणा </W><W> नहीं </W></REASON-ARG><W> हुई </W><W> है </W><W> लेकिन </W><W> माना </W><W> जा </W><W> रहा </W><W> है </W><W> कि </W><REASON-ARG ID="14"><LINK EVENT_ARG="7" ID="70" TYPE_REL="EVENT_ARG"/><W> तेज </W><W> हवाओं </W><W> के </W><W> चलते </W></REASON-ARG><W> ही </W><W> यह </W><MAN_MADE_EVENT ID="7" TYPE="AVIATION_HAZARD"><EVENT-COREF-LINK EVENT_ID="0" ID="43" TYPE_REL="EVENT_COREF"/><W> हादसा </W></MAN_MADE_EVENT><W> हुआ। </W></P></DOCUMENT>