<?xml version="1.0" encoding="UTF-8"?>
<DOCUMENT><DESC/><DESC/><DESC/><DESC/><TIME>6161</TIME><P><W> सबसे </W><W> बड़े </W><W> ज्वालामुखी </W><W> में </W><W> हुआ </W><NATURAL_EVENT ID="1" TYPE="VOLCANO"><W> विस्फोट, </W></NATURAL_EVENT><AFTER_EFFECTS-ARG ID="2"><LINK EVENT_ARG="1" ID="21" TYPE_REL="EVENT_ARG"/><W> 30 </W><W> हजार </W><W> फीट </W><W> तक </W><W> उछला </W><W> लावा </W></AFTER_EFFECTS-ARG><W> । </W></P><P><W> वॉशिंगटन। </W><PLACE-ARG ID="6"><LINK EVENT_ARG="1" ID="22" TYPE_REL="EVENT_ARG"/><W> अमेरिका </W><W> के </W><W> हवाई </W><W> आइलैंड </W></PLACE-ARG><W> पर </W><W> मौजूद </W><NAME-ARG ID="7"><LINK EVENT_ARG="1" ID="23" TYPE_REL="EVENT_ARG"/><W> किलुआ </W></NAME-ARG><W> में </W><TIME-ARG ID="8"><LINK EVENT_ARG="1" ID="24" TYPE_REL="EVENT_ARG"/><W> गुरुवार </W></TIME-ARG><W> को </W><W> अब </W><W> तक </W><W> का </W><W> सबसे </W><W> बड़ा </W><W> ज्वालामुखी </W><W> विस्फोट </W><W> हुआ </W><W> है। </W><W> इसका </W><AFTER_EFFECTS-ARG ID="3"><LINK EVENT_ARG="1" ID="25" TYPE_REL="EVENT_ARG"/><W> लावा </W><W> 30 </W><W> हजार </W><W> फीट </W><W> से </W><W> ज्यादा </W><W> की </W><W> ऊंचाई </W><W> तक </W><W> उछला। </W></AFTER_EFFECTS-ARG><W> इसमें </W><AFTER_EFFECTS-ARG ID="4"><LINK EVENT_ARG="1" ID="26" TYPE_REL="EVENT_ARG"/><W> 10 </W><W> जगह </W><W> ऐसी </W><W> हैं </W><W> जहां </W><W> से </W><W> लावा </W><W> निकल </W><W> रहा </W></AFTER_EFFECTS-ARG><W> था। </W><W> ज्वालामुखी </W><W> फटने </W><W> से </W><AFTER_EFFECTS-ARG ID="5"><LINK EVENT_ARG="1" ID="27" TYPE_REL="EVENT_ARG"/><W> कई </W><W> जगहों </W><W> की </W><W> जमीन </W><W> भी </W><W> फट </W><W> गई। </W></AFTER_EFFECTS-ARG></P><P><W> ज्वालामुखी </W><W> के </W><W> विस्फोट </W><W> से </W><W> पहले </W><W> यहां </W><TIME-ARG ID="9"><LINK EVENT_ARG="10" ID="28" TYPE_REL="EVENT_ARG"/><W> बीते </W><W> दिनों </W></TIME-ARG><W> में </W><W> 500 </W><W> बार </W><NATURAL_EVENT ID="10" TYPE="EARTHQUAKE"><W> भूकंप </W></NATURAL_EVENT><W> आ </W><W> चुका </W><W> है। </W><W> इसमें </W><W> 13 </W><W> बार </W><W> रिएक्टर </W><W> पैमाने </W><W> पर </W><NATURAL_EVENT ID="11" TYPE="EARTHQUAKE"><EVENT-COREF-LINK EVENT_ID="10" ID="37" TYPE_REL="EVENT_COREF"/><W> भूकंप </W></NATURAL_EVENT><W> की </W><W> तीव्रता </W><MAGNITUDE-ARG ID="12"><LINK EVENT_ARG="11" ID="29" TYPE_REL="EVENT_ARG"/><W> 4 </W></MAGNITUDE-ARG><W> से </W><W> ऊपर </W><W> मापी </W><W> गई </W><W> थी। </W><W> सबसे </W><W> बड़ा </W><NATURAL_EVENT ID="13" TYPE="EARTHQUAKE"><EVENT-COREF-LINK EVENT_ID="10" ID="35" TYPE_REL="EVENT_COREF"/><W> भूकंप </W><W> का </W><W> झटका </W></NATURAL_EVENT><MAGNITUDE-ARG ID="14"><LINK EVENT_ARG="13" ID="30" TYPE_REL="EVENT_ARG"/><W> 6.9 </W><W> की </W><W> तीव्रता </W></MAGNITUDE-ARG><W> वाला </W><W> था। </W><W> बताया </W><W> जा </W><W> रहा </W><W> है </W><W> कि </W><W> इन </W><NATURAL_EVENT ID="15" TYPE="EARTHQUAKE"><EVENT-COREF-LINK EVENT_ID="10" ID="36" TYPE_REL="EVENT_COREF"/><W> भूकंप </W><W> के </W><W> झटकों </W></NATURAL_EVENT><W> से </W><W> ही </W><DEPTH-ARG ID="16"><LINK EVENT_ARG="15" ID="31" TYPE_REL="EVENT_ARG"/><W> ज्वालामुखी </W><W> और </W><W> विकराल </W><W> हो </W><W> गया। </W></DEPTH-ARG><W> अभी </W><W> तक </W><AFTER_EFFECTS-ARG ID="17"><LINK EVENT_ARG="1" ID="32" TYPE_REL="EVENT_ARG"/><W> भूकंप </W><W> का </W><W> लावा </W><W> करीब </W><W> 4 </W><W> लाख </W><W> वर्ग </W><W> फीट </W><W> तक </W><W> फैल </W><W> चुका </W></AFTER_EFFECTS-ARG><W> था। </W></P><P><W> यूएस </W><W> जियोग्राफिकल </W><W> सर्वे </W><W> ने </W><W> आस-पास </W><W> के </W><W> शहरों </W><W> में </W><W> रह </W><W> रहे </W><W> लोगों </W><W> को </W><W> जहरीली </W><W> गैस </W><W> से </W><W> बचाव </W><W> की </W><W> सलाह </W><W> दी </W><W> है। </W><AFTER_EFFECTS-ARG ID="18"><LINK EVENT_ARG="1" ID="33" TYPE_REL="EVENT_ARG"/><W> ज्वालामुखी </W><W> से </W><W> लगातार </W><W> सल्फर </W><W> डाई </W><W> ऑक्साइड </W><W> समेत </W><W> कई </W><W> जहरीली </W><W> गैसें </W><W> निकल </W><W> रही </W></AFTER_EFFECTS-ARG><W> हैं। </W><W> बीते </W><W> कई </W><W> दिनों </W><W> से </W><W> इस </W><W> ज्वालामुखी </W><W> का </W><W> धुंआ </W><W> दिखाई </W><W> दे </W><W> रहा </W><W> था। </W><W> इसके </W><W> बाद </W><W> से </W><W> ही </W><W> बड़े </W><W> विस्फोट </W><W> की </W><W> आशंका </W><W> जता </W><W> दी </W><W> गई </W><W> थी। </W></P><P><W> यूएस </W><W> जियोग्राफिकल </W><W> सर्वे </W><W> ने </W><W> जानकारी </W><W> दी </W><W> थी </W><W> कि </W><W> अंदर </W><W> भारी </W><W> मात्रा </W><W> में </W><W> लावा </W><W> मौजूद </W><W> है। </W><W> लिहाजा, </W><W> अभी </W><W> भारी </W><W> मात्रा </W><W> में </W><W> कई </W><W> दिनों </W><W> तक </W><W> लावा </W><W> निकल </W><W> सकता </W><W> है। </W><NATURAL_EVENT ID="19" TYPE="VOLCANO"><EVENT-COREF-LINK EVENT_ID="1" ID="38" TYPE_REL="EVENT_COREF"/><W> इसकी </W></NATURAL_EVENT><W> चपेट </W><W> में </W><W> आकर </W><AFTER_EFFECTS-ARG ID="20"><LINK EVENT_ARG="19" ID="34" TYPE_REL="EVENT_ARG"/><W> 32 </W><W> घर </W><W> पहले </W><W> ही </W><W> तबाह </W></AFTER_EFFECTS-ARG><W> हो </W><W> गए </W><W> थे। </W><W> यहां </W><W> के </W><W> करीब </W><W> 2,000 </W><W> लोगों </W><W> को </W><W> सुरक्षित </W><W> स्थानों </W><W> पर </W><W> भेज </W><W> दिया </W><W> गया </W><W> है। </W></P><P><W> बता </W><W> दें </W><W> कि </W><W> किलुआ </W><W> ज्वालामुखी </W><W> लुआ </W><W> हीलो </W><W> द्वीप </W><W> पर </W><W> स्थित </W><W> पांच </W><W> ज्वालामुखियों </W><W> में </W><W> से </W><W> एक </W><W> है। </W><W> यहां </W><W> करीब </W><W> 1.89 </W><W> लाख </W><W> लोग </W><W> रहते </W><W> हैं </W><W> और </W><W> इसे </W><W> देखने </W><W> के </W><W> लिए </W><W> 89 </W><W> लाख </W><W> लोग </W><W> आते </W><W> हैं। </W><W> हालांकि, </W><W> ताजे </W><W> विस्फोट </W><W> के </W><W> बाद </W><W> वॉल्कैनो </W><W> नेशनल </W><W> पार्क </W><W> को </W><W> बंद </W><W> कर </W><W> दिया </W><W> गया </W><W> है। </W></P></DOCUMENT>