<?xml version="1.0" encoding="UTF-8"?>
<DOCUMENT><DESC/><TIME>2727</TIME><P><NATURAL_EVENT ID="0" TYPE="EARTHQUAKE"><W> भूकंप </W><W> के </W><W> झटके </W></NATURAL_EVENT><W> से </W><W> सहमा </W><PLACE-ARG ID="1"><LINK EVENT_ARG="0" ID="16" TYPE_REL="EVENT_ARG"/><W> फिलीपिंस, </W></PLACE-ARG><MAGNITUDE-ARG ID="2"><LINK EVENT_ARG="0" ID="17" TYPE_REL="EVENT_ARG"/><W> रिक्टर </W><W> स्केल </W><W> पर </W><W> 6.4 </W><W> की </W><W> तीव्रता </W></MAGNITUDE-ARG><W> मापी </W><W> गई </W><W> । </W></P><P><W> मनीला। </W><PLACE-ARG ID="3"><LINK EVENT_ARG="5" ID="18" TYPE_REL="EVENT_ARG"/><W> फिलीपिंस </W></PLACE-ARG><W> में </W><TIME-ARG ID="4"><LINK EVENT_ARG="5" ID="19" TYPE_REL="EVENT_ARG"/><W> सोमवार </W></TIME-ARG><W> को </W><NATURAL_EVENT ID="5" TYPE="EARTHQUAKE"><EVENT-COREF-LINK EVENT_ID="0" ID="28" TYPE_REL="EVENT_COREF"/><W> भूकंप </W><W> के </W><W> तेज </W><W> झटके </W></NATURAL_EVENT><W> महसूस </W><W> किए </W><W> गए </W><W> हैं। </W><W> यूएस </W><W> जियोलॉजिकल </W><W> सर्वे </W><W> के </W><W> अनुसार, </W><W> रिक्टर </W><W> पैमाने </W><W> पर </W><W> इनकी </W><MAGNITUDE-ARG ID="6"><LINK EVENT_ARG="5" ID="20" TYPE_REL="EVENT_ARG"/><W> तीव्रता </W><W> 6.4 </W></MAGNITUDE-ARG><W> मापी </W><W> गई। </W><PLACE-ARG ID="7"><LINK EVENT_ARG="8" ID="21" TYPE_REL="EVENT_ARG"/><W> सेंट्रल </W><W> फिलीपिंस </W></PLACE-ARG><W> में </W><W> आए </W><W> इस </W><NATURAL_EVENT ID="8" TYPE="EARTHQUAKE"><EVENT-COREF-LINK EVENT_ID="0" ID="27" TYPE_REL="EVENT_COREF"/><W> भूकंप </W></NATURAL_EVENT><W> से </W><AFTER_EFFECTS-ARG ID="9"><LINK EVENT_ARG="8" ID="22" TYPE_REL="EVENT_ARG"/><W> लोग </W><W> डर </W><W> गए। </W></AFTER_EFFECTS-ARG><W> समाचार </W><W> एजेंसी </W><W> रॉयटर्स </W><W> ने </W><W> कहा </W><W> कि </W><AFTER_EFFECTS-ARG ID="10"><LINK EVENT_ARG="11" ID="23" TYPE_REL="EVENT_ARG"/><W> मनीला </W><W> में </W><W> कई </W><W> ईमारत, </W><W> दफ्तर </W><NATURAL_EVENT ID="11" TYPE="EARTHQUAKE"><W> भूकंप </W><W> के </W><W> झटके </W></NATURAL_EVENT><W> से </W><W> हिलते </W><W> देखे </W><W> गए। </W></AFTER_EFFECTS-ARG></P><P><W> लोग </W><W> डर </W><W> की </W><W> वजह </W><W> से </W><W> सड़कों </W><W> पर </W><W> भाग </W><W> आए। </W><W> हालांकि, </W><W> अभी </W><W> किसी </W><W> तरह </W><W> के </W><W> जान-माल </W><W> के </W><W> नुकसान </W><W> की </W><W> सूचना </W><W> नहीं </W><W> मिली </W><W> है। </W><NATURAL_EVENT ID="12" TYPE="EARTHQUAKE"><EVENT-COREF-LINK EVENT_ID="0" ID="29" TYPE_REL="EVENT_COREF"/><W> भूकंप </W></NATURAL_EVENT><W> का </W><W> केंद्र </W><PLACE-ARG ID="13"><LINK EVENT_ARG="12" ID="24" TYPE_REL="EVENT_ARG"/><W> मनीला </W><W> के </W><W> उत्तर-पश्चिम </W><W> में </W><W> 60 </W><W> किमी </W><W> की </W><W> दूरी </W><W> पर </W><W> 40 </W><W> किमी </W><W> की </W><W> गहराई </W><W> पर </W><W> था। </W></PLACE-ARG><W> यूएसजीएस </W><W> ने </W><W> शुरू </W><W> में </W><W> कहा </W><W> था </W><W> कि </W><NATURAL_EVENT ID="14" TYPE="EARTHQUAKE"><EVENT-COREF-LINK EVENT_ID="0" ID="26" TYPE_REL="EVENT_COREF"/><W> भूकंप </W></NATURAL_EVENT><W> की </W><MAGNITUDE-ARG ID="15"><LINK EVENT_ARG="14" ID="25" TYPE_REL="EVENT_ARG"/><W> तीव्रता </W><W> 6.4 </W></MAGNITUDE-ARG><W> था, </W><W> लेकिन </W><W> बाद </W><W> में </W><W> इसे </W><W> थोड़ा </W><W> कम </W><W> कर </W><W> दिया। </W></P><P><W> फिलीपींस </W><W> भूकंपीय </W><W> रूप </W><W> से </W><W> सक्रिय </W><W> पैसेफिक </W><W> "रिंग </W><W> ऑफ </W><W> फायर" </W><W> पर </W><W> बसा </W><W> है। </W><W> यह </W><W> घोड़े </W><W> की </W><W> नाल </W><W> के </W><W> आकार </W><W> के </W><W> ज्वालामुखियों </W><W> के </W><W> एक </W><W> बैंड </W><W> में </W><W> है </W><W> और </W><W> प्रशांत </W><W> महासागर </W><W> के </W><W> किनारों </W><W> को </W><W> पार </W><W> करने </W><W> वाली </W><W> फाल्ट </W><W> लाइन्स </W><W> पर </W><W> बसा </W><W> है। </W></P></DOCUMENT>