<?xml version="1.0" encoding="UTF-8"?>
<DOCUMENT><DESC/><DESC/><TIME>8960</TIME><P><PLACE-ARG ID="0"><LINK EVENT_ARG="1" ID="35" TYPE_REL="EVENT_ARG"/><W> इंडोनेशिया </W></PLACE-ARG><W> में </W><NATURAL_EVENT ID="1" TYPE="FLOODS"><W> बाढ़ </W></NATURAL_EVENT><W> और </W><NATURAL_EVENT ID="2" TYPE="LAND_SLIDE"><W> भूस्खलन </W></NATURAL_EVENT><W> से </W><CASUALTIES-ARG ID="5"><LINK EVENT_ARG="1" ID="36" TYPE_REL="EVENT_ARG"/><W> 11 </W><W> स्कूली </W><W> बच्चों </W><W> की </W><W> मौत </W></CASUALTIES-ARG><W> । </W></P><P><W> इंडोनेशिया। </W><PLACE-ARG ID="9"><LINK EVENT_ARG="3" ID="37" TYPE_REL="EVENT_ARG"/><W> इंडोनोशिया </W></PLACE-ARG><W> में </W><W> भारी </W><NATURAL_EVENT ID="3" TYPE="FLOODS"><EVENT-COREF-LINK EVENT_ID="1" ID="63" TYPE_REL="EVENT_COREF"/><W> बाढ़ </W></NATURAL_EVENT><W> और </W><NATURAL_EVENT ID="4" TYPE="LAND_SLIDE"><EVENT-COREF-LINK EVENT_ID="2" ID="60" TYPE_REL="EVENT_COREF"/><W> भूस्खलन </W></NATURAL_EVENT><W> की </W><W> वजह </W><W> से </W><CASUALTIES-ARG ID="6"><LINK EVENT_ARG="4" ID="38" TYPE_REL="EVENT_ARG"/><W> 21 </W><W> लोगों </W><W> की </W><W> मौत </W></CASUALTIES-ARG><W> हो </W><W> गई। </W><W> मरने </W><W> वालों </W><W> में </W><CASUALTIES-ARG ID="7"><LINK EVENT_ARG="4" ID="39" TYPE_REL="EVENT_ARG"/><W> 11 </W><W> स्कूली </W><W> बच्चे </W><W> शामिल </W></CASUALTIES-ARG><W> है। </W><W> साथ </W><W> ही </W><CASUALTIES-ARG ID="8"><LINK EVENT_ARG="4" ID="40" TYPE_REL="EVENT_ARG"/><W> 11 </W><W> लोग </W><W> लापता </W><W> बताए </W><W> जा </W><W> रहे </W></CASUALTIES-ARG><W> हैं </W><W> और </W><NATURAL_EVENT ID="10" TYPE="FLOODS"><EVENT-COREF-LINK EVENT_ID="1" ID="64" TYPE_REL="EVENT_COREF"/><W> बाढ़ </W></NATURAL_EVENT><W> और </W><NATURAL_EVENT ID="11" TYPE="LAND_SLIDE"><EVENT-COREF-LINK EVENT_ID="2" ID="62" TYPE_REL="EVENT_COREF"/><W> भूस्खलन </W></NATURAL_EVENT><W> की </W><W> वजह </W><W> से </W><AFTER_EFFECTS-ARG ID="12"><LINK EVENT_ARG="10" ID="41" TYPE_REL="EVENT_ARG"/><W> सैकड़ों </W><W> घर </W><W> तबाह </W></AFTER_EFFECTS-ARG><W> हो </W><W> गए </W><W> हैं। </W><PLACE-ARG ID="13"><LINK EVENT_ARG="14" ID="42" TYPE_REL="EVENT_ARG"/><W> उत्तर </W><W> और </W><W> पश्चिम </W><W> सुमात्रा </W></PLACE-ARG><W> में </W><NATURAL_EVENT ID="14" TYPE="FLOODS"><EVENT-COREF-LINK EVENT_ID="1" ID="66" TYPE_REL="EVENT_COREF"/><W> बाढ़ </W></NATURAL_EVENT><W> से </W><W> ज्यादा </W><AFTER_EFFECTS-ARG ID="17"><LINK EVENT_ARG="14" ID="43" TYPE_REL="EVENT_ARG"/><W> तबाही </W></AFTER_EFFECTS-ARG><W> हुई </W><W> है। </W><W> आपदा </W><W> राहत </W><W> में </W><W> लगे </W><W> अधिकारी </W><W> सुत्पो </W><W> पूर्वो </W><W> नुगराहो </W><W> का </W><W> कहना </W><W> है </W><W> कि </W><NATURAL_EVENT ID="15" TYPE="FLOODS"><EVENT-COREF-LINK EVENT_ID="1" ID="65" TYPE_REL="EVENT_COREF"/><W> बाढ़ </W></NATURAL_EVENT><W> में </W><AFTER_EFFECTS-ARG ID="16"><LINK EVENT_ARG="15" ID="44" TYPE_REL="EVENT_ARG"/><W> तीन </W><W> सस्पेंशन </W><W> ब्रिज </W><W> भी </W><W> नष्ट </W></AFTER_EFFECTS-ARG><W> हो </W><W> गए </W><W> हैं। </W><W> लोगों </W><W> के </W><W> निकालने </W><W> और </W><W> बचाव </W><W> और </W><W> राहत </W><W> का </W><W> काम </W><W> जारी </W><W> है। </W></P><P><W> एजेंसी </W><W> बीएनपीबी </W><W> का </W><W> कहना </W><W> है </W><W> कि </W><W> बाढ़ग्रस्त </W><W> ज्यादातर </W><W> गांव </W><W> पहाड़ों </W><W> में </W><W> स्थित </W><W> है </W><W> और </W><W> इन </W><W> इलाकों </W><W> की </W><AFTER_EFFECTS-ARG ID="18"><LINK EVENT_ARG="15" ID="45" TYPE_REL="EVENT_ARG"/><W> सड़कें </W><W> क्षतिग्रस्त </W></AFTER_EFFECTS-ARG><W> हो </W><W> गई </W><W> है, </W><W> इसलिए </W><W> यहां </W><W> पर </W><W> पहुंचना </W><W> फिलहाल </W><W> मुश्किल </W><W> हो </W><W> गया </W><W> है। </W></P><P><W> उत्तर </W><W> सुमात्रा </W><W> में </W><W> एक </W><W> इस्लामिक </W><W> स्कूल </W><W> में </W><W> पढ़ाई </W><W> कर </W><W> रहे </W><CASUALTIES-ARG ID="19"><LINK EVENT_ARG="20" ID="46" TYPE_REL="EVENT_ARG"/><W> 11 </W><W> बच्चों </W><W> की </W><W> उस </W><W> वक्त </W><W> मौत </W></CASUALTIES-ARG><W> हो </W><W> गई, </W><W> जब </W><W> पास </W><W> में </W><W> बहने </W><W> वाली </W><W> नदी </W><W> में </W><NATURAL_EVENT ID="20" TYPE="FLOODS"><EVENT-COREF-LINK EVENT_ID="1" ID="67" TYPE_REL="EVENT_COREF"/><W> बाढ़ </W></NATURAL_EVENT><W> आने </W><W> से </W><AFTER_EFFECTS-ARG ID="21"><LINK EVENT_ARG="20" ID="47" TYPE_REL="EVENT_ARG"/><W> स्कूल </W><W> की </W><W> दीवार </W><W> ढह </W><W> गई। </W></AFTER_EFFECTS-ARG><CASUALTIES-ARG ID="22"><LINK EVENT_ARG="20" ID="48" TYPE_REL="EVENT_ARG"/><W> बच्चे </W><W> कीचड़ </W><W> के </W><W> सैलाब </W><W> और </W><W> दीवार </W><W> के </W><W> मलबे </W><W> में </W><W> दब </W><W> गए। </W></CASUALTIES-ARG><W> बचावकर्मी </W><W> दुर्घटना </W><W> वाली </W><W> जगह </W><W> पर </W><W> राहत </W><W> और </W><W> बचाव </W><W> में </W><W> लगे </W><W> हुए </W><W> हैं। </W><CASUALTIES-ARG ID="23"><LINK EVENT_ARG="20" ID="49" TYPE_REL="EVENT_ARG"/><W> एक </W><W> बच्चे </W><W> के </W><W> साथ </W><W> कुछ </W><W> अन्य </W><W> लोग </W><W> अभी </W><W> भी </W><W> लापता </W></CASUALTIES-ARG><W> बताया </W><W> जा </W><W> रहा </W><W> है। </W><W> हादसे </W><W> के </W><W> वक्त </W><W> कक्षा </W><W> में </W><W> 29 </W><W> बच्चे </W><W> मौजूद </W><W> थे। </W></P><P><W> इसके </W><W> साथ </W><W> ही </W><NATURAL_EVENT ID="24" TYPE="FLOODS"><EVENT-COREF-LINK EVENT_ID="1" ID="68" TYPE_REL="EVENT_COREF"/><W> बाढ़ </W></NATURAL_EVENT><W> और </W><NATURAL_EVENT ID="25" TYPE="LAND_SLIDE"><EVENT-COREF-LINK EVENT_ID="2" ID="61" TYPE_REL="EVENT_COREF"/><W> भूस्खलन </W></NATURAL_EVENT><W> की </W><W> वजह </W><W> से </W><PLACE-ARG ID="26"><LINK EVENT_ARG="24" ID="50" TYPE_REL="EVENT_ARG"/><W> इंडोनेशिया </W><W> के </W><W> दूसरे </W><W> हिस्सों </W></PLACE-ARG><W> में </W><W> भी </W><CASUALTIES-ARG ID="27"><LINK EVENT_ARG="24" ID="51" TYPE_REL="EVENT_ARG"/><W> कुछ </W><W> लोगों </W><W> के </W><W> मरने </W><W> की </W><W> खबर </W></CASUALTIES-ARG><W> है। </W><CASUALTIES-ARG ID="28"><LINK EVENT_ARG="24" ID="53" TYPE_REL="EVENT_ARG"/><W> दो </W><W> लोगों </W><W> की </W><W> मौत </W></CASUALTIES-ARG><W> उस </W><W> वक्त </W><W> हो </W><W> गई </W><W> जब </W><W> उनकी </W><AFTER_EFFECTS-ARG ID="29"><LINK EVENT_ARG="24" ID="54" TYPE_REL="EVENT_ARG"/><W> बाइक </W><W> नदी </W><W> में </W><W> बह </W><W> गई। </W></AFTER_EFFECTS-ARG><PLACE-ARG ID="30"><LINK EVENT_ARG="31" ID="55" TYPE_REL="EVENT_ARG"/><W> उत्तर </W><W> सुमात्रा </W><W> के </W><W> सिबलोगा </W><W> इलाके </W></PLACE-ARG><W> में </W><NATURAL_EVENT ID="31" TYPE="LAND_SLIDE"><EVENT-COREF-LINK EVENT_ID="2" ID="59" TYPE_REL="EVENT_COREF"/><W> भूस्खलन </W></NATURAL_EVENT><W> से </W><CASUALTIES-ARG ID="32"><LINK EVENT_ARG="31" ID="56" TYPE_REL="EVENT_ARG"/><W> चार </W><W> लोगों </W><W> की </W><W> मौत </W></CASUALTIES-ARG><W> हो </W><W> गई। </W><W> वहीं </W><PLACE-ARG ID="34"><LINK EVENT_ARG="31" ID="57" TYPE_REL="EVENT_ARG"/><W> पश्चिम </W><W> सुमात्रा </W></PLACE-ARG><W> में </W><CASUALTIES-ARG ID="33"><LINK EVENT_ARG="31" ID="58" TYPE_REL="EVENT_ARG"/><W> दो </W><W> बच्चों </W><W> सहित </W><W> चार </W><W> लोगों </W><W> की </W><W> मौत </W></CASUALTIES-ARG><W> हो </W><W> गई। </W></P></DOCUMENT>