<?xml version="1.0" encoding="UTF-8"?>
<DOCUMENT><DESC/><TIME>1323</TIME><P><PLACE-ARG ID="0"><LINK EVENT_ARG="1" ID="20" TYPE_REL="EVENT_ARG"/><W> ताइवान </W></PLACE-ARG><NATURAL_EVENT ID="1" TYPE="EARTHQUAKE"><W> भूकंप </W></NATURAL_EVENT><W> में </W><W> अब </W><W> तक </W><CASUALTIES-ARG ID="2"><LINK EVENT_ARG="1" ID="21" TYPE_REL="EVENT_ARG"/><W> 18 </W><W> की </W><W> मौत, </W></CASUALTIES-ARG><CASUALTIES-ARG ID="3"><LINK EVENT_ARG="1" ID="22" TYPE_REL="EVENT_ARG"/><W> 150 </W><W> अब </W><W> भी </W><W> लापता </W></CASUALTIES-ARG><W> । </W></P><P><PLACE-ARG ID="7"><LINK EVENT_ARG="9" ID="23" TYPE_REL="EVENT_ARG"/><W> ताइवान। </W></PLACE-ARG><PLACE-ARG ID="8"><LINK EVENT_ARG="9" ID="24" TYPE_REL="EVENT_ARG"/><W> ताइवान </W></PLACE-ARG><W> में </W><W> आए </W><NATURAL_EVENT ID="9" TYPE="EARTHQUAKE"><EVENT-COREF-LINK EVENT_ID="1" ID="33" TYPE_REL="EVENT_COREF"/><W> भूकंप </W></NATURAL_EVENT><W> से </W><W> अब </W><W> तक </W><CASUALTIES-ARG ID="4"><LINK EVENT_ARG="9" ID="25" TYPE_REL="EVENT_ARG"/><W> 18 </W><W> लोगों </W><W> की </W><W> मौत </W></CASUALTIES-ARG><W> हो </W><W> चुकी </W><W> है </W><W> जबकि </W><CASUALTIES-ARG ID="5"><LINK EVENT_ARG="9" ID="26" TYPE_REL="EVENT_ARG"/><W> 150 </W><W> से </W><W> अधिक </W><W> लोग </W><W> लापता </W></CASUALTIES-ARG><W> बताए </W><W> गए </W><W> हैं। </W><W> इस </W><NATURAL_EVENT ID="10" TYPE="EARTHQUAKE"><EVENT-COREF-LINK EVENT_ID="1" ID="34" TYPE_REL="EVENT_COREF"/><W> भूकंप </W></NATURAL_EVENT><W> में </W><CASUALTIES-ARG ID="6"><LINK EVENT_ARG="10" ID="27" TYPE_REL="EVENT_ARG"/><W> 500 </W><W> लोगों </W><W> के </W><W> घायल </W></CASUALTIES-ARG><W> होने </W><W> की </W><W> भी </W><W> खबर </W><W> है। </W><W> राहत </W><W> और </W><W> बचाव </W><W> कार्य </W><W> भूकंप </W><W> के </W><W> 24 </W><W> घंटों </W><W> के </W><W> बाद </W><W> भी </W><W> जारी </W><W> है। </W></P><P><W> मलबे </W><W> के </W><W> ढेर </W><W> में </W><W> राहतकर्मी </W><W> जिंदगी </W><W> की </W><W> तलाश </W><W> में </W><W> जुटे </W><W> हुए </W><W> हैं। </W><W> इस </W><NATURAL_EVENT ID="11" TYPE="EARTHQUAKE"><EVENT-COREF-LINK EVENT_ID="1" ID="35" TYPE_REL="EVENT_COREF"/><W> भूकंप </W></NATURAL_EVENT><W> में </W><W> सबसे </W><W> अधिक </W><W> तबाही </W><EPICENTRE-ARG ID="13"><LINK EVENT_ARG="11" ID="28" TYPE_REL="EVENT_ARG"/><W> टेनन </W><W> प्रांत </W></EPICENTRE-ARG><W> में </W><W> हुई </W><W> है। </W><W> वहीं </W><W> पर </W><W> इस </W><NATURAL_EVENT ID="12" TYPE="EARTHQUAKE"><EVENT-COREF-LINK EVENT_ID="1" ID="36" TYPE_REL="EVENT_COREF"/><W> भूकंप </W></NATURAL_EVENT><W> का </W><W> केंद्र </W><W> भी </W><W> था। </W><W> यांगकांग </W><W> जिले </W><W> में </W><AFTER_EFFECTS-ARG ID="15"><LINK EVENT_ARG="14" ID="29" TYPE_REL="EVENT_ARG"/><W> कई </W><W> बहुमंजिला </W><W> इमारतें </W><W> इस </W><NATURAL_EVENT ID="14" TYPE="EARTHQUAKE"><W> भूकंप </W></NATURAL_EVENT><W> में </W><W> जमींदोज </W><W> हो </W><W> गई </W></AFTER_EFFECTS-ARG><W> हैं। </W><W> वहां </W><W> पर </W><W> राहतकार्य </W><W> जारों </W><W> पर </W><W> चल </W><W> रहा </W><W> है। </W></P><P><W> टेनन </W><W> जिले </W><W> के </W><W> मेयर </W><W> ले </W><W> चिंग </W><W> ते </W><W> के </W><W> मुताबिक </W><W> घायलों </W><W> की </W><W> तलाश </W><W> के </W><W> लिए </W><W> लाइफ </W><W> डिटेक्टिंग </W><W> इक्यूपमेंट </W><W> का </W><W> सहारा </W><W> लिया </W><W> जा </W><W> रहा </W><W> है। </W><W> इसकी </W><W> वजह </W><W> से </W><W> करीब </W><W> 29 </W><W> लोगों </W><W> को </W><W> तलाश </W><W> किया </W><W> गया </W><W> है। </W><W> टेनन </W><W> में </W><W> फैले </W><W> मलबे </W><W> से </W><W> अब </W><W> तक </W><W> करीब </W><W> 350 </W><W> घायलों </W><W> को </W><W> निकाला </W><W> जा </W><W> चुका </W><W> है। </W></P><P><W> इनमें </W><W> से </W><W> कुछ </W><W> को </W><W> मामूली </W><W> चोट </W><W> भी </W><W> आई </W><W> है </W><W> तो </W><W> कुछ </W><W> गंभीर </W><W> रूप </W><W> से </W><W> जख्मी </W><W> हुए </W><W> हैं। </W><W> राहतकार्य </W><W> के </W><W> लिए </W><W> प्रशासन </W><W> और </W><W> सरकार </W><W> ने </W><W> करीब </W><W> 2000 </W><W> जवान </W><W> लगाए </W><W> हैं। </W><W> इसके </W><W> अलावा </W><W> कई </W><W> भारी </W><W> मशीन </W><W> समेत </W><W> अन्य </W><W> उपकरण </W><W> भी </W><W> इस </W><W> काम </W><W> के </W><W> लिए </W><W> लगाए </W><W> गए </W><W> हैं। </W></P><P><PLACE-ARG ID="16"><LINK EVENT_ARG="17" ID="30" TYPE_REL="EVENT_ARG"/><W> यांगकांग </W><W> जिले </W></PLACE-ARG><W> में </W><W> इस </W><NATURAL_EVENT ID="17" TYPE="EARTHQUAKE"><EVENT-COREF-LINK EVENT_ID="1" ID="37" TYPE_REL="EVENT_COREF"/><W> भूकंप </W></NATURAL_EVENT><W> के </W><W> बाद </W><W> तिरछी </W><W> हुई </W><W> बहुमंजिला </W><W> इमारत </W><W> से </W><W> अब </W><W> तक </W><W> 200 </W><W> लोगों </W><W> को </W><W> सुरक्षित </W><W> निकाला </W><W> जा </W><W> चुका </W><W> है। </W><W> दूसरी </W><W> ओर </W><W> शनिवार </W><W> को </W><W> 24 </W><W> घंटों </W><W> के </W><W> लिए </W><W> बंद </W><W> की </W><W> गई </W><W> हाईस्पीड </W><W> ट्रेन </W><W> को </W><W> आज </W><W> दोपहर </W><W> बाद </W><W> से </W><W> फिर </W><W> शुरू </W><W> कर </W><W> दिया </W><W> जाएगा। </W><W> शनिवार </W><W> को </W><W> आए </W><W> इस </W><W> भूकंप </W><W> के </W><W> चलते </W><W> इसकी </W><W> सेवा </W><W> को </W><W> रद </W><W> कर </W><W> दिया </W><W> गया </W><W> था। </W><NATURAL_EVENT ID="19" TYPE="EARTHQUAKE"><EVENT-COREF-LINK EVENT_ID="1" ID="32" TYPE_REL="EVENT_COREF"/><W> भूकंप </W></NATURAL_EVENT><W> की </W><W> वजह </W><W> से </W><AFTER_EFFECTS-ARG ID="18"><LINK EVENT_ARG="17" ID="31" TYPE_REL="EVENT_ARG"/><W> कई </W><W> जगहों </W><W> पर </W><W> पावर </W><W> सप्लाई </W><W> को </W><W> काफी </W><W> क्षति </W><W> पहुंची </W></AFTER_EFFECTS-ARG><W> थी </W><W> जिसकी </W><W> वजह </W><W> से </W><W> यह </W><W> कदम </W><W> उठाना </W><W> पड़ा </W><W> था </W><W> । </W></P></DOCUMENT>