<?xml version="1.0" encoding="UTF-8"?>
<DOCUMENT><DESC/><DESC/><TIME>3063</TIME><P><PLACE-ARG ID="0"><LINK EVENT_ARG="2" ID="23" TYPE_REL="EVENT_ARG"/><W> इटली </W></PLACE-ARG><W> के </W><PLACE-ARG ID="1"><LINK EVENT_ARG="2" ID="24" TYPE_REL="EVENT_ARG"/><W> सिसली </W><W> द्वीप </W></PLACE-ARG><W> में </W><NATURAL_EVENT ID="2" TYPE="FLOODS"><W> बाढ़ </W></NATURAL_EVENT><W> से </W><CASUALTIES-ARG ID="3"><LINK EVENT_ARG="2" ID="25" TYPE_REL="EVENT_ARG"/><W> दस </W><W> की </W><W> मौत </W></CASUALTIES-ARG><W> । </W></P><P><W> रोम। </W><PLACE-ARG ID="4"><LINK EVENT_ARG="6" ID="26" TYPE_REL="EVENT_ARG"/><W> इटली </W><W> के </W><W> सिसली </W><W> द्वीप </W></PLACE-ARG><W> के </W><PLACE-ARG ID="5"><LINK EVENT_ARG="6" ID="27" TYPE_REL="EVENT_ARG"/><W> पलेरमो </W><W> क्षेत्र </W></PLACE-ARG><W> में </W><W> आई </W><NATURAL_EVENT ID="6" TYPE="FLOODS"><EVENT-COREF-LINK EVENT_ID="2" ID="39" TYPE_REL="EVENT_COREF"/><W> बाढ़ </W></NATURAL_EVENT><W> से </W><CASUALTIES-ARG ID="10"><LINK EVENT_ARG="6" ID="28" TYPE_REL="EVENT_ARG"/><W> एक </W><W> ही </W><W> परिवार </W><W> के </W><W> नौ </W><W> सदस्यों </W><W> समेत </W><W> दस </W><W> लोगों </W><W> की </W><W> मौत </W></CASUALTIES-ARG><W> हो </W><W> गई। </W><W> इस </W><W> क्षेत्र </W><W> में </W><W> बहने </W><W> वाली </W><W> एक </W><W> छोटी </W><W> नदी </W><W> में </W><W> आई </W><NATURAL_EVENT ID="7" TYPE="FLOODS"><EVENT-COREF-LINK EVENT_ID="2" ID="40" TYPE_REL="EVENT_COREF"/><W> बाढ़ </W></NATURAL_EVENT><W> के </W><W> बाद </W><W> से </W><CASUALTIES-ARG ID="12"><LINK EVENT_ARG="7" ID="29" TYPE_REL="EVENT_ARG"/><W> दो </W><W> लोग </W><W> लापता </W><W> बताए </W><W> जा </W><W> रहे </W></CASUALTIES-ARG><W> हैं। </W></P><P><PLACE-ARG ID="11"><LINK EVENT_ARG="13" ID="30" TYPE_REL="EVENT_ARG"/><W> इलाके </W></PLACE-ARG><W> में </W><NATURAL_EVENT ID="13" TYPE="STORM"><W> तूफान </W></NATURAL_EVENT><W> का </W><W> कहर </W><W> भी </W><W> जारी </W><W> है </W><W> जिसने </W><AFTER_EFFECTS-ARG ID="14"><LINK EVENT_ARG="13" ID="31" TYPE_REL="EVENT_ARG"/><W> क्षेत्र </W><W> में </W><W> भारी </W><W> तबाही </W><W> मचाई </W></AFTER_EFFECTS-ARG><W> हुई </W><W> है। </W><W> राहत </W><W> और </W><W> बचाव </W><W> सेवा </W><W> के </W><W> एक </W><W> अधिकारी </W><W> ने </W><W> रविवार </W><W> को </W><W> कहा, </W><W> 'नदी </W><W> किनारे </W><W> स्थित </W><W> एक </W><W> घर </W><W> से </W><CASUALTIES-ARG ID="15"><LINK EVENT_ARG="13" ID="32" TYPE_REL="EVENT_ARG"/><W> नौ </W><W> लोगों </W><W> के </W><W> शव </W><W> मिले। </W></CASUALTIES-ARG><W> इनमें </W><W> तीन </W><W> शव </W><W> एक, </W><W> तीन </W><W> और </W><W> 15 </W><W> साल </W><W> के </W><W> तीन </W><W> बच्चों </W><W> के </W><W> थे। </W></P><P><W> इसी </W><W> परिवार </W><W> के </W><W> तीन </W><W> सदस्य </W><W> अपनी </W><W> जान </W><W> बचाने </W><W> में </W><W> कामयाब </W><W> रहे।' </W><W> एक </W><W> अन्य </W><W> व्यक्ति </W><W> का </W><W> शव </W><W> कार </W><W> में </W><W> मिला। </W><NATURAL_EVENT ID="8" TYPE="FLOODS"><EVENT-COREF-LINK EVENT_ID="2" ID="41" TYPE_REL="EVENT_COREF"/><W> बाढ़ </W></NATURAL_EVENT><W> के </W><W> अलावा </W><PLACE-ARG ID="16"><LINK EVENT_ARG="8" ID="33" TYPE_REL="EVENT_ARG"/><W> इटली </W><W> के </W><W> उत्तरी </W><W> इलाके </W></PLACE-ARG><W> और </W><PLACE-ARG ID="17"><LINK EVENT_ARG="9" ID="34" TYPE_REL="EVENT_ARG"/><W> वेनिस </W><W> के </W><W> आसपास </W></PLACE-ARG><W> एक </W><W> के </W><W> बाद </W><W> एक </W><W> कई </W><NATURAL_EVENT ID="9" TYPE="STORM"><EVENT-COREF-LINK EVENT_ID="13" ID="42" TYPE_REL="EVENT_COREF"/><W> तूफान </W></NATURAL_EVENT><W> आने </W><W> से </W><W> अब </W><W> तक </W><CASUALTIES-ARG ID="18"><LINK EVENT_ARG="9" ID="35" TYPE_REL="EVENT_ARG"/><W> 20 </W><W> लोगों </W><W> की </W><W> जान </W><W> जा </W><W> चुकी </W></CASUALTIES-ARG><W> है। </W><PLACE-ARG ID="19"><LINK EVENT_ARG="21" ID="36" TYPE_REL="EVENT_ARG"/><W> इटली </W></PLACE-ARG><W> में </W><TIME-ARG ID="22"><LINK EVENT_ARG="21" ID="37" TYPE_REL="EVENT_ARG"/><W> बीते </W><W> पांच-छह </W><W> दशकों </W></TIME-ARG><W> में </W><W> यह </W><NATURAL_EVENT ID="21" TYPE="FLOODS"><EVENT-COREF-LINK EVENT_ID="2" ID="38" TYPE_REL="EVENT_COREF"/><W> मौसम </W><W> की </W><W> सबसे </W><W> भीषण </W><W> मार </W></NATURAL_EVENT><W> है। </W></P></DOCUMENT>