<?xml version="1.0" encoding="UTF-8"?>
<DOCUMENT><P><W> लाहौर। </W><PLACE-ARG ID="0"><LINK EVENT_ARG="2" ID="15" TYPE_REL="EVENT_ARG"/><W> पाकिस्तान </W><W> के </W><W> पूर्वी </W><W> शहर </W><W> लाहौर </W></PLACE-ARG><W> में </W><TIME-ARG ID="1"><LINK EVENT_ARG="2" ID="16" TYPE_REL="EVENT_ARG"/><W> बुधवार </W></TIME-ARG><W> को </W><W> एक </W><W> चार </W><W> मंजिला </W><W> कारखाने </W><W> की </W><W> इमारत </W><MAN_MADE_EVENT ID="2" TYPE="INDUSTRIAL_ACCIDENT"><W> ढह </W></MAN_MADE_EVENT><W> गई। </W><MAN_MADE_EVENT ID="3" TYPE="INDUSTRIAL_ACCIDENT"><EVENT-COREF-LINK EVENT_ID="2" ID="27" TYPE_REL="EVENT_COREF"/><W> हादसे </W></MAN_MADE_EVENT><W> में </W><CASUALTIES-ARG ID="4"><LINK EVENT_ARG="3" ID="17" TYPE_REL="EVENT_ARG"/><W> 18 </W><W> लोगों </W><W> की </W><W> मौत </W><W> हो </W><W> गई </W><W> और </W><W> 75 </W><W> अन्य </W><W> घायल </W></CASUALTIES-ARG><W> हो </W><W> गए। </W><W> मलबे </W><W> में </W><W> दर्जनों </W><W> लोगों </W><W> के </W><W> दबे </W><W> होने </W><W> का </W><W> अंदेशा </W><W> है। </W><W> एक </W><W> स्थानीय </W><W> अधिकारी </W><W> ने </W><W> बताया </W><W> कि </W><W> मृतकों </W><W> की </W><W> संख्या </W><W> बढ़ने </W><W> का </W><W> अंदेशा </W><W> जताते </W><W> हुए </W><W> बताया </W><W> कि </W><W> हादसे </W><W> के </W><W> वक्त </W><W> कारखाने </W><W> में </W><W> करीब </W><W> 150 </W><W> लोग </W><W> काम </W><W> कर </W><W> रहे </W><W> थे। </W><W> उन्होंने </W><W> कहा </W><W> कि </W><W> मलबे </W><W> के </W><W> भीतर </W><W> से </W><W> तीन </W><W> से </W><W> चार </W><W> लोगों </W><W> ने </W><W> मदद </W><W> के </W><W> लिए </W><W> फोन </W><W> किया </W><W> है। </W></P><P><W> राहत </W><W> और </W><W> बचाव </W><W> के </W><W> काम </W><W> में </W><W> सेना </W><W> को </W><W> भी </W><W> लगाया </W><W> गया </W><W> है। </W><W> इस </W><W> फैक्टरी </W><W> में </W><W> शॉपिंग </W><W> बैग </W><W> बनाया </W><W> जाता </W><W> था। </W><MAN_MADE_EVENT ID="5" TYPE="INDUSTRIAL_ACCIDENT"><EVENT-COREF-LINK EVENT_ID="2" ID="26" TYPE_REL="EVENT_COREF"/><W> हादसे </W></MAN_MADE_EVENT><W> के </W><W> कारणों </W><W> का </W><W> पता </W><W> नहीं </W><W> चल </W><W> पाया </W><W> है। </W><W> पंजाब </W><W> प्रांत </W><W> के </W><W> मुख्यमंत्री </W><W> शाहबाज </W><W> शरीफ </W><W> ने </W><W> भी </W><W> घटनास्थल </W><W> का </W><W> मुआयना </W><W> किया </W><W> है। </W><W> इसे </W><W> पाकिस्तान </W><W> में </W><W> अब </W><W> तक </W><W> हुए </W><W> बड़े </W><W> औद्योगिक </W><W> हादसों </W><W> में </W><W> से </W><W> एक </W><W> माना </W><W> जा </W><W> रहा </W><W> है। </W><W> इससे </W><W> पहले </W><TIME-ARG ID="6"><LINK EVENT_ARG="8" ID="18" TYPE_REL="EVENT_ARG"/><W> सितंबर </W><W> 2012 </W><W> में </W></TIME-ARG><PLACE-ARG ID="7"><LINK EVENT_ARG="8" ID="19" TYPE_REL="EVENT_ARG"/><W> कराची </W></PLACE-ARG><W> में </W><W> एक </W><PLACE-ARG ID="9"><LINK EVENT_ARG="8" ID="20" TYPE_REL="EVENT_ARG"/><W> गारमेंट </W><W> फैक्ट्री </W></PLACE-ARG><W> में </W><MAN_MADE_EVENT ID="8" TYPE="FIRE"><W> आग </W></MAN_MADE_EVENT><W> लगने </W><W> से </W><CASUALTIES-ARG ID="10"><LINK EVENT_ARG="8" ID="21" TYPE_REL="EVENT_ARG"/><W> 289 </W><W> लोगों </W><W> की </W><W> मौत </W></CASUALTIES-ARG><W> हो </W><W> गई </W><W> थी। </W><TIME-ARG ID="12"><LINK EVENT_ARG="8" ID="22" TYPE_REL="EVENT_ARG"/><W> उसी </W><W> दिन </W></TIME-ARG><PLACE-ARG ID="11"><LINK EVENT_ARG="8" ID="23" TYPE_REL="EVENT_ARG"/><W> लाहौर </W><W> के </W><W> एक </W><W> जूता </W><W> फैक्ट्री </W></PLACE-ARG><W> में </W><MAN_MADE_EVENT ID="13" TYPE="FIRE"><EVENT-COREF-LINK EVENT_ID="8" ID="25" TYPE_REL="EVENT_COREF"/><W> आगजनी </W></MAN_MADE_EVENT><W> से </W><CASUALTIES-ARG ID="14"><LINK EVENT_ARG="13" ID="24" TYPE_REL="EVENT_ARG"/><W> 25 </W><W> की </W><W> मौत </W></CASUALTIES-ARG><W> हो </W><W> गई </W><W> थी। </W></P></DOCUMENT>