<?xml version="1.0" encoding="UTF-8"?>
<DOCUMENT><P><W> हवाना, </W><PLACE-ARG ID="6"><LINK EVENT_ARG="0" ID="29" TYPE_REL="EVENT_ARG"/><W> क्यूबा </W></PLACE-ARG><W> के </W><W> सरकारी </W><W> एयरवेज </W><W> का </W><W> एक </W><PARTICIPANT-ARG ID="11"><LINK EVENT_ARG="6" ID="18" TYPE_REL="EVENT_ARG"/><W> विमान </W></PARTICIPANT-ARG><TIME-ARG ID="16"><LINK EVENT_ARG="0" ID="17" TYPE_REL="EVENT_ARG"/><W> शुक्रवार </W></TIME-ARG><W> को </W><W> उड़ान </W><W> भरने </W><W> के </W><W> कुछ </W><W> ही </W><W> देर </W><W> बाद </W><MAN_MADE_EVENT ID="0" TYPE="AVIATION_HAZARD"><W> दुर्घटनाग्रस्त </W></MAN_MADE_EVENT><W> हो </W><W> गया। </W><W> खबरों </W><W> के </W><W> अनुसार </W><MAN_MADE_EVENT ID="15" TYPE="AVIATION_HAZARD"><EVENT-COREF-LINK EVENT_ID="0" ID="30" TYPE_REL="EVENT_COREF"/><W> हादसे </W></MAN_MADE_EVENT><W> के </W><W> समय </W><W> इसमें </W><PARTICIPANT-ARG ID="12"><LINK EVENT_ARG="1" ID="21" TYPE_REL="EVENT_ARG"/><W> 104 </W><W> यात्री </W></PARTICIPANT-ARG><W> सवार </W><W> थे। </W><W> स्थानीय </W><W> मीडिया </W><W> के </W><W> मुताबिक, </W><W> इस </W><MAN_MADE_EVENT ID="1" TYPE="AVIATION_HAZARD"><EVENT-COREF-LINK EVENT_ID="0" ID="32" TYPE_REL="EVENT_COREF"/><W> दुर्घटना </W></MAN_MADE_EVENT><W> में </W><CASUALTIES-ARG ID="8"><LINK EVENT_ARG="1" ID="22" TYPE_REL="EVENT_ARG"/><W> 100 </W><W> से </W><W> ज्यादा </W><W> यात्रियों </W><W> की </W><W> मौत </W></CASUALTIES-ARG><W> हुई </W><W> है। </W></P><P><W> एयरपोर्ट </W><W> सूत्रों </W><W> ने </W><W> बताया </W><W> कि </W><W> इस </W><PARTICIPANT-ARG ID="9"><LINK EVENT_ARG="2" ID="26" TYPE_REL="EVENT_ARG"/><W> बोईंग </W><W> 737 </W></PARTICIPANT-ARG><PARTICIPANT-ARG ID="10"><LINK EVENT_ARG="2" ID="25" TYPE_REL="EVENT_ARG"/><W> विमान </W></PARTICIPANT-ARG><W> ने </W><PLACE-ARG ID="7"><LINK EVENT_ARG="2" ID="24" TYPE_REL="EVENT_ARG"/><W> हवाना </W></PLACE-ARG><W> के </W><W> जोस </W><W> मार्ती </W><W> एयरपोर्ट </W><W> से </W><W> हॉल्गुइन </W><W> के </W><W> लिए </W><W> उड़ान </W><W> भरी </W><W> थी। </W><PARTICIPANT-ARG ID="13"><LINK EVENT_ARG="2" ID="23" TYPE_REL="EVENT_ARG"/><W> विमान </W></PARTICIPANT-ARG><W> उड़ान </W><W> भरते </W><W> ही </W><MAN_MADE_EVENT ID="2" TYPE="AVIATION_HAZARD"><EVENT-COREF-LINK EVENT_ID="0" ID="31" TYPE_REL="EVENT_COREF"/><W> दुर्घटनाग्रस्त </W></MAN_MADE_EVENT><W> हो </W><W> गया। </W><W> प्रत्यक्षदर्शियों </W><W> ने </W><W> दुर्घटनास्थल </W><W> पर </W><W> काला </W><W> घना </W><W> धुआं </W><W> ऊपर </W><W> उठते </W><W> हुए </W><W> देखा। </W><W> टीवी </W><W> और </W><W> सोशल </W><W> मीडिया </W><W> पर </W><W> प्रसारित </W><W> तस्वीरों </W><W> में </W><W> भी </W><W> एयरपोर्ट </W><W> के </W><W> नजदीक </W><W> काला </W><W> घना </W><W> धुआं </W><W> उठता </W><W> हुआ </W><W> दिखाई </W><W> दे </W><W> रहा </W><W> है। </W></P><P><MAN_MADE_EVENT ID="3" TYPE="AVIATION_HAZARD"><EVENT-COREF-LINK EVENT_ID="0" ID="34" TYPE_REL="EVENT_COREF"/><W> विमान </W><W> दुर्घटना </W></MAN_MADE_EVENT><W> और </W><W> बाद </W><W> में </W><MAN_MADE_EVENT ID="4" TYPE="FIRE"><ASSOCIATED-EVENT-LINK EVENT_ID="3" ID="27" TYPE_REL="ASSOCIATED_EVENT"/><W> आग </W><W> लगने </W></MAN_MADE_EVENT><W> से </W><W> पूरी </W><W> तरह </W><W> नष्ट </W><W> हो </W><W> गया। </W><W> दमकलकर्मी </W><W> और </W><W> अन्य </W><W> बचाव </W><W> कर्मी </W><W> बचाव </W><W> कार्य </W><W> में </W><W> लगे </W><W> हैं। </W><W> क्यूबा </W><W> के </W><W> राष्ट्रपति </W><W> मिगुल </W><W> डियाज </W><W> कानेल </W><W> दुर्घटनास्थल </W><W> पर </W><W> पहुंचे </W><W> और </W><W> उन्होंने </W><W> बताया </W><W> कि </W><W> बड़ी </W><W> संख्या </W><W> में </W><W> लोग </W><W> हताहत </W><W> हुए </W><W> हैं। </W><PARTICIPANT-ARG ID="14"><LINK EVENT_ARG="5" ID="28" TYPE_REL="EVENT_ARG"/><W> विमान </W></PARTICIPANT-ARG><W> के </W><MAN_MADE_EVENT ID="5" TYPE="AVIATION_HAZARD"><EVENT-COREF-LINK EVENT_ID="0" ID="33" TYPE_REL="EVENT_COREF"/><W> दुर्घटनाग्रस्त </W></MAN_MADE_EVENT><W> होने </W><W> के </W><W> बाद </W><W> दमकल </W><W> की </W><W> गाडि़यां </W><W> मौके </W><W> पर </W><W> पहुंच </W><W> गईं </W><W> हैं। </W><W> इसके </W><W> अलावा </W><W> पुलिसबल </W><W> को </W><W> भी </W><W> तैनात </W><W> कर </W><W> दिया </W><W> गया </W><W> था। </W><W> वहीं, </W><W> कुछ </W><W> स्थानीय </W><W> निवासियों </W><W> का </W><W> कहना </W><W> है </W><W> कि </W><W> उन्होंने </W><W> एंबुलेंस </W><W> से </W><W> कुछ </W><W> जिंदा </W><W> बच </W><W> गए </W><W> लोगों </W><W> को </W><W> अधिकारियों </W><W> द्वारा </W><W> अस्पताल </W><W> ले </W><W> जाते </W><W> हुए </W><W> देखा </W><W> था। </W></P></DOCUMENT>