<?xml version="1.0" encoding="UTF-8"?>
<DOCUMENT><DESC/><DESC/><DESC/><DESC/><DESC/><TIME>5450</TIME><P><PLACE-ARG ID="6"><LINK EVENT_ARG="2" ID="14" TYPE_REL="EVENT_ARG"/><W> न्यूजीलैंड </W></PLACE-ARG><W> में </W><W> एक </W><W> सदी </W><W> बाद </W><NATURAL_EVENT ID="2" TYPE="VOLCANO"><W> जागा </W><W> ज्वालामुखी </W></NATURAL_EVENT></P><P><W> वेलिंगटन। </W><W> एक </W><W> सदी </W><W> बाद </W><PLACE-ARG ID="1"><LINK EVENT_ARG="0" ID="13" TYPE_REL="EVENT_ARG"/><W> न्यूजीलैंड </W></PLACE-ARG><W> में </W><W> हुए </W><NATURAL_EVENT ID="0" TYPE="VOLCANO"><EVENT-COREF-LINK EVENT_ID="2" ID="24" TYPE_REL="EVENT_COREF"/><W> ज्वालामुखी </W><W> विस्फोट </W></NATURAL_EVENT><W> से </W><W> वातावरण </W><W> में </W><W> चारों </W><W> ओर </W><AFTER_EFFECTS-ARG ID="11"><LINK EVENT_ARG="0" ID="15" TYPE_REL="EVENT_ARG"/><W> राख </W><W> फैल </W><W> गई </W></AFTER_EFFECTS-ARG><W> है। </W><W> इससे </W><W> देश </W><W> के </W><W> उत्तरी </W><W> क्षेत्र </W><W> में </W><AFTER_EFFECTS-ARG ID="12"><LINK EVENT_ARG="0" ID="16" TYPE_REL="EVENT_ARG"/><W> विमान </W><W> उड़ानों </W><W> पर </W><W> प्रभाव </W><W> पड़ </W><W> रहा </W></AFTER_EFFECTS-ARG><W> है। </W><W> वैज्ञानिकों </W><W> ने </W><W> आगे </W><W> भी </W><W> ज्वालामुखी </W><W> में </W><W> विस्फोट </W><W> होने </W><W> की </W><W> आशंका </W><W> जताई </W><W> है। </W></P><P><PLACE-ARG ID="7"><LINK EVENT_ARG="3" ID="18" TYPE_REL="EVENT_ARG"/><W> न्यूजीलैंड </W></PLACE-ARG><W> के </W><NAME-ARG ID="8"><LINK EVENT_ARG="3" ID="19" TYPE_REL="EVENT_ARG"/><W> माउंट </W><W> टोंगैरिरो </W></NAME-ARG><W> में </W><TIME-ARG ID="9"><LINK EVENT_ARG="3" ID="20" TYPE_REL="EVENT_ARG"/><W> बीते </W><W> बुधवार </W></TIME-ARG><W> को </W><W> दूसरी </W><W> बार </W><NATURAL_EVENT ID="3" TYPE="VOLCANO"><EVENT-COREF-LINK EVENT_ID="2" ID="23" TYPE_REL="EVENT_COREF"/><W> विस्फोट </W></NATURAL_EVENT><W> हुआ। </W><W> यह </W><W> ज्वालामुखी </W><W> एक </W><W> सदी </W><W> से </W><W> भी </W><W> अधिक </W><W> समय </W><W> से </W><W> शांत </W><W> पड़ा </W><W> हुआ </W><W> था। </W><NATURAL_EVENT ID="4" TYPE="VOLCANO"><EVENT-COREF-LINK EVENT_ID="2" ID="22" TYPE_REL="EVENT_COREF"/><W> विस्फोट </W></NATURAL_EVENT><W> से </W><W> वातावरण </W><W> में </W><AFTER_EFFECTS-ARG ID="10"><LINK EVENT_ARG="4" ID="21" TYPE_REL="EVENT_ARG"/><W> तीन </W><W> किलोमीटर </W><W> ऊपर </W><W> तक </W><W> राख </W><W> फैल </W><W> गई। </W></AFTER_EFFECTS-ARG><W> एयर </W><W> न्यूजीलैंड </W><W> के </W><W> मुताबिक </W><W> रोटारुआ </W><W> के </W><W> लिए </W><W> उड़ानें </W><W> गुरुवार </W><W> सुबह </W><W> ही </W><W> शुरू </W><W> हो </W><W> गई </W><W> लेकिन </W><W> टाउपो </W><W> और </W><W> गिस्बोर्न </W><W> के </W><W> लिए </W><W> उड़ानें </W><W> तब </W><W> तक </W><W> विलंब </W><W> से </W><W> चलानी </W><W> पड़ेंगी </W><W> या </W><W> फिर </W><W> रद </W><W> करनी </W><W> होंगी </W><W> जब </W><W> तक </W><W> वातावरण </W><W> में </W><W> फैली </W><W> राख </W><W> साफ </W><W> नहीं </W><W> हो </W><W> जाती </W><W> है। </W></P><P><W> एक </W><W> अधिकारी </W><W> ने </W><W> बताया </W><W> कि </W><W> उड़ानों </W><W> को </W><W> दोबारा </W><W> शुरू </W><W> करने </W><W> का </W><W> हर </W><W> संभव </W><W> प्रयास </W><W> किया </W><W> जा </W><W> रहा </W><W> है। </W><W> ज्वालामुखी </W><W> विशेषज्ञ </W><W> ब्रैड </W><W> स्कॉट </W><W> ने </W><W> कहा </W><W> कि </W><W> संभव </W><W> है </W><W> कि </W><W> आने </W><W> वाले </W><W> सप्ताह </W><W> में </W><W> इसी </W><W> तरह </W><W> का </W><W> एक </W><W> दूसरा </W><W> ज्वालामुखी </W><W> विस्फोट </W><W> हो। </W></P><P><W> मोबाइल </W><W> पर </W><W> ताजा </W><W> खबरें, </W><W> फोटो, </W><W> वीडियो </W><W> व </W><W> लाइव </W><W> स्कोर </W><W> देखने </W><W> के </W><W> लिए </W><W> जाएं </W><W> m.jagran.com </W><W> पर </W></P></DOCUMENT>