<?xml version="1.0" encoding="UTF-8"?>
<DOCUMENT><DESC/><TIME>905</TIME><P><W> न्यूयॉर्क। </W><PLACE-ARG ID="0"><LINK EVENT_ARG="2" ID="13" TYPE_REL="EVENT_ARG"/><W> अमेरिका </W><W> के </W><W> पूर्वोत्तर </W><W> तटीय </W><W> क्षेत्र </W></PLACE-ARG><W> में </W><TIME-ARG ID="1"><LINK EVENT_ARG="2" ID="14" TYPE_REL="EVENT_ARG"/><W> हफ्तेभर </W><W> के </W><W> भीतर </W><W> दूसरी </W><W> बार </W></TIME-ARG><NATURAL_EVENT ID="2" TYPE="BLIZZARD"><W> बर्फीले </W><W> तूफान </W></NATURAL_EVENT><W> ने </W><W> दस्तक </W><W> दी। </W><W> इसके </W><W> चलते </W><W> करीब </W><AFTER_EFFECTS-ARG ID="3"><LINK EVENT_ARG="2" ID="15" TYPE_REL="EVENT_ARG"/><W> दस </W><W> लाख </W><W> लोगों </W><W> को </W><W> भारी </W><W> ठंड </W><W> में </W><W> बिना </W><W> बिजली </W><W> के </W><W> रहना </W><W> पड़ </W><W> रहा </W><W> है। </W></AFTER_EFFECTS-ARG><REASON-ARG ID="4"><LINK EVENT_ARG="2" ID="16" TYPE_REL="EVENT_ARG"/><W> सड़कों </W><W> पर </W><W> बर्फ </W><W> जमा </W><W> होने </W></REASON-ARG><W> से </W><CASUALTIES-ARG ID="5"><LINK EVENT_ARG="2" ID="17" TYPE_REL="EVENT_ARG"/><W> वाहनों </W><W> के </W><W> फिसलने </W><W> के </W><W> कारण </W><W> 356 </W><MAN_MADE_EVENT ID="6" TYPE="TRANSPORT_HAZARDS"><W> दुर्घटनाएं </W></MAN_MADE_EVENT></CASUALTIES-ARG><W> होने </W><W> की </W><W> खबर </W><W> है। </W></P><P><PLACE-ARG ID="7"><LINK EVENT_ARG="8" ID="18" TYPE_REL="EVENT_ARG"/><W> अमेरिका </W><W> के </W><W> न्यू </W><W> इंग्लैंड </W><W> क्षेत्र </W></PLACE-ARG><W> में </W><NATURAL_EVENT ID="8" TYPE="BLIZZARD"><EVENT-COREF-LINK EVENT_ID="2" ID="24" TYPE_REL="EVENT_COREF"/><W> बर्फीले </W><W> तूफान </W></NATURAL_EVENT><W> ने </W><TIME-ARG ID="9"><LINK EVENT_ARG="8" ID="19" TYPE_REL="EVENT_ARG"/><W> बुधवार </W></TIME-ARG><W> को </W><W> दोबारा </W><W> दस्तक </W><W> दी। </W><W> इसके </W><W> चलते </W><W> लोगों </W><W> को </W><W> खराब </W><W> मौसम </W><W> और </W><W> भारी </W><W> बर्फबारी </W><W> का </W><W> सामना </W><W> करना </W><W> पड़ </W><W> रहा </W><W> है। </W><W> भीषण </W><W> ठंड </W><W> में </W><W> बिजली </W><W> गुल </W><W> होने </W><W> से </W><W> खासतौर </W><W> पर </W><W> ग्रामीण </W><W> इलाकों </W><W> में </W><W> रहने </W><W> वाले </W><W> लोगों </W><W> को </W><W> खासी </W><W> दिक्कतों </W><W> का </W><W> सामना </W><W> करना </W><W> पड़ </W><W> रहा </W><W> है। </W></P><P><W> अमेरिकी </W><W> मीडिया </W><W> के </W><W> अनुसार, </W><W> मेसाच्युसेट्स </W><W> में </W><W> करीब </W><W> ढाई </W><W> लाख </W><W> लोग </W><W> बिना </W><W> बिजली </W><W> के </W><W> हैं। </W><W> न्यूजर्सी </W><W> में </W><W> 3.20 </W><W> लाख </W><W> लोगों </W><W> को </W><W> ऐसी </W><W> स्थिति </W><W> का </W><W> सामना </W><W> करना </W><W> पड़ </W><W> रहा </W><W> है। </W><W> न्यू </W><W> हैंपशायर </W><W> में </W><AFTER_EFFECTS-ARG ID="10"><LINK EVENT_ARG="8" ID="20" TYPE_REL="EVENT_ARG"/><W> 46 </W><W> हजार </W><W> लोगों </W><W> के </W><W> घरों </W><W> में </W><W> बिजली </W><W> नहीं </W></AFTER_EFFECTS-ARG><W> है। </W><AFTER_EFFECTS-ARG ID="11"><LINK EVENT_ARG="8" ID="21" TYPE_REL="EVENT_ARG"/><W> पेंसिल्वेनिया </W><W> में </W><W> भी </W><W> हजारों </W><W> लोगों </W><W> को </W><W> बिजली </W><W> कटौती </W><W> से </W><W> जूझना </W><W> पड़ </W><W> रहा </W><W> है। </W></AFTER_EFFECTS-ARG><W> वेबसाइट </W><W> फ्लाइटअवेयर </W><W> के </W><W> मुताबिक, </W><AFTER_EFFECTS-ARG ID="12"><LINK EVENT_ARG="8" ID="22" TYPE_REL="EVENT_ARG"/><W> बुधवार </W><W> को </W><W> 2,700 </W><W> उड़ानें </W><W> रद </W><W> हुई </W><W> थीं </W><W> और </W><W> करीब </W><W> 2,400 </W><W> उड़ानें </W><W> देरी </W><W> से </W><W> उड़ीं। </W></AFTER_EFFECTS-ARG></P></DOCUMENT>