<?xml version="1.0" encoding="UTF-8"?>
<DOCUMENT><DESC/><TIME>1643</TIME><P><PARTICIPANT-ARG ID="4"><LINK EVENT_ARG="15" ID="40" TYPE_REL="EVENT_ARG"/><W> रूसी </W><W> सैन्य </W><W> विमान </W></PARTICIPANT-ARG><PLACE-ARG ID="13"><LINK EVENT_ARG="21" ID="41" TYPE_REL="EVENT_ARG"/><W> सागर </W></PLACE-ARG><W> में </W><MAN_MADE_EVENT ID="15" TYPE="AVIATION_HAZARD"><W> गिरा, </W></MAN_MADE_EVENT><CASUALTIES-ARG ID="21"><LINK EVENT_ARG="15" ID="42" TYPE_REL="EVENT_ARG"/><W> 92 </W><W> मरे </W></CASUALTIES-ARG><W> । </W></P><P><PLACE-ARG ID="0"><LINK EVENT_ARG="16" ID="43" TYPE_REL="EVENT_ARG"/><W> मॉस्को। </W></PLACE-ARG><PARTICIPANT-ARG ID="5"><LINK EVENT_ARG="16" ID="44" TYPE_REL="EVENT_ARG"/><W> सीरिया </W><W> जा </W><W> रहा </W><W> रूसी </W><W> टीयू-154 </W><W> सैन्य </W><W> विमान </W></PARTICIPANT-ARG><TIME-ARG ID="27"><LINK EVENT_ARG="16" ID="45" TYPE_REL="EVENT_ARG"/><W> रविवार </W></TIME-ARG><W> को </W><PLACE-ARG ID="1"><LINK EVENT_ARG="16" ID="46" TYPE_REL="EVENT_ARG"/><W> काला </W><W> सागर </W><W> (ब्लैक </W><W> सी) </W></PLACE-ARG><W> में </W><MAN_MADE_EVENT ID="16" TYPE="AVIATION_HAZARD"><EVENT-COREF-LINK EVENT_ID="15" ID="36" TYPE_REL="EVENT_COREF"/><W> दुर्घटनाग्र्रस्त </W><W> होकर </W><W> गिर </W><W> गया। </W></MAN_MADE_EVENT><PARTICIPANT-ARG ID="6"><LINK EVENT_ARG="16" ID="47" TYPE_REL="EVENT_ARG"/><W> विमान </W></PARTICIPANT-ARG><W> में </W><CASUALTIES-ARG ID="22"><LINK EVENT_ARG="16" ID="48" TYPE_REL="EVENT_ARG"/><W> 92 </W><W> लोग </W><W> सवार </W><W> थे, </W><W> सभी </W><W> के </W><W> मारे </W><W> जाने </W><W> की </W><W> पुष्टि </W></CASUALTIES-ARG><W> हो </W><W> गई </W><W> है। </W><PARTICIPANT-ARG ID="7"><LINK EVENT_ARG="16" ID="49" TYPE_REL="EVENT_ARG"/><W> विमान </W></PARTICIPANT-ARG><W> में </W><W> संगीत </W><W> दल </W><W> के </W><W> सदस्य, </W><W> पत्रकार </W><W> और </W><W> सैनिक </W><W> सवार </W><W> थे। </W><MAN_MADE_EVENT ID="17" TYPE="AVIATION_HAZARD"><EVENT-COREF-LINK EVENT_ID="15" ID="37" TYPE_REL="EVENT_COREF"/><W> घटना </W></MAN_MADE_EVENT><W> की </W><AFTER_EFFECTS-ARG ID="32"><LINK EVENT_ARG="17" ID="50" TYPE_REL="EVENT_ARG"/><W> जांच </W><W> के </W><W> आदेश </W><W> दे </W><W> दिए </W><W> गए </W><W> हैं। </W></AFTER_EFFECTS-ARG><W> हाल </W><W> ही </W><W> में </W><PLACE-ARG ID="2"><LINK EVENT_ARG="18" ID="53" TYPE_REL="EVENT_ARG"/><W> साइबेरिया </W></PLACE-ARG><W> में </W><W> हुई </W><PARTICIPANT-ARG ID="8"><LINK EVENT_ARG="18" ID="54" TYPE_REL="EVENT_ARG"/><W> एक </W><W> अन्य </W><W> रूसी </W><W> सैन्य </W><W> विमान </W></PARTICIPANT-ARG><W> की </W><MAN_MADE_EVENT ID="18" TYPE="AVIATION_HAZARD"><W> दुर्घटना </W></MAN_MADE_EVENT><W> में </W><CASUALTIES-ARG ID="23"><LINK EVENT_ARG="18" ID="55" TYPE_REL="EVENT_ARG"/><W> 39 </W><W> लोग </W><W> घायल </W></CASUALTIES-ARG><W> हुई </W><W> थे। </W></P><P><W> रूसी </W><W> रक्षा </W><W> मंत्रालय </W><W> के </W><W> सूत्रों </W><W> के </W><W> अनुसार </W><PARTICIPANT-ARG ID="30"><LINK EVENT_ARG="16" ID="56" TYPE_REL="EVENT_ARG"/><W> विमान </W></PARTICIPANT-ARG><TIME-ARG ID="28"><LINK EVENT_ARG="16" ID="57" TYPE_REL="EVENT_ARG"/><W> सुबह </W><W> 5.40 </W><W> बजे </W></TIME-ARG><PLACE-ARG ID="3"><LINK EVENT_ARG="16" ID="58" TYPE_REL="EVENT_ARG"/><W> एडलर </W><W> सैन्य </W><W> अड्डे </W><W> से </W><W> सीरिया </W><W> के </W><W> लिए </W></PLACE-ARG><W> रवाना </W><W> हुआ </W><W> था। </W><PARTICIPANT-ARG ID="31"><LINK EVENT_ARG="16" ID="59" TYPE_REL="EVENT_ARG"/><W> विमान </W></PARTICIPANT-ARG><W> में </W><CASUALTIES-ARG ID="24"><LINK EVENT_ARG="16" ID="60" TYPE_REL="EVENT_ARG"/><W> सेना </W><W> के </W><W> संगीत </W><W> दल </W><W> रेड </W><W> आर्मी </W><W> चोइर </W><W> के </W><W> 60 </W><W> कलाकार, </W><W> कुछ </W><W> सैनिक </W><W> और </W><W> सरकार </W><W> द्वारा </W><W> संचालित </W><W> टीवी </W><W> चैनल </W><W> के </W><W> नौ </W><W> पत्रकारों </W><W> समेत </W><W> 84 </W><W> लोग </W><W> सवार </W><W> थे। </W><W> विमान </W><W> में </W><W> चालक </W><W> दल </W><W> समेत </W><W> आठ </W><W> क्रू </W><W> मेंबर </W><W> भी </W><W> थे। </W></CASUALTIES-ARG></P><P><W> संगीत </W><W> दल </W><W> के </W><W> सदस्यों </W><W> को </W><PLACE-ARG ID="14"><LINK EVENT_ARG="9" ID="61" TYPE_REL="EVENT_ARG"/><W> सीरिया </W><W> स्थित </W><W> रूसी </W><W> एयरबेस </W></PLACE-ARG><W> में </W><W> आयोजित </W><W> नए </W><W> साल </W><W> के </W><W> कार्यक्रम </W><W> में </W><W> हिस्सा </W><W> लेना </W><W> था। </W><PARTICIPANT-ARG ID="9"><LINK EVENT_ARG="16" ID="62" TYPE_REL="EVENT_ARG"/><W> विमान </W></PARTICIPANT-ARG><W> उड़ान </W><W> के </W><W> कुछ </W><W> देर </W><W> बाद </W><W> ही </W><W> रडार </W><W> से </W><W> गायब </W><W> हो </W><W> गया। </W><W> बाद </W><W> में </W><W> हुई </W><AFTER_EFFECTS-ARG ID="33"><LINK EVENT_ARG="16" ID="63" TYPE_REL="EVENT_ARG"/><W> तलाश </W><W> में </W><W> इसका </W><W> मलबा </W><W> तटवर्ती </W><W> शहर </W><W> सोची </W><W> से </W><W> डेढ़ </W><W> किलोमीटर </W><W> दूर </W><W> काला </W><W> सागर </W><W> में </W><W> पाया </W><W> गया। </W><W> मलबा </W><W> पानी </W><W> के </W><W> नीचे </W><W> 70 </W><W> मीटर </W><W> की </W><W> गहराई </W><W> में </W><W> पड़ा </W><W> है। </W></AFTER_EFFECTS-ARG></P><P><W> यह </W><PARTICIPANT-ARG ID="10"><LINK EVENT_ARG="16" ID="64" TYPE_REL="EVENT_ARG"/><W> विमान </W></PARTICIPANT-ARG><W> सन </W><W> 1983 </W><W> में </W><W> बना </W><W> था। </W><PARTICIPANT-ARG ID="11"><LINK EVENT_ARG="16" ID="65" TYPE_REL="EVENT_ARG"/><W> दुर्घटनाग्र्रस्त </W><W> विमान </W></PARTICIPANT-ARG><PLACE-ARG ID="25"><LINK EVENT_ARG="16" ID="66" TYPE_REL="EVENT_ARG"/><W> पश्चिमी </W><W> सीरिया </W><W> के </W><W> हेमीमिम </W><W> एयरबेस </W></PLACE-ARG><W> के </W><W> लिए </W><W> नियमित </W><W> उड़ान </W><W> पर </W><W> था। </W><W> इस </W><W> एयरबेस </W><W> से </W><W> रूसी </W><W> लड़ाकू </W><W> विमान </W><W> उड़कर </W><W> राष्ट्रपति </W><W> बशर </W><W> अल </W><W> असद </W><W> विरोधी </W><W> लड़ाकों </W><W> पर </W><W> हमला </W><W> करते </W><W> हैं। </W><W> इस </W><MAN_MADE_EVENT ID="19" TYPE="AVIATION_HAZARD"><EVENT-COREF-LINK EVENT_ID="15" ID="38" TYPE_REL="EVENT_COREF"/><W> दुर्घटना </W></MAN_MADE_EVENT><W> की </W><REASON-ARG ID="26"><LINK EVENT_ARG="19" ID="67" TYPE_REL="EVENT_ARG"/><W> शुरुआती </W><W> जांच </W><W> में </W><W> तकनीकी </W><W> गड़बड़ी </W><W> को </W><W> ही </W><W> जिम्मेदार </W><W> माना </W><W> जा </W><W> रहा </W><W> है। </W></REASON-ARG></P><P><PARTICIPANT-ARG ID="12"><LINK EVENT_ARG="29" ID="68" TYPE_REL="EVENT_ARG"/><W> सैन्य </W><W> विमान </W><W> टीयू-154 </W></PARTICIPANT-ARG><W> पहले </W><W> भी </W><W> कई </W><W> बार </W><MAN_MADE_EVENT ID="29" TYPE="AVIATION_HAZARD"><W> दुर्घटनाग्र्रस्त </W></MAN_MADE_EVENT><W> हो </W><W> चुके </W><W> हैं। </W><AFTER_EFFECTS-ARG ID="34"><LINK EVENT_ARG="19" ID="69" TYPE_REL="EVENT_ARG"/><W> जांच </W><W> के </W><W> लिए </W><W> रक्षा </W><W> मंत्रालय </W><W> का </W><W> उच्चस्तरीय </W><W> दल </W><W> घटनास्थल </W><W> पर </W><W> भेज </W><W> दिया </W><W> गया </W><W> है। </W><W> उप </W><W> रक्षा </W><W> मंत्री </W><W> पावेल </W><W> पोपोव </W><W> भी </W><W> एडलर </W><W> पहुंच </W><W> गए </W><W> हैं। </W></AFTER_EFFECTS-ARG><W> राष्ट्रपति </W><W> व्लादिमीर </W><W> पुतिन </W><W> ने </W><MAN_MADE_EVENT ID="20" TYPE="AVIATION_HAZARD"><EVENT-COREF-LINK EVENT_ID="15" ID="39" TYPE_REL="EVENT_COREF"/><W> दुर्घटना </W></MAN_MADE_EVENT><W> पर </W><AFTER_EFFECTS-ARG ID="35"><LINK EVENT_ARG="20" ID="70" TYPE_REL="EVENT_ARG"/><W> दुख </W><W> जताया </W><W> है </W><W> और </W><W> एक </W><W> दिन </W><W> के </W><W> राष्ट्रीय </W><W> शोक </W><W> की </W><W> घोषणा </W><W> की </W><W> है। </W></AFTER_EFFECTS-ARG></P></DOCUMENT>