<?xml version="1.0" encoding="UTF-8"?>
<DOCUMENT><DESC/><TIME>709</TIME><P><W> राष्ट्रीय </W><W> मौसम </W><W> सेवा </W><W> ने </W><W> तूफान </W><W> की </W><W> चेतावनी </W><W> जारी </W><W> की </W><W> है। </W><W> उसके </W><W> अनुसार, </W><W> गुरुवार </W><W> को </W><PLACE-ARG ID="3"><LINK EVENT_ARG="2" ID="7" TYPE_REL="EVENT_ARG"/><W> न्यूयॉर्क </W></PLACE-ARG><W> में </W><W> एक </W><W> फीट </W><W> या </W><W> उससे </W><W> ज्यादा </W><W> बर्फबारी </W><W> हो </W><W> सकती </W><W> है। </W><W> जबकि </W><W> न्यूजर्सी, </W><W> कनेक्टिकट </W><W> और </W><W> मैसाच्यूसेट्स </W><W> में </W><W> दो </W><W> फीट </W><W> तक </W><W> बर्फबारी </W><W> हो </W><W> सकती </W><W> है। </W><W> वहीं, </W><W> अमेरिका </W><W> के </W><W> राष्ट्रीय </W><W> रेल </W><W> कार्पोरेशन </W><W> एमट्रैक </W><W> ने </W><W> वाशिंगटन </W><W> से </W><W> बोस्टन </W><W> के </W><W> बीच </W><W> कई </W><W> ट्रेनें </W><W> रद </W><W> कर </W><W> दीं। </W><W> गौरतलब </W><W> है </W><W> कि </W><TIME-ARG ID="0"><LINK EVENT_ARG="2" ID="6" TYPE_REL="EVENT_ARG"/><W> तीन </W><W> मार्च </W></TIME-ARG><W> को </W><W> भी </W><PLACE-ARG ID="1"><LINK EVENT_ARG="2" ID="8" TYPE_REL="EVENT_ARG"/><W> पूर्वी </W><W> तट </W></PLACE-ARG><W> को </W><W> ऐसे </W><W> ही </W><NATURAL_EVENT ID="2" TYPE="BLIZZARD"><W> तूफान </W></NATURAL_EVENT><W> का </W><W> सामना </W><W> करना </W><W> पड़ा </W><W> था। </W><W> इसमें </W><CASUALTIES-ARG ID="4"><LINK EVENT_ARG="2" ID="9" TYPE_REL="EVENT_ARG"/><W> सात </W><W> लोगों </W><W> की </W><W> मौत </W></CASUALTIES-ARG><W> हो </W><W> गई </W><W> थी। </W><DEPTH-ARG ID="5"><LINK EVENT_ARG="2" ID="10" TYPE_REL="EVENT_ARG"/><W> दस </W><W> लाख </W><W> से </W><W> ज्यादा </W><W> लोगों </W><W> को </W><W> बिजली </W><W> कटौती </W><W> झेलनी </W><W> पड़ी </W></DEPTH-ARG><W> थी। </W></P></DOCUMENT>