<?xml version="1.0" encoding="UTF-8"?>
<DOCUMENT><DESC/><TIME>557</TIME><P><PLACE-ARG ID="0"><LINK EVENT_ARG="1" ID="29" TYPE_REL="EVENT_ARG"/><W> फिलीपींस </W></PLACE-ARG><W> में </W><W> लगातार </W><W> दूसरे </W><W> दिन </W><NATURAL_EVENT ID="1" TYPE="EARTHQUAKE"><W> भूकंप </W><W> के </W><W> तेज </W><W> झटके, </W></NATURAL_EVENT><W> अब </W><W> तक </W><CASUALTIES-ARG ID="2"><LINK EVENT_ARG="1" ID="30" TYPE_REL="EVENT_ARG"/><W> 16 </W><W> की </W><W> मौत </W></CASUALTIES-ARG><W> । </W></P><P><W> मनीला। </W><TIME-ARG ID="3"><LINK EVENT_ARG="4" ID="31" TYPE_REL="EVENT_ARG"/><W> सोमवार </W></TIME-ARG><W> को </W><NATURAL_EVENT ID="4" TYPE="EARTHQUAKE"><W> भूंकप </W><W> के </W><W> झटकों </W></NATURAL_EVENT><W> को </W><W> झेलने </W><W> वाला </W><PLACE-ARG ID="5"><LINK EVENT_ARG="4" ID="32" TYPE_REL="EVENT_ARG"/><W> दक्षिण-पूर्वी </W><W> एशियाई </W><W> देश </W><W> फिलीपींस </W></PLACE-ARG><W> लगातार </W><W> दूसरे </W><W> दिन </W><W> आए </W><NATURAL_EVENT ID="6" TYPE="EARTHQUAKE"><W> भूकंप </W><W> के </W><W> तेज </W><W> झटके </W></NATURAL_EVENT><W> से </W><AFTER_EFFECTS-ARG ID="7"><LINK EVENT_ARG="6" ID="33" TYPE_REL="EVENT_ARG"/><W> दहल </W><W> उठा। </W></AFTER_EFFECTS-ARG><PLACE-ARG ID="8"><LINK EVENT_ARG="9" ID="34" TYPE_REL="EVENT_ARG"/><W> मध्य </W><W> फिलीपींस </W></PLACE-ARG><W> में </W><W> आए </W><W> इस </W><NATURAL_EVENT ID="9" TYPE="EARTHQUAKE"><W> भूकंप </W></NATURAL_EVENT><W> की </W><MAGNITUDE-ARG ID="17"><LINK EVENT_ARG="9" ID="35" TYPE_REL="EVENT_ARG"/><W> तीव्रता </W><W> 6.5 </W></MAGNITUDE-ARG><W> मापी </W><W> गई। </W><W> इससे </W><W> पहले </W><TIME-ARG ID="19"><LINK EVENT_ARG="10" ID="37" TYPE_REL="EVENT_ARG"/><W> सोमवार </W><W> शाम </W></TIME-ARG><W> को </W><W> आए </W><MAGNITUDE-ARG ID="18"><LINK EVENT_ARG="10" ID="38" TYPE_REL="EVENT_ARG"/><W> 6.1 </W><W> तीव्रता </W></MAGNITUDE-ARG><W> के </W><NATURAL_EVENT ID="10" TYPE="EARTHQUAKE"><EVENT-COREF-LINK EVENT_ID="4" ID="48" TYPE_REL="EVENT_COREF"/><W> भूकंप </W></NATURAL_EVENT><W> से </W><CASUALTIES-ARG ID="20"><LINK EVENT_ARG="10" ID="39" TYPE_REL="EVENT_ARG"/><W> 16 </W><W> लोगों </W><W> की </W><W> मौत </W></CASUALTIES-ARG><W> हो </W><W> गई। </W><NATURAL_EVENT ID="11" TYPE="EARTHQUAKE"><EVENT-COREF-LINK EVENT_ID="4" ID="49" TYPE_REL="EVENT_COREF"/><W> भूकंप </W><W> के </W><W> इस </W><W> झटके </W></NATURAL_EVENT><W> से </W><AFTER_EFFECTS-ARG ID="21"><LINK EVENT_ARG="11" ID="40" TYPE_REL="EVENT_ARG"/><W> राजधानी </W><W> मनीला </W><W> और </W><W> आसपास </W><W> के </W><W> इलाकों </W><W> में </W><W> कई </W><W> इमारतें </W><W> ढह </W><W> गईं। </W></AFTER_EFFECTS-ARG><W> बचावकर्मी </W><W> इन </W><W> इमारतों </W><W> के </W><W> मलबे </W><W> में </W><W> लोगों </W><W> की </W><W> तलाश </W><W> में </W><W> जुटे </W><W> थे </W><W> कि </W><TIME-ARG ID="22"><LINK EVENT_ARG="12" ID="41" TYPE_REL="EVENT_ARG"/><W> मंगलवार </W><W> दोपहर </W></TIME-ARG><W> फिर </W><NATURAL_EVENT ID="12" TYPE="EARTHQUAKE"><EVENT-COREF-LINK EVENT_ID="9" ID="50" TYPE_REL="EVENT_COREF"/><W> भूकंप </W></NATURAL_EVENT><W> आ </W><W> गया। </W></P><P><W> अमेरिकन </W><W> जियोलॉजिकल </W><W> सर्वे </W><W> के </W><W> अनुसार </W><NATURAL_EVENT ID="13" TYPE="EARTHQUAKE"><EVENT-COREF-LINK EVENT_ID="9" ID="51" TYPE_REL="EVENT_COREF"/><W> इसका </W></NATURAL_EVENT><W> केंद्र </W><EPICENTRE-ARG ID="23"><LINK EVENT_ARG="13" ID="42" TYPE_REL="EVENT_ARG"/><W> मध्य </W><W> फिलीपींस </W></EPICENTRE-ARG><W> में </W><W> था। </W><W> दूसरे </W><W> दिन </W><W> आए </W><NATURAL_EVENT ID="14" TYPE="EARTHQUAKE"><EVENT-COREF-LINK EVENT_ID="9" ID="52" TYPE_REL="EVENT_COREF"/><W> भूंकप </W></NATURAL_EVENT><W> से </W><W> अभी </W><W> तक </W><W> किसी </W><W> के </W><W> हताहत </W><W> होने </W><W> की </W><W> सूचना </W><W> नहीं </W><W> है। </W><TIME-ARG ID="24"><LINK EVENT_ARG="14" ID="43" TYPE_REL="EVENT_ARG"/><W> सोमवार </W></TIME-ARG><W> को </W><W> आए </W><NATURAL_EVENT ID="15" TYPE="EARTHQUAKE"><EVENT-COREF-LINK EVENT_ID="4" ID="53" TYPE_REL="EVENT_COREF"/><W> भूकंप </W></NATURAL_EVENT><W> के </W><W> कारण </W><AFTER_EFFECTS-ARG ID="25"><LINK EVENT_ARG="15" ID="44" TYPE_REL="EVENT_ARG"/><W> कई </W><W> इलाकों </W><W> में </W><W> ट्रेन </W><W> सेवाएं </W><W> जरुर </W><W> बाधित </W></AFTER_EFFECTS-ARG><W> रही </W><W> हैं। </W><AFTER_EFFECTS-ARG ID="26"><LINK EVENT_ARG="15" ID="45" TYPE_REL="EVENT_ARG"/><W> पंमपंगा </W><W> प्रांत </W><W> स्थित </W><W> अंतरराष्ट्रीय </W><W> एयरपोर्ट </W><W> भी </W><W> मरम्मत </W><W> के </W><W> लिए </W><W> बंद </W><W> कर </W><W> दिया </W><W> गया </W></AFTER_EFFECTS-ARG><W> है। </W><W> जानमाल </W><W> का </W><AFTER_EFFECTS-ARG ID="27"><LINK EVENT_ARG="15" ID="46" TYPE_REL="EVENT_ARG"/><W> सबसे </W><W> ज्यादा </W><W> नुकसान </W><W> भी </W><W> इसी </W><W> प्रांत </W><W> में </W><W> हुआ </W></AFTER_EFFECTS-ARG><W> है। </W><NATURAL_EVENT ID="16" TYPE="EARTHQUAKE"><EVENT-COREF-LINK EVENT_ID="4" ID="54" TYPE_REL="EVENT_COREF"/><W> भूकंप </W></NATURAL_EVENT><W> की </W><W> वजह </W><W> से </W><AFTER_EFFECTS-ARG ID="28"><LINK EVENT_ARG="16" ID="47" TYPE_REL="EVENT_ARG"/><W> एक </W><W> चर्च </W><W> भी </W><W> ढह </W><W> गया </W></AFTER_EFFECTS-ARG><W> है। </W></P><P><W> पोरक </W><W> शहर </W><W> के </W><W> मेयर </W><W> का </W><W> कहना </W><W> है </W><W> कि </W><W> कई </W><W> लोग </W><W> अब </W><W> भी </W><W> मलबे </W><W> के </W><W> नीचे </W><W> दबे </W><W> हैं। </W><W> उन्हें </W><W> निकालने </W><W> के </W><W> लिए </W><W> आधुनिक </W><W> उपकरणों </W><W> की </W><W> मदद </W><W> ली </W><W> जा </W><W> रही </W><W> है। </W><W> फिलीपींस </W><W> प्रशांत </W><W> महासागर </W><W> के </W><W> 'रिंग </W><W> ऑफ </W><W> फायर' </W><W> कहे </W><W> जाने </W><W> वाले </W><W> क्षेत्र </W><W> में </W><W> स्थित </W><W> है </W><W> जो </W><W> प्राकृतिक </W><W> आपदाओं </W><W> के </W><W> लिए </W><W> अति </W><W> संवेदनशील </W><W> क्षेत्र </W><W> माना </W><W> जाता </W><W> है। </W></P><P><W> रिंग </W><W> ऑफ़ </W><W> फायर </W><W> प्रशांत </W><W> महासागर </W><W> के </W><W> चारों </W><W> ओर </W><W> फैली </W><W> ज्वालामुखीय </W><W> व </W><W> भूकम्पीय </W><W> श्रृंखला </W><W> है, </W><W> इसी </W><W> वजह </W><W> से </W><W> इसे </W><W> ‘रिंग </W><W> ऑफ़ </W><W> फायर’ </W><W> (Ring </W><W> of </W><W> Fire) </W><W> नाम </W><W> दिया </W><W> गया </W><W> है| </W><W> यह </W><W> विभिन्न </W><W> विवर्तनिकी </W><W> (Tectonic) </W><W> प्लेट </W><W> किनारों </W><W> के </W><W> सहारे </W><W> फैली </W><W> हुई </W><W> है </W><W> जहाँ </W><W> लगभग </W><W> 450 </W><W> ज्वालामुखी </W><W> है। </W><W> यहां </W><W> दुनिया </W><W> के </W><W> 75 </W><W> फीसदी </W><W> सक्रिय </W><W> ज्वालामुखी </W><W> पाए </W><W> जाते </W><W> हैं| </W></P></DOCUMENT>