<?xml version="1.0" encoding="UTF-8"?>
<DOCUMENT><DESC/><TIME>184</TIME><P><PLACE-ARG ID="0"><W> नई </W><W> दिल्ली </W></PLACE-ARG><W> [जेएनएन]। </W><PLACE-ARG ID="1"><LINK EVENT_ARG="3" ID="19" TYPE_REL="EVENT_ARG"/><W> अमेरिका </W><W> के </W><W> मैरीलैंड </W></PLACE-ARG><W> में </W><TIME-ARG ID="2"><LINK EVENT_ARG="3" ID="20" TYPE_REL="EVENT_ARG"/><W> गुरुवार </W><W> सुबह </W></TIME-ARG><W> हुई </W><MAN_MADE_EVENT ID="3" TYPE="SHOOT_OUT"><W> गोलीबारी </W></MAN_MADE_EVENT><W> में </W><CASUALTIES-ARG ID="4"><LINK EVENT_ARG="3" ID="21" TYPE_REL="EVENT_ARG"/><W> तीन </W><W> लोग </W><W> मारे </W><W> गए। </W></CASUALTIES-ARG><AFTER_EFFECTS-ARG ID="5"><LINK EVENT_ARG="3" ID="22" TYPE_REL="EVENT_ARG"/><W> पुलिस </W><W> ने </W><W> संदिग्ध </W><W> आरोपी </W><W> को </W><W> हिरासत </W><W> में </W><W> ले </W><W> लिया </W><W> है, </W></AFTER_EFFECTS-ARG><W> जिसकी </W><W> हालत </W><W> गंभीर </W><W> बताई </W><W> जा </W><W> रही </W><W> है। </W><W> पुलिस </W><W> अधिकारी </W><W> जेफरी </W><W> गैहलर </W><W> ने </W><W> बताया </W><W> कि </W><W> ऐसा </W><W> लगता </W><W> है </W><W> कि </W><MAN_MADE_EVENT ID="6" TYPE="SHOOT_OUT"><EVENT-COREF-LINK EVENT_ID="3" ID="15" TYPE_REL="EVENT_COREF"/><W> शूटिंग </W></MAN_MADE_EVENT><W> में </W><W> सिर्फ </W><W> एक </W><W> ही </W><W> हथियार </W><W> इस्तेमाल </W><W> हुआ </W><W> है। </W><W> गैहलर </W><W> ने </W><W> बताया </W><W> कि </W><TIME-ARG ID="7"><LINK EVENT_ARG="6" ID="23" TYPE_REL="EVENT_ARG"/><W> सुबह </W><W> 9 </W><W> बजे </W></TIME-ARG><W> उनके </W><W> पास </W><W> मदद </W><W> के </W><W> लिए </W><W> कॉल </W><W> आई। </W></P><P><MAN_MADE_EVENT ID="8" TYPE="SHOOT_OUT"><EVENT-COREF-LINK EVENT_ID="3" ID="16" TYPE_REL="EVENT_COREF"/><W> गोलीबारी </W></MAN_MADE_EVENT><W> में </W><CASUALTIES-ARG ID="9"><LINK EVENT_ARG="8" ID="24" TYPE_REL="EVENT_ARG"/><W> कई </W><W> लोग </W><W> मारे </W><W> गए </W></CASUALTIES-ARG><W> और </W><CASUALTIES-ARG ID="10"><LINK EVENT_ARG="8" ID="25" TYPE_REL="EVENT_ARG"/><W> बहुत </W><W> से </W><W> अन्य </W><W> घायल </W></CASUALTIES-ARG><W> हो </W><W> गए। </W><W> उन्होंने </W><W> कहा </W><W> कि </W><MAN_MADE_EVENT ID="11" TYPE="SHOOT_OUT"><EVENT-COREF-LINK EVENT_ID="3" ID="17" TYPE_REL="EVENT_COREF"/><W> घटना </W></MAN_MADE_EVENT><W> के </W><TIME-ARG ID="12"><LINK EVENT_ARG="11" ID="26" TYPE_REL="EVENT_ARG"/><W> 5 </W><W> मिनट </W><W> बाद </W></TIME-ARG><W> ही </W><AFTER_EFFECTS-ARG ID="13"><LINK EVENT_ARG="11" ID="27" TYPE_REL="EVENT_ARG"/><W> अधिकारी </W><W> मौके </W><W> पर </W><W> पहुंच </W><W> गए </W><W> थे। </W></AFTER_EFFECTS-ARG><W> वहीं, </W><W> सरकार </W><W> का </W><W> कहना </W><W> है </W><W> कि </W><W> वह </W><MAN_MADE_EVENT ID="14" TYPE="SHOOT_OUT"><EVENT-COREF-LINK EVENT_ID="3" ID="18" TYPE_REL="EVENT_COREF"/><W> घटना </W></MAN_MADE_EVENT><W> पर </W><W> नजर </W><W> बनाए </W><W> हुए </W><W> है </W><W> और </W><W> किसी </W><W> भी </W><W> तरह </W><W> की </W><W> मदद </W><W> के </W><W> लिए </W><W> तैयार </W><W> है। </W></P></DOCUMENT>