<?xml version="1.0" encoding="UTF-8"?>
<DOCUMENT><P><W> उटा </W><W> (एपी)। </W><W> पत्‍नी </W><W> को </W><W> प्रताड़ित </W><W> करने </W><W> के </W><W> जुर्म </W><W> में </W><W> गिरफ्तार </W><W> किए </W><W> जाने </W><W> के </W><W> कुछ </W><W> ही </W><W> घंटे </W><W> बाद </W><W> उटा </W><W> निवासी </W><W> शख्‍स </W><PARTICIPANT-ARG ID="4"><LINK EVENT_ARG="0" ID="16" TYPE_REL="EVENT_ARG"/><W> यूड </W></PARTICIPANT-ARG><W> ने </W><W> अपने </W><W> ही </W><PARTICIPANT-ARG ID="25"><LINK EVENT_ARG="0" ID="26" TYPE_REL="EVENT_ARG"/><W> घर </W></PARTICIPANT-ARG><W> में </W><MAN_MADE_EVENT ID="0" TYPE="AVIATION_HAZARD"><W> विमान </W><W> घुसा </W><W> दिया। </W></MAN_MADE_EVENT><W> उस </W><W> वक्‍त </W><W> बच्‍चे </W><W> के </W><W> साथ </W><W> उसकी </W><W> पत्‍नी </W><W> घर </W><W> में </W><W> ही </W><W> मौजूद </W><W> थी। </W><W> वे </W><W> दोनों </W><W> इस </W><W> घटना </W><W> में </W><W> जीवित </W><W> बच </W><W> गए </W><W> लेकिन </W><W> यूड </W><W> खुद </W><W> मारा </W><W> गया। </W></P><P><W> इस </W><MAN_MADE_EVENT ID="1" TYPE="AVIATION_HAZARD"><EVENT-COREF-LINK EVENT_ID="0" ID="27" TYPE_REL="EVENT_COREF"/><W> प्‍लेन </W><W> क्रैश </W></MAN_MADE_EVENT><W> के </W><W> हादसे </W><W> में </W><PARTICIPANT-ARG ID="5"><LINK EVENT_ARG="1" ID="17" TYPE_REL="EVENT_ARG"/><W> दो </W><W> मंजिले </W><W> मकान </W></PARTICIPANT-ARG><W> के </W><W> आगे </W><W> का </W><W> हिस्‍सा </W><W> जल </W><W> गया। </W><W> यह </W><MAN_MADE_EVENT ID="2" TYPE="AVIATION_HAZARD"><EVENT-COREF-LINK EVENT_ID="0" ID="28" TYPE_REL="EVENT_COREF"/><W> हादसा </W></MAN_MADE_EVENT><TIME-ARG ID="13"><LINK EVENT_ARG="2" ID="18" TYPE_REL="EVENT_ARG"/><W> सुबह </W></TIME-ARG><W> के </W><TIME-ARG ID="14"><LINK EVENT_ARG="2" ID="19" TYPE_REL="EVENT_ARG"/><W> ढाई </W><W> बजे </W></TIME-ARG><PLACE-ARG ID="15"><LINK EVENT_ARG="2" ID="20" TYPE_REL="EVENT_ARG"/><W> पेसन </W></PLACE-ARG><W> नामक </W><W> शहर </W><W> में </W><W> हुआ। पुलिस </W><W> का </W><W> कहना </W><W> है </W><W> कि </W><PARTICIPANT-ARG ID="6"><LINK EVENT_ARG="2" ID="21" TYPE_REL="EVENT_ARG"/><W> यूड </W></PARTICIPANT-ARG><W> जिस </W><W> कंपनी </W><W> में </W><W> काम </W><W> करता </W><W> था, </W><W> ‘सेसना </W><W> 25’ </W><W> प्लेन </W><W> उसी </W><W> कंपनी </W><W> का </W><W> था। </W><W> वह </W><W> अनुभवी </W><W> पायलट </W><W> था। </W><W> पुलिस </W><W> ने </W><W> शख्स </W><W> को </W><W> घरेलू </W><W> हिंसा </W><W> के </W><W> मामले </W><W> में </W><W> गिरफ्तार </W><W> करने </W><W> के </W><W> बाद </W><W> जमानत </W><W> दे </W><W> दी </W><W> थी। </W><PARTICIPANT-ARG ID="7"><LINK EVENT_ARG="3" ID="22" TYPE_REL="EVENT_ARG"/><W> यूड </W></PARTICIPANT-ARG><W> ने </W><W> अपने </W><W> घर </W><W> से </W><W> 15 </W><W> किमी </W><W> दूर </W><W> स्थित </W><W> एयरपोर्ट </W><W> से </W><W> उड़ान </W><W> भरी </W><W> थी। </W><MAN_MADE_EVENT ID="3" TYPE="AVIATION_HAZARD"><W> क्रैश </W></MAN_MADE_EVENT><W> के </W><W> बाद </W><W> प्लेन </W><W> के </W><W> मलबे </W><W> से </W><W> जांच </W><W> की </W><W> जा </W><W> रही </W><W> है। </W></P><P><W> फिलहाल </W><W> यह </W><W> पता </W><W> नहीं </W><W> चला </W><W> है </W><W> कि </W><PARTICIPANT-ARG ID="8"><LINK EVENT_ARG="3" ID="23" TYPE_REL="EVENT_ARG"/><W> यूड </W></PARTICIPANT-ARG><W> किसके </W><W> लिए </W><W> काम </W><W> करत </W><W> था </W><W> और </W><W> प्‍लेन </W><W> ले </W><W> जाने </W><W> के </W><W> लिए </W><W> उसके </W><W> पास </W><W> अधिकार </W><W> था </W><W> या </W><W> नहीं। </W><W> पत्‍नी </W><W> को </W><W> प्रताड़ित </W><W> करने </W><W> और </W><W> घरेलू </W><W> हिंसा </W><W> की </W><W> शिकायत </W><W> के </W><W> बाद </W><W> 47 </W><W> वर्षीय </W><PARTICIPANT-ARG ID="11"><LINK EVENT_ARG="3" ID="24" TYPE_REL="EVENT_ARG"/><W> यूड </W></PARTICIPANT-ARG><W> की </W><W> गिरफ्तारी </W><W> रविवार </W><W> रात </W><W> 7.30 </W><W> मिनट </W><W> पर </W><W> हुई। </W></P></DOCUMENT>