<?xml version="1.0" encoding="UTF-8"?>
<DOCUMENT><DESC/><DESC/><TIME>6570</TIME><P><PLACE-ARG ID="0"><LINK EVENT_ARG="17" ID="18" TYPE_REL="EVENT_ARG"/><W> जापान </W><W> के </W><W> माउंट </W><NAME-ARG ID="1"><W> सकूराजिमा </W><W> ज्वालामुखी </W></NAME-ARG></PLACE-ARG><W> में </W><W> जबर्दस्त </W><NATURAL_EVENT ID="17" TYPE="VOLCANO"><W> विस्फोट </W></NATURAL_EVENT></P><P><W> टोक्यो </W><W> । </W><PLACE-ARG ID="2"><LINK EVENT_ARG="4" ID="19" TYPE_REL="EVENT_ARG"/><W> दक्षिण-पश्चिम </W><W> जापान </W></PLACE-ARG><W> में </W><NAME-ARG ID="3"><LINK EVENT_ARG="4" ID="20" TYPE_REL="EVENT_ARG"/><W> माउंट </W><W> सकूराजिमा </W><W> ज्वालामुखी </W></NAME-ARG><W> जबरदस्त </W><NATURAL_EVENT ID="4" TYPE="VOLCANO"><EVENT-COREF-LINK EVENT_ID="17" ID="27" TYPE_REL="EVENT_COREF"/><W> विस्फोट </W><W> के </W><W> साथ </W><W> फट </W><W> गया। </W></NATURAL_EVENT><W> इस </W><NATURAL_EVENT ID="5" TYPE="VOLCANO"><EVENT-COREF-LINK EVENT_ID="17" ID="28" TYPE_REL="EVENT_COREF"/><W> विस्फोट </W></NATURAL_EVENT><W> के </W><W> बाद </W><W> से </W><AFTER_EFFECTS-ARG ID="6"><LINK EVENT_ARG="5" ID="21" TYPE_REL="EVENT_ARG"/><W> पूरे </W><W> इलाके </W><W> में </W><W> धूएं </W><W> के </W><W> साथ </W><W> आग </W><W> की </W><W> ऊंची-ऊंची </W><W> लपटे </W><W> उठर </W><W> रही </W></AFTER_EFFECTS-ARG><W> है। </W><W> स्थानीय </W><W> प्रशासन </W><W> ने </W><AFTER_EFFECTS-ARG ID="7"><LINK EVENT_ARG="5" ID="22" TYPE_REL="EVENT_ARG"/><W> सुरक्षा </W><W> के </W><W> मद्देनजर </W><W> पूरे </W><W> इलाके </W><W> में </W><W> आम </W><W> लोगों </W><W> की </W><W> आवाजाही </W><W> रोक </W><W> दी </W></AFTER_EFFECTS-ARG><W> है। </W></P><P><W> पढ़ें:सेल्फी </W><W> लेने </W><W> सक्रिय </W><W> ज्वालामुखी </W><W> तक </W><W> जा </W><W> पहुंचा </W></P><P><W> लंबे </W><W> समय </W><W> से </W><W> सक्रिय </W><W> इस </W><W> ज्वालामुखी </W><W> से </W><W> धमाके </W><W> के </W><W> बाद </W><W> गर्म </W><W> लावा </W><W> लगातार </W><W> निकल </W><W> रहा </W><W> है। </W><W> ज्वालामुखी </W><W> के </W><W> पास </W><W> ही </W><W> कागोशिमा </W><W> शहर </W><W> है। </W><W> फिलहाल </W><W> इस </W><W> घटना </W><W> में </W><W> किसी </W><W> के </W><W> हताहत </W><W> होने </W><W> की </W><W> खबर </W><W> नहीं </W><W> है। </W><W> यह </W><W> ज्वालामुखी </W><W> परमाणु </W><W> संयत्र </W><W> से </W><W> 50 </W><W> किमी </W><W> दूर </W><W> ही </W><W> फूटा </W><W> था। </W><W> ज्वालामुखी </W><W> के </W><W> फटने </W><W> से </W><AFTER_EFFECTS-ARG ID="8"><LINK EVENT_ARG="4" ID="23" TYPE_REL="EVENT_ARG"/><W> लावा </W><W> की </W><W> लहरों </W><W> के </W><W> साथ </W><W> 2 </W><W> किमी. </W><W> की </W><W> एरिया </W><W> में </W><W> अंधेरा </W><W> छा </W><W> गया। </W></AFTER_EFFECTS-ARG><W> अभी </W><W> तक </W><W> किसी </W><W> भी </W><W> तरह </W><W> के </W><W> जान-मान </W><W> के </W><W> नुकसान </W><W> की </W><W> खबर </W><W> नहीं </W><W> है। </W></P><P><NATURAL_EVENT ID="16" TYPE="VOLCANO"><W> पढ़ें:ज्वालामुखी </W><W> से </W><W> निकले </W><W> गुबार </W></NATURAL_EVENT><W> से </W><AFTER_EFFECTS-ARG ID="15"><LINK EVENT_ARG="16" ID="24" TYPE_REL="EVENT_ARG"/><W> बाली </W><W> एयरपोर्ट </W><W> बंद, </W><W> यात्री </W><W> फंसे </W></AFTER_EFFECTS-ARG></P><P><W> गौरतलब </W><W> है </W><W> कि </W><W> पिछले </W><W> वर्ष </W><W> अगस्त </W><W> माह </W><W> में </W><W> इस </W><W> क्षेत्र </W><W> में </W><W> दूसरे </W><W> उच्चतम </W><W> स्तर </W><W> के </W><W> ज्वालामुखी </W><W> विस्फोट </W><W> को </W><W> लेकर </W><W> अलर्ट </W><W> जारी </W><W> किया </W><W> गया </W><W> था </W><W> जिसके </W><W> बाद </W><W> यहां </W><W> के </W><W> निवासियों </W><W> को </W><W> सुरक्षित </W><W> स्थान </W><W> पर </W><W> पहुंचा </W><W> दिया </W><W> गया </W><W> था। </W><TIME-ARG ID="12"><LINK EVENT_ARG="14" ID="26" TYPE_REL="EVENT_ARG"/><W> 1914 </W></TIME-ARG><W> में </W><PLACE-ARG ID="13"><LINK EVENT_ARG="14" ID="25" TYPE_REL="EVENT_ARG"/><W> सकूराजिमा </W></PLACE-ARG><W> में </W><NATURAL_EVENT ID="14" TYPE="VOLCANO"><W> विस्फोटित </W><W> ज्वालामुखी </W></NATURAL_EVENT><W> को </W><W> जापान </W><W> में </W><W> 20वीं </W><W> सदी </W><W> का </W><W> सबसे </W><W> खतरनाक </W><W> ज्वालामुखी </W><W> कहा </W><W> जाता </W><W> है। </W></P><P><W> Posted </W><W> By: </W><W> Sachin </W><W> Bajpai </W></P></DOCUMENT>