<?xml version="1.0" encoding="UTF-8"?>
<DOCUMENT><DESC/><TIME>195</TIME><P><PLACE-ARG ID="0"><LINK EVENT_ARG="6" ID="11" TYPE_REL="EVENT_ARG"/><W> म्यांमार </W></PLACE-ARG><W> में </W><REASON-ARG ID="1"><LINK EVENT_ARG="6" ID="12" TYPE_REL="EVENT_ARG"/><W> बांध </W><W> टूटने </W></REASON-ARG><W> से </W><CASUALTIES-ARG ID="2"><LINK EVENT_ARG="6" ID="13" TYPE_REL="EVENT_ARG"/><W> 63 </W><W> हजार </W><W> लोग </W><W> विस्थापित </W></CASUALTIES-ARG><W> । </W></P><P><PLACE-ARG ID="3"><LINK EVENT_ARG="6" ID="14" TYPE_REL="EVENT_ARG"/><W> यंगून। </W></PLACE-ARG><PLACE-ARG ID="4"><LINK EVENT_ARG="6" ID="15" TYPE_REL="EVENT_ARG"/><W> मध्य </W><W> म्यांमार </W><W> के </W><W> येदाशे </W><W> इलाके </W></PLACE-ARG><W> में </W><W> स्थित </W><REASON-ARG ID="5"><LINK EVENT_ARG="6" ID="16" TYPE_REL="EVENT_ARG"/><W> एक </W><W> बांध </W><W> के </W><W> टूटने </W></REASON-ARG><W> से </W><AFTER_EFFECTS-ARG ID="7"><LINK EVENT_ARG="6" ID="17" TYPE_REL="EVENT_ARG"/><W> आस-पास </W><W> के </W><W> 85 </W><W> गांव </W><W> एक </W><W> मीटर </W><W> गहरे </W><NATURAL_EVENT ID="6" TYPE="FLOODS"><W> पानी </W><W> में </W><W> डूब </W><W> गए </W></NATURAL_EVENT></AFTER_EFFECTS-ARG><W> हैं। </W><W> त्वरित </W><W> कार्रवाई </W><W> करते </W><W> हुए </W><W> प्रशासन </W><W> ने </W><W> बागो </W><W> क्षेत्र </W><W> के </W><W> 63 </W><W> हजार </W><W> लोगों </W><W> को </W><W> सुरक्षित </W><W> स्थानों </W><W> पर </W><W> पहुंचाया </W><W> है। </W><W> बताया </W><W> जा </W><W> रहा </W><W> है </W><W> कि </W><W> स्वार </W><W> चाउंग </W><W> बांध </W><W> में </W><W> पानी </W><W> का </W><W> स्तर </W><W> बढ़ने </W><W> से </W><W> बुधवार </W><W> को </W><W> उसका </W><W> एक </W><W> गेट </W><W> टूट </W><W> गया </W><W> था। </W><W> टूटने </W><W> से </W><W> ठीक </W><W> पहले </W><W> बांध </W><W> में </W><W> पानी </W><W> का </W><W> स्तर </W><W> 103.2 </W><W> मीटर </W><W> पर </W><W> था। </W><W> यह </W><W> बांध </W><W> की </W><W> क्षमता </W><W> से </W><W> आधा </W><W> मीटर </W><W> ज्यादा </W><W> था। </W></P><P><W> बांध </W><W> टूटने </W><W> की </W><W> वजह </W><W> से </W><AFTER_EFFECTS-ARG ID="8"><LINK EVENT_ARG="9" ID="18" TYPE_REL="EVENT_ARG"/><W> म्यांमार </W><W> के </W><W> दो </W><W> प्रमुख </W><W> शहरों </W><W> रंगून </W><W> और </W><W> मांडले </W><W> को </W><W> जोड़ने </W><W> वाले </W><W> मुख्य </W><W> राजमार्ग </W><W> का </W><W> आठ </W><W> किलोमीटर </W><W> हिस्सा </W><NATURAL_EVENT ID="9" TYPE="FLOODS"><EVENT-COREF-LINK EVENT_ID="6" ID="20" TYPE_REL="EVENT_COREF"/><W> पानी </W><W> में </W><W> डूबा </W></NATURAL_EVENT></AFTER_EFFECTS-ARG><W> है। </W><AFTER_EFFECTS-ARG ID="10"><LINK EVENT_ARG="9" ID="19" TYPE_REL="EVENT_ARG"/><W> क्षेत्र </W><W> में </W><W> रेल </W><W> यातायात </W><W> भी </W><W> ठप </W><W> हो </W><W> गया </W></AFTER_EFFECTS-ARG><W> है। </W><W> प्रशासन </W><W> को </W><W> लोगों </W><W> की </W><W> मदद </W><W> के </W><W> लिए </W><W> सेना </W><W> बुलानी </W><W> पड़ी। </W><W> मानवाधिकार </W><W> संगठन </W><W> रेडक्रास </W><W> भी </W><W> राहत </W><W> कार्यों </W><W> में </W><W> जुटा </W><W> है। </W></P></DOCUMENT>