<?xml version="1.0" encoding="UTF-8"?>
<DOCUMENT><P><TIME-ARG ID="0"><LINK EVENT_ARG="1" ID="22" TYPE_REL="EVENT_ARG"/><W> ১৯ </W><W> চৈত্র </W><W> ১৪০৭ </W><W> সোমবার </W><W> ২ </W><W> এপ্রিল </W><W> ২০০১ </W></TIME-ARG></P><P><PLACE-ARG ID="2"><LINK EVENT_ARG="1" ID="23" TYPE_REL="EVENT_ARG"/><W> জলসায় </W></PLACE-ARG><MAN_MADE_EVENT ID="1" TYPE="NORMAL_BOMBING"><W> গ্রেনেড, </W></MAN_MADE_EVENT><CASUALTIES-ARG ID="22"><LINK EVENT_ARG="1" ID="24" TYPE_REL="EVENT_ARG"/><W> হত </W><W> ১১, </W></CASUALTIES-ARG><CASUALTIES-ARG ID="23"><LINK EVENT_ARG="1" ID="25" TYPE_REL="EVENT_ARG"/><W> আহত </W><W> ২০০ </W></CASUALTIES-ARG><W> শ্রীলঙ্কায় </W><W> সংবাদসংস্থা </W><PLACE-ARG ID="4"><LINK EVENT_ARG="5" ID="25" TYPE_REL="EVENT_ARG"/><W> কলম্বো </W></PLACE-ARG><W> ছিল </W><W> উৎসব, </W><W> বিশাল </W><MAN_MADE_EVENT ID="5" TYPE="NORMAL_BOMBING"><EVENT-COREF-LINK EVENT_ID="1" ID="41" TYPE_REL="EVENT_COREF"/><W> বিস্ফোরণে </W></MAN_MADE_EVENT><W> হয়ে </W><W> গেল </W><W> আতঙ্কের </W><TIME-ARG ID="6"><LINK EVENT_ARG="5" ID="26" TYPE_REL="EVENT_ARG"/><W> রাত্রি। </W></TIME-ARG><W> গানবাজনা </W><W> শুনতে </W><W> এসে </W><CASUALTIES-ARG ID="7"><LINK EVENT_ARG="5" ID="27" TYPE_REL="EVENT_ARG"/><W> প্রাণ </W><W> হারালেন </W><W> অন্তত </W><W> এগারো </W><W> জন। </W></CASUALTIES-ARG><W> এমনটাই </W><W> হয়েছে </W><TIME-ARG ID="8"><LINK EVENT_ARG="5" ID="28" TYPE_REL="EVENT_ARG"/><W> কাল </W><W> রাতে, </W></TIME-ARG><PLACE-ARG ID="9"><LINK EVENT_ARG="5" ID="29" TYPE_REL="EVENT_ARG"/><W> শ্রীলঙ্কার </W><W> উত্তর-পশ্চিমাঞ্চলের </W><W> ছোট </W><W> শহর </W><W> কুরুনেগালে। </W></PLACE-ARG></P><P><W> তখন </W><TIME-ARG ID="10"><LINK EVENT_ARG="11" ID="30" TYPE_REL="EVENT_ARG"/><W> রাত </W><W> দেড়টা। </W></TIME-ARG><W> মঞ্চ </W><W> থেকে </W><W> সবে </W><W> গান </W><W> গেয়ে </W><W> নেমেছেন </W><W> মুম্বইয়ের </W><W> গায়িকা </W><W> রীতিকা, </W><W> উঠতে </W><W> যাচ্ছেন </W><W> মুম্বইয়ের </W><W> আর </W><W> এক </W><W> গায়িকা </W><W> শামিলা। </W><W> হঠাৎ </W><W> বিধ্বংসী </W><MAN_MADE_EVENT ID="11" TYPE="NORMAL_BOMBING"><EVENT-COREF-LINK EVENT_ID="5" ID="40" TYPE_REL="EVENT_COREF"/><W> বিস্ফোরণ। </W></MAN_MADE_EVENT><CASUALTIES-ARG ID="12"><LINK EVENT_ARG="11" ID="31" TYPE_REL="EVENT_ARG"/><W> প্রাণ </W><W> হারান </W><W> ৮ </W><W> জন। </W></CASUALTIES-ARG><W> পরে </W><CASUALTIES-ARG ID="13"><LINK EVENT_ARG="11" ID="32" TYPE_REL="EVENT_ARG"/><W> মারা </W><W> যান </W><W> আরও </W><W> ৩ </W><W> জন। </W></CASUALTIES-ARG><CASUALTIES-ARG ID="14"><LINK EVENT_ARG="11" ID="33" TYPE_REL="EVENT_ARG"/><W> আহত </W><W> অন্তত </W><W> ২০০ </W><W> জন। </W></CASUALTIES-ARG><W> মুম্বইয়ের </W><W> দুই </W><W> শিল্পী </W><W> অবশ্য </W><W> অক্ষত। </W></P><P><W> পুলিশ </W><W> জানিয়েছে, </W><W> এই </W><W> বিস্ফোরণ, </W><W> খুব </W><W> সম্ভবত, </W><W> এল </W><W> টি </W><W> টি </W><W> ই-র </W><W> কাজ </W><W> নয়। </W><PARTICIPANT-ARG ID="15"><LINK EVENT_ARG="16" ID="34" TYPE_REL="EVENT_ARG"/><W> স্থানীয় </W><W> দুটি </W><W> বিবদমান </W><W> গোষ্ঠী </W></PARTICIPANT-ARG><W> এই </W><MAN_MADE_EVENT ID="16" TYPE="NORMAL_BOMBING"><EVENT-COREF-LINK EVENT_ID="11" ID="39" TYPE_REL="EVENT_COREF"/><W> বিস্ফোরণ </W></MAN_MADE_EVENT><W> ঘটিয়েছে। </W><W> যারা </W><W> গ্রেনেড </W><W> এনেছিল, </W><W> খুব </W><W> সম্ভবত </W><W> তারাও </W><W> মারা </W><W> গিয়েছে।একটি </W><W> সূত্রের </W><W> দাবি, </W><PARTICIPANT-ARG ID="18"><LINK EVENT_ARG="21" ID="35" TYPE_REL="EVENT_ARG"/><W> মালকাদুওয়া </W></PARTICIPANT-ARG><W> ও </W><PARTICIPANT-ARG ID="19"><LINK EVENT_ARG="21" ID="36" TYPE_REL="EVENT_ARG"/><W> সমনপুরা </W></PARTICIPANT-ARG><W> নামে </W><REASON-ARG ID="20"><LINK EVENT_ARG="21" ID="37" TYPE_REL="EVENT_ARG"/><W> দুটি </W><W> গ্রামের </W><W> রেষারেষির </W><W> ফল </W></REASON-ARG><W> এই </W><MAN_MADE_EVENT ID="21" TYPE="NORMAL_BOMBING"><EVENT-COREF-LINK EVENT_ID="16" ID="38" TYPE_REL="EVENT_COREF"/><W> বিস্ফোরণ। </W></MAN_MADE_EVENT></P><P><W> এ </W><W> দিকে, </W><W> এল </W><W> টি </W><W> টি </W><W> ই </W><W> প্রধান </W><W> বেল্লুপিল্লাই </W><W> প্রভাকরন </W><W> হুমকি </W><W> দিয়েছেন, </W><W> যে </W><W> সমস্ত </W><W> টাইগার </W><W> আত্মসমর্পণ </W><W> করবে, </W><W> তাদের </W><W> খুঁজে </W><W> বার </W><W> করে </W><W> খুন </W><W> করা </W><W> হবে। </W><W> মাল্লাভির </W><W> কাছে </W><W> এক </W><W> শিবিরে </W><W> তিনি </W><W> বলেছেন, </W><W> দলছুটদের </W><W> নামের </W><W> তালিকা </W><W> তৈরি </W><W> হচ্ছে। </W></P><P><W> নয়াদিল্লির </W><W> খবর, </W><W> রাজীব </W><W> গাঁধী </W><W> হত্যা-রহস্য </W><W> ফাঁস </W><W> করার </W><W> জন্য </W><W> সি </W><W> বি </W><W> আই </W><W> ২৩টি </W><W> দেশের </W><W> সাহায্য </W><W> চেয়েছে। </W><W> সি </W><W> বি </W><W> আই </W><W> এই </W><W> দেশগুলির </W><W> কাছে </W><W> এল </W><W> টি </W><W> টি </W><W> ই-র </W><W> সদস্যদের </W><W> সম্পর্কে </W><W> তথ্য </W><W> চেয়েছে। </W></P></DOCUMENT>