<?xml version="1.0" encoding="UTF-8"?>
<DOCUMENT><P><TIME-ARG ID="0"><LINK EVENT_ARG="1" ID="12" TYPE_REL="EVENT_ARG"/><W> ২০ </W><W> জ্যৈষ্ঠ </W><W> ১৪০৮ </W><W> রবিবার </W><W> ৩ </W><W> জুন </W><W> ২০০১ </W></TIME-ARG></P><P><MAN_MADE_EVENT ID="1" TYPE="SUICIDE_ATTACK"><W> মানববোমায় </W></MAN_MADE_EVENT><CASUALTIES-ARG ID="2"><LINK EVENT_ARG="1" ID="13" TYPE_REL="EVENT_ARG"/><W> হত </W><W> ১৮ </W></CASUALTIES-ARG><W> সংবাদসংস্থা </W><PLACE-ARG ID="3"><LINK EVENT_ARG="1" ID="14" TYPE_REL="EVENT_ARG"/><W> তেল </W><W> আভিভ </W></PLACE-ARG><W> পশ্চিম </W><W> এশিয়ায় </W><W> রাজনৈতিক </W><W> ঝঞ্ঝা </W><W> অব্যাহত। </W><TIME-ARG ID="4"><LINK EVENT_ARG="6" ID="15" TYPE_REL="EVENT_ARG"/><W> গত </W><W> কাল </W><W> রাতে </W></TIME-ARG><PLACE-ARG ID="5"><LINK EVENT_ARG="6" ID="16" TYPE_REL="EVENT_ARG"/><W> এখানকার </W><W> একটি </W><W> নামকরা </W><W> ডিস্কোথেকের </W><W> সামনে </W></PLACE-ARG><MAN_MADE_EVENT ID="6" TYPE="SUICIDE_ATTACK"><EVENT-COREF-LINK EVENT_ID="1" ID="22" TYPE_REL="EVENT_COREF"/><W> মানববোমা </W><W> বিস্ফোরণে </W></MAN_MADE_EVENT><CASUALTIES-ARG ID="12"><LINK EVENT_ARG="6" ID="13" TYPE_REL="EVENT_ARG"/><W> ১৮ </W><W> জন </W><W> মারা </W><W> গিয়েছেন। </W></CASUALTIES-ARG><CASUALTIES-ARG ID="8"><LINK EVENT_ARG="6" ID="18" TYPE_REL="EVENT_ARG"/><W> আহত </W><W> হয়েছেন </W><W> কম </W><W> করে </W><W> ১০০ </W><W> জন। </W></CASUALTIES-ARG><W> সমুদ্রের </W><W> ঠিক </W><W> পাশেই </W><W> একটি </W><W> ডিস্কোথেকের </W><W> লাইনে </W><W> দাঁড়ানো </W><W> অল্পবয়সী </W><W> ছেলে </W><W> মেয়েদের </W><W> মধ্যে </W><W> মানববোমা </W><W> ঢুকে </W><W> যায়। </W><W> আর </W><W> কয়েক </W><W> মিনিটের </W><W> মধ্যেই </W><MAN_MADE_EVENT ID="14" TYPE="SUICIDE_ATTACK"><EVENT-COREF-LINK EVENT_ID="6" ID="16" TYPE_REL="EVENT_COREF"/><W> বিস্ফোরণ </W><W> ঘটে। </W></MAN_MADE_EVENT><W> ছিন্নভিন্ন </W><W> শরীর </W><W> আর </W><W> বারুদের </W><W> কটু </W><W> গন্ধে </W><W> ভরে </W><W> যায় </W><W> সমুদ্রের </W><W> ধার। </W><W> সঙ্গে </W><W> সঙ্গে </W><AFTER_EFFECTS-ARG ID="9"><LINK EVENT_ARG="14" ID="15" TYPE_REL="EVENT_ARG"/><W> ইজরায়েল </W><W> গাজা </W><W> ভূখণ্ড </W><W> এবং </W><W> ওয়েস্ট </W><W> ব্যাঙ্কের </W><W> সমস্ত </W><W> সীমান্ত </W><W> বন্ধ </W><W> করে </W><W> দেয়। </W></AFTER_EFFECTS-ARG></P></DOCUMENT>