<?xml version="1.0" encoding="UTF-8"?>
<DOCUMENT><P><TIME-ARG ID="0"><LINK EVENT_ARG="7" ID="37" TYPE_REL="EVENT_ARG"/><W> ৪ </W><W> বৈশাখ </W><W> ১৪০৯ </W><W> বৃহস্পতিবার </W><W> ১৮ </W><W> এপ্রিল </W><W> ২০০২ </W></TIME-ARG></P><P><W> সংক্ষেপে </W><W> .. </W><W> সনিয়াকে </W><W> হুমকি, </W><W> হদিস </W><W> সাইবার </W><W> কাফের </W><W> নিজস্ব </W><W> সংবাদদাতা </W><W> আসানসোল </W><W> সনিয়া </W><W> গাঁধী </W><W> ও </W><W> তাঁর </W><W> পরিবারকে </W><W> যে </W><W> সাইবার </W><W> কাফে </W><W> থেকে </W><W> ই-মেলে </W><W> হুমকি </W><W> দেওয়া </W><W> হয়েছিল </W><W> তার </W><W> হদিস </W><W> পেয়েছে </W><W> দিল্লি </W><W> পুলিশ। </W><W> হিরাপুর </W><W> থানা </W><W> এলাকার </W><W> এসবি </W><W> গড়াই </W><W> রোডের </W><W> ওই </W><W> সাইবার </W><W> কাফেটির </W><W> মালিককে </W><W> জেরা </W><W> করার </W><W> পর </W><W> তারা </W><W> নিশ্চিত </W><W> যে, </W><W> গত </W><W> ডিসম্বর </W><W> মাসে </W><W> এখান </W><W> থেকে </W><W> ওই </W><W> ই-মেলগুলি </W><W> করা </W><W> হয়েছিল। </W></P><P><W> হিরাপুরের </W><W> পুলিশ </W><W> জানায়, </W><W> ইস্কোর </W><W> কর্মী </W><W> জনৈক </W><W> সন্তোষ </W><W> সিংহের </W><W> ছেলে </W><W> কুলবন্ত </W><W> সিং </W><W> সনিয়া </W><W> গাঁধী </W><W> ও </W><W> পরিবারের </W><W> সদস্যদের </W><W> হত্যার </W><W> হুমকি </W><W> দিয়ে </W><W> ‘মিশন </W><W> রিভেঞ্জ </W><W> খালসা </W><W> ডটকম’ </W><W> শিরোনামে </W><W> বেশ </W><W> কিছু </W><W> ই-মেল </W><W> পাঠিয়েছিল। </W><W> দিল্লি </W><W> পুলিশ </W><W> হিরাপুরে </W><W> এসে </W><W> কয়েক </W><W> দিন </W><W> কাফেটির </W><W> উপরে </W><W> নজর </W><W> রাখে। </W><W> পুলিশের </W><W> জেরায় </W><W> সাইবার </W><W> কাফেটির </W><W> মালিক </W><W> জানান </W><W> ওই </W><W> শিখ </W><W> যুবকটি </W><W> তাঁর </W><W> কাফে </W><W> থেকে </W><W> নিয়মিত </W><W> ই-মেল </W><W> করত। </W><W> তবে </W><W> শেষ </W><W> দিন </W><W> সে </W><W> সমস্ত </W><W> তথ্য </W><W> মুছে </W><W> দিয়ে </W><W> যায়। </W><W> জলন্ধর </W><W> থেকে </W><W> ধৃত </W><W> কুলবন্তকে </W><W> নিয়ে </W><W> সোমবার </W><W> দিল্লি </W><W> ফিরে </W><W> যান </W><W> তদন্তের </W><W> কাজে </W><W> আসা </W><W> পুলিশকর্মীরা। </W></P><P><PLACE-ARG ID="1"><LINK EVENT_ARG="7" ID="28" TYPE_REL="EVENT_ARG"/><W> পুরুলিয়ায় </W></PLACE-ARG><PARTICIPANT-ARG ID="6"><LINK EVENT_ARG="7" ID="27" TYPE_REL="EVENT_ARG"/><W> বাস </W></PARTICIPANT-ARG><MAN_MADE_EVENT ID="7" TYPE="TRANSPORT_HAZARDS"><W> উল্টে </W></MAN_MADE_EVENT><CASUALTIES-ARG ID="3"><LINK EVENT_ARG="7" ID="26" TYPE_REL="EVENT_ARG"/><W> মৃত </W><W> পাঁচ </W></CASUALTIES-ARG></P><P><W> নিজস্ব </W><W> সংবাদদাতা, </W><W> পুরুলিয়া: </W><REASON-ARG ID="4"><LINK EVENT_ARG="8" ID="24" TYPE_REL="EVENT_ARG"/><W> অপরিসর </W><W> রাস্তায় </W><W> বিপরীতমুখী </W><W> বাসকে </W><W> জায়গা </W><W> দিতে </W><W> গিয়ে </W></REASON-ARG><W> কালভার্টের </W><W> কাছে </W><W> একটি </W><PARTICIPANT-ARG ID="5"><LINK EVENT_ARG="8" ID="29" TYPE_REL="EVENT_ARG"/><W> যাত্রিবাহী </W><W> বাস </W></PARTICIPANT-ARG><MAN_MADE_EVENT ID="8" TYPE="TRANSPORT_HAZARDS"><EVENT-COREF-LINK EVENT_ID="7" ID="25" TYPE_REL="EVENT_COREF"/><W> উল্টে </W></MAN_MADE_EVENT><CASUALTIES-ARG ID="9"><LINK EVENT_ARG="8" ID="30" TYPE_REL="EVENT_ARG"/><W> পাঁচ </W><W> জনের </W><W> মৃত্যু </W></CASUALTIES-ARG><W> হয়েছে। </W><TIME-ARG ID="10"><LINK EVENT_ARG="21" ID="22" TYPE_REL="EVENT_ARG"/><W> বুধবার </W><W> সকালে </W></TIME-ARG><MAN_MADE_EVENT ID="21" TYPE="TRANSPORT_HAZARDS"><EVENT-COREF-LINK EVENT_ID="8" ID="25" TYPE_REL="EVENT_COREF"/><W> ঘটনাটি </W><W> ঘটে </W></MAN_MADE_EVENT><PLACE-ARG ID="12"><LINK EVENT_ARG="21" ID="23" TYPE_REL="EVENT_ARG"/><W> কাশীপুর </W><W> থানার </W><W> ধানাড়া </W><W> ও </W><W> ভুইয়ারি </W><W> গ্রামের </W><W> কাছে। </W></PLACE-ARG><MAN_MADE_EVENT ID="13" TYPE="TRANSPORT_HAZARDS"><EVENT-COREF-LINK EVENT_ID="21" ID="24" TYPE_REL="EVENT_COREF"/><W> দুর্ঘটনায় </W></MAN_MADE_EVENT><CASUALTIES-ARG ID="14"><LINK EVENT_ARG="13" ID="35" TYPE_REL="EVENT_ARG"/><W> জখম </W><W> হয়েছেন </W><W> ৪৩ </W><W> জন </W><W> যাত্রী। </W></CASUALTIES-ARG><CASUALTIES-ARG ID="15"><LINK EVENT_ARG="13" ID="36" TYPE_REL="EVENT_ARG"/><W> তাঁদের </W><W> ১০ </W><W> জনের </W><W> অবস্থা </W><W> আশঙ্কাজনক </W></CASUALTIES-ARG><W> বলে </W><W> হাসপাতাল </W><W> সূত্রে </W><W> জানা </W><W> গিয়েছে। </W><W> মৃতদের </W><W> নাম </W><W> ফলারি </W><W> কুম্ভকার </W><W> (৩৪), </W><W> জাকির </W><W> আনসারি </W><W> (৩০), </W><W> বাহাদুর </W><W> কুম্ভকার </W><W> (৩৭) </W><W> কার্তিক </W><W> বাউরি </W><W> (২৪),ও </W><W> এক </W><W> জনের </W><W> পরিচয় </W><W> জানা </W><W> যায়নি। </W><W> এ </W><W> দিন </W><W> ১২টা </W><W> নাগাদ </W><W> ঘটনাস্থলে </W><W> গিয়ে </W><W> দেখা </W><W> যায়, </W><W> পুরুলিয়া-মণিহারা </W><W> রুটের </W><W> একটি </W><W> বাস </W><W> কালভার্টের </W><W> নীচে </W><W> উল্টে </W><W> পড়ে </W><W> রয়েছে। </W><W> চারটি </W><W> চাকাই </W><W> আকাশের </W><W> দিকে। </W><W> দুমড়ে-মুচড়ে </W><W> যাওয়া </W><W> বাসটির </W><W> ভিতর </W><W> থেকে </W><W> খালাসি </W><W> জাকির </W><W> আনসারির </W><W> দেহ </W><W> পুলিশ </W><W> বের </W><W> করতে </W><W> পারেনি। </W><W> স্থানীয় </W><W> কল্লোলি </W><W> প্রাথমিক </W><W> স্বাস্থ্যকেন্দ্রে </W><W> চিকিৎসাধীন </W><W> এক </W><W> যাত্রী </W><W> বরুণ </W><W> সরকার </W><W> জানান, </W><W> ‘‘বাসে </W><W> বসেছিলাম। </W><W> হঠাৎ </W><W> দেখলাম </W><W> বাসটা </W><W> অন্য </W><W> একটা </W><W> বাসকে </W><W> রাস্তা </W><W> করে </W><W> দিতে </W><W> গিয়ে </W><W> ভূমিকম্পের </W><W> মতো </W><W> দুলে </W><W> উঠল। </W><W> তার </W><W> পর </W><W> আমার </W><W> আর </W><W> কিছু </W><W> মনে </W><W> নেই।’’ </W><W> এক </W><W> সপ্তাহের </W><W> মধ্যেই </W><W> দুটি </W><W> বড় </W><W> দুর্ঘটনা </W><W> ঘটায় </W><AFTER_EFFECTS-ARG ID="18"><LINK EVENT_ARG="13" ID="26" TYPE_REL="EVENT_ARG"/><W> স্থানীয় </W><W> মানুষ </W><W> বিক্ষোভ </W><W> দেখান। </W></AFTER_EFFECTS-ARG><W> পরিস্থিতি </W><W> সামাল </W><W> দিতে </W><W> প্রশাসনের </W><W> কর্তারা </W><W> ঘটনাস্থলে </W><W> গিয়েছেন। </W></P><P><W> জঙ্গি </W><W> দমনে </W><W> বৈঠক </W><W> তিন </W><W> রাজ্য </W><W> পুলিশের </W></P><P><W> নিজস্ব </W><W> সংবাদদাতা, </W><W> মেদিনীপুর: </W><W> জনযুদ্ধের </W><W> জঙ্গিদের </W><W> বিরুদ্ধে </W><W> ব্যবস্থা </W><W> নিতে </W><W> বুধবার </W><W> খড়গপুরে </W><W> তিন </W><W> জেলার </W><W> পুলিশ </W><W> সুপার, </W><W> ডি </W><W> আই </W><W> জি </W><W> মেদিনীপুর-সহ </W><W> বালেশ্বর </W><W> ও </W><W> ময়ূরভঞ্জের </W><W> পুলিশ </W><W> সুপার, </W><W> ডি </W><W> আই </W><W> জি-রা </W><W> এক </W><W> উচ্চ </W><W> পর্যায়ের </W><W> বৈঠক </W><W> করেন। </W><W> বৈঠকে </W><W> ঠিক </W><W> হয়েছে, </W><W> জঙ্গি </W><W> সম্পর্কিত </W><W> সমস্ত </W><W> খবর </W><W> ও </W><W> তাদের </W><W> ধরার </W><W> ব্যাপারে </W><W> তিন </W><W> রাজ্যের </W><W> পুলিশ </W><W> একে </W><W> অন্যকে </W><W> সাহায্য </W><W> করবে। </W><W> এ </W><W> দিন </W><W> পুরুলিয়া, </W><W> বাঁকুড়া </W><W> ও </W><W> মেদিনীপুরের </W><W> পুলিশ </W><W> সুপারেরা </W><W> ওড়িশা </W><W> এবং </W><W> ঝাড়খণ্ডের </W><W> পুলিশ </W><W> কর্তাদের </W><W> নিয়ে </W><W> বৈঠকে </W><W> বসেন। </W><W> বেলা </W><W> ১১টা </W><W> নাগাদ </W><W> বৈঠক </W><W> শুরু </W><W> হয়। </W><W> এ </W><W> রাজ্যের </W><W> ৩টি </W><W> জেলাই </W><W> ওড়িশা </W><W> ও </W><W> ঝাড়খণ্ডের </W><W> সীমানা </W><W> লাগোয়া </W><W> এবং </W><W> সেগুলিতে </W><W> জনযুদ্ধের </W><W> প্রভাব </W><W> রয়েছে। </W><W> যেমন, </W><W> মেদিনীপুরে </W><W> বালেশ্বরের </W><W> সীমানা </W><W> এলাকা </W><W> দাঁতন </W><W> ও </W><W> মোহনপুরের </W><W> কিছুটা </W><W> অংশ। </W><W> ময়ূরভঞ্জের </W><W> সীমানা </W><W> লাগোয়া </W><W> নয়াগ্রাম </W><W> ও </W><W> গোপীবল্লভপুর। </W><W> এ </W><W> ছাড়াও </W><W> পূর্ব </W><W> সিংভূম </W><W> জেলার </W><W> সীমানা </W><W> লাগোয়া </W><W> ঝাড়গ্রামের </W><W> বেলপাহাড়ি। </W><W> বৈঠকে </W><W> উপস্থিত </W><W> পুলিশ </W><W> কর্তারা </W><W> বলেন, </W><W> জঙ্গিদের </W><W> ব্যাপারে </W><W> কোনও </W><W> খোঁজখবর </W><W> পেলেই </W><W> তা </W><W> আদানপ্রদান </W><W> করা </W><W> হবে। </W><W> তিন </W><W> রাজ্যের </W><W> পুলিশ </W><W> জঙ্গিদের </W><W> ধরতে </W><W> একে </W><W> অপরকে </W><W> সাহায্যও </W><W> করবে। </W><W> এক </W><W> রাজ্যের </W><W> জঙ্গি </W><W> অন্য </W><W> রাজ্যে </W><W> ধরা </W><W> পড়লে </W><W> তাকে </W><W> ওই </W><W> রাজ্যে </W><W> ফেরত </W><W> পাঠানো </W><W> হবে। </W><W> জঙ্গিদমনে </W><W> যে </W><W> বিশেষ </W><W> প্রক্রিয়া </W><W> শুরু </W><W> হচ্ছে </W><W> তাতে </W><W> সফল </W><W> হওয়া </W><W> যাবে </W><W> আশা </W><W> করা </W><W> হচ্ছে। </W></P><P><W> বিদ্যুৎ </W><W> দফতরে </W><W> ভাঙচুর </W></P><P><W> নিজস্ব </W><W> সংবাদদাতা, </W><W> বোলপুর: </W><W> নতুন </W><W> ট্রান্সফরমারের </W><W> দাবিতে </W><W> বোলপুরের </W><W> সনসত </W><W> গ্রামের </W><W> বাসিন্দারা </W><W> বুধবার </W><W> দফায় </W><W> দফায় </W><W> শান্তিনিকেতনের </W><W> বিদ্যুৎ </W><W> দফতরে </W><W> ভাঙচুর </W><W> চালায় </W><W> বলে </W><W> অভিযোগ। </W><W> বিদ্যুৎ </W><W> সরবরাহ </W><W> দফতরের </W><W> প্রশাসনিক </W><W> অফিসার </W><W> নীরদবরণ </W><W> দাস </W><W> জানান, </W><W> ‘‘সনসত </W><W> গ্রামে </W><W> গত </W><W> ৫ </W><W> এপ্রিল </W><W> ট্রান্সফর্মার </W><W> পুড়ে </W><W> যায়। </W><W> গ্রামে </W><W> কিছু </W><W> গ্রাহকের </W><W> বিদ্যুৎ </W><W> বিল </W><W> বাকি </W><W> থাকায় </W><W> এবং </W><W> অন্যান্য </W><W> কারণে </W><W> নতুন </W><W> ট্রান্সফরমার </W><W> দেওয়া </W><W> যায়নি।’’ </W></P></DOCUMENT>