<?xml version="1.0" encoding="UTF-8"?>
<DOCUMENT><P><TIME-ARG ID="0"><LINK EVENT_ARG="2" ID="12" TYPE_REL="EVENT_ARG"/><TIME-ARG ID="73"><LINK EVENT_ARG="28" ID="74" TYPE_REL="EVENT_ARG"/><W> ২ </W><W> ফাল্গুন </W><W> ১৪০৮ </W><W> শুক্রবার </W><W> ১৫ </W><W> ফেব্রুয়ারি </W><W> ২০০২ </W></TIME-ARG></TIME-ARG></P><P><W> সংক্ষেপে.. </W><CASUALTIES-ARG ID="1"><LINK EVENT_ARG="2" ID="7" TYPE_REL="EVENT_ARG"/><W> দোকানিকে </W></CASUALTIES-ARG><MAN_MADE_EVENT ID="2" TYPE="SHOOT_OUT"><W> গুলি </W></MAN_MADE_EVENT><W> স্টাফ </W><W> রিপোর্টার </W><REASON-ARG ID="3"><LINK EVENT_ARG="5" ID="8" TYPE_REL="EVENT_ARG"/><W> ধারে </W><W> জুতো </W><W> দিতে </W><W> না </W><W> চাওয়ায় </W></REASON-ARG><CASUALTIES-ARG ID="4"><LINK EVENT_ARG="5" ID="9" TYPE_REL="EVENT_ARG"/><W> দোকানের </W><W> মালিককে </W></CASUALTIES-ARG><MAN_MADE_EVENT ID="5" TYPE="SHOOT_OUT"><EVENT-COREF-LINK EVENT_ID="2" ID="11" TYPE_REL="EVENT_COREF"/><W> গুলি </W></MAN_MADE_EVENT><W> করে </W><W> পালাল </W><W> এক </W><PARTICIPANT-ARG ID="6"><LINK EVENT_ARG="5" ID="10" TYPE_REL="EVENT_ARG"/><W> যুবক। </W></PARTICIPANT-ARG><CASUALTIES-ARG ID="55"><LINK EVENT_ARG="5" ID="56" TYPE_REL="EVENT_ARG"/><W> ডান </W><W> পায়ে </W><W> গুলিবিদ্ধ </W><W> অবস্থায় </W><W> এন্টালির </W><W> জুতো </W><W> বিক্রেতা </W><W> আসিফ </W><W> আলিকে </W><W> ভর্তি </W><W> করা </W><W> হয়েছে </W><W> নীলরতন </W><W> সরকার </W><W> মেডিক্যাল </W><W> কলেজ </W><W> হাসপাতালে। </W></CASUALTIES-ARG><W> পুলিশ </W><W> এ </W><W> ব্যাপারে </W><W> অাকিল </W><W> নামে </W><W> ওই </W><W> যুবককে </W><W> খুঁজছে। </W><W> ডি </W><W> সি </W><W> (ই </W><W> এস </W><W> ডি) </W><W> সঞ্জয় </W><W> মুখোপাধ্যায় </W><W> জানিয়েছেন, </W><W> বুধবার </W><W> রাতে </W><W> আকিল </W><W> নামে </W><W> ওই </W><W> যুবকটি </W><W> ১৭ </W><W> নম্বর </W><W> ফুলবাগান </W><W> রোডে </W><W> আসিফের </W><W> চটির </W><W> দোকানে </W><W> এসে </W><W> দু’শো </W><W> টাকা </W><W> দামের </W><W> এক </W><W> জোড়া </W><W> চটি </W><W> পছন্দ </W><W> করে। </W><W> কিন্তু </W><W> দোকানিকে </W><W> সে </W><W> জানায়, </W><W> ‘টাকা </W><W> নেই, </W><W> পরে </W><W> দিয়ে </W><W> যাব।’ </W><W> অচেনা </W><W> আকিলকে </W><W> ধার </W><W> দিতে </W><W> রাজি </W><W> হননি </W><W> আসিফ। </W><W> কথা </W><W> কাটাকাটির </W><W> পরে </W><W> আকিল </W><W> ফিরে </W><W> যায়। </W><TIME-ARG ID="17"><LINK EVENT_ARG="19" ID="20" TYPE_REL="EVENT_ARG"/><W> বৃহস্পতিবার </W><W> সকালে </W></TIME-ARG><W> সে </W><W> ফিরে </W><W> আসে </W><PLACE-ARG ID="18"><LINK EVENT_ARG="19" ID="21" TYPE_REL="EVENT_ARG"/><W> আসিফের </W><W> দোকানে। </W></PLACE-ARG><W> কোনও </W><W> কথা </W><W> না </W><W> বলেই </W><W> তার </W><W> পা </W><W> লক্ষ্য </W><W> করে </W><W> রিভলবার </W><W> থেকে </W><MAN_MADE_EVENT ID="19" TYPE="SHOOT_OUT"><EVENT-COREF-LINK EVENT_ID="5" ID="22" TYPE_REL="EVENT_COREF"/><W> গুলি </W><W> চালায়। </W></MAN_MADE_EVENT><W> স্থানীয় </W><W> বাসিন্দারা </W><W> ছুটে </W><W> আসার </W><W> আগেই </W><W> ঘটনাস্থল </W><W> থেকে </W><W> উধাও </W><W> হয়ে </W><W> যায় </W><W> আকিল। </W><CASUALTIES-ARG ID="57"><LINK EVENT_ARG="19" ID="58" TYPE_REL="EVENT_ARG"/><W> আসিফকে </W><W> গুলিবিদ্ধ </W><W> অবস্থায় </W><W> ভর্তি </W><W> করা </W><W> হয়েছে </W><W> এন </W><W> আর </W><W> এস </W><W> হাসপাতালে। </W></CASUALTIES-ARG></P><P><MAN_MADE_EVENT ID="28" TYPE="VEHICULAR_COLLISION"><W> বাসে </W><W> পিষ্ট </W></MAN_MADE_EVENT><CASUALTIES-ARG ID="29"><LINK EVENT_ARG="28" ID="30" TYPE_REL="EVENT_ARG"/><W> কৌঁসুলি </W></CASUALTIES-ARG></P><P><PARTICIPANT-ARG ID="31"><LINK EVENT_ARG="28" ID="60" TYPE_REL="EVENT_ARG"/><W> দু’টি </W><W> বেসরকারি </W><W> বাসের </W></PARTICIPANT-ARG><REASON-ARG ID="59"><LINK EVENT_ARG="28" ID="61" TYPE_REL="EVENT_ARG"/><W> রেষারেষির </W><W> জেরে </W></REASON-ARG><CASUALTIES-ARG ID="47"><LINK EVENT_ARG="28" ID="62" TYPE_REL="EVENT_ARG"/><W> মারা </W><W> গিয়েছেন </W><W> এক </W><W> আইনজীবী। </W></CASUALTIES-ARG><W> তাঁর </W><W> নাম </W><W> অতীশ </W><W> চন্দ্র </W><W> দাস </W><W> (৪৬)। </W><TIME-ARG ID="38"><LINK EVENT_ARG="40" ID="44" TYPE_REL="EVENT_ARG"/><W> বুধবার </W><W> রাতে </W></TIME-ARG><PLACE-ARG ID="39"><LINK EVENT_ARG="40" ID="43" TYPE_REL="EVENT_ARG"/><W> বেহালার </W><W> অজন্তা </W><W> সিনেমা </W><W> হলের </W><W> কাছে </W></PLACE-ARG><MAN_MADE_EVENT ID="40" TYPE="VEHICULAR_COLLISION"><EVENT-COREF-LINK EVENT_ID="28" ID="63" TYPE_REL="EVENT_COREF"/><W> এই </W><W> দুর্ঘটনার </W></MAN_MADE_EVENT><W> পর </W><AFTER_EFFECTS-ARG ID="41"><LINK EVENT_ARG="40" ID="42" TYPE_REL="EVENT_ARG"/><W> স্থানীয় </W><W> বাসিন্দারা </W><W> ওই </W><W> রাস্তায় </W><W> যান </W><W> চলাচল </W><W> বন্ধ </W><W> করে </W><W> দেন। </W></AFTER_EFFECTS-ARG><AFTER_EFFECTS-ARG ID="46"><LINK EVENT_ARG="40" ID="49" TYPE_REL="EVENT_ARG"/><W> পুলিশ </W><W> দু’টি </W><W> বাসের </W><W> চালককেই </W><W> গ্রেফতার </W><W> করেছে। </W></AFTER_EFFECTS-ARG><REASON-ARG ID="67"><LINK EVENT_ARG="40" ID="68" TYPE_REL="EVENT_ARG"/><W> ৩-ডি/১ </W><W> এবং </W><W> ২৩৫ </W><W> নম্বর </W><W> রুটের </W><W> দু’টি </W><W> বাস </W><W> একে </W><W> অন্যকে </W><W> টেক্কা </W><W> দেওয়ার </W><W> চেষ্টা </W><W> করছিল। </W></REASON-ARG><W> এই </W><W> সময়ে </W><PLACE-ARG ID="53"><LINK EVENT_ARG="64" ID="69" TYPE_REL="EVENT_ARG"/><W> অজন্তা </W><W> সিনেমার </W><W> কাছে </W></PLACE-ARG><W> বাস </W><W> থেকে </W><W> নামার </W><W> সময়ে </W><W> পিছন </W><W> থেকে </W><W> আসা </W><PARTICIPANT-ARG ID="65"><LINK EVENT_ARG="64" ID="71" TYPE_REL="EVENT_ARG"/><W> ২৩৫ </W><W> নম্বর </W><W> রুটের </W><W> বাসটি </W></PARTICIPANT-ARG><CASUALTIES-ARG ID="66"><LINK EVENT_ARG="64" ID="70" TYPE_REL="EVENT_ARG"/><W> অতীশবাবুকে </W></CASUALTIES-ARG><MAN_MADE_EVENT ID="64" TYPE="VEHICULAR_COLLISION"><EVENT-COREF-LINK EVENT_ID="40" ID="72" TYPE_REL="EVENT_COREF"/><W> ধাক্কা </W><W> দেয়। </W></MAN_MADE_EVENT></P></DOCUMENT>