<?xml version="1.0" encoding="UTF-8"?>
<DOCUMENT><P><TIME-ARG ID="0"><LINK EVENT_ARG="14" ID="69" TYPE_REL="EVENT_ARG"/><W> ২ </W><W> জ্যৈষ্ঠ </W><W> ১৪০৯ </W><W> শুক্রবার </W><W> ১৭ </W><W> মে </W><W> ২০০২ </W></TIME-ARG></P><P><CASUALTIES-ARG ID="68"><LINK EVENT_ARG="14" ID="71" TYPE_REL="EVENT_ARG"/><W> ব্যবসায়ী </W><W> খুনে </W></CASUALTIES-ARG><AFTER_EFFECTS-ARG ID="4"><LINK EVENT_ARG="14" ID="70" TYPE_REL="EVENT_ARG"/><W> ধৃত </W><W> ৫, </W><W> রিভলভার </W><W> উদ্ধার </W></AFTER_EFFECTS-ARG><W> স্টাফ </W><W> রিপোর্টার </W><W> মদের </W><W> ঠেকের </W><W> মালিককে </W><W> না </W><W> পেয়ে </W><W> বুধবার </W><PLACE-ARG ID="6"><LINK EVENT_ARG="14" ID="18" TYPE_REL="EVENT_ARG"/><W> লেকটাউন </W></PLACE-ARG><REASON-ARG ID="7"><LINK EVENT_ARG="14" ID="19" TYPE_REL="EVENT_ARG"/><W> এলাকায় </W><W> ত্রাস </W><W> সৃষ্টির </W><W> জন্য </W></REASON-ARG><MAN_MADE_EVENT ID="14" TYPE="TERRORIST_ATTACK"><W> গুলি </W><W> করে </W></MAN_MADE_EVENT><CASUALTIES-ARG ID="13"><LINK EVENT_ARG="14" ID="17" TYPE_REL="EVENT_ARG"/><W> এক </W><W> ব্যবসায়ীকে </W><W> হত্যা </W><W> ও </W><W> ডাকাতি </W></CASUALTIES-ARG><W> করেছে </W><PARTICIPANT-ARG ID="67"><LINK EVENT_ARG="14" ID="72" TYPE_REL="EVENT_ARG"/><W> এক </W><W> দল </W><W> দুষ্কৃতী। </W></PARTICIPANT-ARG><W> প্রাথমিক </W><W> তদন্তে </W><W> পুলিশ </W><W> এই </W><W> তথ্য </W><W> জানতে </W><W> পেরেছে। </W><W> দুষ্কৃতীরা </W><W> দলে </W><W> আট </W><W> জন </W><W> ছিল। </W><W> তারা </W><MAN_MADE_EVENT ID="20" TYPE="TERRORIST_ATTACK"><EVENT-COREF-LINK EVENT_ID="14" ID="25" TYPE_REL="EVENT_COREF"/><W> তিন </W><W> রাউণ্ড </W><W> গুলি </W><W> চালায়। </W></MAN_MADE_EVENT><W> দুষ্কৃতীদের </W><W> মধ্যে </W><AFTER_EFFECTS-ARG ID="21"><LINK EVENT_ARG="20" ID="24" TYPE_REL="EVENT_ARG"/><W> পাঁচ </W><W> জনকে </W><W> গ্রেফতার </W></AFTER_EFFECTS-ARG><W> করা </W><W> হয়েছে। </W><W> তাদের </W><W> কাছ </W><W> থেকে </W><AFTER_EFFECTS-ARG ID="22"><LINK EVENT_ARG="20" ID="23" TYPE_REL="EVENT_ARG"/><W> একটি </W><W> রিভলভারও </W><W> উদ্ধার </W></AFTER_EFFECTS-ARG><W> করা </W><W> হয়েছে। </W><W> দুষ্কৃতীদের </W><W> সবাই </W><W> দক্ষিণদারি </W><W> এবং </W><W> দমদম </W><W> এলাকার। </W><W> পুলিশ </W><W> আরও </W><W> তিন </W><W> অপরাধীকে </W><W> খুঁজছে। </W><W> ব্যবসায়ী </W><W> খুনের </W><W> প্রতিবাদে </W><W> এই </W><W> দিন </W><W> সকাল </W><W> থেকে </W><W> লেকটাউন, </W><W> উল্টোডাঙা </W><W> এলাকায় </W><AFTER_EFFECTS-ARG ID="73"><LINK EVENT_ARG="20" ID="74" TYPE_REL="EVENT_ARG"/><W> দফায় </W><W> দফায় </W><W> বিক্ষোভ </W><W> ও </W><W> অবরোধ </W></AFTER_EFFECTS-ARG><W> হয়। </W></P><P><W> এই </W><W> দিন </W><W> ঘটনাস্থলে </W><W> গিয়ে </W><W> দেখা </W><W> যায়, </W><AFTER_EFFECTS-ARG ID="34"><LINK EVENT_ARG="20" ID="41" TYPE_REL="EVENT_ARG"/><W> সমস্ত </W><W> দোকান </W><W> ও </W><W> ব্যবসা </W><W> প্রতিষ্ঠান </W><W> বন্ধ। </W></AFTER_EFFECTS-ARG><W> স্থানীয় </W><W> মানুষ </W><W> ইতস্তত </W><W> ভাবে </W><W> এ </W><W> দিকে-ও </W><W> দিকে </W><W> দাঁড়িয়ে </W><W> রয়েছেন। </W><W> কারও </W><W> মুখে </W><W> কোনও </W><W> কথা </W><W> নেই। </W><W> দুষ্কৃতীদের </W><W> গুলিতে </W><W> নিহত </W><AFTER_EFFECTS-ARG ID="75"><LINK EVENT_ARG="20" ID="76" TYPE_REL="EVENT_ARG"/><W> ওষুধের </W><W> দোকান </W><W> মালিক </W><W> অরবিন্দ </W><W> চক্রবর্তীর </W><W> দোকানের </W><W> সামনে </W><W> পুলিশ </W><W> পিকেট। </W></AFTER_EFFECTS-ARG><W> বেশ </W><W> কয়েকটি </W><AFTER_EFFECTS-ARG ID="36"><LINK EVENT_ARG="20" ID="43" TYPE_REL="EVENT_ARG"/><W> পুলিশ </W><W> ভ্যানে </W><W> র‍্যাফ </W><W> মজুত </W></AFTER_EFFECTS-ARG><W> রয়েছে। </W><W> এস </W><W> কে </W><W> দেব </W><W> রোডের </W><W> মোড়ে </W><AFTER_EFFECTS-ARG ID="37"><LINK EVENT_ARG="20" ID="44" TYPE_REL="EVENT_ARG"/><W> স্থানীয় </W><W> সি </W><W> পি </W><W> এম </W><W> এক </W><W> সভা </W><W> ডেকেছে। </W></AFTER_EFFECTS-ARG><W> মঞ্চ </W><W> বাধা </W><W> হচ্ছে। </W><W> থমথমে </W><W> পরিবেশ। </W><W> লেক </W><W> টাউনে </W><W> ষাট </W><W> বছরের </W><W> বাস, </W><W> স্থানীয় </W><W> এক </W><W> বাসিন্দা </W><W> বলেন, </W><W> এখানে </W><W> খুন, </W><W> ডাকাতির </W><W> মতো </W><W> ঘটনা </W><W> লেগেই </W><W> রয়েছে। </W><W> মাদক </W><W> ব্যবসা, </W><W> চোলাই </W><W> মদের </W><W> রমরমা </W><W> বাড়ছে। </W><W> এই </W><W> অবস্থায় </W><W> অপরাধ </W><W> বেড়ে </W><W> চলেছে। </W><W> দক্ষিণদাঁড়ি, </W><W> পাতিপুকুর </W><W> এলাকায় </W><W> অপরাধীদের </W><W> ভিড় </W><W> বাড়তে </W><W> থাকায় </W><W> খুন-ডাকাতির </W><W> মতো </W><W> ঘটনা </W><W> ঘটছে। </W><W> লেক </W><W> টাউন </W><W> থানার </W><W> ওসি </W><W> শম্ভু </W><W> রায় </W><W> বলেন, </W><REASON-ARG ID="77"><LINK EVENT_ARG="78" ID="86" TYPE_REL="EVENT_ARG"/><W> ব্যক্তিগত </W><W> আক্রোশ </W><W> মেটাতে </W><W> গিয়ে </W></REASON-ARG><W> নিরীহ </W><W> দোকান </W><W> মালিক </W><CASUALTIES-ARG ID="80"><LINK EVENT_ARG="78" ID="82" TYPE_REL="EVENT_ARG"/><W> অরবিন্দ </W><W> চক্রবর্তী </W><PARTICIPANT-ARG ID="79"><LINK EVENT_ARG="78" ID="81" TYPE_REL="EVENT_ARG"/><W> দুষ্কৃতীদের </W></PARTICIPANT-ARG><MAN_MADE_EVENT ID="78" TYPE="SHOOT_OUT"><EVENT-COREF-LINK EVENT_ID="20" ID="85" TYPE_REL="EVENT_COREF"/><W> গুলিতে </W></MAN_MADE_EVENT><W> প্রাণ </W><W> হারিয়েছেন। </W></CASUALTIES-ARG><W> দুষ্কৃতীরা </W><W> তাঁকে </W><W> মারতে </W><W> আসেনি। </W><W> যাকে </W><W> খুঁজতে </W><W> এসেছিল </W><W> তাকে </W><W> না </W><W> পেয়ে </W><W> তারা </W><W> চারটি </W><W> দোকানে </W><W> লুঠপাট </W><W> করে </W><MAN_MADE_EVENT ID="83" TYPE="SHOOT_OUT"><EVENT-COREF-LINK EVENT_ID="78" ID="84" TYPE_REL="EVENT_COREF"/><W> গুলি </W><W> চালায়। </W></MAN_MADE_EVENT></P><P><W> স্থানীয় </W><W> বাসিন্দা </W><W> এবং </W><W> পুলিশের </W><W> একাংশের </W><W> বক্তব্য, </W><W> সর্দারপাড়ার </W><W> বাসিন্দা </W><W> সোনা, </W><W> গৌড় </W><W> এবং </W><W> কালুয়া </W><W> এস </W><W> কে </W><W> দেব </W><W> রোডে </W><W> তিনটি </W><W> মদের </W><W> ঠেক </W><W> চালাত। </W><W> পিন্টু </W><W> পাশোয়ান </W><W> নামে </W><W> এক </W><W> দুষ্কৃতী </W><W> সোনার </W><W> দোকান </W><W> দেখভাল </W><W> করত। </W><W> দিন </W><W> পনেরো </W><W> আগে </W><W> পুলিশ </W><W> গিয়ে </W><W> তিনটি </W><W> মদের </W><W> দোকান </W><W> ভেঙে </W><W> দেয়। </W><W> মদের </W><W> ঠেক </W><W> নিয়ে </W><W> সোনার </W><W> সঙ্গে </W><W> পিন্টুর </W><W> দীর্ঘ </W><W> দিন </W><W> গোলমাল </W><W> চলছিল। </W><W> পিন্টুকে </W><W> মেরে </W><W> তাড়িয়ে </W><W> দেয় </W><W> সোনা। </W><W> পিন্টুও </W><W> দলবল </W><W> নিয়ে </W><W> গিয়ে </W><W> সোনার </W><W> এলাকায় </W><W> বোমা </W><W> মারে। </W><W> সোনাকে </W><W> শিক্ষা </W><W> দিতেই </W><W> পিন্টুর </W><W> দলবল </W><W> বুধবার </W><W> বিকেলে </W><W> আবার </W><W> এস </W><W> কে </W><W> দেব </W><W> রোডে </W><W> সোনাকে </W><W> খুঁজতে </W><W> যায়। </W><W> তাকে </W><W> না </W><W> পেয়ে </W><W> তারা </W><W> ত্রাস </W><W> সৃষ্টি </W><W> করে। </W><W> এর </W><W> জেরেই </W><W> ওই </W><W> খুন। </W><W> এক </W><W> বাসিন্দা </W><W> বলেন, </W><W> মদের </W><W> ঠেক </W><W> ভাঙার </W><W> পরে </W><W> সোনাকে </W><W> একটি </W><W> বেসরকারি </W><W> বাসে </W><W> চাকরি </W><W> করে </W><W> দেন </W><W> এক </W><W> সি </W><W> পি </W><W> এম </W><W> নেতা। </W></P><P><W> পুলিশ </W><W> বলে, </W><W> দু’টি </W><W> ওষুধের, </W><W> একটি </W><W> গয়নার </W><W> এবং </W><W> একটি </W><W> লোহার </W><W> দোকানে </W><W> ভয় </W><W> দেখিয়ে </W><W> ৪৫০০ </W><W> টাকা </W><W> ও </W><W> ৫০০ </W><W> গ্রাম </W><W> রুপোর </W><W> গয়না </W><W> নিয়ে </W><W> চম্পট </W><W> দেয় </W><W> দুষ্কৃতীরা। </W><W> রুপোর </W><W> গয়না </W><W> উদ্ধার </W><W> করা </W><W> হয়েছে। </W></P></DOCUMENT>