<?xml version="1.0" encoding="UTF-8"?>
<DOCUMENT><P><TIME-ARG ID="0"><LINK EVENT_ARG="2" ID="22" TYPE_REL="EVENT_ARG"/><W> ২৯ </W><W> শ্রাবণ </W><W> ১৪০৯ </W><W> বুধবার </W><W> ১৪ </W><W> অগস্ট </W><W> ২০০২ </W></TIME-ARG></P><P><W> সংক্ষেপে.. </W><W> চা </W><W> বাগান </W><W> নিয়ে </W><W> কর্মশালা </W><W> নিজস্ব </W><W> সংবাদদাতা </W><W> জলপাইগুড়ি </W><W> আইনগত </W><W> ও </W><W> অন্য </W><W> কিছু </W><W> অসুবিধা </W><W> থাকায় </W><W> চা </W><W> বাগানে </W><W> এখনও </W><W> পুরোপুরি </W><W> পঞ্চায়েতি </W><W> ব্যবস্থা </W><W> চালু </W><W> করা </W><W> যায়নি। </W><W> প্রশাসনের </W><W> উদ্যোগে </W><W> মঙ্গলবার </W><W> এখানে </W><W> এক </W><W> কর্মশালার </W><W> পরে </W><W> সাংবাদিক </W><W> সম্মেলনে </W><W> এই </W><W> কথা </W><W> স্বীকার </W><W> করেছে </W><W> জলপাইগুড়ি </W><W> জেলা </W><W> প্রশাসন। </W><W> বাগানের </W><W> ভিতরে </W><W> ২৪টি </W><W> গ্রাম </W><W> পঞ্চায়েতের </W><W> প্রধান, </W><W> সংশ্লিষ্ট </W><W> বি </W><W> ডি </W><W> ও, </W><W> চা </W><W> মালিকদের </W><W> সংগঠনগুলিকে </W><W> নিয়ে </W><W> কর্মশালা </W><W> চলে। </W><W> ভারতীয় </W><W> চা-কর </W><W> সমিতির </W><W> মুখপাত্র </W><W> এন </W><W> কে </W><W> বসু </W><W> জানান, </W><W> বাগানের </W><W> চারধারেই </W><W> সরকারি </W><W> জমি </W><W> রয়েছে। </W><W> চা </W><W> বাগানে </W><W> বসবাসকারী </W><W> লোকেরা </W><W> যাতে </W><W> ওই </W><W> জমিতে </W><W> নানা </W><W> কাজ </W><W> করতে </W><W> পারেন </W><W> সে </W><W> বিষয়ে </W><W> সরকারকে </W><W> জানানো </W><W> হয়েছে। </W><W> এ </W><W> দিন </W><W> জেলাশাসক </W><W> সুব্রত </W><W> গুপ্ত </W><W> বলেন, </W><W> ’৯৯-এ </W><W> বাগানগুলিকে </W><W> পঞ্চায়েতের </W><W> অধীনে </W><W> আনা </W><W> হলেও </W><W> এখনও </W><W> ওই </W><W> কাজ </W><W> শুরুই </W><W> করা </W><W> যায়নি। </W><W> গোষ্ঠীভুক্ত </W><W> নানা </W><W> পরিকল্পনা </W><W> নেওয়া </W><W> হলেও </W><W> ব্যক্তিগত </W><W> বা </W><W> স্ব-নির্ভর </W><W> বিভিন্ন </W><W> পরিকল্পনা </W><W> রূপায়িত </W><W> করতে </W><W> নানা </W><W> সমস্যা </W><W> দেখা </W><W> দিয়েছে। </W><W> এই </W><W> জটিলতা </W><W> কাটিয়ে </W><W> ওঠার </W><W> চেষ্টা </W><W> হচ্ছে। </W></P><P><W> ত্রাণমন্ত্রীর </W><W> কাছে </W><W> ক্ষোভ </W><W> শরিকদের </W></P><P><W> নিজস্ব </W><W> সংবাদদাতা, </W><W> বাঁকুড়া: </W><W> জেলার </W><W> ৬০৬টি </W><W> মৌজাকে </W><W> খরা </W><W> কবলিত </W><W> ঘোষণা </W><W> করা </W><W> নিয়ে </W><W> ত্রাণমন্ত্রী </W><W> হাফিজ </W><W> আলি </W><W> সৈরানির </W><W> সঙ্গে </W><W> তাঁরই </W><W> দল </W><W> ফরওয়ার্ড </W><W> ব্লকের </W><W> বিধায়ক </W><W> তারাপদ </W><W> চক্রবর্তীর </W><W> মতভেদ </W><W> প্রকাশ্যে </W><W> এসে </W><W> পড়ল। </W><W> বাঁকুড়ার </W><W> খরা </W><W> পরিস্থিতি </W><W> নিয়ে </W><W> মঙ্গলবার </W><W> জেলার </W><W> আধিকারিকদের </W><W> নিয়ে </W><W> বৈঠক </W><W> শেষে </W><W> রাজ্যের </W><W> ত্রাণমন্ত্রী </W><W> হাফিজ </W><W> আলম </W><W> সৈরানি </W><W> বলেন, </W><W> ‘‘বাঁকুড়ার </W><W> খরা </W><W> পরিস্থিতি </W><W> খারাপ। </W><W> এখন </W><W> অল্পস্বল্প </W><W> বৃষ্টি </W><W> হলেও </W><W> ক্ষতি </W><W> যা </W><W> হওয়ার </W><W> হয়েছে। </W><W> অনেক </W><W> বিধায়ক </W><W> দাবি </W><W> জানান, </W><W> সরকার </W><W> ঘোষিত </W><W> ৬০৬টির </W><W> বেশি </W><W> মৌজা </W><W> খরা </W><W> কবলিত। </W><W> কলকাতায় </W><W> ফিরে </W><W> আলোচনা </W><W> হবে।’’ </W><W> বাঁকুড়ার </W><W> খরা </W><W> পরিস্থিতি </W><W> নিয়ে </W><W> সরকারের </W><W> ‘ঔদাসীন্যে’ </W><W> ত্রাণমন্ত্রীর </W><W> কাছে </W><W> ক্ষোভ </W><W> প্রকাশ </W><W> করেন </W><W> আর </W><W> এস </W><W> পি-র </W><W> বিধায়ক </W><W> সুভাষ </W><W> গোস্বামীও। </W><W> ওন্দার </W><W> বিধায়ক </W><W> তারাপদ </W><W> চক্রবর্তী </W><W> মন্ত্রীকে </W><W> লিখিত </W><W> ভাবে </W><W> জানান, </W><W> ‘‘জেলার </W><W> ৩৮২৬টি </W><W> মৌজার </W><W> মধ্যে </W><W> ১ </W><W> হাজার </W><W> ২৩৫ </W><W> টি </W><W> মৌজা </W><W> খরা </W><W> কবলিত। </W><W> অথচ </W><W> ৬০৬ </W><W> টি </W><W> মৌজাকে </W><W> খরা </W><W> কবলিত </W><W> বলা </W><W> হচ্ছে।’’ </W></P><P><W> বন্ধ </W><W> হল </W><W> ন্যাশনাল </W><W> জুট </W></P><P><W> নিজস্ব </W><W> সংবাদদাতা, </W><W> সাঁকরাইল: </W><W> হাওড়ার </W><W> সাঁকরাইলের </W><W> ন্যাশনাল </W><W> জুট </W><W> মিলের </W><W> গেটে </W><W> মঙ্গলবার </W><W> ভোরে </W><W> ‘সাসপেনশন </W><W> অব </W><W> ওয়ার্ক’-এর </W><W> নোটিস </W><W> টাঙিয়ে </W><W> দেওয়া </W><W> হয়েছে। </W><W> এ </W><W> দিন </W><W> ভোর </W><W> ৬টার </W><W> শিফটে </W><W> শ্রমিকেরা </W><W> কাজ </W><W> করতে </W><W> গিয়ে </W><W> ওই </W><W> নোটিস </W><W> দেখতে </W><W> পান। </W><W> এর </W><W> ফলে </W><W> মিলের </W><W> সাড়ে </W><W> ৬ </W><W> হাজার </W><W> শ্রমিক </W><W> কর্মহীন </W><W> হলেন। </W><W> মিল </W><W> কর্তৃপক্ষ </W><W> নোটিসে </W><W> বলেছেন, </W><W> শ্রমিকদের </W><W> কাজে </W><W> আগ্রহ </W><W> না </W><W> থাকা </W><W> ও </W><W> তার </W><W> ফলে </W><W> উৎপাদন </W><W> ব্যাপক </W><W> ভাবে </W><W> মার </W><W> খাওয়া </W><W> মিল </W><W> বন্ধের </W><W> প্রধান </W><W> কারণ।সেই </W><W> সঙ্গে </W><W> মিলের </W><W> আর্থিক </W><W> অচলাবস্থার </W><W> কথাও </W><W> বলা </W><W> হয়েছে। </W><W> গণ্ডগোলের </W><W> আশঙ্কায় </W><W> মিলের </W><W> গেটে </W><W> পুলিশ </W><W> মোতায়েন </W><W> করা </W><W> হয়েছে। </W><W> শ্রমিকদের </W><W> বক্তব্য, </W><W> সাড়ে </W><W> ৪ </W><W> মাসের </W><W> বেতন, </W><W> বর্ধিত </W><W> ডি </W><W> এ, </W><W> ই </W><W> এস </W><W> আই </W><W> ও </W><W> লাইন </W><W> ছুটির </W><W> বকেয়া </W><W> টাকা </W><W> তাঁরা </W><W> পাননি। </W><W> জেলা </W><W> প্রশাসন </W><W> সূত্রে </W><W> বলা </W><W> হয়, </W><W> মিল </W><W> বন্ধ </W><W> হওয়ায় </W><W> রামচন্দ্রপুর, </W><W> বাসুদেবপুর, </W><W> বানিপুর, </W><W> হাটগাছা, </W><W> ঝোড়হাট, </W><W> মাসিলা </W><W> প্রভৃতি </W><W> এলাকায় </W><W> তার </W><W> প্রভাব </W><W> পড়বে। </W></P><P><W> ট্রেনে </W><W> প্রতিবাদ </W><W> করে </W><W> প্রহৃত </W><W> চিকিৎসক </W></P><P><W> নিজস্ব </W><W> সংবাদদাতা: </W><W> ভিড়ের </W><W> ট্রেনে </W><W> ধাক্কাধাক্কির </W><W> প্রতিবাদ </W><W> করে </W><W> নীলরতন </W><W> সরকার </W><W> মেডিক্যাল </W><W> কলেজ </W><W> হাসপাতালের </W><W> এক </W><W> চিকিৎসক </W><W> কিছু </W><W> উচ্ছৃঙ্খল </W><W> যুবকের </W><W> হাতে </W><W> প্রহৃত </W><W> হয়েছেন। </W><W> সোমবার </W><W> সকালে </W><W> ঘটনাটি </W><W> ঘটে </W><W> ডাউন </W><W> ব্যারাকপুর </W><W> লোকালে। </W><W> ট্রেনটি </W><W> শিয়ালদহে </W><W> এলে </W><W> কিছু </W><W> যাত্রী </W><W> রত্নাকর </W><W> সরকার </W><W> নামে </W><W> ওই </W><W> চিকিৎসককে </W><W> সংজ্ঞাহীন </W><W> অবস্থায় </W><W> কামরায় </W><W> পড়ে </W><W> থাকতে </W><W> দেখে </W><W> এন </W><W> আর </W><W> এস </W><W> হাসপাতালে </W><W> নিয়ে </W><W> যান। </W><W> শিয়ালদহের </W><W> রেল </W><W> পুলিশ </W><W> সুপার </W><W> গঙ্গেশ্বর </W><W> সিংহ </W><W> মঙ্গলবার </W><W> বলেন, </W><W> ‘‘আমরা </W><W> অভিযোগ </W><W> পেয়েছি। </W><W> তদন্ত </W><W> চলছে।’’ </W><W> এন </W><W> আর </W><W> এস </W><W> হাসপাতালের </W><W> মেডিসিন </W><W> বিভাগের </W><W> অ্যাসিস্ট্যান্ট </W><W> প্রফেসর </W><W> রত্নাকরবাবু। </W><W> বাড়ি </W><W> খড়দহে। </W><W> পুলিশ </W><W> জানায়, </W><W> তিনি </W><W> ওই </W><W> দিন </W><W> খড়দহ </W><W> থেকে </W><W> ৮টা </W><W> নাগাদ </W><W> ডাউন </W><W> ব্যারাকপুর </W><W> লোকালে </W><W> উঠেছিলেন। </W><W> ভিড়ে </W><W> ঠাসা </W><W> ট্রেনটি </W><W> সোদপুর </W><W> স্টেশনে </W><W> পৌঁছলে </W><W> এক </W><W> দল </W><W> যুবক </W><W> ট্রেনে </W><W> হুড়মুড় </W><W> করে </W><W> উঠে </W><W> অন্য </W><W> যাত্রীদের </W><W> সরিয়ে </W><W> কামরায় </W><W> ধাক্কাধাক্কি </W><W> শুরু </W><W> করেন। </W><W> রত্নাকরবাবু </W><W> বাধা </W><W> দিলে </W><W> শুরু </W><W> হয় </W><W> গোলমাল। </W></P><P><W> জল </W><W> প্রকল্পের </W><W> উদ্বোধন </W></P><P><W> নিজস্ব </W><W> সংবাদদাতা: </W><W> হাওড়ার </W><W> লিলুয়ার </W><W> জগদীশপুরে </W><W> মঙ্গলবার </W><W> গ্রামীণ </W><W> নলবাহী </W><W> পানীয় </W><W> জল </W><W> প্রকল্পের </W><W> উদ্বোধন </W><W> করেন </W><W> জনস্বাস্থ্য </W><W> কারিগরি </W><W> ও </W><W> আবাসন </W><W> দফতরের </W><W> মন্ত্রী </W><W> গৌতম </W><W> দেব। </W><W> রাজ্যে </W><W> এই </W><W> ধরনের </W><W> প্রকল্প </W><W> প্রথম </W><W> বলে </W><W> জানিয়ে </W><W> তিনি </W><W> বলেন, </W><W> হাওড়াকে </W><W> মডেল </W><W> প্রকল্প </W><W> হিসাবে </W><W> চিহ্নিত </W><W> করা </W><W> হয়েছে। </W><W> ওই </W><W> প্রকল্প </W><W> অনুযায়ী, </W><W> জগদীশপুর </W><W> গ্রামের </W><W> ২ </W><W> হাজার </W><W> বাড়ির </W><W> প্রায় </W><W> ১০ </W><W> হাজার </W><W> বাসিন্দার </W><W> জন্য </W><W> প্রতিদিন </W><W> ৯৮০ </W><W> কিলোলিটার </W><W> পরিস্রুত </W><W> পানীয় </W><W> জল </W><W> সরবরাহ </W><W> করা </W><W> হবে। </W></P><P><W> দগ্ধ </W><W> বধূর </W><W> মৃত্যু, </W><W> দেওর </W><W> গ্রেফতার </W></P><P><W> নিজস্ব </W><W> সংবাদদাতা, </W><W> কলকাতা: </W><W> মঙ্গলবার </W><W> সকালে </W><W> দমদমে </W><W> এক </W><W> গৃহবধূর </W><W> অস্বাভাবিক </W><W> মৃত্যু </W><W> হয়েছে। </W><W> পুলিশ </W><W> জানায়, </W><W> মৃতার </W><W> নাম </W><W> রূপসী </W><W> সেন </W><W> (২৭)। </W><W> সকালে </W><W> এম </W><W> সি </W><W> গার্ডেন </W><W> রোডে </W><W> শ্বশুরবাড়িতে </W><W> অগ্নিদগ্ধ </W><W> অবস্থায় </W><W> তাঁর </W><W> দেহ </W><W> উদ্ধার </W><W> করে </W><W> পুলিশ। </W><W> এলাকায় </W><W> উত্তেজনার </W><W> সৃষ্টি </W><W> হয়। </W><W> রূপসীর </W><W> বাপের </W><W> বাড়ির </W><W> তরফে </W><W> তাঁর </W><W> স্বামী, </W><W> দেওর </W><W> ও </W><W> দেওরের </W><W> স্ত্রীর </W><W> বিরুদ্ধে </W><W> অভিযোগ </W><W> দায়ের </W><W> করা </W><W> হয়েছে। </W><W> পুলিশ </W><W> তাঁর </W><W> দেওর </W><W> জয়ন্ত </W><W> সেনকে </W><W> গ্রেফতার </W><W> করেছে। </W><W> ১৯৯৭ </W><W> সালে </W><W> রূপসীর </W><W> সঙ্গে </W><W> পার্থ </W><W> সেনের </W><W> বিয়ে </W><W> হয়। </W><W> তিন </W><W> বছরের </W><W> একটি </W><W> ছেলে </W><W> আছে </W><W> তাঁদের। </W><W> পার্থবাবু </W><W> ডাক </W><W> বিভাগের </W><W> কর্মী। </W><W> পুলিশ </W><W> তাঁকে </W><W> খুঁজছে। </W></P><P><W> ক্লাস </W><W> বয়কট </W></P><P><W> নিজস্ব </W><W> সংবাদাতা, </W><W> কলকাতা: </W><W> নিরাপত্তার </W><W> দাবিতে </W><W> শিবপুর </W><W> বি </W><W> ই </W><W> কলেজের </W><W> স্নাতক </W><W> স্তরের </W><W> ছাত্রছাত্রীরা </W><W> মঙ্গলবার </W><W> ক্লাস </W><W> বয়কট </W><W> করেন। </W><W> ছাত্র </W><W> সংসদের </W><W> অভিযোগ, </W><W> সোমবার </W><W> রাতে </W><W> ছাত্রীদের </W><W> হস্টেলে </W><W> বাইরের </W><W> কেউ </W><W> ঢুকেছিল। </W><W> কলেজের </W><W> মধ্যে </W><W> এখনও </W><W> অবাধে </W><W> বাইরের </W><W> লোক </W><W> ঢুকছে। </W><W> বারবার </W><W> বলা </W><W> সত্ত্বেও </W><W> কলেজ-কর্তৃপক্ষ </W><W> নিরাপত্তার </W><W> ব্যাপারে </W><W> লিখিত </W><W> প্রতিশ্রুতি </W><W> দেননি। </W></P><P><W> চা-দোকানি </W><W> খুন </W></P><P><W> নিজস্ব </W><W> সংবাদদাতা, </W><W> কলকাতা: </W><W> মঙ্গলবার </W><W> রাতে </W><W> বসিরহাট </W><W> রেল </W><W> স্টেশনে </W><W> এক </W><W> চায়ের </W><W> দোকানের </W><W> মালিককে </W><W> খুন </W><W> করেছে </W><W> দুষ্কৃতীরা। </W><W> পুলিশ </W><W> জানায়, </W><W> নিহতের </W><W> নাম </W><W> তারক </W><W> ঘোষ। </W><W> তিনি </W><W> স্টেশনের </W><W> প্ল্যাটফর্মে </W><W> একটি </W><W> চায়ের </W><W> দোকান </W><W> চালাতেন। </W><W> এ </W><W> দিন </W><W> রাত </W><W> ৮টা </W><W> নাগাদ </W><W> কয়েক </W><W> জন </W><W> দুষ্কৃতী </W><W> খুব </W><W> কাছ </W><W> থেকে </W><W> তাঁকে </W><W> গুলি </W><W> করে। </W><W> প্রত্যক্ষদর্শীরা </W><W> পুলিশকে </W><W> জানিয়েছেন, </W><W> দুষ্কৃতীরা </W><W> ইছামতী </W><W> এক্সপ্রেসে </W><W> চেপে </W><W> হাসনাবাদের </W><W> দিকে </W><W> পালিয়ে </W><W> গিয়েছে। </W></P><P><W> খুনের </W><W> দায়ে </W><W> যাবজ্জীবন </W></P><P><W> নিজস্ব </W><W> সংবাদদাতা: </W><W> এক </W><W> ব্যক্তিকে </W><W> খুন </W><W> করে </W><W> মাটিতে </W><W> পুঁতে </W><W> দেওয়ার </W><W> ঘটনায় </W><W> অভিযুক্তকে </W><W> যাবজ্জীবন </W><W> কারাদণ্ড </W><W> দিয়েছেন </W><W> বিচারক। </W><W> মঙ্গলবার </W><W> হাওড়ার </W><W> তৃতীয় </W><W> অতিরিক্ত </W><W> দায়রা </W><W> জজ </W><W> মৃণালকান্তি </W><W> চৌধুরী </W><W> গফ্‌ফর </W><W> লস্কর </W><W> নামে </W><W> ওই </W><W> দুষ্কৃতীকে </W><W> যাবজ্জীবন </W><W> কারাদণ্ড </W><W> দেন। </W><W> আদালত </W><W> সূত্রে </W><W> জানা </W><W> গিয়েছে, </W><W> ১৯৯৭ </W><W> সালের </W><W> ১১ </W><W> মে </W><W> ডোমজুড় </W><W> থানা </W><W> এলাকার </W><W> পূর্ব </W><W> কোলোরা </W><W> গ্রামের </W><W> বাসিন্দা </W><W> শাহিদকে </W><W> খুন </W><W> করে </W><W> গফ্‌ফৱ </W><W> লস্কর। </W><W> তারপর </W><W> তাঁর </W><W> দেহ </W><W> মাটিতে </W><W> পুঁতে </W><W> দেয়। </W><W> পর </W><W> দিন </W><W> পুলিশ </W><W> গিয়ে </W><W> শাহিদের </W><W> মৃতদেহ </W><W> উদ্ধার </W><W> করে </W><W> এবং </W><W> গফ্‌ফরকে </W><W> গ্রেফতার </W><W> করা </W><W> হয়। </W></P><P><PLACE-ARG ID="1"><LINK EVENT_ARG="2" ID="12" TYPE_REL="EVENT_ARG"/><W> বিদ্যুৎ </W><W> স্টেশনে </W></PLACE-ARG><MAN_MADE_EVENT ID="2" TYPE="FIRE"><W> আগুন </W></MAN_MADE_EVENT></P><P><W> নিজস্ব </W><W> সংবাদদাতা: </W><PLACE-ARG ID="3"><LINK EVENT_ARG="12" ID="14" TYPE_REL="EVENT_ARG"/><W> বিদ্যুতের </W><W> সাব </W><W> স্টেশনে </W></PLACE-ARG><MAN_MADE_EVENT ID="12" TYPE="FIRE"><EVENT-COREF-LINK EVENT_ID="2" ID="22" TYPE_REL="EVENT_COREF"/><W> আগুন </W><W> লাগায় </W></MAN_MADE_EVENT><TIME-ARG ID="5"><LINK EVENT_ARG="12" ID="15" TYPE_REL="EVENT_ARG"/><W> সোমবার </W><W> রাত </W><W> থেকে </W></TIME-ARG><PLACE-ARG ID="6"><LINK EVENT_ARG="12" ID="16" TYPE_REL="EVENT_ARG"/><W> দক্ষিণ </W><W> ২৪ </W><W> পরগনার </W><W> জয়নগর, </W><W> ক্যানিং, </W><W> ডায়মণ্ড </W><W> হারবার, </W><W> কাকদ্বীপে </W></PLACE-ARG><AFTER_EFFECTS-ARG ID="7"><LINK EVENT_ARG="12" ID="17" TYPE_REL="EVENT_ARG"/><W> অন্ধকার </W><W> নেমে </W><W> আসে। </W></AFTER_EFFECTS-ARG><W> মঙ্গলবার </W><W> রাত </W><W> পর্যন্ত </W><W> তা </W><W> মেরামত </W><W> হয়নি। </W><W> বিদ্যুৎ </W><W> পর্ষদ </W><W> সূত্রে </W><W> জানা </W><W> গিয়েছে, </W><TIME-ARG ID="8"><LINK EVENT_ARG="13" ID="18" TYPE_REL="EVENT_ARG"/><W> সোমবার </W><W> রাতে </W></TIME-ARG><PLACE-ARG ID="9"><LINK EVENT_ARG="13" ID="20" TYPE_REL="EVENT_ARG"/><W> লক্ষ্মীকান্তপুরে </W><W> ১৩২ </W><W> কে </W><W> ভি </W><W> সাব </W><W> স্টেশনে </W></PLACE-ARG><REASON-ARG ID="10"><LINK EVENT_ARG="13" ID="19" TYPE_REL="EVENT_ARG"/><W> শর্ট </W><W> সার্কিটের </W><W> কারণে </W></REASON-ARG><MAN_MADE_EVENT ID="13" TYPE="FIRE"><EVENT-COREF-LINK EVENT_ID="12" ID="21" TYPE_REL="EVENT_COREF"/><W> আগুন </W><W> লেগে </W><W> যায়। </W></MAN_MADE_EVENT></P><P><W> অজ্ঞান </W><W> করে </W><W> লুঠ </W></P><P><W> নিজস্ব </W><W> সংবাদদাতা: </W><W> কর্মস্থল </W><W> থেকে </W><W> বাড়ি </W><W> ফেরার </W><W> পথে </W><W> সোমবার </W><W> গভীর </W><W> রাতে </W><W> এক </W><W> জওয়ানকে </W><W> ডায়মণ্ড </W><W> হারবার </W><W> স্টেশনে </W><W> ট্রেনের </W><W> ভিতরে </W><W> সংজ্ঞাহীন </W><W> অবস্থায় </W><W> পাওয়া </W><W> গিয়েছে। </W><W> হাসপাতালে </W><W> মঙ্গলবার </W><W> রাত </W><W> পর্যন্ত </W><W> তাঁর </W><W> জ্ঞান </W><W> ফেরেনি। </W><W> সুকান্ত </W><W> দেবনাথ </W><W> নামে </W><W> ওই </W><W> জওয়ানের </W><W> বাড়ি </W><W> কাকদ্বীপের </W><W> রামগোপালপুরে। </W><W> ট্রেনের </W><W> মধ্যেই </W><W> কিছু </W><W> খাইয়ে </W><W> দুষ্কৃতীরা </W><W> তাঁকে </W><W> অজ্ঞান </W><W> করে </W><W> তাঁর </W><W> কাছ </W><W> থেকে </W><W> টাকাপয়সা, </W><W> ঘড়ি </W><W> লুঠ </W><W> করে </W><W> চম্পট </W><W> দেয়। </W></P></DOCUMENT>