<?xml version="1.0" encoding="UTF-8"?>
<DOCUMENT><P><TIME-ARG ID="1"><LINK EVENT_ARG="42" ID="50" TYPE_REL="EVENT_ARG"/><W> ২৫ </W><W> মাঘ </W><W> ১৪০৮ </W><W> বুধবার </W><W> ৬ </W><W> ফেব্রুয়ারি </W><W> ২০০২ </W></TIME-ARG></P><P><PARTICIPANT-ARG ID="2"><LINK EVENT_ARG="42" ID="52" TYPE_REL="EVENT_ARG"/><W> বিএসএফের </W></PARTICIPANT-ARG><MAN_MADE_EVENT ID="42" TYPE="ARMED_CONFLICTS"><W> গুলিতে </W></MAN_MADE_EVENT><CASUALTIES-ARG ID="3"><LINK EVENT_ARG="42" ID="51" TYPE_REL="EVENT_ARG"/><W> মৃত্যু </W></CASUALTIES-ARG><W> নিজস্ব </W><W> সংবাদদাতা </W><W> বহরমপুর </W><PARTICIPANT-ARG ID="7"><LINK EVENT_ARG="43" ID="53" TYPE_REL="EVENT_ARG"/><W> সীমান্ত </W><W> রক্ষী </W><W> বাহিনীর </W><W> (বি </W><W> এস </W><W> এফ) </W></PARTICIPANT-ARG><MAN_MADE_EVENT ID="43" TYPE="ARMED_CONFLICTS"><EVENT-COREF-LINK EVENT_ID="42" ID="75" TYPE_REL="EVENT_COREF"/><W> গুলিতে </W></MAN_MADE_EVENT><CASUALTIES-ARG ID="10"><LINK EVENT_ARG="43" ID="54" TYPE_REL="EVENT_ARG"/><W> এক </W><W> জন </W><W> মারা </W><W> গিয়েছেন </W></CASUALTIES-ARG><W> ও </W><CASUALTIES-ARG ID="11"><LINK EVENT_ARG="43" ID="55" TYPE_REL="EVENT_ARG"/><W> দু’জন </W><W> আহত </W></CASUALTIES-ARG><W> হয়েছেন। </W><MAN_MADE_EVENT ID="41" TYPE="SHOOT_OUT"><EVENT-COREF-LINK EVENT_ID="43" ID="74" TYPE_REL="EVENT_COREF"/><W> ঘটনাটি </W><W> ঘটেছে </W></MAN_MADE_EVENT><TIME-ARG ID="16"><LINK EVENT_ARG="41" ID="56" TYPE_REL="EVENT_ARG"/><W> সোমবার </W><W> বিকেলে </W></TIME-ARG><PLACE-ARG ID="17"><LINK EVENT_ARG="41" ID="57" TYPE_REL="EVENT_ARG"/><W> ইসলামপুর </W><W> থানার </W><W> ঘুঘুপাড়ায়। </W></PLACE-ARG><AFTER_EFFECTS-ARG ID="21"><LINK EVENT_ARG="41" ID="58" TYPE_REL="EVENT_ARG"/><W> আহতদের </W><W> বহরমপুর </W><W> নিউ </W><W> জেনারেল </W><W> হাসপাতালে </W><W> ভর্তি </W><W> করা </W><W> হয়েছে। </W></AFTER_EFFECTS-ARG><W> পুলিশ </W><W> জানায়, </W><W> মৃত </W><W> ব্যক্তির </W><W> নাম </W><W> আবদুর </W><W> রাকিব </W><W> (৩০)। </W><W> বাড়ি </W><W> ইসলামপুর </W><W> থানা </W><W> এলাকার </W><W> ঘুঘুপাড়ায়। </W><W> পাশাপাশি, </W><PARTICIPANT-ARG ID="26"><LINK EVENT_ARG="44" ID="59" TYPE_REL="EVENT_ARG"/><W> গ্রামবাসীদের </W></PARTICIPANT-ARG><MAN_MADE_EVENT ID="44" TYPE="ARMED_CONFLICTS"><EVENT-COREF-LINK EVENT_ID="41" ID="73" TYPE_REL="EVENT_COREF"/><W> হামলায় </W></MAN_MADE_EVENT><CASUALTIES-ARG ID="27"><LINK EVENT_ARG="44" ID="60" TYPE_REL="EVENT_ARG"/><W> বি </W><W> এস </W><W> এফের </W><W> ২৬ </W><W> নম্বর </W><W> ব্যাটালিয়নের </W><W> ৩ </W><W> জওয়ানও </W><W> জখম </W></CASUALTIES-ARG><W> হন। </W><W> পুলিশ </W><W> সুপার </W><W> রাজেশ </W><W> কুমার </W><W> জানিয়েছেন, </W><W> ‘‘ওই </W><W> ঘটনায় </W><PARTICIPANT-ARG ID="61"><LINK EVENT_ARG="45" ID="62" TYPE_REL="EVENT_ARG"/><W> বি </W><W> এস </W><W> এফ </W></PARTICIPANT-ARG><W> ২১ </W><W> রাউণ্ড </W><MAN_MADE_EVENT ID="45" TYPE="ARMED_CONFLICTS"><EVENT-COREF-LINK EVENT_ID="44" ID="72" TYPE_REL="EVENT_COREF"/><W> গুলি </W><W> চালিয়েছে। </W></MAN_MADE_EVENT><AFTER_EFFECTS-ARG ID="46"><LINK EVENT_ARG="45" ID="63" TYPE_REL="EVENT_ARG"/><W> হাসপাতালে </W><W> ভর্তি </W><W> দুই </W><W> গ্রামবাসীকে </W><W> গ্রেফতার </W></AFTER_EFFECTS-ARG><W> করা </W><W> হয়েছে।’’ </W></P><P><W> বিএসএফের </W><W> ২৬ </W><W> নম্বর </W><W> ব্যাটালিয়নের </W><W> কমাণ্ড্যান্ট </W><W> প্রভাত </W><W> সিংহ </W><W> টোমার </W><W> জানান, </W><W> বাংলাদেশের </W><W> সীমানা </W><W> থেকে </W><W> ৫ </W><W> কিমি </W><W> দূরে </W><W> ঘুঘুপাড়া </W><W> গ্রামে </W><W> গরু </W><W> পাচারকারীরা </W><W> গরু </W><W> ও </W><W> মহিষ </W><W> জড়ো </W><W> করেছিল। </W><W> ওই </W><W> খবর </W><W> পেয়ে </W><W> গিরিধারীপুর </W><W> বর্ডার </W><W> আউট </W><W> পোস্টের </W><W> ২০-২২ </W><W> জন </W><W> বি </W><W> এস </W><W> এফ </W><W> জওয়ান </W><W> তল্লাশি </W><W> চালিয়ে </W><W> ২৬টি </W><W> মহিষ </W><W> আটক </W><W> করে। </W><W> তার </W><W> পরই </W><W> জওয়ানদের </W><MAN_MADE_EVENT ID="47" TYPE="ARMED_CONFLICTS"><EVENT-COREF-LINK EVENT_ID="45" ID="71" TYPE_REL="EVENT_COREF"/><W> আক্রমণ </W><W> করে </W></MAN_MADE_EVENT><PARTICIPANT-ARG ID="31"><LINK EVENT_ARG="47" ID="64" TYPE_REL="EVENT_ARG"/><W> গ্রামবাসীরা। </W></PARTICIPANT-ARG><W> তারা </W><W> ইট-পাথর </W><W> ছুড়তে </W><W> থাকে </W><W> জওয়ানদের </W><W> লক্ষ </W><W> করে। </W><CASUALTIES-ARG ID="34"><LINK EVENT_ARG="47" ID="65" TYPE_REL="EVENT_ARG"/><W> তিন </W><W> জন </W><W> জওয়ান </W><W> জখম </W></CASUALTIES-ARG><W> হন। </W><PARTICIPANT-ARG ID="66"><LINK EVENT_ARG="48" ID="67" TYPE_REL="EVENT_ARG"/><W> জওয়ানরা </W></PARTICIPANT-ARG><MAN_MADE_EVENT ID="48" TYPE="ARMED_CONFLICTS"><EVENT-COREF-LINK EVENT_ID="47" ID="70" TYPE_REL="EVENT_COREF"/><W> পাল্টা </W><W> গুলি </W><W> চালালে </W></MAN_MADE_EVENT><CASUALTIES-ARG ID="37"><LINK EVENT_ARG="48" ID="68" TYPE_REL="EVENT_ARG"/><W> তিন </W><W> জন </W><W> গুলিবিদ্ধ </W></CASUALTIES-ARG><W> হন। </W><CASUALTIES-ARG ID="49"><LINK EVENT_ARG="48" ID="69" TYPE_REL="EVENT_ARG"/><W> হাসপাতালের </W><W> পথে </W><W> এক </W><W> জনের </W><W> মৃত্যু </W></CASUALTIES-ARG><W> হয়। </W></P><P><W> গুলিতে </W><W> জখম </W><W> প্রতিবন্ধী </W><W> যুবক </W><W> সহিদুল </W><W> ইসলাম </W><W> হাসপাতালের </W><W> বিছানায় </W><W> শুয়ে </W><W> জানান, </W><W> ‘‘নিজের </W><W> চায়ের </W><W> দোকানে </W><W> বসে </W><W> দোকানদারি </W><W> করছিলাম। </W><W> ওই </W><W> সময় </W><W> দূর </W><W> থেকে </W><W> ছুটে </W><W> আসা </W><W> গুলি </W><W> গায়ে </W><W> ঢুকে </W><W> যায়।’’ </W><W> ভৈরব </W><W> নদীর </W><W> পশ্চিম </W><W> পাড়ে </W><W> ঘুঘুপাড়ায় </W><W> ঘটনাস্থল </W><W> থেকে </W><W> ছুটে </W><W> আসা </W><W> গুলি </W><W> লাগে </W><W> নদীর </W><W> পূর্ব </W><W> পাড়ের </W><W> মোল্লাডাঙ্গা </W><W> গ্রামের </W><W> কবিউল </W><W> নামে </W><W> এক </W><W> যুবকের </W><W> দেহে। </W><W> গ্রামবাসীরা </W><W> অবশ্য </W><W> গরু </W><W> পাচারের </W><W> অভিযোগ </W><W> অস্বীকার </W><W> করেছেন। </W><W> তাঁরা </W><W> জানান, </W><W> জওয়ানরা </W><W> গোয়ালের </W><W> মহিষ </W><W> নিয়ে </W><W> যাওয়ার </W><W> চেষ্টা </W><W> করলে </W><W> তাঁরা </W><W> বাধা </W><W> দেন। </W></P></DOCUMENT>