<?xml version="1.0" encoding="UTF-8"?>
<DOCUMENT><P><TIME-ARG ID="0"><LINK EVENT_ARG="1" ID="4" TYPE_REL="EVENT_ARG"/><W> ৬ </W><W> বৈশাখ </W><W> ১৪০৯ </W><W> শনিবার </W><W> ২০ </W><W> এপ্রিল </W><W> ২০০২ </W></TIME-ARG></P><P><W> সংক্ষেপে </W><W> .. </W><W> খুনের </W><W> দায়ে </W><W> কুড়ি </W><W> জনের </W><W> যাবজ্জীবন </W><W> নিজস্ব </W><W> সংবাদদাতা </W><W> সিউড়ি </W><W> খুনের </W><W> দায়ে </W><W> এক </W><W> সঙ্গে </W><W> ২০ </W><W> জনের </W><W> যাবজ্জীবন </W><W> কারাদণ্ডের </W><W> আদেশ </W><W> দিয়েছে </W><W> সিউড়ির </W><W> জেলা </W><W> দায়রা </W><W> আদালত। </W><W> ঘটনার </W><W> প্রায় </W><W> ২০ </W><W> বছর </W><W> পর </W><W> বৃহস্পতিবার </W><W> ওই </W><W> আদেশ </W><W> দেওয়া </W><W> হয়েছে। </W><W> সরকার </W><W> পক্ষের </W><W> আইনজীবী </W><W> জানান, </W><W> ১৯৮২ </W><W> সালের </W><W> ১৬ </W><W> মে </W><W> রাতে </W><W> বীরভূমের </W><W> নলহাটি </W><W> থানার </W><W> বুজুং </W><W> গ্রামে </W><W> ২৯ </W><W> জন </W><W> দুষ্কৃতী </W><W> সামসুল </W><W> ও </W><W> তাঁর </W><W> দাদা </W><W> আক্রামুল </W><W> শেখের </W><W> বাড়িতে </W><W> চড়াও </W><W> হয়ে </W><W> সামসুলকে </W><W> খুন </W><W> করে </W><W> ও </W><W> আক্রামুলকে </W><W> বাড়ি </W><W> থেকে </W><W> তুলে </W><W> নিয়ে </W><W> যায়। </W><W> পরদিন </W><W> একটি </W><W> মাঠে </W><W> আক্রামুলের </W><W> দেহ </W><W> পাওয়া </W><W> যায়। </W><W> দুষ্কৃতীরা </W><W> তাঁদের </W><W> বাড়িতেও </W><W> আগুন </W><W> ধরিয়ে </W><W> দেয়। </W><W> এই </W><W> খুনের </W><W> ঘটনায় </W><W> পুলিশ </W><W> ’৮৩ </W><W> সালের </W><W> ২৫ </W><W> নভেম্বর </W><W> ওই </W><W> ২৯ </W><W> জনের </W><W> বিরুদ্ধে </W><W> চার্জশিট </W><W> দাখিল </W><W> করে। </W><W> ’৯২ </W><W> সাল </W><W> থেকে </W><W> সাক্ষ্য </W><W> গ্রহণ </W><W> শুরু </W><W> হয়। </W><W> সম্প্রতি </W><W> হাইকোর্ট </W><W> মামলাটি </W><W> ৩ </W><W> মাসের </W><W> মধ্যে </W><W> নিস্পত্তির </W><W> নির্দেশ </W><W> দেয়। </W><W> অভিযুক্ত </W><W> ২৯ </W><W> জনের </W><W> মধ্যে </W><W> ইতিমধ্যেই </W><W> ৫ </W><W> জন </W><W> মারা </W><W> গিয়েছেন। </W><W> ৪ </W><W> জন </W><W> পলাতক। </W></P><P><W> সমবায় </W><W> ব্যাঙ্কে </W><W> ডাকাতি, </W><W> ধৃত </W><W> ৮ </W></P><P><W> নিজস্ব </W><W> সংবাদদাতা, </W><W> বসিরহাট: </W><W> পূর্ব </W><W> মেদিনীপুরের </W><W> মুগবেড়িয়া </W><W> সমবায় </W><W> ব্যাঙ্কে </W><W> গত </W><W> ১৯ </W><W> মার্চ </W><W> ডাকাতির </W><W> ঘটনায় </W><W> জড়িত </W><W> অভিযোগে </W><W> উত্তর </W><W> ২৪ </W><W> পরগনার </W><W> মিনাখাঁ </W><W> থানার </W><W> পুলিশ </W><W> শুক্রবার </W><W> ওই </W><W> এলাকা </W><W> থেকে </W><W> দুই </W><W> মহিলা-সহ </W><W> ৮ </W><W> জনকে </W><W> গ্রেফতার </W><W> করেছে। </W><W> পুলিশ </W><W> জানায়, </W><W> বৃহস্পতিবার </W><W> খবর </W><W> আসে </W><W> ওই </W><W> এলাকায় </W><W> কয়েক </W><W> জন </W><W> ব্যক্তি </W><W> এক </W><W> ভরি </W><W> সোনা </W><W> বিক্রি </W><W> করলে </W><W> হাজার </W><W> টাকা </W><W> কমিশন </W><W> দেবে </W><W> বলে </W><W> ঘোষণা </W><W> করছে। </W><W> এর </W><W> পরই </W><W> স্থানীয় </W><W> সোলামালিয়ারি </W><W> গ্রামে </W><W> একটি </W><W> গয়নার </W><W> দোকানে </W><W> হানা </W><W> দিয়ে </W><W> বেশ </W><W> কিছু </W><W> সোনা </W><W> উদ্ধার </W><W> করে </W><W> পুলিশ। </W><W> তাঁর </W><W> কাছে </W><W> থেকে </W><W> সূত্র </W><W> পেয়েই </W><W> পুলিশ </W><W> ওই </W><W> ৮ </W><W> জনকে </W><W> ধরে। </W></P><P><W> প্রতারণার </W><W> দায়ে </W><W> ধৃত </W><W> ৩ </W></P><P><W> নিজস্ব </W><W> সংবাদদাতা, </W><W> আসানসোল: </W><W> প্রতারণার </W><W> দায়ে </W><W> দুর্গাপুরের </W><W> একটি </W><W> বেসরকারি </W><W> শিক্ষা </W><W> প্রতিষ্ঠানের </W><W> তিনজন </W><W> কর্ণধারকে </W><W> পুলিশ </W><W> বৃহস্পতিবার </W><W> রাতে </W><W> গ্রেফতার </W><W> করেছে। </W><W> দুর্গাপুর </W><W> থানার </W><W> পুলিশ </W><W> জানায়, </W><W> শিক্ষা </W><W> প্রতিষ্ঠানটি </W><W> চার </W><W> মাসের </W><W> ‘মেডিক্যাল </W><W> ট্রান্সক্রিপশন’ </W><W> কোর্স </W><W> পড়াতে </W><W> ৫৬ </W><W> জন </W><W> ছাত্রের </W><W> কাছ </W><W> থেকে </W><W> ২৫ </W><W> হাজার </W><W> টাকা </W><W> করে </W><W> নেয়। </W><W> ছাত্ররা </W><W> পুলিশের </W><W> কাছে </W><W> অভিযোগ </W><W> করে </W><W> শিক্ষা </W><W> শেষে </W><W> চাকরির </W><W> প্রতিশ্রুতি </W><W> দেওয়া </W><W> হয়েছিল। </W><W> কিন্তু </W><W> এক </W><W> বছর </W><W> পেরোলেও </W><W> তাঁরা </W><W> চাকরি </W><W> পাননি। </W></P><P><W> অস্ত্র </W><W> উদ্ধার </W><W> চোপড়ায় </W></P><P><W> নিজস্ব </W><W> সংবাদদাতা, </W><W> রায়গঞ্জ: </W><W> পুলিশ </W><W> ও </W><W> সীমান্ত </W><W> রক্ষী </W><W> বাহিনী </W><W> যৌথ </W><W> ভাবে </W><W> তল্লাশি </W><W> চালিয়ে </W><W> শুক্রবার </W><W> রাতে </W><W> চোপড়া </W><W> থানার </W><W> টেপাগাঁও </W><W> গ্রাম </W><W> থেকে </W><W> দু’জন </W><W> অস্ত্র </W><W> বিক্রেতাকে </W><W> গ্রেফতার </W><W> করেছে। </W><W> পুলিশ </W><W> জানায়, </W><W> ধৃত </W><W> দুই </W><W> ব্যক্তি </W><W> সহোদর, </W><W> নাম </W><W> রমেশ </W><W> ও </W><W> সঞ্জয় </W><W> মজুমদার। </W></P><P><W> বাসে </W><W> যুবক-হত্যায় </W><W> মূল </W><W> অভিযুক্ত </W><W> গ্রেফতার </W></P><P><W> স্টাফ </W><W> রিপোর্টার, </W><W> কলকাতা: </W><W> চলন্ত </W><W> বাসের </W><W> মধ্যে </W><W> মলয় </W><W> সাহা </W><W> নামে </W><W> এক </W><W> যুবক </W><W> খুনের </W><W> ঘটনায় </W><W> মূল </W><W> অভিযুক্তকে </W><W> শুক্রবার </W><W> গ্রেফতার </W><W> করেছে </W><W> পুলিশ। </W><W> পুলিশ </W><W> সুপার </W><W> হরিসেন </W><W> বর্মা </W><W> জানান, </W><W> পাঁচুগোপাল </W><W> দাস </W><W> (৫২) </W><W> নামে </W><W> ওই </W><W> ব্যক্তির </W><W> নির্দেশেই </W><W> মলয়কে </W><W> খুন </W><W> করা </W><W> হয়েছিল। </W><W> পাঁচুগোপাল </W><W> এলাকার </W><W> পরিচিত </W><W> পকেটমার। </W><W> অন্যান্য </W><W> সমাজবিরোধী </W><W> কাজের </W><W> সঙ্গেও </W><W> তার </W><W> যোগাযোগ </W><W> আছে। </W><W> এই </W><W> দিন </W><W> বড়জাগুলিয়া </W><W> থেকে </W><W> পুলিশ </W><W> তাকে </W><W> গ্রেফতার </W><W> করেছে। </W></P><P><MAN_MADE_EVENT ID="1" TYPE="VEHICULAR_COLLISION"><W> পথ </W><W> দুর্ঘটনা, </W></MAN_MADE_EVENT><CASUALTIES-ARG ID="2"><LINK EVENT_ARG="1" ID="3" TYPE_REL="EVENT_ARG"/><W> জখম </W><W> ১৫ </W></CASUALTIES-ARG></P><P><TIME-ARG ID="5"><LINK EVENT_ARG="9" ID="12" TYPE_REL="EVENT_ARG"/><W> শুক্রবার </W><W> দুপুরে </W></TIME-ARG><PLACE-ARG ID="6"><LINK EVENT_ARG="9" ID="14" TYPE_REL="EVENT_ARG"/><W> মুর্শিদাবাদের </W><W> নবগ্রাম </W><W> থানার </W><W> গোপগ্রামের </W><W> কাছে </W><W> ৩৪ </W><W> নম্বর </W><W> জাতীয় </W><W> সড়কে </W></PLACE-ARG><PARTICIPANT-ARG ID="7"><LINK EVENT_ARG="9" ID="15" TYPE_REL="EVENT_ARG"/><W> একটি </W><W> সরকারি </W><W> বাস </W></PARTICIPANT-ARG><W> ও </W><PARTICIPANT-ARG ID="8"><LINK EVENT_ARG="9" ID="16" TYPE_REL="EVENT_ARG"/><W> লরির </W></PARTICIPANT-ARG><MAN_MADE_EVENT ID="9" TYPE="VEHICULAR_COLLISION"><EVENT-COREF-LINK EVENT_ID="1" ID="18" TYPE_REL="EVENT_COREF"/><W> সংঘর্ষে </W></MAN_MADE_EVENT><CASUALTIES-ARG ID="10"><LINK EVENT_ARG="9" ID="13" TYPE_REL="EVENT_ARG"/><W> দুই </W><W> গানির </W><W> চালক-সহ </W><W> ১৫ </W><W> জন </W><W> জখম </W></CASUALTIES-ARG><W> হয়েছেন। </W><AFTER_EFFECTS-ARG ID="11"><LINK EVENT_ARG="9" ID="17" TYPE_REL="EVENT_ARG"/><W> তাঁদের </W><W> বহরমপুর </W><W> নিউ </W><W> জেনারেল </W><W> হাসপাতালে </W><W> ভর্তি </W><W> করা </W><W> হয়েছে। </W></AFTER_EFFECTS-ARG><W> বাসটি </W><W> শিকারপুর </W><W> থেকে </W><W> দুর্গাপুর </W><W> যাচ্ছিল </W></P></DOCUMENT>