<?xml version="1.0" encoding="UTF-8"?>
<DOCUMENT><P><TIME-ARG ID="0"><LINK EVENT_ARG="3" ID="14" TYPE_REL="EVENT_ARG"/><W> ২ </W><W> ফাল্গুন </W><W> ১৪০৮ </W><W> শুক্রবার </W><W> ১৫ </W><W> ফেব্রুয়ারি </W><W> ২০০২ </W></TIME-ARG></P><P><PLACE-ARG ID="1"><LINK EVENT_ARG="3" ID="16" TYPE_REL="EVENT_ARG"/><W> গাজলে </W></PLACE-ARG><CASUALTIES-ARG ID="2"><LINK EVENT_ARG="3" ID="15" TYPE_REL="EVENT_ARG"/><W> পাঁচ </W><W> মাছ </W><W> ব্যবসায়ী </W></CASUALTIES-ARG><MAN_MADE_EVENT ID="3" TYPE="TRANSPORT_HAZARDS"><W> দুর্ঘটনায় </W></MAN_MADE_EVENT><W> মৃত </W><W> নিজস্ব </W><W> সংবাদদাতা </W><W> মালদহ </W><W> মাছের </W><W> বাজারে </W><W> সময় </W><W> মতো </W><W> পৌঁছনোর </W><W> জন্য </W><REASON-ARG ID="4"><LINK EVENT_ARG="37" ID="38" TYPE_REL="EVENT_ARG"/><W> বেপরোয়া </W><W> ভাবে </W><W> গাড়ি </W><W> চালাতে </W><W> গিয়ে </W></REASON-ARG><W> গাছের </W><W> সঙ্গে </W><MAN_MADE_EVENT ID="37" TYPE="VEHICULAR_COLLISION"><EVENT-COREF-LINK EVENT_ID="3" ID="41" TYPE_REL="EVENT_COREF"/><W> ধাক্কা </W><W> লেগে </W></MAN_MADE_EVENT><CASUALTIES-ARG ID="5"><LINK EVENT_ARG="37" ID="39" TYPE_REL="EVENT_ARG"/><W> পাঁচ </W><W> জন </W><W> মাছ </W><W> ব্যবসায়ী </W><W> প্রাণ </W><W> হারিয়েছেন। </W></CASUALTIES-ARG><CASUALTIES-ARG ID="6"><LINK EVENT_ARG="37" ID="40" TYPE_REL="EVENT_ARG"/><W> জখম </W><W> হয়েছেন </W><W> বাইশ </W><W> জন। </W></CASUALTIES-ARG><PLACE-ARG ID="7"><LINK EVENT_ARG="42" ID="43" TYPE_REL="EVENT_ARG"/><W> গাজল </W><W> থানার </W><W> মাতলের </W><W> কাছে </W><W> সামসি-গাজল </W><W> সড়কের </W><W> উপর </W></PLACE-ARG><TIME-ARG ID="8"><LINK EVENT_ARG="42" ID="44" TYPE_REL="EVENT_ARG"/><W> বৃহস্পতিবার </W><W> সকাল </W><W> ছ’টা </W><W> নাগাদ </W></TIME-ARG><MAN_MADE_EVENT ID="42" TYPE="VEHICULAR_COLLISION"><EVENT-COREF-LINK EVENT_ID="37" ID="46" TYPE_REL="EVENT_COREF"/><W> এই </W><W> দুর্ঘটনা </W><W> ঘটেছে। </W></MAN_MADE_EVENT><AFTER_EFFECTS-ARG ID="10"><LINK EVENT_ARG="42" ID="45" TYPE_REL="EVENT_ARG"/><W> আহতদের </W><W> মালদহ </W><W> সদর </W><W> হাসপাতাল </W><W> ও </W><W> গাজল </W><W> গ্রামীণ </W><W> হাসপাতালে </W><W> ভর্তি </W><W> করা </W><W> হয়েছে। </W></AFTER_EFFECTS-ARG><W> পুলিশ </W><W> জানিয়েছে, </W><W> নিহতের </W><W> নাম </W><W> হরিমোহন </W><W> বিশ্বাস </W><W> (৫০), </W><W> আকাশ </W><W> আলি </W><W> (৫০), </W><W> সুদেব </W><W> হালদার </W><W> (২৫), </W><W> সফিকুল </W><W> আলম </W><W> (৩০) </W><W> এবং </W><W> হবিবুর </W><W> রহমান </W><W> (২৫)। </W></P><P><W> পুলিশ </W><W> সূত্রে </W><W> জানা </W><W> গিয়েছে, </W><W> প্রতিদিনের </W><W> মতো </W><W> এ </W><W> দিনও </W><W> সামসি, </W><W> রতুয়া </W><W> এবং </W><W> আলাল </W><W> এলাকার </W><W> প্রায় </W><W> পঞ্চাশ </W><W> জন </W><W> মাছ </W><W> ব্যবসায়ী </W><W> গাজলের </W><W> মাছের </W><W> আড়ত </W><W> থেকে </W><W> মাছ </W><W> কেনার </W><W> জন্য </W><W> সামসি </W><W> থেকে </W><W> একটি </W><W> ম্যাক্সি-ট্যাক্সিতে </W><W> উঠেছিলেন। </W><W> মালদহ </W><W> সদর </W><W> হাসপাতালের </W><W> মেঝেতে </W><W> শুয়ে </W><W> দুর্ঘটনায় </W><W> আহত </W><W> মাছ </W><W> ব্যবসায়ী </W><W> আফজল </W><W> হোসেন </W><W> জানালেন, </W><W> ‘‘সামসি </W><W> থেকে </W><W> ছাড়ার </W><W> পরই </W><W> গাড়ি </W><W> প্রচণ্ড </W><W> জোরে </W><W> চলছিল। </W><W> তখন </W><W> ভোর </W><W> সাড়ে </W><W> পাঁচটা </W><W> হবে। </W><W> আমরা </W><W> কয়েকজন </W><W> গাড়ির </W><W> চালককে </W><W> অত </W><W> জোরে </W><W> না-চালানোর </W><W> জন্য </W><W> বেশ </W><W> কয়েকবার </W><W> অনুরোধও </W><W> করেছিলাম। </W><W> মাতল </W><W> বাসস্ট্যাণ্ড </W><W> পার </W><W> হওয়ার </W><W> পরই </W><W> হঠাৎ </W><W> প্রচণ্ড </W><W> জোরে </W><W> ধাক্কা </W><W> খেলাম। </W><W> তার </W><W> পর </W><W> আর </W><W> কিছু </W><W> মনে </W><W> নেই।’’ </W></P><P><W> গাজল </W><W> মৎস্য </W><W> ব্যবসায়ী </W><W> সমিতির </W><W> সম্পাদক </W><W> মিলন </W><W> দাসের </W><W> অভিযোগ, </W><W> ‘‘ভোরের </W><W> দিকে </W><W> গাজল-সামসি </W><W> লাইনে </W><W> কোনও </W><W> বাস </W><W> না </W><W> থাকার </W><W> জন্য </W><W> মাছ </W><W> ব্যবসায়ীরা </W><W> বাধ্য </W><W> হয়ে </W><W> জীবনের </W><W> ঝুঁকি </W><W> নিয়ে </W><W> ম্যাক্সি-ট্যাক্সিতে </W><W> যাতায়াত </W><W> করেন। </W><W> আর </W><REASON-ARG ID="47"><LINK EVENT_ARG="48" ID="49" TYPE_REL="EVENT_ARG"/><W> বেশি </W><W> যাত্রী </W><W> নেওয়ার </W><W> জন্য </W><W> ওই </W><W> গাড়িগুলি </W><W> বেপরোয়া </W><W> ভাবে </W><W> চালানো </W><W> হয়। </W></REASON-ARG><W> এর </W><W> জন্যই </W><MAN_MADE_EVENT ID="48" TYPE="VEHICULAR_COLLISION"><EVENT-COREF-LINK EVENT_ID="42" ID="58" TYPE_REL="EVENT_COREF"/><W> এই </W><W> দুর্ঘটনা </W><W> ঘটেছে।’’ </W></MAN_MADE_EVENT></P><P><W> জেলার </W><W> পুলিশ </W><W> সুপার </W><W> পঙ্কজ </W><W> দত্ত </W><W> জানিয়েছেন, </W><REASON-ARG ID="27"><LINK EVENT_ARG="50" ID="51" TYPE_REL="EVENT_ARG"/><W> ‘‘অতিরিক্ত </W><W> যাত্রী </W><W> নিয়ে </W><W> বেপরোয়া </W><W> গাড়ি </W><W> চালানোর </W><W> জন্যই </W></REASON-ARG><MAN_MADE_EVENT ID="50" TYPE="VEHICULAR_COLLISION"><EVENT-COREF-LINK EVENT_ID="48" ID="57" TYPE_REL="EVENT_COREF"/><W> দুর্ঘটনা </W><W> ঘটেছে। </W></MAN_MADE_EVENT><W> নিয়ন্ত্রণ </W><W> হারিয়ে </W><PARTICIPANT-ARG ID="31"><LINK EVENT_ARG="52" ID="55" TYPE_REL="EVENT_ARG"/><W> বাসটি </W></PARTICIPANT-ARG><W> সোজা </W><W> রাস্তার </W><W> ধারের </W><W> পাকুড় </W><W> গাছে </W><MAN_MADE_EVENT ID="52" TYPE="VEHICULAR_COLLISION"><EVENT-COREF-LINK EVENT_ID="50" ID="56" TYPE_REL="EVENT_COREF"/><W> ধাক্কা </W><W> মারে। </W></MAN_MADE_EVENT><CASUALTIES-ARG ID="35"><LINK EVENT_ARG="52" ID="54" TYPE_REL="EVENT_ARG"/><W> ঘটনাস্থলে </W><W> মারা </W><W> গিয়েছেন </W><W> এক </W><W> জন। </W></CASUALTIES-ARG><W> হাসপাতালে </W><W> নিয়ে </W><W> আসার </W><W> পথে </W><CASUALTIES-ARG ID="36"><LINK EVENT_ARG="52" ID="53" TYPE_REL="EVENT_ARG"/><W> আরও </W><W> এক </W><W> জনের </W><W> মৃত্যু </W></CASUALTIES-ARG><W> হয়। </W><W> সদর </W><W> হাসপাতালে </W><W> মারা </W><W> গিয়েছেন </W><W> তিন </W><W> জন। </W><W> ওই </W><W> গাড়িটিকে </W><W> আটক </W><W> করা </W><W> হয়েছে। </W></P><P><W> এ </W><W> দিকে, </W><W> সদর </W><W> হাসপাতালে </W><W> ভর্তি </W><W> সতেরো </W><W> জন </W><W> মাছ </W><W> ব্যবসায়ীর </W><W> মধ্যে </W><W> সাত </W><W> জনের </W><W> অবস্থা </W><W> আশঙ্কাজনক। </W><W> সদর </W><W> হাসপাতালের </W><W> চিকিৎসকরা </W><W> জানিয়েছেন, </W><W> ‘আটচল্লিশ </W><W> ঘণ্টা </W><W> না-কাটলে </W><W> কিছু </W><W> বলা </W><W> যাবে </W><W> না। </W><W> কারণ </W><W> আহতদের </W><W> বেশির </W><W> ভাগেরই </W><W> মাথায় </W><W> আঘাত </W><W> লেগেছে।’ </W><W> ওই </W><W> গাড়িতে </W><W> কেন </W><W> পঞ্চাশ </W><W> জনকে </W><W> তোলা </W><W> হয়েছিল </W><W> সেই </W><W> ব্যাপারে </W><W> জেলা </W><W> প্রশাসন </W><W> তদন্ত </W><W> শুরু </W><W> করেছে। </W><W> প্রশাসনের </W><W> এক </W><W> কর্তা </W><W> জানিয়েছেন, </W><W> জেলার </W><W> সব </W><W> ম্যাক্সি-ট্যাক্সি </W><W> যাতে </W><W> নিয়ম </W><W> মাফিক </W><W> যাত্রী </W><W> তোলে </W><W> তার </W><W> জন্য </W><W> কঠোর </W><W> ব্যবস্থা </W><W> নেওয়া </W><W> হচ্ছে। </W></P></DOCUMENT>