<?xml version="1.0" encoding="UTF-8"?>
<DOCUMENT><P><TIME-ARG ID="0"><LINK EVENT_ARG="1" ID="16" TYPE_REL="EVENT_ARG"/><W> ১৩ </W><W> ভাদ্র </W><W> ১৪০৯ </W><W> শুক্রবার </W><W> ৩০ </W><W> অগস্ট </W><W> ২০০২ </W></TIME-ARG></P><P><CASUALTIES-ARG ID="2"><LINK EVENT_ARG="1" ID="18" TYPE_REL="EVENT_ARG"/><W> ব্যবসায়ীকে </W></CASUALTIES-ARG><MAN_MADE_EVENT ID="1" TYPE="SHOOT_OUT"><W> গুলি </W></MAN_MADE_EVENT><PARTICIPANT-ARG ID="3"><LINK EVENT_ARG="1" ID="17" TYPE_REL="EVENT_ARG"/><W> ছিনতাইবাজদের </W></PARTICIPANT-ARG><W> নিজস্ব </W><W> সংবাদাতা </W><W> কলকাতা </W><PLACE-ARG ID="4"><LINK EVENT_ARG="1" ID="19" TYPE_REL="EVENT_ARG"/><W> হাওড়ার </W><W> দাশনগরে </W></PLACE-ARG><TIME-ARG ID="5"><LINK EVENT_ARG="1" ID="22" TYPE_REL="EVENT_ARG"/><W> বুধবার </W><W> রাতে </W></TIME-ARG><CASUALTIES-ARG ID="6"><LINK EVENT_ARG="1" ID="21" TYPE_REL="EVENT_ARG"/><W> এক </W><W> ব্যবসায়ী </W></CASUALTIES-ARG><PARTICIPANT-ARG ID="7"><LINK EVENT_ARG="1" ID="20" TYPE_REL="EVENT_ARG"/><W> ছিনতাইকারীদের </W></PARTICIPANT-ARG><W> হাতে </W><W> আক্রান্ত </W><W> হন। </W><W> মধ্য </W><W> হাওড়ার </W><W> বৃন্দাবন </W><W> মল্লিক </W><W> লেনের </W><W> বাসিন্দা </W><CASUALTIES-ARG ID="8"><LINK EVENT_ARG="16" ID="20" TYPE_REL="EVENT_ARG"/><W> শ্রীকান্ত </W><W> ঘোষ </W><W> নামে </W><W> ওই </W><W> ব্যক্তিকে </W></CASUALTIES-ARG><PARTICIPANT-ARG ID="9"><LINK EVENT_ARG="16" ID="19" TYPE_REL="EVENT_ARG"/><W> দুষ্কৃতীরা </W></PARTICIPANT-ARG><W> প্রথমে </W><W> রিভলভারের </W><W> বাট </W><W> দিয়ে </W><W> আঘাত </W><W> করে। </W><W> কিন্তু </W><W> তাতেও </W><REASON-ARG ID="10"><LINK EVENT_ARG="16" ID="18" TYPE_REL="EVENT_ARG"/><W> তিনি </W><W> টাকার </W><W> থলি </W><W> না </W><W> ছাড়ায় </W></REASON-ARG><PARTICIPANT-ARG ID="11"><LINK EVENT_ARG="16" ID="17" TYPE_REL="EVENT_ARG"/><W> দুষ্কৃতীরা </W></PARTICIPANT-ARG><MAN_MADE_EVENT ID="16" TYPE="SHOOT_OUT"><EVENT-COREF-LINK EVENT_ID="1" ID="24" TYPE_REL="EVENT_COREF"/><W> গুলি </W><W> চালায়। </W></MAN_MADE_EVENT><W> গুলি </W><W> ব্যবসায়ীর </W><W> বুক </W><W> ছুঁয়ে </W><W> বেরিয়ে </W><W> যায়। </W><W> পুলিশ </W><W> জানায়, </W><W> শ্রীকান্তবাবু </W><TIME-ARG ID="13"><LINK EVENT_ARG="16" ID="23" TYPE_REL="EVENT_ARG"/><W> রাত </W><W> ৮ </W><W> নাগাদ </W></TIME-ARG><W> বাঁকড়ায় </W><W> তাঁর </W><W> সোনার </W><W> দোকান </W><W> বন্ধ </W><W> করে </W><W> মোটর </W><W> সাইকেল </W><W> করে </W><W> আমতা </W><W> রোড </W><W> ধরে </W><W> বাড়ি </W><W> যাচ্ছিলেন। </W><PLACE-ARG ID="14"><LINK EVENT_ARG="16" ID="21" TYPE_REL="EVENT_ARG"/><W> বালটিকুরি </W><W> টেলিফোন </W><W> এক্সচেঞ্জের </W><W> কাছে </W></PLACE-ARG><W> অন্য </W><W> একটি </W><W> মোটর </W><W> সাইকেলে </W><W> চেপে </W><PARTICIPANT-ARG ID="15"><LINK EVENT_ARG="16" ID="22" TYPE_REL="EVENT_ARG"/><W> তিন </W><W> দুষ্কৃতী </W></PARTICIPANT-ARG><W> তাঁর </W><W> রাস্তা </W><W> আটকে </W><W> দাঁড়ায় </W><W> এবং </W><W> কিছু </W><W> বুঝে </W><W> ওঠার </W><W> আগেই </W><W> তারা </W><W> ব্যবসায়ীর </W><W> টাকার </W><W> থলি </W><W> ধরে </W><W> টানাটানি </W><W> করে। </W><W> ইতিমধ্যে </W><W> স্থানীয় </W><W> লোক </W><W> জড়ো </W><W> হয়ে </W><W> গেলে </W><W> দুষ্কৃতীরা </W><W> চম্পট </W><W> দেয়। </W><W> তাড়াহুড়োয় </W><W> তাদের </W><W> একটি </W><W> দেশি </W><W> বন্দুক </W><W> পড়ে </W><W> যায়। </W><W> পুলিশ </W><W> সেটি </W><W> আটক </W><W> করেছে। </W></P></DOCUMENT>