<?xml version="1.0" encoding="UTF-8"?>
<DOCUMENT><P><TIME-ARG ID="0"><LINK EVENT_ARG="1" ID="13" TYPE_REL="EVENT_ARG"/><W> ২১ </W><W> বৈশাখ </W><W> ১৪০৮ </W><W> রবিবার </W><W> ৫ </W><W> মে </W><W> ২০০২ </W></TIME-ARG></P><P><NATURAL_EVENT ID="1" TYPE="STORM"><W> ঝড়ে </W></NATURAL_EVENT><AFTER_EFFECTS-ARG ID="2"><LINK EVENT_ARG="1" ID="14" TYPE_REL="EVENT_ARG"/><W> বিদ্যুৎবিহীন </W></AFTER_EFFECTS-ARG><PLACE-ARG ID="3"><LINK EVENT_ARG="1" ID="15" TYPE_REL="EVENT_ARG"/><W> গ্রামীণ </W><W> দক্ষিণ </W><W> চব্বিশ </W><W> পরগনা </W></PLACE-ARG><W> স্টাফ </W><W> রিপোর্টার </W><W> কলকাতা </W><TIME-ARG ID="4"><LINK EVENT_ARG="5" ID="16" TYPE_REL="EVENT_ARG"/><W> শুক্রবার </W><W> রাতের </W></TIME-ARG><W> প্রবল </W><NATURAL_EVENT ID="5" TYPE="STORM"><EVENT-COREF-LINK EVENT_ID="1" ID="24" TYPE_REL="EVENT_COREF"/><W> ঝড়ে </W></NATURAL_EVENT><W> বিদ্যুতের </W><W> খুঁটি </W><W> উপড়ে </W><W> এবং </W><W> তার </W><W> ছিঁড়ে </W><W> পড়ায় </W><PLACE-ARG ID="6"><LINK EVENT_ARG="5" ID="17" TYPE_REL="EVENT_ARG"/><W> গ্রামীণ </W><W> দক্ষিণ </W><W> ২৪ </W><W> পরগনা </W></PLACE-ARG><AFTER_EFFECTS-ARG ID="7"><LINK EVENT_ARG="5" ID="18" TYPE_REL="EVENT_ARG"/><W> বিদ্যুৎবিহীন </W></AFTER_EFFECTS-ARG><W> হয়ে </W><W> যায়। </W><W> রাজ্য </W><W> বিদ্যুৎ </W><W> পর্ষদ </W><W> সূত্রে </W><W> জানানো </W><W> হয়েছে, </W><PLACE-ARG ID="8"><LINK EVENT_ARG="5" ID="19" TYPE_REL="EVENT_ARG"/><W> গোটা </W><W> জেলায় </W></PLACE-ARG><AFTER_EFFECTS-ARG ID="9"><LINK EVENT_ARG="5" ID="20" TYPE_REL="EVENT_ARG"/><W> ১৫০টি </W><W> বিদ্যুতের </W><W> স্তম্ভ </W><W> উপড়ে </W><W> পড়েছে। </W></AFTER_EFFECTS-ARG><W> বহু </W><W> অঞ্চলে </W><AFTER_EFFECTS-ARG ID="10"><LINK EVENT_ARG="5" ID="21" TYPE_REL="EVENT_ARG"/><W> ৩৩ </W><W> কেভি </W><W> মেন </W><W> লাইনের </W><W> তার </W><W> ছিঁড়ে </W><W> পড়েছে। </W></AFTER_EFFECTS-ARG><W> এর </W><W> ফলে </W><PLACE-ARG ID="11"><LINK EVENT_ARG="5" ID="22" TYPE_REL="EVENT_ARG"/><W> উস্তি, </W><W> ডামণ্ডহারবার, </W><W> ফলতা, </W><W> কুলপি, </W><W> লক্ষ্মীকান্তপুর, </W><W> কাকদ্বীপ, </W><W> নামখানা, </W><W> জয়নগর, </W><W> বারুইপুর </W><W> এবং </W><W> ক্যানিংয়ের </W><W> অধিকাংশ </W><W> মৌজায় </W></PLACE-ARG><W> শুক্রবার </W><W> রাত </W><W> থেকে </W><AFTER_EFFECTS-ARG ID="12"><LINK EVENT_ARG="5" ID="23" TYPE_REL="EVENT_ARG"/><W> বিদ্যুৎ </W><W> নেই। </W></AFTER_EFFECTS-ARG><W> পরিস্থিতি </W><W> কবে </W><W> স্বাভাবিক </W><W> হবে </W><W> শনিবারেও </W><W> সেই </W><W> ব্যপারে </W><W> কিছুই </W><W> জানাতে </W><W> পারেননি </W><W> পর্ষদ </W><W> কর্তপক্ষ। </W><W> তবে </W><W> এ </W><W> প্রসঙ্গে </W><W> রাজ্য </W><W> বিদ্যুৎ </W><W> পর্ষদের </W><W> এক </W><W> পদস্থ </W><W> কর্তা </W><W> জানান, </W><W> বিদ্যুতের </W><W> স্তম্ভ </W><W> তোলা-সহ </W><W> নানা </W><W> শাখা </W><W> লাইন </W><W> মেরামতের </W><W> দায়িত্ব </W><W> প্রধানত </W><W> ঠিকাদারদের। </W><W> কিন্তু </W><W> পর্ষদের </W><W> আর্থিক </W><W> সঙ্কটের </W><W> জন্য </W><W> তাঁদের </W><W> বকেয়া </W><W> ঠিকমতো </W><W> মেটানো </W><W> যাচ্ছে </W><W> না। </W><W> এ </W><W> জন্য </W><W> পর্ষদ </W><W> ঠিকাদারদের </W><W> দিয়ে </W><W> জরুরি </W><W> ভিত্তিতে </W><W> কাজ </W><W> করাতে </W><W> পারছে </W><W> না। </W><W> অন্য </W><W> দিকে, </W><W> গত </W><W> ৩ </W><W> দিন </W><W> যাবৎ </W><W> সোনাখালি </W><W> এলাকায় </W><W> বিদ্যুৎ </W><W> সংযোগ </W><W> বিচ্ছিন্ন </W><W> হয়ে </W><W> রয়েছে। </W><W> পর্ষদ </W><W> সূত্রে </W><W> বলা </W><W> হয়, </W><W> জীবনতলা </W><W> থেকে </W><W> সোনাখালি </W><W> পর্যন্ত </W><W> ৪২ </W><W> কিমি </W><W> পথে </W><W> ঠিক </W><W> কোথায় </W><W> ত্রুটি </W><W> রয়েছে </W><W> তা </W><W> পর্ষদ </W><W> কর্মীরা </W><W> ধরতে </W><W> পারছেন </W><W> না। </W><W> কবে </W><W> ওই </W><W> এলাকায় </W><W> বিদ্যুৎ </W><W> সরবরাহ </W><W> স্বাভাবিক </W><W> হবে, </W><W> তা </W><W> বলা </W><W> যাচ্ছে </W><W> না। </W></P></DOCUMENT>