<?xml version="1.0" encoding="UTF-8"?>
<DOCUMENT><P><TIME-ARG ID="0"><LINK EVENT_ARG="1" ID="25" TYPE_REL="EVENT_ARG"/><W> ১০ </W><W> জ্যৈষ্ঠ </W><W> ১৪০৯ </W><W> শনিবার </W><W> ২৫ </W><W> মে </W><W> ২০০২ </W></TIME-ARG></P><P><NATURAL_EVENT ID="1" TYPE="EPIDEMIC"><W> এনসেফ্যালাইটিসে </W></NATURAL_EVENT><PLACE-ARG ID="2"><LINK EVENT_ARG="1" ID="26" TYPE_REL="EVENT_ARG"/><W> দুই </W><W> জেলায় </W></PLACE-ARG><CASUALTIES-ARG ID="3"><LINK EVENT_ARG="1" ID="27" TYPE_REL="EVENT_ARG"/><W> মৃত </W><W> ৬ </W></CASUALTIES-ARG><W> নিজস্ব </W><W> সংবাদদাতা </W><W> বহরমপুর </W><W> ও </W><W> মেদিনীপুর </W><NATURAL_EVENT ID="5" TYPE="EPIDEMIC"><EVENT-COREF-LINK EVENT_ID="1" ID="24" TYPE_REL="EVENT_COREF"/><W> এনসেফ্যালাইটিসে </W></NATURAL_EVENT><W> আক্রান্ত </W><W> হয়ে </W><PLACE-ARG ID="6"><LINK EVENT_ARG="5" ID="28" TYPE_REL="EVENT_ARG"/><W> দুই </W><W> জেলায় </W></PLACE-ARG><CASUALTIES-ARG ID="7"><LINK EVENT_ARG="5" ID="29" TYPE_REL="EVENT_ARG"/><W> মোট </W><W> ছ’জনের </W><W> মৃত্যু </W></CASUALTIES-ARG><W> হয়েছে। </W><CASUALTIES-ARG ID="8"><LINK EVENT_ARG="5" ID="30" TYPE_REL="EVENT_ARG"/><W> অসুস্থ </W><W> আরও </W><W> হাসপাতালে </W><W> ভর্তি </W><W> হয়েছেন </W><W> বাইশ </W><W> জন। </W></CASUALTIES-ARG></P><P><PLACE-ARG ID="9"><LINK EVENT_ARG="11" ID="33" TYPE_REL="EVENT_ARG"/><W> বহরমপুর </W><W> জেলা </W><W> হাসপাতালে </W></PLACE-ARG><TIME-ARG ID="10"><LINK EVENT_ARG="11" ID="32" TYPE_REL="EVENT_ARG"/><W> বৃহস্পতিবার </W></TIME-ARG><NATURAL_EVENT ID="11" TYPE="EPIDEMIC"><EVENT-COREF-LINK EVENT_ID="5" ID="23" TYPE_REL="EVENT_COREF"/><W> ওই </W><W> রোগে </W></NATURAL_EVENT><CASUALTIES-ARG ID="12"><LINK EVENT_ARG="11" ID="31" TYPE_REL="EVENT_ARG"/><W> মারা </W><W> গিয়েছেন </W><W> তিন </W><W> জন। </W></CASUALTIES-ARG><W> মৃতেরা </W><W> বেলডাঙার </W><W> গোলপাড়া </W><W> গ্রামে </W><W> সামিউন </W><W> বিবি </W><W> (৩০), </W><W> জলঙ্গি </W><W> থানার </W><W> ফরিদপুর </W><W> গ্রামের </W><W> সুস্মিতা </W><W> সাহা </W><W> (৫), </W><W> দৌলতাবাদ </W><W> থানার </W><W> ছয়ঘনি </W><W> গ্রামের </W><W> রমজান </W><W> শেখ </W><W> (৪)। </W><W> মুখ্য </W><W> স্বাস্থ্য </W><W> আধিকারিক </W><W> নীহারেন্দু </W><W> দেব </W><W> বলেন, </W><NATURAL_EVENT ID="13" TYPE="EPIDEMIC"><EVENT-COREF-LINK EVENT_ID="11" ID="22" TYPE_REL="EVENT_COREF"/><W> ‘‘এনসেফ্যালাইটিসে </W></NATURAL_EVENT><W> মৃত্যু </W><W> বা </W><W> আক্রান্ত </W><W> হওয়ার </W><W> ব্যাপারে </W><W> এখনও </W><W> পর্যন্ত </W><W> সরকারি </W><W> ভাবে </W><W> কেউ </W><W> কিছুই </W><W> জানাননি। </W><W> বেসরকারি </W><W> বিভিন্ন </W><W> সূত্র </W><W> থেকে </W><W> খবর </W><W> পাচ্ছি। </W><W> তদন্তের </W><W> নির্দেশ </W><W> দেওয়া </W><W> হয়েছে।’’ </W></P><P><PLACE-ARG ID="14"><LINK EVENT_ARG="16" ID="34" TYPE_REL="EVENT_ARG"/><W> খড়্গপুরের </W><W> চকগণেশ </W><W> গ্রামে </W></PLACE-ARG><TIME-ARG ID="15"><LINK EVENT_ARG="16" ID="35" TYPE_REL="EVENT_ARG"/><W> গত </W><W> দু’দিনে </W></TIME-ARG><NATURAL_EVENT ID="16" TYPE="EPIDEMIC"><EVENT-COREF-LINK EVENT_ID="13" ID="21" TYPE_REL="EVENT_COREF"/><W> এনসেফ্যালাইটিস </W></NATURAL_EVENT><W> ও </W><W> অজানা </W><W> রোগে </W><W> আক্রান্ত </W><W> হয়ে </W><CASUALTIES-ARG ID="17"><LINK EVENT_ARG="16" ID="36" TYPE_REL="EVENT_ARG"/><W> এক </W><W> শিশু </W><W> সহ </W><W> তিনজনের </W><W> মৃত্যু </W></CASUALTIES-ARG><W> হয়েছে। </W><CASUALTIES-ARG ID="18"><LINK EVENT_ARG="16" ID="37" TYPE_REL="EVENT_ARG"/><W> আক্রান্ত </W><W> ৭ </W><W> জন </W><W> মেদিনীপুর </W><W> সদর </W><W> হাসপাতালে </W><W> ভর্তি। </W></CASUALTIES-ARG><W> মৃতদের </W><W> নাম </W><W> লক্ষ্মী </W><W> নায়েক </W><W> (৩৩), </W><W> দিলীপ </W><W> নায়েক </W><W> (২০) </W><W> ও </W><W> কিঙ্কর </W><W> নায়েক </W><W> (৩০)। </W><W> সকলেই </W><W> মেদিনীপুর </W><W> সদর </W><W> হাসপাতালে </W><W> মারা </W><W> গিয়েছেন। </W><W> মুখ্য </W><W> স্বাস্থ্যাধিকারিক </W><W> জানান, </W><W> ‘কী </W><W> ভাবে </W><NATURAL_EVENT ID="19" TYPE="EPIDEMIC"><EVENT-COREF-LINK EVENT_ID="16" ID="20" TYPE_REL="EVENT_COREF"/><W> রোগ </W></NATURAL_EVENT><W> ছড়াচ্ছে </W><W> তা </W><W> খতিয়ে </W><W> দেখতে </W><W> টিম </W><W> পাঠানো </W><W> হয়েছে।’’ </W></P></DOCUMENT>