<?xml version="1.0" encoding="UTF-8"?>
<DOCUMENT><P><TIME-ARG ID="0"><LINK EVENT_ARG="1" ID="6" TYPE_REL="EVENT_ARG"/><W> ১৮ </W><W> পৌষ </W><W> ১৪০৮ </W><W> বৃহস্পতিবার </W><W> ৩ </W><W> জানুয়ারি </W><W> ২০০২ </W></TIME-ARG></P><P><W> ঘুমঘোরে </W><MAN_MADE_EVENT ID="1" TYPE="FIRE"><W> পুড়ে </W></MAN_MADE_EVENT><CASUALTIES-ARG ID="31"><LINK EVENT_ARG="1" ID="32" TYPE_REL="EVENT_ARG"/><W> মৃত্যু </W><W> বাবা-মা </W></CASUALTIES-ARG><W> ও </W><CASUALTIES-ARG ID="3"><LINK EVENT_ARG="1" ID="5" TYPE_REL="EVENT_ARG"/><W> দুই </W><W> শিশুর </W></CASUALTIES-ARG><W> নিজস্ব </W><W> সংবাদদাতা </W><W> কলকাতা </W><PLACE-ARG ID="7"><LINK EVENT_ARG="33" ID="34" TYPE_REL="EVENT_ARG"/><W> সোদপুরের </W><W> মিলনগড়ে </W></PLACE-ARG><TIME-ARG ID="8"><LINK EVENT_ARG="33" ID="35" TYPE_REL="EVENT_ARG"/><W> মঙ্গলবার </W><W> রাতে </W></TIME-ARG><W> বেড়ার </W><W> ঘরে </W><MAN_MADE_EVENT ID="33" TYPE="FIRE"><EVENT-COREF-LINK EVENT_ID="1" ID="50" TYPE_REL="EVENT_COREF"/><W> আগুন </W><W> লেগে </W></MAN_MADE_EVENT><W> ঘুমন্ত </W><W> অবস্থায় </W><CASUALTIES-ARG ID="11"><LINK EVENT_ARG="33" ID="36" TYPE_REL="EVENT_ARG"/><W> বাবা-মা </W></CASUALTIES-ARG><W> ও </W><CASUALTIES-ARG ID="37"><LINK EVENT_ARG="33" ID="38" TYPE_REL="EVENT_ARG"/><W> দুই </W><W> শিশুসন্তানের </W><W> মৃত্যু </W></CASUALTIES-ARG><W> হয়েছে। </W><MAN_MADE_EVENT ID="39" TYPE="FIRE"><EVENT-COREF-LINK EVENT_ID="33" ID="49" TYPE_REL="EVENT_COREF"/><W> আগুন </W><W> লাগে </W></MAN_MADE_EVENT><PLACE-ARG ID="40"><LINK EVENT_ARG="39" ID="43" TYPE_REL="EVENT_ARG"/><W> পাশের </W><W> আরও </W><W> দু’টি </W><W> ঘরে। </W></PLACE-ARG><W> পরপর </W><W> তিনটি </W><W> বাড়িতে </W><W> কী </W><W> ভাবে </W><W> আগুন </W><W> লাগল, </W><W> দমকল </W><W> ও </W><W> পুলিশের </W><W> কাছে </W><W> তা </W><W> স্পষ্ট </W><W> নয়। </W><W> প্রাথমিক </W><W> তদন্তের </W><W> পরে </W><W> অনুমান, </W><W> প্রচণ্ড </W><W> শীতে </W><W> আগুন </W><W> পোয়াতে </W><W> গিয়েই </W><W> কোনও </W><W> ভাবে </W><W> আগুন </W><W> ধরে </W><W> যায়। </W><W> পুলিশ </W><W> ও </W><W> দমকল </W><W> প্রায় </W><W> এক </W><W> ঘণ্টার </W><W> চেষ্টায় </W><MAN_MADE_EVENT ID="21" TYPE="FIRE"><EVENT-COREF-LINK EVENT_ID="39" ID="48" TYPE_REL="EVENT_COREF"/><W> আগুন </W></MAN_MADE_EVENT><W> আয়ত্তে </W><W> আনলেও </W><W> ওই </W><W> পরিবারটির </W><W> লোকজনকে </W><W> বাইরে </W><W> বার </W><W> করা </W><W> যায়নি। </W><W> তাঁরা </W><CASUALTIES-ARG ID="41"><LINK EVENT_ARG="21" ID="42" TYPE_REL="EVENT_ARG"/><W> চার </W><W> জনই </W><W> ঘরের </W><W> মধ্যে </W><W> জীবন্ত </W><W> দগ্ধ </W></CASUALTIES-ARG><W> হন। </W></P><P><W> পুলিশ </W><W> জানায়, </W><W> মৃতদের </W><W> নাম </W><W> রামু </W><W> দাস </W><W> (৩৫), </W><W> তাঁর </W><W> স্ত্রী </W><W> মানু </W><W> দাস </W><W> (২৮) </W><W> এবং </W><W> তাঁদের </W><W> চার </W><W> বছরের </W><W> ছেলে </W><W> রাজা </W><W> ও </W><W> আড়াই </W><W> বছরের </W><W> মেয়ে </W><W> পিঙ্কি। </W><W> রামুবাবু </W><W> চামড়ার </W><W> ব্যবসা </W><W> করতেন। </W><W> যেখানে </W><MAN_MADE_EVENT ID="44" TYPE="FIRE"><EVENT-COREF-LINK EVENT_ID="21" ID="47" TYPE_REL="EVENT_COREF"/><W> আগুন </W><W> লেগেছিল, </W></MAN_MADE_EVENT><W> সেই </W><W> বাড়িগুলির </W><W> দেওয়াল </W><W> বেড়ার, </W><W> ছাদ </W><W> টালির। </W><W> ঘটনাস্থলে </W><W> গিয়ে </W><W> জানা </W><W> যায়, </W><W> এলাকার </W><W> বাসিন্দা </W><W> রেণুকণা </W><W> দে-র </W><W> পাকা </W><W> বাড়ির </W><W> উঠোনে </W><W> চালাঘর </W><W> ছিল। </W><W> তাতেই </W><W> তিনটি </W><W> ঘর </W><W> বানানো </W><W> হয়। </W><W> একটিতে </W><W> থাকতেন </W><W> রেণুকণাদেবীর </W><W> ছেলে </W><W> শ্যামল </W><W> দে </W><W> ও </W><W> তাঁর </W><W> পরিবার। </W><W> পাশের </W><W> ঘরটি </W><W> মাস </W><W> তিন-চার </W><W> আগে </W><W> রামুবাবু </W><W> ভাড়া </W><W> নিয়েছিলেন। </W><W> অন্য </W><W> ঘরটি </W><W> ফাঁকাই </W><W> ছিল। </W></P><P><W> প্রত্যক্ষদর্শী </W><W> ও </W><W> শ্যামলবাবুর </W><W> স্ত্রী </W><W> আলপনা </W><W> দে </W><W> বলেন, </W><W> ‘‘রাত </W><W> সাড়ে </W><W> ১২টা </W><W> নাগাদ </W><W> হঠাৎ </W><W> গায়ে </W><W> আগুনের </W><W> হল্কা </W><W> লেগে </W><W> ঘুম </W><W> ভেঙে </W><W> যায়। </W><W> আমার </W><W> স্বামী </W><W> চোখে </W><W> দেখতে </W><W> পান </W><W> না। </W><W> ঘরে </W><MAN_MADE_EVENT ID="45" TYPE="FIRE"><EVENT-COREF-LINK EVENT_ID="44" ID="46" TYPE_REL="EVENT_COREF"/><W> আগুন </W><W> লেগেছে </W></MAN_MADE_EVENT><W> বুঝতে </W><W> পেরে </W><W> আমি </W><W> চিৎকার </W><W> শুরু </W><W> করি। </W><W> পাড়ার </W><W> কয়েক </W><W> জন </W><W> ছুটে </W><W> আসেন। </W><W> তার </W><W> পরে </W><W> আর </W><W> কিছু </W><W> মনে </W><W> নেই।’’ </W><W> পাড়ার </W><W> লোকজন </W><W> জানিয়েছেন, </W><W> আলপনাদেবীর </W><W> ছেলেমেয়েকে </W><W> বাইরে </W><W> এনে </W><W> তাঁর </W><W> স্বামীকেও </W><W> বার </W><W> করে </W><W> আনা </W><W> হয়। </W><W> কিন্তু </W><W> রামুবাবুরাও </W><W> যে </W><W> ভিতরে </W><W> রয়েছেন, </W><W> সেটা </W><W> কেউ </W><W> খেয়াল </W><W> করেননি। </W><W> যখন </W><W> তাঁদের </W><W> কথা </W><W> মনে </W><W> পড়ে, </W><W> তখন </W><W> আর </W><W> কিছুই </W><W> করার </W><W> ছিল </W><W> না। </W><W> সামান্য </W><W> সময়ের </W><W> মধ্যেই </W><AFTER_EFFECTS-ARG ID="27"><W> ঘরগুলি </W><W> দাউদাউ </W><W> করে </W><W> জ্বলতে </W><W> শুরু </W><W> করে। </W></AFTER_EFFECTS-ARG><W> অার </W><W> ভিতরে </W><W> যাওয়ার </W><W> উপায় </W><W> ছিল </W><W> না। </W><W> একই </W><W> অবস্থা </W><W> হয় </W><W> দমকল </W><W> ও </W><W> পুলিশের। </W><W> তারাও </W><W> প্রথমে </W><W> কিছুক্ষণ </W><W> এগোতে </W><W> পারেনি। </W></P><P><W> যেখানে </W><W> ওই </W><W> ঘরগুলি </W><W> ছিল, </W><W> সেখানে </W><W> বুধবার </W><W> সকালেও </W><W> ছিল </W><W> পোড়া </W><W> কটু </W><W> গন্ধ। </W><W> ছড়িয়ে-ছিটিয়ে </W><W> রয়েছে </W><W> পোড়া </W><W> লেপ, </W><W> তোষক, </W><W> অন্যান্য </W><W> টুকিটাকি। </W><W> পুলিশ </W><W> জানিয়েছে, </W><AFTER_EFFECTS-ARG ID="29"><W> ওই </W><W> ঘরের </W><W> আধপোড়া </W><W> খাটের </W><W> উপরে </W><W> পাওয়া </W><W> যায় </W><W> রামুবাবু </W><W> ও </W><W> তাঁর </W><W> ছেলের </W><W> দেহ। </W></AFTER_EFFECTS-ARG><AFTER_EFFECTS-ARG ID="30"><W> মানুদেবী </W><W> ও </W><W> পিঙ্কির </W><W> দেহ </W><W> পাওয়া </W><W> যায় </W><W> ঘরের </W><W> মেঝের </W><W> উপরে। </W></AFTER_EFFECTS-ARG></P></DOCUMENT>