<?xml version="1.0" encoding="UTF-8"?>
<DOCUMENT><P><TIME-ARG ID="0"><LINK EVENT_ARG="39" ID="55" TYPE_REL="EVENT_ARG"/><TIME-ARG ID="56"><LINK EVENT_ARG="32" ID="57" TYPE_REL="EVENT_ARG"/><W> ২৫ </W><W> আষাঢ় </W><W> ১৪০৯ </W><W> বুধবার </W><W> ১০ </W><W> জুলাই </W><W> ২০০২ </W></TIME-ARG></TIME-ARG></P><P><W> সংক্ষেপে.. </W><W> যুবকের </W><W> দেহ </W><W> উদ্ধার </W><W> নিজস্ব </W><W> সংবাদদাতা </W><W> কলকাতা </W><W> মঙ্গলবার </W><W> সকালে </W><W> ভাঙরের </W><W> পাটকেলপোতা </W><W> এলাকায় </W><W> এক </W><W> যুবকের </W><W> মৃতদেহ </W><W> পাওয়া </W><W> যায়। </W><W> পুলিশ </W><W> জানায়, </W><W> তার </W><W> নাম </W><W> আজেদ </W><W> মোল্লা </W><W> (২৫)। </W><W> তার </W><W> মাথায় </W><W> আঘাতের </W><W> চিহ্ন </W><W> পাওয়া </W><W> গিয়েছে। </W><W> আজেদের </W><W> নামে </W><W> চুরি, </W><W> ডাকাতির </W><W> একাধিক </W><W> অভিযোগ </W><W> ছিল। </W><W> বার </W><W> কয়েক </W><W> সে </W><W> জেলও </W><W> খেটেছে। </W><W> মে </W><W> মাসে </W><W> সে </W><W> জামিন </W><W> পেয়ে </W><W> জেল </W><W> থেকে </W><W> বেরিয়েছিল। </W><W> তাকে </W><W> খুন </W><W> করার </W><W> অভিযোগে </W><W> পুলিশ </W><W> এলাকার </W><W> কয়েকজন </W><W> সমাজবিরোধীকে </W><W> খুঁজছে। </W><W> কিন্তু </W><W> রাত </W><W> পর্যন্ত </W><W> কাউকেই </W><W> ধরা </W><W> যায়নি। </W><W> পুলিশের </W><W> কাছে </W><W> আজেদের </W><W> পরিবারের </W><W> লোকেরা </W><W> জানিয়েছেন, </W><W> সোমবার </W><W> রাতে </W><W> সে </W><W> একটি </W><W> লালজামা </W><W> এবং </W><W> লুঙি </W><W> পরে </W><W> বাড়ি </W><W> থেকে </W><W> বেরিয়ে </W><W> আর </W><W> ফেরেনি। </W><W> মঙ্গলবার </W><W> সকালে </W><W> বাড়ি </W><W> থেকে </W><W> প্রায় </W><W> দেড় </W><W> কিলোমিটার </W><W> দূরে </W><W> একটি </W><W> ফাঁকা </W><W> মাঠে </W><W> তার </W><W> মৃতদেহ </W><W> দেখতে </W><W> পেয়ে </W><W> গ্রামবাসীরা </W><W> পুলিশে </W><W> খবর </W><W> দেন। </W><W> পুলিশ </W><W> গিয়ে </W><W> তার </W><W> মৃতদেহ </W><W> উদ্ধার </W><W> করে </W><W> ময়না-তদন্তের </W><W> জন্য </W><W> পাঠায়। </W></P><P><W> অস্ত্র-সহ </W><W> ধৃত </W><W> ২ </W></P><P><W> নিজস্ব </W><W> সংবাদদাতা, </W><W> শিলিগুড়ি: </W><W> মঙ্গলবার </W><W> সকালে </W><W> অত্যাধুনিক </W><W> পাইপগান-সহ </W><W> দুই </W><W> ব্যক্তিকে </W><W> গ্রেফতার </W><W> করেছে </W><W> পুলিশ। </W><W> মাটিগাড়ার </W><W> উত্তরবঙ্গ </W><W> বিশ্ববিদ্যালয়ের </W><W> ১ </W><W> নম্বর </W><W> গেট </W><W> থেকে </W><W> তাদের </W><W> ধরা </W><W> হয়। </W><W> পুলিশ </W><W> জানায়, </W><W> ধৃতদের </W><W> নাম </W><W> কালু </W><W> সিংহ </W><W> ও </W><W> টনেশ </W><W> সিংহ। </W><W> কালুর </W><W> বাড়ি </W><W> মাটিগাড়ায় </W><W> এবং </W><W> টনেশের </W><W> বাড়ি </W><W> নকশালবাড়িতে। </W><W> কালুর </W><W> কাছ </W><W> থেকে </W><W> পাইপগানটি </W><W> পাওয়া </W><W> গিয়েছে। </W><W> ধৃতরা </W><W> বেআইনি </W><W> অস্ত্রের </W><W> কারবারের </W><W> সঙ্গে </W><W> যুক্ত </W><W> বলে </W><W> পুলিশ </W><W> জানায়। </W><W> উল্লেখ্য, </W><W> সোমবার </W><W> শিলিগুড়িতে </W><W> রাজ্য </W><W> গোয়েন্দা </W><W> দফতর </W><W> ময়নাগুড়ির </W><W> দুই </W><W> যুবককে </W><W> একটি </W><W> বিদেশি </W><W> রিভলভার </W><W> সমেত </W><W> গ্রেফতার </W><W> করে। </W></P><P><W> চিকিৎসককে </W><W> হুমকি </W></P><P><W> নিজস্ব </W><W> সংবাদদাতা, </W><W> আসানসোল: </W><W> পাঁচ </W><W> লক্ষ </W><W> টাকা </W><W> দাবি </W><W> করে </W><W> ফোনে </W><W> ক্রমাগত </W><W> অপহরণের </W><W> হুমকি </W><W> দেওয়া </W><W> হচ্ছে </W><W> দুর্গাপুরের </W><W> অবসরপ্রাপ্ত </W><W> এক </W><W> চিকিৎসককে। </W><W> ফলে </W><W> সন্ধের </W><W> পর </W><W> থেকে </W><W> ওই </W><W> পরিবারের </W><W> সদস্যদের </W><W> বাড়ির </W><W> বাইরে </W><W> বের </W><W> হওয়া </W><W> বন্ধ </W><W> হয়ে </W><W> গিয়েছে। </W><W> ওই </W><W> চিকিৎসক </W><W> সমস্ত </W><W> ঘটনা </W><W> পুলিশে </W><W> জানানো </W><W> সত্ত্বেও </W><W> এখনও </W><W> দুষ্কৃতীরা </W><W> কেউই </W><W> ধরা </W><W> পড়েনি। </W><W> গোটা </W><W> ঘটনা </W><W> খতিয়ে </W><W> দেখার </W><W> ওই </W><W> চিকিৎসকের </W><W> বাড়িতে </W><W> কড়া </W><W> নজর </W><W> রাখা </W><W> হচ্ছে </W><W> বলে </W><W> পুলিশ </W><W> জানিয়েছে। </W></P><P><W> ক্ষমা </W><W> চাইল </W><W> এসএফআই </W></P><P><W> নিজস্ব </W><W> সংবাদদাতা, </W><W> বহরমপুর: </W><W> ভগবানগোলা </W><W> গার্লস </W><W> হাইস্কুলের </W><W> প্রধান </W><W> শিক্ষিকার </W><W> কাছে </W><W> ক্ষমা </W><W> চাইলেন </W><W> এস </W><W> এফ </W><W> আইয়ের </W><W> ৮ </W><W> নেতা। </W><W> আরও </W><W> ছাত্রী </W><W> ভর্তির </W><W> দাবিতে </W><W> গত </W><W> বৃহস্পতিবার </W><W> এস </W><W> এফ </W><W> আইয়ের </W><W> হাতে </W><W> নিগৃহীত </W><W> হন </W><W> প্রধান </W><W> শিক্ষিকা-সহ </W><W> অন্য </W><W> শিক্ষিকারা। </W><W> মঙ্গলবার </W><W> স্কুলে </W><W> গিয়ে </W><W> এস </W><W> এফ </W><W> আইয়ের </W><W> নেতারা </W><W> বলেন, </W><W> ‘‘ওই </W><W> ঘটনার </W><W> জন্য </W><W> আমরা </W><W> অনুতপ্ত </W><W> ও </W><W> ক্ষমাপ্রার্থী।’’ </W><W> এ </W><W> বি </W><W> টি </W><W> এ-র </W><W> রাজ্য </W><W> নেতা </W><W> জার্জিস </W><W> হোসেন </W><W> ও </W><W> জোনাল </W><W> কমিটির </W><W> সম্পাদক </W><W> সুসেন </W><W> সরকার </W><W> শিক্ষিকাদের </W><W> কাছে </W><W> দুঃখপ্রকাশ </W><W> করেন। </W></P><P><W> বাসে </W><PARTICIPANT-ARG ID="1"><LINK EVENT_ARG="39" ID="51" TYPE_REL="EVENT_ARG"/><W> ডাকাতের </W></PARTICIPANT-ARG><MAN_MADE_EVENT ID="39" TYPE="TERRORIST_ATTACK"><W> গুলি, </W></MAN_MADE_EVENT><CASUALTIES-ARG ID="3"><LINK EVENT_ARG="39" ID="50" TYPE_REL="EVENT_ARG"/><W> চালক </W><W> হত </W></CASUALTIES-ARG></P><P><W> নিজস্ব </W><W> সংবাদদাতা, </W><W> বহরমপুর: </W><W> যাত্রী-বোঝাই </W><W> একটি </W><W> চলন্ত </W><W> বাস </W><W> লক্ষ </W><W> করে </W><PARTICIPANT-ARG ID="4"><LINK EVENT_ARG="40" ID="48" TYPE_REL="EVENT_ARG"/><W> ডাকাতেরা </W></PARTICIPANT-ARG><MAN_MADE_EVENT ID="40" TYPE="TERRORIST_ATTACK"><EVENT-COREF-LINK EVENT_ID="39" ID="54" TYPE_REL="EVENT_COREF"/><W> বোমা </W><W> ও </W><W> গুলি </W><W> চালালে </W></MAN_MADE_EVENT><W> বাসের </W><W> ভিতরেই </W><CASUALTIES-ARG ID="7"><LINK EVENT_ARG="40" ID="49" TYPE_REL="EVENT_ARG"/><W> চালকের </W><W> মৃত্যু </W></CASUALTIES-ARG><W> হয়েছে। </W><W> পুলিশ </W><W> জানায়, </W><W> তাঁর </W><W> নাম </W><W> সনাতন </W><W> দেব </W><W> (৪০)। </W><TIME-ARG ID="8"><LINK EVENT_ARG="41" ID="47" TYPE_REL="EVENT_ARG"/><W> মঙ্গলবার </W><W> ভোরে </W></TIME-ARG><MAN_MADE_EVENT ID="41" TYPE="TERRORIST_ATTACK"><EVENT-COREF-LINK EVENT_ID="40" ID="53" TYPE_REL="EVENT_COREF"/><W> ঘটনাটি </W><W> ঘটেছে </W></MAN_MADE_EVENT><PLACE-ARG ID="10"><LINK EVENT_ARG="41" ID="46" TYPE_REL="EVENT_ARG"/><W> নওদা </W><W> থানার </W><W> বেলডাঙা-নওদা </W><W> রাজ্য </W><W> সড়কে। </W></PLACE-ARG><PARTICIPANT-ARG ID="11"><LINK EVENT_ARG="42" ID="45" TYPE_REL="EVENT_ARG"/><W> ডাকাতদের </W></PARTICIPANT-ARG><MAN_MADE_EVENT ID="42" TYPE="TERRORIST_ATTACK"><EVENT-COREF-LINK EVENT_ID="41" ID="52" TYPE_REL="EVENT_COREF"/><W> বোমা </W><W> ও </W><W> গুলির </W><W> আঘাতে </W></MAN_MADE_EVENT><W> বাসের </W><CASUALTIES-ARG ID="14"><LINK EVENT_ARG="42" ID="44" TYPE_REL="EVENT_ARG"/><W> ১৮ </W><W> জন </W><W> যাত্রী </W><W> আহত </W></CASUALTIES-ARG><W> হয়েছেন। </W><AFTER_EFFECTS-ARG ID="15"><LINK EVENT_ARG="42" ID="43" TYPE_REL="EVENT_ARG"/><W> তাঁদের </W><W> নওদা </W><W> ব্লক </W><W> হাসপাতাল </W><W> ও </W><W> বহরমপুর </W><W> এন </W><W> জি </W><W> হাসপাতালে </W><W> ভর্তি </W><W> করানো </W><W> হয়েছে। </W></AFTER_EFFECTS-ARG></P><P><TYPE-ARG ID="31"><LINK EVENT_ARG="32" ID="39" TYPE_REL="EVENT_ARG"/><W> ম্যালিগন্যান্ট </W></TYPE-ARG><NATURAL_EVENT ID="32" TYPE="EPIDEMIC"><W> ম্যালেরিয়ায় </W></NATURAL_EVENT><CASUALTIES-ARG ID="33"><LINK EVENT_ARG="32" ID="40" TYPE_REL="EVENT_ARG"/><W> মৃত্যু </W><W> সাংবাদিকের </W></CASUALTIES-ARG></P><P><W> নিজস্ব </W><W> সংবাদদাতা, </W><W> আসানসোল: </W><TYPE-ARG ID="34"><LINK EVENT_ARG="35" ID="41" TYPE_REL="EVENT_ARG"/><W> ম্যালিগন্যান্ট </W></TYPE-ARG><NATURAL_EVENT ID="35" TYPE="EPIDEMIC"><EVENT-COREF-LINK EVENT_ID="32" ID="45" TYPE_REL="EVENT_COREF"/><W> ম্যালেরিয়ায় </W></NATURAL_EVENT><CASUALTIES-ARG ID="36"><LINK EVENT_ARG="35" ID="42" TYPE_REL="EVENT_ARG"/><W> মৃত্যু </W><W> হল </W><W> ‘দ্য </W><W> টেলিগ্রাফ’ </W><W> পত্রিকার </W><W> আসানসোলের </W><W> সংবাদদাতা </W><W> সংযুক্তা </W><W> দুবে </W><W> (৩০)-র। </W></CASUALTIES-ARG><W> ১৯ </W><W> জুন </W><W> তিনি </W><W> অসুস্থ </W><W> হয়ে </W><W> পড়েন। </W><W> এখানে </W><W> রোগ </W><W> নির্ণয় </W><W> না-হওয়ায় </W><W> তাঁকে </W><W> ২৭ </W><W> জুন </W><W> কলকাতার </W><W> নার্সিংহোমে </W><W> ভর্তি </W><W> করানো </W><W> হয়। </W><W> সেখানেই </W><TIME-ARG ID="37"><LINK EVENT_ARG="35" ID="43" TYPE_REL="EVENT_ARG"/><W> সোমবার </W></TIME-ARG><CASUALTIES-ARG ID="38"><LINK EVENT_ARG="35" ID="44" TYPE_REL="EVENT_ARG"/><W> তাঁর </W><W> মত্যু </W><W> হয়। </W></CASUALTIES-ARG><W> সংযুক্তার </W><W> একটি </W><W> শিশুকন্যা </W><W> আছে। </W></P><P><W> বাঁদরের </W><W> কামড়ে </W><W> কিশোরী </W><W> জখম </W></P><P><W> স্টাফ </W><W> রিপোর্টার, </W><W> কলকাতা: </W><W> বাঁদরের </W><W> কামড়ে </W><W> লিলুয়ায় </W><W> এক </W><W> কিশোরী </W><W> জখম </W><W> হয়েছে। </W><W> তাকে </W><W> ভর্তি </W><W> করানো </W><W> হয়েছে </W><W> হাওড়া </W><W> স্টেট </W><W> জেনারেল </W><W> হাসপাতালে। </W><W> পুলিশ </W><W> জানায়, </W><W> ওই </W><W> কিশোরীর </W><W> নাম </W><W> মৌমিতা </W><W> ধাড়া। </W><W> কিছু </W><W> দিন </W><W> ধরেই </W><W> চামরাইল </W><W> গ্রামে </W><W> বাঁদরের </W><W> উৎপাতে </W><W> বাসিন্দারা </W><W> অতিষ্ঠ। </W><W> সোমবার </W><W> ওই </W><W> গ্রামে </W><W> তিন </W><W> জনকে </W><W> বাঁদরে </W><W> কামড়ায়। </W></P></DOCUMENT>