<?xml version="1.0" encoding="UTF-8"?>
<DOCUMENT><P><TIME-ARG ID="0"><LINK EVENT_ARG="16" ID="17" TYPE_REL="EVENT_ARG"/><W> ১ </W><W> মাঘ </W><W> ১৪০৮ </W><W> মঙ্গলবার </W><W> ১৫ </W><W> জানুয়ারি </W><W> ২০০২ </W></TIME-ARG></P><P><W> টুকরো </W><W> খবর </W><W> নিজস্ব </W><W> সংবাদদাতা </W></P><P><W> স্ত্রীর </W><W> সামনেই </W><CASUALTIES-ARG ID="1"><LINK EVENT_ARG="16" ID="21" TYPE_REL="EVENT_ARG"/><W> স্বামীকে </W><W> খুন </W></CASUALTIES-ARG></P><P><W> ক্যানিং: </W><TIME-ARG ID="2"><LINK EVENT_ARG="16" ID="20" TYPE_REL="EVENT_ARG"/><W> রবিবার </W><W> রাতে </W></TIME-ARG><PLACE-ARG ID="3"><LINK EVENT_ARG="16" ID="19" TYPE_REL="EVENT_ARG"/><W> ক্যানিংয়ের </W><W> ১ </W><W> নম্বর </W><W> দিঘিরপাড় </W><W> এলাকায় </W></PLACE-ARG><W> স্ত্রীর </W><W> সামনে </W><MAN_MADE_EVENT ID="16" TYPE="SHOOT_OUT"><W> গুলি </W><W> করে </W></MAN_MADE_EVENT><CASUALTIES-ARG ID="4"><LINK EVENT_ARG="16" ID="18" TYPE_REL="EVENT_ARG"/><W> স্বামীকে </W><W> খুন </W></CASUALTIES-ARG><W> করা </W><W> হয়েছে। </W><W> নিহতের </W><W> নাম </W><W> সুনীল </W><W> মির্ধা </W><W> (২৮)। </W><W> তিনি </W><W> ক্যানিংয়ে </W><W> ব্যবসা </W><W> করতেন। </W><W> ওই </W><W> দিন </W><W> রাতে </W><W> ভাই </W><W> ও </W><W> স্ত্রীকে </W><W> নিয়ে </W><W> তিনি </W><W> সিনেমা </W><W> দেখতে </W><W> গিয়েছিলেন। </W><W> ফেরার </W><W> পথে </W><W> ভাই </W><W> এগিয়ে </W><W> যান। </W><W> সুনীলবাবু </W><W> স্ত্রীকে </W><W> সাইকেলে </W><W> চাপিয়ে </W><W> এগোতেই </W><W> ৩-৪ </W><W> জন </W><W> যুবক </W><W> তাঁদের </W><W> পথ </W><W> আটকায়। </W><PARTICIPANT-ARG ID="12"><LINK EVENT_ARG="22" ID="23" TYPE_REL="EVENT_ARG"/><W> দুষ্কৃতীদের </W><W> এক </W><W> জন </W></PARTICIPANT-ARG><W> সুনীলবাবুকে </W><W> লক্ষ </W><W> করে </W><W> পর </W><W> পর </W><MAN_MADE_EVENT ID="22" TYPE="SHOOT_OUT"><EVENT-COREF-LINK EVENT_ID="16" ID="25" TYPE_REL="EVENT_COREF"/><W> গুলি </W><W> চালায়। </W></MAN_MADE_EVENT><CASUALTIES-ARG ID="15"><LINK EVENT_ARG="22" ID="24" TYPE_REL="EVENT_ARG"/><W> ঘটনাস্থলেই </W><W> তাঁর </W><W> মৃত্যু </W></CASUALTIES-ARG><W> হয়। </W><W> কালীপুজোর </W><W> সময় </W><W> পাড়ায় </W><W> বাজি </W><W> ফাটানো </W><W> নিয়ে </W><W> কয়েক </W><W> জনের </W><W> সঙ্গে </W><W> তাঁর </W><W> তুমুল </W><W> ঝগড়া </W><W> হয়। </W><W> ওই </W><W> ঘটনার </W><W> বদলা </W><W> নিতেই </W><W> সুনীলবাবুকে </W><W> খুন </W><W> করা </W><W> হয় </W><W> বলে </W><W> প্রাথমিক </W><W> তদন্তে </W><W> পুলিশের </W><W> অনুমান। </W></P><P><W> চাপড়ায় </W><W> ৯টি </W><W> বাড়িতে </W><W> ডাকাতি </W></P><P><W> কৃষ্ণনগর: </W><W> নদিয়ার </W><W> চাপড়ার </W><W> বহিরগাছি </W><W> গ্রামে </W><W> রবিবার </W><W> রাতে </W><W> পর </W><W> পর </W><W> ৯টি </W><W> বাড়িতে </W><W> ডাকাতি </W><W> হয়। </W><W> ডাকাতেরা </W><W> সোনাদানা-সহ </W><W> বাড়ির </W><W> গোয়াল </W><W> থেকে </W><W> গরু, </W><W> মোষ </W><W> নিয়ে </W><W> গিয়েছে। </W><W> ডাকাতরা </W><W> পালানোর </W><W> সময়ে </W><W> বোমা </W><W> ছুড়লে </W><W> এক </W><W> গ্রামবাসী </W><W> জখম </W><W> হন। </W><W> তাঁকে </W><W> শক্তিনগরে </W><W> জেলা </W><W> হাসপাতালে </W><W> ভর্তি </W><W> করা </W><W> হয়েছে। </W><W> এর </W><W> আগের </W><W> রাতেই </W><W> একই </W><W> ভাবে </W><W> পাশের </W><W> পলিয়ানপুর, </W><W> লক্ষ্মীপুর </W><W> ও </W><W> চড়ুইঢিপি </W><W> গ্রামে </W><W> বেশ </W><W> কয়েকটি </W><W> বাড়িতে </W><W> ডাকাতি </W><W> হয়। </W><W> ডাকাতদের </W><W> বাধা </W><W> দিতে </W><W> গিয়ে </W><W> কয়েক </W><W> জন </W><W> জখম </W><W> হন। </W><W> গ্রামবাসীদের </W><W> অভিযোগ, </W><W> পুলিশের </W><W> নাকের </W><W> ডগায় </W><W> ডাকাতি </W><W> হলেও </W><W> পুলিশ </W><W> ধরতে </W><W> পারছে </W><W> না। </W></P></DOCUMENT>