<?xml version="1.0" encoding="UTF-8"?>
<DOCUMENT><P><TIME-ARG ID="1"><LINK EVENT_ARG="3" ID="5" TYPE_REL="EVENT_ARG"/><W> ১৯ </W><W> পৌষ </W><W> ১৪০৮ </W><W> শুক্রবার </W><W> ৪ </W><W> জানুয়ারি </W><W> ২০০২ </W></TIME-ARG></P><P><PARTICIPANT-ARG ID="2"><LINK EVENT_ARG="3" ID="4" TYPE_REL="EVENT_ARG"/><W> ছাত্র-পুলিশ </W></PARTICIPANT-ARG><MAN_MADE_EVENT ID="3" TYPE="ARMED_CONFLICTS"><W> সংঘর্ষ </W></MAN_MADE_EVENT><W> সিউড়ি </W><W> বি </W><W> ই </W><W> কলেজে </W><W> নিজস্ব </W><W> সংবাদদাতা </W><PLACE-ARG ID="6"><LINK EVENT_ARG="9" ID="12" TYPE_REL="EVENT_ARG"/><W> সিউড়ি </W><W> সিউড়ি </W><W> বি </W><W> ই </W><W> কলেজ </W></PLACE-ARG><TIME-ARG ID="7"><LINK EVENT_ARG="9" ID="13" TYPE_REL="EVENT_ARG"/><W> বৃহস্পতিবার </W></TIME-ARG><W> রণক্ষেত্রের </W><W> চেহারা </W><W> নেয়। </W><PARTICIPANT-ARG ID="8"><LINK EVENT_ARG="9" ID="11" TYPE_REL="EVENT_ARG"/><W> ছাত্র-পুলিশ </W></PARTICIPANT-ARG><MAN_MADE_EVENT ID="9" TYPE="ARMED_CONFLICTS"><EVENT-COREF-LINK EVENT_ID="3" ID="10" TYPE_REL="EVENT_COREF"/><W> সংঘর্ষে </W></MAN_MADE_EVENT><CASUALTIES-ARG ID="35"><LINK EVENT_ARG="9" ID="36" TYPE_REL="EVENT_ARG"/><W> আহত </W><W> হয়েছেন </W><W> এক </W><W> ছাত্র </W><W> সহ </W><W> ছয় </W><W> পুলিশ </W><W> কর্মী। </W></CASUALTIES-ARG><REASON-ARG ID="16"><LINK EVENT_ARG="37" ID="44" TYPE_REL="EVENT_ARG"/><W> পরীক্ষা </W><W> হলে </W><W> নজরদারি </W><W> কমানোর </W><W> দাবিতে </W></REASON-ARG><PARTICIPANT-ARG ID="21"><LINK EVENT_ARG="37" ID="45" TYPE_REL="EVENT_ARG"/><W> বিক্ষোভকারীরা </W></PARTICIPANT-ARG><W> কলেজের </W><W> ডিরেক্টরের </W><W> অফিসে </W><MAN_MADE_EVENT ID="37" TYPE="RIOTS"><ASSOCIATED-EVENT-LINK EVENT_ID="9" ID="47" TYPE_REL="ASSOCIATED_EVENT"/><W> ভাঙচুর </W><W> চালায়। </W></MAN_MADE_EVENT><W> কলেজ </W><W> চত্বরে </W><W> পুলিশ </W><W> ঢুকলে </W><PARTICIPANT-ARG ID="23"><LINK EVENT_ARG="38" ID="46" TYPE_REL="EVENT_ARG"/><W> ছাত্ররা </W></PARTICIPANT-ARG><W> তাদের </W><W> লক্ষ </W><W> করে </W><MAN_MADE_EVENT ID="38" TYPE="RIOTS"><EVENT-COREF-LINK EVENT_ID="37" ID="42" TYPE_REL="EVENT_COREF"/><W> ইট </W><W> ছোড়ে। </W></MAN_MADE_EVENT><AFTER_EFFECTS-ARG ID="34"><LINK EVENT_ARG="38" ID="43" TYPE_REL="EVENT_ARG"/><W> পুলিশকে </W><W> লাঠিচার্জ </W><W> করতে </W><W> হয়। </W></AFTER_EFFECTS-ARG><W> কলেজের </W><W> তরফে </W><W> জানানো </W><W> হয়, </W><W> এই </W><W> দিন </W><W> দুপুরে </W><W> প্রথম </W><W> বর্ষের </W><W> ইঞ্জিনিয়ারিং </W><W> ফিজিক্স </W><W> পরীক্ষা </W><W> ছিল। </W><W> এক </W><W> ছাত্র </W><W> নকল </W><W> করতে </W><W> গিয়ে </W><W> ধরা </W><W> পড়ে। </W><W> পরীক্ষার </W><W> পর </W><W> ওই </W><W> ছাত্রের </W><W> নেতৃত্বে </W><W> প্রায় </W><W> ৫০ </W><W> জন </W><W> ছাত্র </W><W> পরীক্ষা </W><W> হলে </W><W> নজরদারির </W><W> কড়াকড়ি </W><W> বন্ধের </W><W> দাবিতে </W><W> তাঁর </W><W> অফিসের </W><W> ভিতরেই </W><W> বিক্ষোভ </W><W> দেখাতে </W><W> থাকে। </W><W> অতিরিক্ত </W><W> পুলিশ </W><W> সুপার </W><W> মনোজ </W><W> বর্মা </W><W> বড় </W><W> বাহিনী </W><W> নিয়ে </W><W> কলেজের </W><W> মধ্যে </W><W> ঢুকে </W><W> উত্তেজিত </W><W> ছাত্রদের </W><W> বোঝাতে </W><W> চেষ্টা </W><W> করেন। </W><W> কিন্তু </W><PARTICIPANT-ARG ID="30"><LINK EVENT_ARG="31" ID="34" TYPE_REL="EVENT_ARG"/><W> ছাত্ররা </W></PARTICIPANT-ARG><MAN_MADE_EVENT ID="31" TYPE="RIOTS"><EVENT-COREF-LINK EVENT_ID="38" ID="41" TYPE_REL="EVENT_COREF"/><W> পাথর </W><W> ছুড়লে </W></MAN_MADE_EVENT><AFTER_EFFECTS-ARG ID="39"><LINK EVENT_ARG="31" ID="40" TYPE_REL="EVENT_ARG"/><W> পুলিশ </W><W> তখন </W><W> লাঠি </W><W> চার্জ </W><W> করে। </W></AFTER_EFFECTS-ARG></P></DOCUMENT>