<?xml version="1.0" encoding="UTF-8"?>
<DOCUMENT><P><TIME-ARG ID="0"><LINK EVENT_ARG="33" ID="46" TYPE_REL="EVENT_ARG"/><TIME-ARG ID="82"><LINK EVENT_ARG="49" ID="83" TYPE_REL="EVENT_ARG"/><TIME-ARG ID="84"><LINK EVENT_ARG="35" ID="85" TYPE_REL="EVENT_ARG"/><W> ২২ </W><W> শ্রাবণ </W><W> ১৪০৯ </W><W> বুধবার </W><W> ৭ </W><W> অগস্ট </W><W> ২০০২ </W></TIME-ARG></TIME-ARG></TIME-ARG></P><P><W> সংক্ষেপে.. </W><W> বাগডোগরায় </W><W> আটক </W><W> এক </W><W> নিজস্ব </W><W> সংবাদদাতা </W><W> শিলিগুড়ি </W><W> বাগডোগরা </W><W> বিমানবন্দরের </W><W> সংরক্ষিত </W><W> এলাকায় </W><W> সন্দেহজনক </W><W> ভাবে </W><W> ঘোরাফেরার </W><W> জন্য </W><W> মঙ্গলবার </W><W> বিকালে </W><W> এক </W><W> ব্যক্তিকে </W><W> আটক </W><W> করে </W><W> পুলিশের </W><W> হাতে </W><W> তুলে </W><W> দিয়েছে </W><W> কেন্দ্রীয় </W><W> শিল্প </W><W> নিরাপত্তা </W><W> বাহিনী। </W><W> ওই </W><W> ব্যক্তির </W><W> নাম </W><W> জে </W><W> পি </W><W> চামোলা। </W><W> পঞ্চাশোর্ধ </W><W> ওই </W><W> ব্যক্তি </W><W> এ </W><W> দিন </W><W> বেলা </W><W> ১টা </W><W> নাগাদ </W><W> সংরক্ষিত </W><W> এলাকায় </W><W> ঢুকে </W><W> পড়লে </W><W> নিরাপত্তা </W><W> রক্ষীদের </W><W> সন্দেহ </W><W> হয়। </W><W> জেরার </W><W> মুখে </W><W> ওই </W><W> ব্যক্তি </W><W> প্রথমে </W><W> নিজেকে </W><W> কেন্দ্রীয় </W><W> গোয়েন্দা </W><W> সংস্থার </W><W> প্রতিনিধি </W><W> বলে </W><W> দাবি </W><W> করেন। </W><W> বাহিনীর </W><W> অফিসারেরা </W><W> তাঁকে </W><W> জেরা </W><W> করলে </W><W> তিনি </W><W> কেন্দ্রীয় </W><W> সরকারি </W><W> সংস্থার </W><W> ইঞ্জিনিয়ার </W><W> বলে </W><W> পরিচয় </W><W> দেন। </W><W> অসংলগ্ন </W><W> কথাবার্তা </W><W> শোনার </W><W> পরে </W><W> তাঁকে </W><W> বাগডোগরা </W><W> থানার </W><W> হাতে </W><W> তুলে </W><W> দেন </W><W> বিমানবন্দরের </W><W> নিরাপত্তা </W><W> অফিসারেরা। </W><W> প্রাথমিক </W><W> তদন্তে </W><W> থানার </W><W> কয়েক </W><W> জন </W><W> অফিসারের </W><W> অনুমান, </W><W> ওই </W><W> ব্যক্তি </W><W> মানসিক </W><W> ভাবে </W><W> সুস্থ </W><W> নন। </W><W> তাঁকে </W><W> হাসপাতালে </W><W> পাঠানো </W><W> হয়েছে। </W></P><P><W> রিকশাচালককে </W><W> বাঁচাতে </W><W> গিয়ে </W><W> খুন </W><W> আরোহী </W></P><P><W> নিজস্ব </W><W> সংবাদদাতা, </W><W> বর্ধমান: </W><W> রিকশাচালককে </W><W> বাঁচাতে </W><W> গিয়ে </W><W> দুষ্কৃতীর </W><W> ধারালো </W><W> অস্ত্রের </W><W> আঘাতে </W><W> মৃত্যু </W><W> হয়েছে </W><W> রিকশার </W><W> আরোহীর। </W><W> নিহতের </W><W> নাম </W><W> সুবোধ </W><W> রাজোয়ার </W><W> (৪০)। </W><W> অস্ত্রের </W><W> আঘাতে </W><W> গুরুতর </W><W> জখম </W><W> রিকশাচালক </W><W> শ্রীমনি </W><W> চৌধুরীকে </W><W> কাটোয়া </W><W> হাসপাতালে </W><W> ভর্তি </W><W> করানো </W><W> হয়েছে। </W><W> কাটোয়ার </W><W> এস </W><W> ডি </W><W> পি </W><W> ও </W><W> নিশাদ </W><W> পারভেজ </W><W> জানান, </W><W> পুরনো </W><W> শত্রুতার </W><W> জেরে </W><W> রবিবার </W><W> রাতে </W><W> হাঁদু </W><W> ঘোষ </W><W> নামে </W><W> এক </W><W> ব্যক্তি </W><W> কাটোয়ার </W><W> গাজিপুর </W><W> এলাকায় </W><W> ধারালো </W><W> অস্ত্র </W><W> নিয়ে </W><W> ওই </W><W> রিকশাচালকের </W><W> উপর </W><W> হামলা </W><W> চালায়। </W><W> সেই </W><W> সময় </W><W> ওই </W><W> রিকশার </W><W> যাত্রী </W><W> সুবোধবাবু </W><W> তাঁকে </W><W> বাঁচাতে </W><W> যান। </W><W> তখন </W><W> ওই </W><W> হামলাকারী </W><W> সুবোধবাবুকেই </W><W> কুপিয়ে </W><W> দেয়। </W><W> ঘটনাস্থলেই </W><W> তাঁর </W><W> মৃত্যু </W><W> হয়। </W><W> ঘটনার </W><W> পর </W><W> হাঁদু </W><W> পালিয়ে </W><W> যায়। </W><W> জেলার </W><W> পুলিশ </W><W> সুপার </W><W> জানান, </W><W> কেন </W><W> এই </W><W> হামলার </W><W> ঘটনা </W><W> ঘটল </W><W> তা </W><W> নিয়ে </W><W> তদন্ত </W><W> চলছে। </W><W> কাটোয়া </W><W> থানা </W><W> সূত্রে </W><W> জানা </W><W> গিয়েছে, </W><W> পুরনো </W><W> শত্রুতার </W><W> জেরেই </W><W> এই </W><W> ঘটনা </W><W> ঘটেছে। </W></P><P><W> মদের </W><W> দোকানের </W><W> বিরুদ্ধে </W><W> আন্দোলন </W></P><P><W> নিজস্ব </W><W> সংবাদদাতা, </W><W> কোচবিহার: </W><W> গ্রামে </W><W> দেশি </W><W> মদের </W><W> দোকান </W><W> তৈরির </W><W> সরকারি </W><W> সিদ্ধান্তের </W><W> প্রতিবাদে </W><W> আন্দোলনে </W><W> নেমেছেন </W><W> কোচবিহারের </W><W> সাতমাইল </W><W> এলাকার </W><W> বাসিন্দারা। </W><W> রীতিমতো </W><W> সর্বদলীয় </W><W> নাগরিক </W><W> কমিটি </W><W> গঠন </W><W> করে </W><W> প্রতিদিন </W><W> মিছিল, </W><W> পথসভা </W><W> করছেন </W><W> তাঁরা। </W><W> গ্রামবাসীদের </W><W> অভিযোগ, </W><W> পুলিশ </W><W> ও </W><W> আবগারি </W><W> দফতরের </W><W> উদাসীনতায় </W><W> এমনিতেই </W><W> সাতমাইল, </W><W> চিলকির </W><W> হাট, </W><W> মকুটাবাড়ি-সহ </W><W> গোটা </W><W> এলাকায় </W><W> বেঅাইনি </W><W> মদের </W><W> ঠেক </W><W> চলছে </W><W> রমরমিয়ে। </W><W> এ </W><W> বার </W><W> সরকারি </W><W> অনুমতি </W><W> নিয়ে </W><W> মদের </W><W> দোকান </W><W> চালু </W><W> হলে </W><W> পরিবেশ </W><W> একেবারেই </W><W> নষ্ট </W><W> হয়ে </W><W> যাবে। </W><W> কোচবিহার-১ </W><W> নম্বর </W><W> ব্লকের </W><W> পঞ্চায়েত </W><W> সমিতির </W><W> সভাপতি </W><W> শর্মিলা </W><W> রায় </W><W> বলেন, </W><W> ‘‘এলাকায় </W><W> মদের </W><W> দোকান </W><W> হলে </W><W> পরিবেশ </W><W> নষ্ট </W><W> হবে। </W><W> এটা </W><W> মেনে </W><W> নেওয়া </W><W> যায় </W><W> না।’’ </W></P><P><W> হাসপাতালে </W><W> আটক </W></P><P><W> নিজস্ব </W><W> সংবাদদাতা, </W><W> জলপাইগুড়ি: </W><W> রোগীদের </W><W> ব্যবহার </W><W> করা </W><W> ইঞ্জেকশনের </W><W> সিরিঞ্জ-সহ </W><W> এক </W><W> ব্যক্তিকে </W><W> মঙ্গলবার </W><W> জলপাইগুড়ি </W><W> সদর </W><W> হাসপাতালে </W><W> আটক </W><W> করা </W><W> হয়েছে। </W><W> হাসপাতালের </W><W> দুই </W><W> চিকিৎসক </W><W> ও </W><W> রোগীদের </W><W> কয়েক </W><W> জন </W><W> আত্মীয় </W><W> এ </W><W> দিন </W><W> বিকালে </W><W> ওই </W><W> ব্যক্তিকে </W><W> আটক </W><W> করেন। </W><W> তার </W><W> কাছ </W><W> থেকে </W><W> সিরিঞ্জ, </W><W> স্যালাইনের </W><W> নল, </W><W> সূচ, </W><W> ইউরিন্যাল </W><W> ব্যাগ </W><W> প্রভৃতি </W><W> পাওয়া </W><W> গিয়েছে। </W><W> স্থানীয় </W><W> লোকজন </W><W> এ </W><W> বিষয়ে </W><W> জেলার </W><W> মুখ্য </W><W> স্বাস্থ্য </W><W> আধিকারিক </W><W> ও </W><W> জেলাশাসকের </W><W> কাছে </W><W> স্মারকলিপি </W><W> দেন। </W><W> মুখ্য </W><W> স্বাস্থ্য </W><W> আধিকারিক </W><W> ভূষণ </W><W> চক্রবর্তী </W><W> জানান, </W><W> ওই </W><W> ব্যক্তি </W><W> এগুলি </W><W> প্লাস্টিকের </W><W> জিনিস </W><W> হিসাবে </W><W> সংগ্রহ </W><W> করত </W><W> বলে </W><W> জানিয়েছে। </W><W> এ </W><W> ব্যাপারে </W><W> তাঁরা </W><W> খোঁজ </W><W> নিচ্ছেন। </W><W> তিনি </W><W> বলেন, </W><W> ‘‘হাসপাতালে </W><W> কোনও </W><W> ভাবেই </W><W> এ </W><W> সব </W><W> জিনিস </W><W> বাইরে </W><W> ফেলে </W><W> রাখা </W><W> যায় </W><W> না। </W><W> এগুলি </W><W> রাখার </W><W> জন্য </W><W> হাসপাতালের </W><W> ভিতরে </W><W> তালা-চাবি </W><W> দেওয়া </W><W> বড় </W><W> বাক্স </W><W> রয়েছে। </W><W> কেন </W><W> এ </W><W> সব </W><W> এ </W><W> ভাবে </W><W> ফেলে </W><W> রাখা </W><W> হয়েছিল </W><W> তা </W><W> তদন্ত </W><W> করে </W><W> দেখা </W><W> হবে।’’ </W><W> সার্জিক্যাল </W><W> ওয়ার্ড-সহ </W><W> তিনটি </W><W> ওয়ার্ডের </W><W> বাইরে </W><W> প্রতিদিনই </W><W> এ </W><W> সব </W><W> জিনিস </W><W> ফেলা </W><W> হয় </W><W> বলে </W><W> অভিযোগ। </W><W> কিছু </W><W> লোক </W><W> এগুলি </W><W> তুলে </W><W> নিয়ে </W><W> যায়। </W><W> পরে </W><W> এই </W><W> সিরিঞ্জ-সহ </W><W> অন্যান্য </W><W> জিনিস </W><W> বিক্রি </W><W> করা </W><W> হয় </W><W> বলে </W><W> বিভিন্ন </W><W> মহলের </W><W> অভিযোগ। </W></P><P><W> পর্ষদ </W><W> অফিসে </W><W> ভাঙচুর </W></P><P><W> নিজস্ব </W><W> সংবাদদাতা, </W><W> বর্ধমান: </W><W> বিকল </W><W> ট্রান্সফর্মার </W><W> সারানোর </W><W> দাবিতে </W><W> মেমারির </W><W> সোনাপট্টির </W><W> কিছু </W><W> মানুষ </W><W> রাজ্য </W><W> বিদ্যুৎ </W><W> পর্ষদের </W><W> সাব </W><W> স্টেশনে </W><W> ঢুকে </W><W> ব্যাপক </W><W> ভাঙচুর </W><W> করেছেন। </W><W> পুলিশ </W><W> জানায়, </W><W> সোমবার </W><W> দুপুরে </W><W> ওই </W><W> ঘটনা </W><W> ঘটার </W><W> পর </W><W> মঙ্গলবার </W><W> দুপুরে </W><W> একই </W><W> এলাকার </W><W> লোকেরা </W><W> মেমারির </W><W> গ্রুপ </W><W> ইলেকট্রিক </W><W> সাপ্লাই </W><W> অফিসে </W><W> ঢুকে </W><W> সেখানকার </W><W> কর্মীদের </W><W> ঘেরাও </W><W> করে </W><W> রাখেন। </W><W> পুলিশ </W><W> গিয়ে </W><W> কর্মীদের </W><W> উদ্ধার </W><W> করে। </W><W> তবে </W><W> সোমবারের </W><W> ঘটনায় </W><W> কাউকে </W><W> গ্রেফতার </W><W> করা </W><W> হয়নি। </W></P><P><W> পর্ষদ </W><W> কর্মীদের </W><W> অভিযোগ, </W><W> সোমবার </W><W> সকালে </W><W> সোনাপট্টির </W><W> ট্রান্সফর্মারটি </W><W> খারাপ </W><W> হয়ে </W><W> যায়। </W><W> বিকেলের </W><W> মধ্যে </W><W> সেটি </W><W> ঠিক </W><W> করে </W><W> দেওয়ার </W><W> প্রতিশ্রুতিও </W><W> দেওয়া </W><W> হয়েছিল। </W><W> কিন্তু </W><W> স্থানীয় </W><W> মানুষের </W><W> দাবি, </W><W> সেখানে </W><W> দু’টি </W><W> ট্রান্সফর্মার </W><W> বসাতে </W><W> হবে। </W><W> পর্ষদ </W><W> কর্মীরা </W><W> নিজেদের </W><W> অক্ষমতা </W><W> জানানো </W><W> সত্ত্বেও </W><W> ভাঙচুর </W><W> করা </W><W> হয়। </W></P><P><W> টেলি-পরিষেবা </W><W> নিয়ে </W><W> ক্ষোভ </W></P><P><W> নিজস্ব </W><W> সংবাদদাতা, </W><W> বাঁকুড়া: </W><W> জেলায় </W><W> টেলি-পরিষেবার </W><W> মান </W><W> খারাপ </W><W> হয়ে </W><W> যাওয়ায় </W><W> ক্ষোভ </W><W> প্রকাশ </W><W> করেছেন </W><W> বাঁকুড়া </W><W> টেলিফোন </W><W> গ্রাহকরা। </W><W> এর </W><W> প্রতিবাদে </W><W> ভারত </W><W> সঞ্চার </W><W> নিগমের </W><W> বিভিন্ন </W><W> অফিসে </W><W> ডেপুটেশনও </W><W> জমা </W><W> পড়ছে। </W><W> খাতড়া </W><W> বণিক </W><W> সভার </W><W> প্রতিনিধিরা </W><W> জানান, </W><W> ‘‘জেলার </W><W> বাইরে </W><W> থেকে </W><W> এস </W><W> টি </W><W> ডি </W><W> কল </W><W> এলে </W><W> তিন-চার </W><W> বার </W><W> কেটে </W><W> যাচ্ছে। </W><W> জেলার </W><W> বাইরে </W><W> টেলিফোন </W><W> করলে </W><W> তাও </W><W> মাঝেমধ্যে </W><W> কেটে </W><W> যাচ্ছে।’’ </W><W> জেলার </W><W> অন্যত্র </W><W> ছবিটা </W><W> একই। </W></P><P><W> বিষ্ণুপুর </W><W> টেলিফোন </W><W> কনজিউমার </W><W> ফোরামের </W><W> সভাপতি </W><W> বাণীব্রত </W><W> মিত্র </W><W> জানিয়েছেন, </W><W> ‘‘কলকাতা </W><W> বা </W><W> দেশের </W><W> অন্য </W><W> প্রান্ত </W><W> থেকে </W><W> আসা </W><W> কলগুলির </W><W> ক্ষেত্রে </W><W> ৪-৫ </W><W> বার </W><W> কেটে </W><W> যাওয়ার </W><W> পর </W><W> কথা </W><W> বলা </W><W> যাচ্ছে। </W><W> এই </W><W> সমস্যা </W><W> চলছে </W><W> দীর্ঘদিন </W><W> ধরেই। </W><W> কর্তৃপক্ষ </W><W> তবু </W><W> কোনও </W><W> ব্যবস্থা </W><W> নেনি।’’ </W><W> সমস্যার </W><W> কথা </W><W> স্বীকার </W><W> করে </W><W> ভারত </W><W> সঞ্চার </W><W> নিগমের </W><W> জেলা </W><W> আধিকারিক </W><W> দেবাশিস </W><W> সরকার </W><W> জানান, </W><W> ‘‘পরিষেবার </W><W> ক্ষেত্রে </W><W> কিছু </W><W> ত্রুটি </W><W> থেকে </W><W> যাচ্ছে </W><W> ঠিকই। </W><W> তবে </W><W> আমরা </W><W> তা </W><W> কাটিয়ে </W><W> ওঠার </W><W> চেষ্টা </W><W> করছি।’’ </W></P><P><PARTICIPANT-ARG ID="20"><LINK EVENT_ARG="33" ID="35" TYPE_REL="EVENT_ARG"/><W> পুলিশের </W><W> গাড়ির </W></PARTICIPANT-ARG><MAN_MADE_EVENT ID="33" TYPE="VEHICULAR_COLLISION"><W> ধাক্কায় </W></MAN_MADE_EVENT><CASUALTIES-ARG ID="22"><LINK EVENT_ARG="33" ID="36" TYPE_REL="EVENT_ARG"/><W> মৃত </W><W> যুবক </W></CASUALTIES-ARG></P><P><W> নিজস্ব </W><W> সংবাদদাতা, </W><W> সিউড়ি: </W><PLACE-ARG ID="23"><LINK EVENT_ARG="34" ID="37" TYPE_REL="EVENT_ARG"/><W> রামপুরহাটের </W><W> সানঘাটা </W><W> পাড়ায় </W></PLACE-ARG><TIME-ARG ID="24"><LINK EVENT_ARG="34" ID="39" TYPE_REL="EVENT_ARG"/><W> মঙ্গলবার </W><W> সকালে </W></TIME-ARG><MAN_MADE_EVENT ID="34" TYPE="VEHICULAR_COLLISION"><EVENT-COREF-LINK EVENT_ID="33" ID="45" TYPE_REL="EVENT_COREF"/><W> পথ </W><W> দুর্ঘটনায় </W></MAN_MADE_EVENT><CASUALTIES-ARG ID="26"><LINK EVENT_ARG="34" ID="38" TYPE_REL="EVENT_ARG"/><W> এক </W><W> সাইকেল </W><W> আরোহীর </W><W> মৃত্যু </W></CASUALTIES-ARG><W> হয়েছে। </W><W> পুলিশ </W><W> জানায়, </W><W> মৃতের </W><W> নাম </W><W> বাবলু </W><W> দাস </W><W> (৩২)। </W><W> তাঁর </W><W> বাড়ি </W><W> রামপুরহাট </W><W> থানার </W><W> খরুন </W><W> গ্রামে। </W><TIME-ARG ID="27"><LINK EVENT_ARG="76" ID="80" TYPE_REL="EVENT_ARG"/><W> এ </W><W> দিন </W><W> সকালে </W></TIME-ARG><W> সিউড়ি </W><W> জেল </W><W> থেকে </W><W> আসামি </W><W> নিয়ে </W><W> পুলিশের </W><W> একটি </W><W> গাড়ি </W><W> রামপুরহাট </W><W> আদালতে </W><W> যাচ্ছিল। </W><PARTICIPANT-ARG ID="28"><LINK EVENT_ARG="76" ID="77" TYPE_REL="EVENT_ARG"/><W> ওই </W><W> গাড়ির </W></PARTICIPANT-ARG><W> সঙ্গে </W><MAN_MADE_EVENT ID="76" TYPE="VEHICULAR_COLLISION"><EVENT-COREF-LINK EVENT_ID="34" ID="81" TYPE_REL="EVENT_COREF"/><W> ধাক্কা </W><W> লেগে </W></MAN_MADE_EVENT><W> তিনি </W><W> ছিটকে </W><W> পড়েন। </W><CASUALTIES-ARG ID="30"><LINK EVENT_ARG="76" ID="78" TYPE_REL="EVENT_ARG"/><W> রামপুরহাট </W><W> মহকুমা </W><W> হাসপাতালে </W><W> নিয়ে </W><W> যাওয়ার </W><W> পর </W><W> তাঁর </W><W> মৃত্যু </W><W> হয়। </W></CASUALTIES-ARG><AFTER_EFFECTS-ARG ID="32"><LINK EVENT_ARG="76" ID="79" TYPE_REL="EVENT_ARG"/><W> পুলিশের </W><W> গাড়ির </W><W> চালককে </W><W> গ্রেফতার </W><W> করা </W><W> হয়েছে। </W></AFTER_EFFECTS-ARG></P><P><W> ভাইপোকে </W><W> খুন </W></P><P><W> নিজস্ব </W><W> সংবাদদাতা, </W><W> ডায়মণ্ডহারবার: </W><W> পারিবারিক </W><W> বিরোধের </W><W> জেরে </W><W> কাকা </W><W> ও </W><W> কাকিমা </W><W> তাঁদের </W><W> ভাইপোকে </W><W> খুন </W><W> করে </W><W> জলে </W><W> ভাসিয়ে </W><W> দিয়েছে </W><W> বলে </W><W> অভিযোগ </W><W> উঠেছে। </W><W> পুলিশ </W><W> জানায়, </W><W> মৃত </W><W> যুবকের </W><W> নাম </W><W> ধ্রুব </W><W> মণ্ডল </W><W> (৩৮)। </W><W> তাঁর </W><W> বাড়ি </W><W> ডায়মণ্ডহারবার </W><W> থানার </W><W> সিংঘলগঞ্জ </W><W> এলাকায়। </W><W> শনিবার </W><W> ঘটনাটি </W><W> ঘটলেও </W><W> রায়চক </W><W> এলাকার </W><W> সোনাঝিলে </W><W> মঙ্গলবার </W><W> তাঁর </W><W> মৃতদেহ </W><W> ভেসে </W><W> ওঠে। </W><W> স্থানীয় </W><W> বাসিন্দারা </W><W> পুলিশে </W><W> খবর </W><W> দিলে </W><W> তারা </W><W> গিয়ে </W><W> মৃতদেহ </W><W> উদ্ধার </W><W> করে। </W><W> পুলিশ </W><W> তদন্ত </W><W> করে </W><W> জানতে </W><W> পারে, </W><W> পারিবারিক </W><W> বিরোধের </W><W> কারণে </W><W> ধ্রুবর </W><W> সঙ্গে </W><W> তাঁর </W><W> কাকা-কাকিমার </W><W> দীর্ঘদিন </W><W> ধরে </W><W> বিরোধ </W><W> চলছিল। </W><W> শনিবার </W><W> তাঁরাই </W><W> তাকে </W><W> পিটিয়ে </W><W> মেরে </W><W> সোনাঝিলে </W><W> ফেলে </W><W> আসে। </W></P><P><W> বধূর </W><W> অপমৃত্যুতে </W><W> শাশুড়ি </W><W> গ্রেফতার </W></P><P><W> নিজস্ব </W><W> সংবাদদাতা, </W><W> কলকাতা: </W><W> মঙ্গলবার </W><W> বিকালে </W><W> হাওড়ার </W><W> শিবপুর </W><W> থানা </W><W> এলাকায় </W><W> গৃহবধূর </W><W> অস্বাভাবিক </W><W> মৃত্যুর </W><W> পরে </W><W> পুলিশ </W><W> শাশুড়িকে </W><W> গ্রেফতার </W><W> করেছে। </W><W> আন্দুল </W><W> রোডে </W><W> সরকারি </W><W> আবাসনে </W><W> বৈশাখী </W><W> প্রহরাজ </W><W> (১৮) </W><W> নামে </W><W> ওই </W><W> বধূকে </W><W> সিলিং </W><W> ফ্যান </W><W> থেকে </W><W> শাড়ি </W><W> গলায় </W><W> জড়িয়ে </W><W> ঝুলতে </W><W> দেখা </W><W> যায়। </W><W> পুলিশের </W><W> সন্দেহ, </W><W> তাঁর </W><W> উপরে </W><W> পণ </W><W> নিয়ে </W><W> অত্যাচার </W><W> চলত। </W><W> সেই </W><W> কারণে, </W><W> তিনি </W><W> বাধ্য </W><W> হয়ে </W><W> আত্মহত্যার </W><W> পথ </W><W> বেছে </W><W> নিয়েছেন। </W><W> তাঁর </W><W> স্বামী </W><W> ও </W><W> শ্বশুর </W><W> পলাতক। </W></P><P><W> ধৃত </W><W> ২১ </W><W> বাংলাদেশি </W></P><P><W> নিজস্ব </W><W> সংবাদদাতা, </W><W> আসানসোল: </W><W> দুর্গাপুরের </W><W> গাঁধী </W><W> মোড় </W><W> থেকে </W><W> মঙ্গলবার </W><W> দুপুরে </W><W> পাসপোর্ট-ভিসাবিহীন </W><W> ২১ </W><W> জন </W><W> বাংলাদেশি </W><W> নাগরিককে </W><W> আটক </W><W> করা </W><W> হয়েছে। </W><W> জেলার </W><W> পুলিশ </W><W> সুপার </W><W> বি </W><W> এন </W><W> রমেশ </W><W> জানিয়েছেন, </W><W> বাংলাদেশের </W><W> ওই </W><W> নাগরিকদের </W><W> বি </W><W> এস </W><W> এফের </W><W> পোশাক </W><W> পরা </W><W> চার </W><W> জন </W><W> দালাল </W><W> পাচার </W><W> করছিল। </W><W> ওই </W><W> দালালরা </W><W> পালিয়ে </W><W> গিয়েছে। </W></P><P><W> ভেণ্ডার </W><W> স্পেশ্যাল </W></P><P><W> নিজস্ব </W><W> সংবাদদাতা, </W><W> কলকাতা: </W><W> ভেণ্ডারদের </W><W> কথা </W><W> ভেবে </W><W> পূর্ব </W><W> রেল-কর্তৃপক্ষ </W><W> এই </W><W> প্রথম </W><W> শিয়ালদহ </W><W> থেকে </W><W> দিনে </W><W> দু’জোড়া </W><W> ভেণ্ডার </W><W> স্পেশ্যাল </W><W> চালাচ্ছে। </W><W> মঙ্গলবার </W><W> থেকেই </W><W> এই </W><W> স্পেশ্যাল </W><W> ট্রেন </W><W> দু’টি </W><W> চলতে </W><W> শুরু </W><W> করেছে। </W><W> শিয়ালদহের </W><W> স্টেশন </W><W> ম্যানেজার </W><W> তপন </W><W> দাস </W><W> বলেছেন, </W><W> ‘‘বিকেল </W><W> ৪টে </W><W> ৫ </W><W> মিনিটে </W><W> শিয়ালদহ </W><W> থেকে </W><W> ওই </W><W> বিশেষ </W><W> ট্রেন </W><W> ছেড়ে </W><W> বনগাঁয় </W><W> পৌঁছবে </W><W> রাত </W><W> ৮টা </W><W> ২৫ </W><W> মিনিটে। </W><W> আবার </W><W> ভোর </W><W> ৩টে </W><W> ৫ </W><W> মিনিটে </W><W> বনগাঁ </W><W> থেকে </W><W> ওই </W><W> ট্রেনটি </W><W> ছেড়ে </W><W> শিয়ালদহে </W><W> ফিরবে </W><W> বেলা </W><W> ১২টায়।’’ </W></P><P><REASON-ARG ID="50"><LINK EVENT_ARG="49" ID="63" TYPE_REL="EVENT_ARG"/><W> ভেড়ি </W><W> নিয়ে </W></REASON-ARG><MAN_MADE_EVENT ID="49" TYPE="ARMED_CONFLICTS"><W> সংঘর্ষ </W></MAN_MADE_EVENT></P><P><W> নিজস্ব </W><W> সংবাদদাতা, </W><W> কলকাতা: </W><PLACE-ARG ID="51"><LINK EVENT_ARG="54" ID="64" TYPE_REL="EVENT_ARG"/><W> হাড়োয়ায় </W></PLACE-ARG><TIME-ARG ID="52"><LINK EVENT_ARG="54" ID="66" TYPE_REL="EVENT_ARG"/><W> মঙ্গলবার </W><W> রাতে </W></TIME-ARG><PARTICIPANT-ARG ID="53"><LINK EVENT_ARG="54" ID="65" TYPE_REL="EVENT_ARG"/><W> দু’দলের </W><W> মধ্যে </W></PARTICIPANT-ARG><MAN_MADE_EVENT ID="54" TYPE="ARMED_CONFLICTS"><EVENT-COREF-LINK EVENT_ID="49" ID="75" TYPE_REL="EVENT_COREF"/><W> সংঘর্ষ </W><W> হয় </W></MAN_MADE_EVENT><REASON-ARG ID="55"><LINK EVENT_ARG="54" ID="67" TYPE_REL="EVENT_ARG"/><W> ভেড়ির </W><W> দখল </W><W> নিয়ে। </W></REASON-ARG><W> পুলিশ </W><W> জানায়, </W><PLACE-ARG ID="56"><LINK EVENT_ARG="58" ID="68" TYPE_REL="EVENT_ARG"/><W> দিগাছিতে </W></PLACE-ARG><PARTICIPANT-ARG ID="57"><LINK EVENT_ARG="58" ID="69" TYPE_REL="EVENT_ARG"/><W> সি </W><W> পি </W><W> এমের </W><W> দুই </W><W> গোষ্ঠীর </W></PARTICIPANT-ARG><MAN_MADE_EVENT ID="58" TYPE="ARMED_CONFLICTS"><EVENT-COREF-LINK EVENT_ID="54" ID="74" TYPE_REL="EVENT_COREF"/><W> সংঘর্ষে </W><W> ব্যাপক </W><W> বোমাবাজি </W><W> হয়, </W><W> গুলি </W><W> চলে। </W></MAN_MADE_EVENT><MAN_MADE_EVENT ID="59" TYPE="ARMED_CONFLICTS"><EVENT-COREF-LINK EVENT_ID="58" ID="73" TYPE_REL="EVENT_COREF"/><W> সংঘর্ষে </W></MAN_MADE_EVENT><CASUALTIES-ARG ID="60"><LINK EVENT_ARG="59" ID="70" TYPE_REL="EVENT_ARG"/><W> চার </W><W> জন </W><W> আহত </W></CASUALTIES-ARG><W> হন। </W><AFTER_EFFECTS-ARG ID="61"><LINK EVENT_ARG="59" ID="71" TYPE_REL="EVENT_ARG"/><W> আহতদের </W><W> বারাসত </W><W> হাসপাতালে </W><W> ভর্তি </W><W> করানো </W><W> হয়েছে। </W></AFTER_EFFECTS-ARG><W> এলাকায় </W><W> উত্তেজনা </W><W> কমাতে </W><AFTER_EFFECTS-ARG ID="62"><LINK EVENT_ARG="59" ID="72" TYPE_REL="EVENT_ARG"/><W> পুলিশ </W><W> পিকেট </W><W> বসেছে। </W></AFTER_EFFECTS-ARG></P><P><W> দুর্গাপুরে </W><W> ক্যুইজ </W></P><P><W> স্টাফ </W><W> রিপোর্টার: </W><W> দুর্গাপুরে </W><W> যাচ্ছেন </W><W> ক্যুইজ </W><W> মাস্টার </W><W> সিদ্ধার্থ </W><W> বসু। </W><W> একটি </W><W> মোটরবাইক </W><W> নির্মাণ </W><W> সংস্থা </W><W> আয়োজিত </W><W> সারা </W><W> রাজ্য </W><W> আন্তঃস্কুল </W><W> ক্যুইজ </W><W> উপলক্ষে </W><W> তিনি </W><W> সেখানে </W><W> যাচ্ছেন। </W><W> মঙ্গলবার </W><W> কলকাতায় </W><W> এ </W><W> কথা </W><W> জানান </W><W> বর্ধমানের </W><W> জেলাশাসক </W><W> মনোজ </W><W> অগ্রবাল। </W><W> তিনি </W><W> জানান, </W><W> একাদশ-দ্বাদশ </W><W> শ্রেণীর </W><W> ছাত্রছাত্রীদের </W><W> জন্য </W><W> এই </W><W> ক্যুইজের </W><W> উদ্বোধন </W><W> হবে </W><W> আগামী </W><W> ১৬ </W><W> অগস্ট </W><W> দুর্গাপুরের </W><W> একটি </W><W> সিনেমা </W><W> হলে। </W></P><P><MAN_MADE_EVENT ID="35" TYPE="VEHICULAR_COLLISION"><W> দুর্ঘটনায় </W></MAN_MADE_EVENT><CASUALTIES-ARG ID="2"><LINK EVENT_ARG="35" ID="46" TYPE_REL="EVENT_ARG"/><W> মৃত </W><W> ২ </W></CASUALTIES-ARG></P><P><TIME-ARG ID="3"><LINK EVENT_ARG="36" ID="45" TYPE_REL="EVENT_ARG"/><W> মঙ্গলবার </W><W> রাতে </W></TIME-ARG><PLACE-ARG ID="4"><LINK EVENT_ARG="36" ID="44" TYPE_REL="EVENT_ARG"/><W> হুগলির </W><W> পোলবা </W><W> থানা </W><W> এলাকার </W><W> সুগন্ধীর </W><W> কাছে </W><W> দিল্লি </W><W> রোডে </W></PLACE-ARG><MAN_MADE_EVENT ID="36" TYPE="VEHICULAR_COLLISION"><EVENT-COREF-LINK EVENT_ID="35" ID="48" TYPE_REL="EVENT_COREF"/><W> এক </W><W> দুর্ঘটনায় </W></MAN_MADE_EVENT><CASUALTIES-ARG ID="6"><LINK EVENT_ARG="36" ID="43" TYPE_REL="EVENT_ARG"/><W> দু’জনের </W><W> মৃত্যু </W></CASUALTIES-ARG><W> হয়েছে। </W><W> পুলিশ </W><W> জানায়, </W><W> মৃতদের </W><W> সবিস্তার </W><W> পরিচয় </W><W> জানা </W><W> যায়নি। </W><W> সাইকেলে </W><W> চেপে </W><W> যাচ্ছিলেন </W><W> তিন </W><W> জন। </W><PARTICIPANT-ARG ID="7"><LINK EVENT_ARG="37" ID="42" TYPE_REL="EVENT_ARG"/><W> একটি </W><W> লরি </W></PARTICIPANT-ARG><PARTICIPANT-ARG ID="38"><LINK EVENT_ARG="37" ID="41" TYPE_REL="EVENT_ARG"/><W> সাইকেলটিকে </W></PARTICIPANT-ARG><MAN_MADE_EVENT ID="37" TYPE="VEHICULAR_COLLISION"><EVENT-COREF-LINK EVENT_ID="36" ID="47" TYPE_REL="EVENT_COREF"/><W> ধাক্কা </W><W> মেরে </W></MAN_MADE_EVENT><W> পালিয়ে </W><W> যায়। </W><W> ঘটনাস্থলেই </W><CASUALTIES-ARG ID="9"><LINK EVENT_ARG="37" ID="40" TYPE_REL="EVENT_ARG"/><W> দু’জনের </W><W> মৃত্যু </W></CASUALTIES-ARG><W> হয়। </W><AFTER_EFFECTS-ARG ID="10"><LINK EVENT_ARG="37" ID="39" TYPE_REL="EVENT_ARG"/><W> এক </W><W> ব্যক্তিকে </W><W> আহত </W><W> অবস্থায় </W><W> চুচুড়া </W><W> ইমামবড়া </W><W> হাসপাতালে </W><W> ভর্তি </W><W> করানো </W><W> হয়েছে। </W></AFTER_EFFECTS-ARG></P></DOCUMENT>