<?xml version="1.0" encoding="UTF-8"?>
<DOCUMENT><P><TIME-ARG ID="13"><LINK EVENT_ARG="18" ID="25" TYPE_REL="EVENT_ARG"/><TIME-ARG ID="62"><LINK EVENT_ARG="37" ID="63" TYPE_REL="EVENT_ARG"/><TIME-ARG ID="80"><LINK EVENT_ARG="64" ID="81" TYPE_REL="EVENT_ARG"/><W> ১৯ </W><W> জ্যৈষ্ঠ </W><W> ১৪০৯ </W><W> সোমবার </W><W> ৩ </W><W> জুন </W><W> ২০০২ </W></TIME-ARG></TIME-ARG></TIME-ARG></P><P><W> সংক্ষেপে.. </W><W> কম্পিউটার </W><W> পাচ্ছে </W><W> রায়গঞ্জের </W><W> পুলিশ </W><W> নিজস্ব </W><W> সংবাদদাতা </W><W> রায়গঞ্জ </W><W> উত্তর </W><W> দিনাজপুরের </W><W> সমস্ত </W><W> থানার </W><W> অপরাধীদের </W><W> চিহ্নিতকরণ </W><W> ও </W><W> পুলিশের </W><W> কাজের </W><W> সুবিধায় </W><W> পুলিশকে </W><W> কম্পিউটার </W><W> পরিষেবার </W><W> আওতায় </W><W> আনা </W><W> হচ্ছে </W><W> বলে </W><W> জেলা </W><W> পুলিশ </W><W> সূত্রে </W><W> জানা </W><W> গিয়েছে। </W><W> ইতিমধ্যেই </W><W> কিছু </W><W> কাজ </W><W> এগিয়েছে। </W><W> বাকি </W><W> কাজের </W><W> অনুমোদনের </W><W> জন্য </W><W> ঊর্ধ্বতন </W><W> কর্তৃপক্ষের </W><W> কাছে </W><W> পাঠানো </W><W> হয়েছে। </W><W> জেলা </W><W> পুলিশের </W><W> এক </W><W> পদস্থ </W><W> আধিকারিক </W><W> জানান, </W><W> জেলার </W><W> মোট </W><W> ৯টি </W><W> থানার </W><W> মধ্যে </W><W> কয়েকটি </W><W> সীমান্তবর্তী </W><W> এলাকায়। </W><W> রাস্তার </W><W> সমস্যার </W><W> জন্য </W><W> ওই </W><W> সব </W><W> থানার </W><W> সঙ্গে </W><W> জেলা </W><W> সদরের </W><W> সম্পর্ক </W><W> রাখা </W><W> অসুবিধাজনক। </W><W> বিশেষ </W><W> করে </W><W> গোয়ালপোখর </W><W> ও </W><W> চাকুলিয়া </W><W> থানা। </W><W> তা </W><W> ছাড়া </W><W> মাঝেমধ্যেই </W><W> টেলিফোন </W><W> ব্যবস্থা </W><W> বিকল </W><W> হয়ে </W><W> যাওয়ায় </W><W> অবস্থা </W><W> আরও </W><W> শোচনীয় </W><W> হয়ে </W><W> ওঠে। </W><W> এই </W><W> সব </W><W> সমস্যার </W><W> সমাধানেই </W><W> জেলা </W><W> সদরের </W><W> সঙ্গে </W><W> বিভিন্ন </W><W> থানার </W><W> যোগাযোগ </W><W> ব্যবস্থার </W><W> উন্নতিতে </W><W> উদ্যোগী </W><W> হয়েছে </W><W> জেলা </W><W> পুলিশ। </W><W> জেলার </W><W> অতিরিক্ত </W><W> পুলিশ </W><W> সুপার </W><W> জানান, </W><W> ‘‘জেলার </W><W> দাগি </W><W> অপরাধীদের </W><W> বিবরণ </W><W> ও </W><W> ছবি </W><W> কম্পিউটারে </W><W> ভরে </W><W> রাখার </W><W> ব্যবস্থা </W><W> হচ্ছে। </W><W> অপরাধী </W><W> শনাক্ত </W><W> করতে </W><W> প্রত্যক্ষদর্শীদের </W><W> ওই </W><W> সব </W><W> ছবি </W><W> দেখানো </W><W> হবে। </W><W> এতে </W><W> অপরাধী </W><W> শনাক্ত </W><W> করার </W><W> সুবিধা </W><W> ছাড়া </W><W> প্রত্যক্ষদর্শীদের </W><W> নিরাপত্তার </W><W> দিকটি </W><W> সুরক্ষিত </W><W> থাকবে।’’ </W></P><P><W> শিশুমৃত্যুর </W><W> হারে </W><W> উদ্বিগ্ন </W><W> সূর্যকান্ত </W></P><P><W> নিজস্ব </W><W> সংবাদদাতা, </W><W> বনগ্রাম </W><W> (মেমারি): </W><W> রাজ্যে </W><W> শিশুমৃত্যুর </W><W> হার </W><W> নিয়ে </W><W> উদ্বেগ </W><W> জানালেন </W><W> খোদ </W><W> স্বাস্থ্যমন্ত্রী </W><W> সূর্যকান্ত </W><W> মিশ্র। </W><W> রবিবার </W><W> বর্ধমানের </W><W> বনগ্রামে </W><W> একটি </W><W> সেবা </W><W> প্রতিষ্ঠানের </W><W> ২৫ </W><W> শয্যার </W><W> হাসপাতাল </W><W> উদ্বোধন </W><W> করতে </W><W> এসে </W><W> তিনি </W><W> বলেন, </W><W> ‘‘আমাদের </W><W> রাজ্যে </W><W> জন্মের </W><W> এক </W><W> সপ্তাহ </W><W> থেকে </W><W> এক </W><W> বছরের </W><W> মধ্যে </W><W> হাজারে </W><W> ৫২টি </W><W> শিশুর </W><W> মৃত্যু </W><W> হয়। </W><W> আমরা </W><W> ওই </W><W> সংখ্যাকে </W><W> ১০-এ </W><W> নামিয়ে </W><W> অানতে </W><W> চাই। </W><W> কিন্তু </W><W> পারছি </W><W> না।’’ </W><W> শিশুমৃত্যুর </W><W> হার </W><W> না </W><W> কমায় </W><W> স্বাস্থ্যমন্ত্রী </W><W> মানুষের </W><W> সচেতনতার </W><W> অভাবের </W><W> পাশাপাশি </W><W> এক </W><W> শ্রেণীর </W><W> চিকিৎসককেও </W><W> দায়ী </W><W> করেন। </W><W> তিনি </W><W> বলেন, </W><W> ‘‘দূষিত </W><W> পরিবেশে </W><W> শিশুদের </W><W> রাখার </W><W> জন্য </W><W> তারা </W><W> সংক্রমণের </W><W> শিকার </W><W> হয়। </W><W> আবার </W><W> এক </W><W> শ্রেণীর </W><W> চিকিৎসক </W><W> মাতৃদুগ্ধের </W><W> বদলে </W><W> শিশুকে </W><W> বোতলের </W><W> দুধ </W><W> খাওয়াতে </W><W> বলেন। </W><W> এর </W><W> বিনিময়ে </W><W> তাঁরা </W><W> কিছু </W><W> কোম্পানি </W><W> থেকে </W><W> মোটা </W><W> কমিশন </W><W> পান।’’ </W><W> তিনি </W><W> আরও </W><W> জানান, </W><W> ওই </W><W> সব </W><W> চিকিৎসকদের </W><W> প্রয়োজনীয় </W><W> ওষুধ </W><W> ছাড়া </W><W> অন্য </W><W> কিছু </W><W> প্রেসক্রিপশনে </W><W> লিখতে </W><W> বারণ </W><W> করা </W><W> সত্ত্বেও </W><W> তাঁরা </W><W> তা </W><W> মানছেন </W><W> না। </W><W> তাঁর </W><W> কতায়, </W><W> ‘‘আমরা </W><W> সরকারি </W><W> চিকিৎসকদের </W><W> নিয়ন্ত্রণ </W><W> করছি। </W><W> কিন্তু </W><W> অন্যদের </W><W> করতে </W><W> পারছি </W><W> না।’’ </W><W> বনগ্রামের </W><W> ওই </W><W> হাসপাতালে </W><W> আগে </W><W> থেকে </W><W> হোমিওপ্যাথি, </W><W> আকুপাংচার </W><W> ইত্যাদি </W><W> চিকিৎসার </W><W> ব্যবস্থা </W><W> ছিল। </W><W> এখন </W><W> সেখানে </W><W> রোগী </W><W> ভর্তি, </W><W> প্যাথোলজি, </W><W> হৃদরোগের </W><W> চিকিৎসার </W><W> ব্যবস্থাও </W><W> হয়েছে </W><W> বলে </W><W> সেবা </W><W> প্রতিষ্ঠানের </W><W> সম্পাদক </W><W> জানান। </W></P><P><W> শিশুমৃত্যু </W><W> নিয়ে </W><W> তোলপাড় </W><W> চণ্ডীতলা </W></P><P><W> নিজস্ব </W><W> সংবাদদাতা, </W><W> চুঁচুড়া: </W><W> একটি </W><W> শিশুপুত্রের </W><W> অস্বাভাবিক </W><W> মৃত্যু </W><W> নিয়ে </W><W> রবিবার </W><W> ভোর </W><W> থেকে </W><W> চণ্ডীতলা </W><W> থানার </W><W> বনমালিপুরে </W><W> তোলপাড় </W><W> শুরু </W><W> হয়। </W><W> ক্ষিপ্ত </W><W> গ্রামবাসীরা </W><W> আইনশৃঙ্খলার </W><W> অবনতির </W><W> অভিযোগে </W><W> চণ্ডীতলা </W><W> থানা </W><W> ঘেরাও </W><W> করেন। </W><W> বনমালিপুর </W><W> চৌমাথায় </W><W> গাছের </W><W> গুঁড়ি </W><W> ফেলে </W><W> অবরোধ </W><W> শুরু </W><W> হয়। </W><W> এই </W><W> অবরোধের </W><W> জেরে </W><W> বনমালিপুর-শ্রীরামপুর </W><W> রোড </W><W> এ </W><W> দিন </W><W> সকাল </W><W> থেকেই </W><W> অবরুদ্ধ </W><W> হয়ে </W><W> যায়। </W><W> পরিস্থিতি </W><W> সামাল </W><W> দিতে </W><W> শ্রীরামপুরের </W><W> এস </W><W> ডি </W><W> পি </W><W> ও </W><W> শ্যামল </W><W> ভট্টাচার্য </W><W> বিশাল </W><W> বাহিনী </W><W> নিয়ে </W><W> ঘটনাস্থলে </W><W> যান। </W><W> লাঠি </W><W> চালিয়ে </W><W> অবরোধ </W><W> তুলে </W><W> দেওয়া </W><W> হয়। </W><W> পুলিশ </W><W> জানায়, </W><W> নিহত </W><W> শিশুপুত্রের </W><W> নাম </W><W> সেখ </W><W> ইমাম </W><W> হোসেন </W><W> (৩)। </W><W> পুলিশ </W><W> ও </W><W> স্থানীয় </W><W> সূত্রে </W><W> জানা </W><W> যায়, </W><W> বনমালিপুরের </W><W> আজবনগর </W><W> গ্রামের </W><W> বাসিন্দা </W><W> সেখ </W><W> সামসেরের </W><W> ছেলে </W><W> ইমামকে </W><W> শনিবার </W><W> মাঝরাত </W><W> থেকে </W><W> পাওয়া </W><W> যাচ্ছিল </W><W> না। </W><W> মায়ের </W><W> সঙ্গে </W><W> সে </W><W> রাতে </W><W> শুয়েছিল। </W><W> বেশি </W><W> রাতে </W><W> হঠাৎ </W><W> সে </W><W> নিখোঁজ </W><W> হয়ে </W><W> যায়। </W><W> শেষপর্যন্ত </W><W> ওই </W><W> গ্রামেরই </W><W> ডি </W><W> ভি </W><W> সি </W><W> খালের </W><W> কাছ </W><W> থেকে </W><W> তার </W><W> মৃতদেহ </W><W> পাওয়া </W><W> যায়। </W><W> গ্রামবাসীদের </W><W> অভিযোগ, </W><W> কে </W><W> বা </W><W> কারা </W><W> শিশুটিকে </W><W> খুন </W><W> করে </W><W> ফেলে </W><W> দিয়ে </W><W> গিয়েছে। </W></P><P><W> কোন্নগর </W><W> পুরসভা </W><W> হারাল </W><W> তৃণমূল </W></P><P><W> নিজস্ব </W><W> সংবাদদাতা, </W><W> চুঁচুড়া: </W><W> কোন্নগর </W><W> পুরসভা </W><W> হারাল </W><W> তৃণমূল </W><W> কংগ্রেস। </W><W> অনাস্থার </W><W> ভোটে </W><W> কংগ্রেস </W><W> এবং </W><W> সি </W><W> পি </W><W> এমের </W><W> কাউন্সিলরা </W><W> তৃণমূল </W><W> চেয়ারম্যানের </W><W> বিরুদ্ধে </W><W> ভোট </W><W> দেওয়ায় </W><W> কোন্নগর </W><W> পুরসভার </W><W> দখল </W><W> নিলেন </W><W> তৃণমূল </W><W> ছেড়ে </W><W> বেরিয়ে </W><W> যাওয়া </W><W> নির্দল </W><W> কাউন্সিলররা। </W><W> রবিবার </W><W> সকালে </W><W> ভোটাভুটিতে </W><W> ১৯ </W><W> সদস্যের </W><W> পুরবোর্ডে </W><W> ১১-৭ </W><W> ভোটে </W><W> তৃণমূল </W><W> হেরে </W><W> যায়। </W><W> স্বপন </W><W> দাসের </W><W> জায়গায় </W><W> নতুন </W><W> চেয়ারম্যান </W><W> হলেন </W><W> পল্লব </W><W> বসু। </W><W> বেশ </W><W> কয়েক </W><W> দিন </W><W> ধরেই </W><W> তৃণমূলের </W><W> বিদায়ী </W><W> চেয়ারম্যানের </W><W> বিরুদ্ধে </W><W> কংগ্রেস </W><W> ও </W><W> সি </W><W> পি </W><W> এম </W><W> আন্দোলন </W><W> চালিয়ে </W><W> আসছিল। </W><W> তৃণমূলেরই </W><W> পাঁচ </W><W> কাউন্সিলর </W><W> বিরোধী </W><W> শিবিরে </W><W> চলে </W><W> যাওয়ায় </W><W> ওই </W><W> আন্দোলন </W><W> সম্প্রতি </W><W> জোরদার </W><W> হয়ে </W><W> উঠেছিল। </W><W> স্বপনবাবু </W><W> এই </W><W> দিন </W><W> বলেন, </W><W> ‘‘সি </W><W> পি </W><W> এম </W><W> এবং </W><W> কংগ্রেস </W><W> কাঁধে </W><W> কাঁধ </W><W> মিলিয়ে </W><W> তৃণমূলকে </W><W> হারাল।’’ </W><W> জেলা </W><W> কংগ্রেসের </W><W> সভাপতি </W><W> জ্যোতি </W><W> চৌধুরী </W><W> অবশ্য </W><W> এই </W><W> দিন </W><W> বলেছেন, </W><W> ‘‘কোনও </W><W> রাজনৈতিক </W><W> দলের </W><W> সঙ্গে </W><W> হাত </W><W> মেলানোর </W><W> কোনও </W><W> প্রশ্নই </W><W> ওঠে </W><W> না। </W><W> কিছু </W><W> কাউন্সিলর </W><W> চেয়ারম্যানের </W><W> অনিয়মের </W><W> প্রতিবাদ </W><W> করায় </W><W> আমরা </W><W> তাঁদের </W><W> সমর্থন </W><W> করেছি </W><W> মাত্র।’’ </W></P><P><W> ভিন্‌ </W><W> রাজ্যের </W><W> বিদ্যুৎ </W><W> পর্ষদ </W><W> থেকে </W><W> শিক্ষা </W><W> চায় </W><W> পঃবঙ্গ </W></P><P><W> স্টাফ </W><W> রিপোর্টার, </W><W> কলকাতা: </W><W> দেশের </W><W> বিভিন্ন </W><W> রাজ্যে </W><W> বিদ্যুৎ </W><W> পর্ষদগুলি </W><W> কী </W><W> ভাবে </W><W> চলছে, </W><W> তা </W><W> দেখতে </W><W> সেখানে </W><W> প্রতিনিধিদল </W><W> পাঠাতে </W><W> শুরু </W><W> করেছে </W><W> পশ্চিমবঙ্গ </W><W> বিদ্যুৎ </W><W> পর্ষদ। </W><W> যে-সব </W><W> রাজ্যে </W><W> পর্ষদের </W><W> অবস্থা </W><W> ভাল, </W><W> সেখান </W><W> থেকে </W><W> ইতিবাচক </W><W> দিকগুলি </W><W> জেনে </W><W> আনতে </W><W> বলা </W><W> হয়েছে </W><W> প্রতিনিধিদের। </W><W> পর্ষদের </W><W> প্রথম </W><W> প্রতিনিধিদলটি </W><W> সম্প্রতি </W><W> ঘুরে </W><W> এসেছে </W><W> তামিলনাড়ু </W><W> থেকে। </W><W> সেই </W><W> প্রতিনিধিরা </W><W> তামিলনাড়ু </W><W> বিদ্যুৎ </W><W> পর্ষদের </W><W> বেশ </W><W> কিছু </W><W> ইতিবাচক </W><W> দিক </W><W> তুলে </W><W> এনেছেন </W><W> ভিডিওয়। </W><W> কী </W><W> ভাবে </W><W> তামিলনাড়ু </W><W> এই </W><W> সফলতা </W><W> পেল, </W><W> তা </W><W> খতিয়ে </W><W> দেখে </W><W> এখানেও </W><W> তা </W><W> কার্যকর </W><W> করার </W><W> কথা </W><W> ভাবা </W><W> হবে </W><W> বলে </W><W> পর্ষদ </W><W> সূত্রে </W><W> জানা </W><W> গিয়েছে। </W><W> বিদ্যুৎমন্ত্রী </W><W> মৃণাল </W><W> বন্দ্যোপাধ্যায়, </W><W> বিদ্যুৎসচিব </W><W> কল্যাণ </W><W> বাগচী </W><W> এবং </W><W> অফিসার </W><W> ও </W><W> শ্রমিক </W><W> সংগঠনের </W><W> প্রতিনিধিদের </W><W> সামনে </W><W> ইতিমধ্যেই </W><W> ওই </W><W> ভিডিও </W><W> দেখানো </W><W> হয়েছে। </W><W> শিলিগুড়ি </W><W> ও </W><W> বর্ধমানের </W><W> দুই </W><W> জোনাল </W><W> ম্যানেজার, </W><W> সদর </W><W> দফতরের </W><W> ডিষ্ট্রিবিউশন </W><W> ম্যানেজার </W><W> (অর্থ) </W><W> এবং </W><W> হাওড়া </W><W> ও </W><W> দুর্গাপুরের </W><W> দুই </W><W> সহকারী </W><W> ইঞ্জিনিয়ারকে </W><W> নিয়ে </W><W> ওই </W><W> প্রতিনিধিরা </W><W> তামিলনাড়ুতে </W><W> গিয়ে </W><W> তাঁদের </W><W> অভিজ্ঞতা </W><W> ব্যাখ্যা </W><W> করেন। </W></P><P><W> শালবনির </W><W> খুনের </W><W> ঘটনায় </W><W> আরও </W><W> দুই </W><W> জনযুদ্ধ-কর্মী </W><W> ধৃত </W></P><P><W> নিজস্ব </W><W> সংবাদদাতা, </W><W> মেদিনীপুর: </W><W> শালবনি </W><W> এলাকার </W><W> জামিরগোটে </W><W> হত্যাকাণ্ডে </W><W> পুলিশ </W><W> শনিবার </W><W> রাতে </W><W> মধুপুর </W><W> গ্রাম </W><W> থেকে </W><W> আরও </W><W> দুই </W><W> জনযুদ্ধর </W><W> কর্মীকে </W><W> গ্রেফতার </W><W> করেছে। </W><W> শ্যামাপদ </W><W> রানা </W><W> এবং </W><W> মধুসূদন </W><W> রানা </W><W> নামে </W><W> ওই </W><W> দুই </W><W> জন </W><W> পুলিশকে </W><W> জানিয়েছে, </W><W> তারা </W><W> আগে </W><W> তৃণমূল </W><W> কংগ্রেসের </W><W> সমর্থক </W><W> ছিল। </W><W> পুলিশ </W><W> এই </W><W> নিয়ে </W><W> হত্যাকাণ্ডের </W><W> ঘটনায় </W><W> ৩ </W><W> জনকে </W><W> গ্রেফতার </W><W> করল। </W><W> ধৃতদের </W><W> মধ্যে </W><W> শিবপ্রসাদ </W><W> ও </W><W> শ্যামাপদের </W><W> নাম </W><W> এফ </W><W> আই </W><W> আরে </W><W> ছিল </W><W> বলে </W><W> পুলিশ </W><W> জানায়। </W><W> রবিবার </W><W> থেকে </W><W> মধুপুর </W><W> এলাকায় </W><W> একটি </W><W> পুলিশ </W><W> ক্যাম্পও </W><W> বসানো </W><W> হয়েছে। </W><W> সেখানে </W><W> ১২ </W><W> জন </W><W> পুলিশ </W><W> কর্মী </W><W> ও </W><W> একটি </W><W> গাড়ির </W><W> ব্যবস্থা </W><W> রাখা </W><W> হয়েছে। </W><W> উল্লেখ্য </W><W> ওই </W><W> হত্যাকাণ্ডে </W><W> ১৮ </W><W> জনের </W><W> নামে </W><W> এফ </W><W> আই </W><W> আর </W><W> করা </W><W> হয়েছিল। </W><W> ধৃত </W><W> শ্যামপদ </W><W> পুলিশি </W><W> জেরায় </W><W> জানায়, </W><W> ওই </W><W> হত্যাকাণ্ডের </W><W> সময়ে </W><W> সে </W><W> উপস্থিত </W><W> ছিল। </W><W> তাঁর </W><W> কথায়, </W><W> ওই </W><W> রাতে </W><W> প্রায় </W><W> ২০-২৫ </W><W> জন </W><W> স্থানীয় </W><W> সি </W><W> পি </W><W> এম </W><W> নেতা </W><W> সৃষ্টিধর </W><W> দেবসিংহের </W><W> বাড়িতে </W><W> হামলা </W><W> চালায়। </W><W> ওই </W><W> ঘটনার </W><W> দু’দিন </W><W> আগেই </W><W> তারা </W><W> মধুপুরের </W><W> একটি </W><W> বাড়িতে </W><W> তারা </W><W> বৈঠকও </W><W> করে। </W><W> ধৃতদের </W><W> জেরা </W><W> করার </W><W> পরে </W><W> জেলা </W><W> পুলিশের </W><W> ধারণা, </W><W> ওই </W><W> এলাকার </W><W> কয়েক </W><W> জন </W><W> সি </W><W> পি </W><W> এমের </W><W> নেতার </W><W> উপরে </W><W> হামলা </W><W> চালাতে </W><W> পারে </W><W> জনযুদ্ধ। </W><W> জেলার </W><W> পুলিশ </W><W> সুপার </W><W> কে </W><W> সি </W><W> মিনা </W><W> জানিয়েছেন, </W><W> কয়েক </W><W> দিনের </W><W> মধ্যে </W><W> আরও </W><W> কিছু </W><W> দুষ্কৃতী </W><W> ধরা </W><W> পড়ার </W><W> সম্ভাবনা </W><W> রয়েছে। </W><W> জানা </W><W> গিয়েছে, </W><W> দুষ্কৃতীরা </W><W> মূলত </W><W> পালুইবনি, </W><W> সুন্দরপুর </W><W> এবং </W><W> জামিরগোট </W><W> এলাকার। </W></P><P><CASUALTIES-ARG ID="14"><LINK EVENT_ARG="18" ID="26" TYPE_REL="EVENT_ARG"/><W> দুই </W><W> শ্রমিকের </W><W> মৃত্যু </W></CASUALTIES-ARG></P><P><W> নিজস্ব </W><W> সংবাদদাতা, </W><W> শিলিগুড়ি: </W><TIME-ARG ID="15"><LINK EVENT_ARG="18" ID="28" TYPE_REL="EVENT_ARG"/><W> শনিবার </W><W> বিকালে </W></TIME-ARG><PLACE-ARG ID="16"><LINK EVENT_ARG="18" ID="29" TYPE_REL="EVENT_ARG"/><W> দার্জিলিঙের </W><W> নর্থ </W><W> পয়েন্ট </W><W> এলাকায় </W></PLACE-ARG><PARTICIPANT-ARG ID="17"><LINK EVENT_ARG="18" ID="30" TYPE_REL="EVENT_ARG"/><W> মাটিবোঝাই </W><W> একটি </W><W> ট্রাক </W></PARTICIPANT-ARG><W> রাস্তা </W><W> ভেঙে </W><MAN_MADE_EVENT ID="18" TYPE="TRANSPORT_HAZARDS"><W> খাদে </W><W> পড়ে </W></MAN_MADE_EVENT><CASUALTIES-ARG ID="19"><LINK EVENT_ARG="18" ID="27" TYPE_REL="EVENT_ARG"/><W> দুই </W><W> শ্রমিকের </W><W> মৃত্যু </W></CASUALTIES-ARG><W> হয়েছে। </W><MAN_MADE_EVENT ID="20" TYPE="TRANSPORT_HAZARDS"><EVENT-COREF-LINK EVENT_ID="18" ID="35" TYPE_REL="EVENT_COREF"/><W> ওই </W><W> দুর্ঘটনায় </W></MAN_MADE_EVENT><CASUALTIES-ARG ID="21"><LINK EVENT_ARG="20" ID="31" TYPE_REL="EVENT_ARG"/><W> জখম </W><W> হয়েছেন </W><W> আরও </W><W> চার </W><W> জন </W><W> শ্রমিক। </W></CASUALTIES-ARG><W> পুলিশ </W><W> জানায়, </W><W> মৃত </W><W> দুই </W><W> শ্রমিকের </W><W> নাম </W><W> নগেন </W><W> ছেত্রী </W><W> (২৬) </W><W> এবং </W><W> দীনেশ </W><W> বিশ্বকর্মা </W><W> (২৫)। </W><MAN_MADE_EVENT ID="22" TYPE="TRANSPORT_HAZARDS"><EVENT-COREF-LINK EVENT_ID="20" ID="34" TYPE_REL="EVENT_COREF"/><W> দুর্ঘটনায় </W></MAN_MADE_EVENT><CASUALTIES-ARG ID="23"><LINK EVENT_ARG="22" ID="32" TYPE_REL="EVENT_ARG"/><W> জখম </W><W> চার </W><W> জন </W><W> শ্রমিককে </W></CASUALTIES-ARG><AFTER_EFFECTS-ARG ID="24"><LINK EVENT_ARG="22" ID="33" TYPE_REL="EVENT_ARG"/><W> দার্জিলিং </W><W> সদর </W><W> হাসপাতালে </W><W> ভর্তি </W><W> করানো </W><W> হয়েছে। </W></AFTER_EFFECTS-ARG></P><P><W> অভাবে </W><W> আত্মঘাতী </W><W> ডানলপের </W><W> কর্মী </W></P><P><W> নিজস্ব </W><W> সংবাদদাতা, </W><W> চুঁচুড়া: </W><W> বন্ধ </W><W> হয়ে </W><W> যাওয়া </W><W> ডানলপ </W><W> কারখানার </W><W> আরও </W><W> এক </W><W> শ্রমিক </W><W> আত্মহত্যা </W><W> করলেন। </W><W> তাঁর </W><W> নাম </W><W> স্বপন </W><W> বসু </W><W> (৪২)। </W><W> বাড়ি </W><W> সাহাগঞ্জে। </W><W> তাঁর </W><W> দু’টি </W><W> সন্তানও </W><W> রয়েছে। </W><W> পুলিশ </W><W> জানায়, </W><W> টায়ার </W><W> সেকশানের </W><W> কর্মী </W><W> স্বপনবাবু </W><W> দীর্ঘদিন </W><W> কারখানা </W><W> বন্ধ </W><W> থাকায় </W><W> অভাবে </W><W> পড়ে </W><W> কয়েক </W><W> জনের </W><W> কাছে </W><W> টাকা </W><W> ধার </W><W> করেন। </W><W> সংসার </W><W> চালাতে </W><W> ব্যাণ্ডেলে </W><W> একটি </W><W> ছোট </W><W> মিষ্টির </W><W> দোকানও </W><W> করেন </W><W> তিনি। </W><W> কিন্তু </W><W> তাও </W><W> ভাল </W><W> চলছিল </W><W> না। </W><W> ফলে </W><W> ধার </W><W> না </W><W> শোধ </W><W> করতে </W><W> পারার </W><W> লজ্জায় </W><W> ও </W><W> অভাবের </W><W> তাড়নায় </W><W> তিনি </W><W> রবিবার </W><W> গলায় </W><W> দড়ি </W><W> দিয়ে </W><W> দোকানেই </W><W> অাত্মহত্যা </W><W> করেন। </W></P><P><W> বধূ </W><W> খুন, </W><W> স্বামী </W><W> ধৃত </W></P><P><W> নিজস্ব </W><W> সংবাদদাতা, </W><W> আসানসোল: </W><W> অণ্ডালে </W><W> রেল </W><W> কলোনির </W><W> পাশে </W><W> একটি </W><W> ঝুপড়িতে </W><W> শনিবার </W><W> গভীর </W><W> রাতে </W><W> এক </W><W> গৃহবধূ </W><W> খুন </W><W> হয়েছেন। </W><W> তাঁর </W><W> নাম </W><W> নাজমা </W><W> খাতুন </W><W> (২৫)। </W><W> খুনের </W><W> দায়ে </W><W> পুলিশ </W><W> ওই </W><W> মহিলার </W><W> স্বামী </W><W> ইকবালকে </W><W> গ্রেফতার </W><W> করেছে। </W><W> পুলিশ </W><W> জানায়, </W><W> স্থানীয় </W><W> এক </W><W> যুবকের </W><W> সঙ্গে </W><W> অবৈধ </W><W> সম্পর্ক </W><W> আছে </W><W> ভেবে </W><W> ইকবাল </W><W> নাজমাকে </W><W> সন্দেহ </W><W> করত। </W><W> ওই </W><W> দিন </W><W> বিকেলে </W><W> এই </W><W> নিয়ে </W><W> স্বামী-স্ত্রীর </W><W> মধ্যে </W><W> ঝগড়া </W><W> হয়। </W><W> আচমকাই </W><W> সে </W><W> নাজমার </W><W> পেটে </W><W> ছুরি </W><W> মারে। </W></P><P><PARTICIPANT-ARG ID="36"><LINK EVENT_ARG="37" ID="56" TYPE_REL="EVENT_ARG"/><W> ট্রাক </W></PARTICIPANT-ARG><MAN_MADE_EVENT ID="37" TYPE="TRANSPORT_HAZARDS"><W> খাদে </W><W> পড়ে </W></MAN_MADE_EVENT><CASUALTIES-ARG ID="38"><LINK EVENT_ARG="37" ID="55" TYPE_REL="EVENT_ARG"/><W> দুই </W><W> শ্রমিকের </W><W> মৃত্যু </W></CASUALTIES-ARG></P><P><W> নিজস্ব </W><W> সংবাদদাতা, </W><W> শিলিগুড়ি: </W><TIME-ARG ID="39"><LINK EVENT_ARG="42" ID="57" TYPE_REL="EVENT_ARG"/><W> শনিবার </W><W> বিকালে </W></TIME-ARG><PLACE-ARG ID="40"><LINK EVENT_ARG="42" ID="59" TYPE_REL="EVENT_ARG"/><W> দার্জিলিঙের </W><W> নর্থ </W><W> পয়েন্ট </W><W> এলাকায় </W></PLACE-ARG><PARTICIPANT-ARG ID="41"><LINK EVENT_ARG="42" ID="60" TYPE_REL="EVENT_ARG"/><W> মাটিবোঝাই </W><W> একটি </W><W> ট্রাক </W></PARTICIPANT-ARG><W> রাস্তা </W><W> ভেঙে </W><MAN_MADE_EVENT ID="42" TYPE="TRANSPORT_HAZARDS"><EVENT-COREF-LINK EVENT_ID="37" ID="72" TYPE_REL="EVENT_COREF"/><W> খাদে </W><W> পড়ে </W></MAN_MADE_EVENT><CASUALTIES-ARG ID="43"><LINK EVENT_ARG="42" ID="58" TYPE_REL="EVENT_ARG"/><W> দুই </W><W> শ্রমিকের </W><W> মৃত্যু </W></CASUALTIES-ARG><W> হয়েছে। </W><MAN_MADE_EVENT ID="44" TYPE="TRANSPORT_HAZARDS"><EVENT-COREF-LINK EVENT_ID="42" ID="71" TYPE_REL="EVENT_COREF"/><W> ওই </W><W> দুর্ঘটনায় </W></MAN_MADE_EVENT><CASUALTIES-ARG ID="45"><LINK EVENT_ARG="44" ID="61" TYPE_REL="EVENT_ARG"/><W> জখম </W><W> হয়েছেন </W><W> আরও </W><W> চার </W><W> জন </W><W> শ্রমিক। </W></CASUALTIES-ARG><W> পুলিশ </W><W> জানায়, </W><W> মৃত </W><W> দুই </W><W> শ্রমিকের </W><W> নাম </W><W> নগেন </W><W> ছেত্রী </W><W> (২৬) </W><W> এবং </W><W> দীনেশ </W><W> বিশ্বকর্মা </W><W> (২৫)। </W><MAN_MADE_EVENT ID="46" TYPE="TRANSPORT_HAZARDS"><EVENT-COREF-LINK EVENT_ID="44" ID="70" TYPE_REL="EVENT_COREF"/><W> দুর্ঘটনায় </W></MAN_MADE_EVENT><W> জখম </W><CASUALTIES-ARG ID="47"><LINK EVENT_ARG="46" ID="62" TYPE_REL="EVENT_ARG"/><W> চার </W><W> জন </W><W> শ্রমিককে </W></CASUALTIES-ARG><AFTER_EFFECTS-ARG ID="48"><LINK EVENT_ARG="46" ID="63" TYPE_REL="EVENT_ARG"/><W> দার্জিলিং </W><W> সদর </W><W> হাসপাতালে </W><W> ভর্তি </W><W> করানো </W><W> হয়েছে। </W></AFTER_EFFECTS-ARG><W> পুলিশ </W><W> সূত্রে </W><W> জানা </W><W> গিয়েছে, </W><TIME-ARG ID="49"><LINK EVENT_ARG="55" ID="56" TYPE_REL="EVENT_ARG"/><W> ওই </W><W> দিন </W></TIME-ARG><W> ওই </W><W> মাটি </W><W> বোঝাই </W><W> গাড়িটি </W><W> যখন </W><W> রাস্তার </W><W> পাশে </W><W> মাটি </W><W> ফেলছিল, </W><W> সেই </W><W> সময় </W><REASON-ARG ID="50"><LINK EVENT_ARG="55" ID="60" TYPE_REL="EVENT_ARG"/><W> আচমকা </W><W> ধস </W><W> নামলে </W></REASON-ARG><PARTICIPANT-ARG ID="51"><LINK EVENT_ARG="55" ID="59" TYPE_REL="EVENT_ARG"/><W> গাড়িটি </W></PARTICIPANT-ARG><DEPTH-ARG ID="53"><LINK EVENT_ARG="55" ID="58" TYPE_REL="EVENT_ARG"/><W> প্রায় </W><W> দেড়শো </W><W> ফুট </W><W> নীচে </W></DEPTH-ARG><MAN_MADE_EVENT ID="55" TYPE="TRANSPORT_HAZARDS"><EVENT-COREF-LINK EVENT_ID="46" ID="61" TYPE_REL="EVENT_COREF"/><W> গড়িয়ে </W><W> পড়ে </W><W> যায়। </W></MAN_MADE_EVENT><CASUALTIES-ARG ID="54"><LINK EVENT_ARG="55" ID="57" TYPE_REL="EVENT_ARG"/><W> সঙ্গে </W><W> সঙ্গেই </W><W> দুজন </W><W> শ্রমিক </W><W> মারা </W><W> যান। </W></CASUALTIES-ARG></P><P><W> ইস্কো: </W><W> পথ </W><W> অবরোধ </W></P><P><W> নিজস্ব </W><W> সংবাদদাতা, </W><W> আসানসোল: </W><W> ইস্কো </W><W> পুনরুজ্জীবনের </W><W> দাবি </W><W> তুলে </W><W> রবিবার </W><W> এখানকার </W><W> কালীপাহাড়ির </W><W> মোড়ে </W><W> জাতীয় </W><W> সড়ক </W><W> অবরোধ </W><W> করে </W><W> ইস্কো </W><W> বাঁচাও </W><W> কমিটি। </W><W> এ </W><W> দিন </W><W> সকাল </W><W> ৯টা </W><W> থেকে </W><W> অফিসারদের </W><W> সংগঠন </W><W> ও </W><W> পাঁচটি </W><W> শ্রমিক </W><W> ইউনিয়নের </W><W> হাজার </W><W> পাঁচেক </W><W> সমর্থক </W><W> প্রায় </W><W> দেড় </W><W> ঘণ্টা </W><W> পথ </W><W> অবরোধ </W><W> করে </W><W> রাখেন। </W></P><P><W> দখল </W><W> উচ্ছেদ </W></P><P><W> পশ্চিম </W><W> মেদিনীপুরের </W><W> জেলাশাসকের </W><W> অফিস </W><W> চত্বরে </W><W> অবৈধভাবে </W><W> ভাবে </W><W> জবরদখল </W><W> করা </W><W> ৭০টি </W><W> দোকানঘর </W><W> রবিবার </W><W> ভেঙে </W><W> দেওয়া </W><W> হয়েছে। </W><W> এই </W><W> দিন </W><W> সকাল </W><W> থেকেই </W><W> পূর্ত </W><W> দফতর </W><W> বুলডোজার </W><W> নিয়ে </W><W> ওই </W><W> দোকানগুলি </W><W> ভেঙে </W><W> দেওয়ার </W><W> কাজ </W><W> শুরু </W><W> করে। </W><W> তবে </W><W> জেলা </W><W> প্রশাসনের </W><W> তরফে </W><W> দোকানিদের </W><W> এই </W><W> ব্যাপারে </W><W> সতর্ক </W><W> করে </W><W> দেওয়ায় </W><W> তাঁরা </W><W> তাঁদের </W><W> জিনিসপত্র </W><W> আগে </W><W> থেকেই </W><W> সরিয়ে </W><W> রেখেছিলেন। </W></P><P><MAN_MADE_EVENT ID="64" TYPE="VEHICULAR_COLLISION"><W> দুর্ঘটনায় </W></MAN_MADE_EVENT><W> মৃত্যু </W></P><P><TIME-ARG ID="1"><LINK EVENT_ARG="65" ID="68" TYPE_REL="EVENT_ARG"/><W> শনিবার </W><W> গভীর </W><W> রাতে </W></TIME-ARG><PLACE-ARG ID="2"><LINK EVENT_ARG="65" ID="70" TYPE_REL="EVENT_ARG"/><W> মেদিনীপুরের </W><W> হলদিয়ার </W><W> কাছে </W><W> রানিচকে </W></PLACE-ARG><PARTICIPANT-ARG ID="3"><LINK EVENT_ARG="65" ID="69" TYPE_REL="EVENT_ARG"/><W> একটি </W><W> ট্রেলার </W></PARTICIPANT-ARG><MAN_MADE_EVENT ID="65" TYPE="VEHICULAR_COLLISION"><EVENT-COREF-LINK EVENT_ID="64" ID="79" TYPE_REL="EVENT_COREF"/><W> চাপা </W><W> পড়ে </W></MAN_MADE_EVENT><CASUALTIES-ARG ID="5"><LINK EVENT_ARG="65" ID="71" TYPE_REL="EVENT_ARG"/><W> ঝুপড়িবাসী </W><W> এক </W><W> মহিলার </W><W> মৃত্যু </W></CASUALTIES-ARG><W> হয়েছে। </W><W> তার </W><W> নাম </W><W> শিবাণী </W><W> ওঝা </W><W> (২৬)। </W><W> পুলিশ </W><W> জানিয়েছে, </W><W> মেচেদার </W><W> দিকে </W><W> যাওয়ার </W><W> সময় </W><PARTICIPANT-ARG ID="6"><LINK EVENT_ARG="66" ID="72" TYPE_REL="EVENT_ARG"/><W> এক </W><W> ট্রেলার </W></PARTICIPANT-ARG><REASON-ARG ID="7"><LINK EVENT_ARG="66" ID="73" TYPE_REL="EVENT_ARG"/><W> নিয়ন্ত্রণ </W><W> হারিয়ে </W></REASON-ARG><W> রাস্তার </W><W> ধারের </W><W> একটি </W><W> ঝুপড়িকে </W><MAN_MADE_EVENT ID="66" TYPE="VEHICULAR_COLLISION"><EVENT-COREF-LINK EVENT_ID="65" ID="78" TYPE_REL="EVENT_COREF"/><W> পিষে </W><W> দিলে </W></MAN_MADE_EVENT><W> ঘটনাস্থলেই </W><CASUALTIES-ARG ID="8"><LINK EVENT_ARG="66" ID="74" TYPE_REL="EVENT_ARG"/><W> শিবাণীর </W><W> মৃত্যু </W></CASUALTIES-ARG><W> হয়। </W><MAN_MADE_EVENT ID="67" TYPE="VEHICULAR_COLLISION"><EVENT-COREF-LINK EVENT_ID="66" ID="77" TYPE_REL="EVENT_COREF"/><W> দুর্ঘটনার </W></MAN_MADE_EVENT><W> পরই </W><AFTER_EFFECTS-ARG ID="11"><LINK EVENT_ARG="67" ID="75" TYPE_REL="EVENT_ARG"/><W> চালক </W><W> পালিয়ে </W><W> যায়। </W></AFTER_EFFECTS-ARG><AFTER_EFFECTS-ARG ID="12"><LINK EVENT_ARG="67" ID="76" TYPE_REL="EVENT_ARG"/><W> পুলিশ </W><W> লরিটি </W><W> আটর </W><W> করেছে। </W></AFTER_EFFECTS-ARG></P><P><W> ১২ </W><W> অনুপ্রবেশকারী </W><W> ধৃত </W></P><P><W> ডুয়ার্সের </W><W> ময়নাগুড়ি </W><W> এলাকা </W><W> থেকে </W><W> রবিবার </W><W> ভোরে </W><W> ১২ </W><W> জন </W><W> বাংলাদেশি </W><W> অনুপ্রবেশকারীকে </W><W> পুলিশ </W><W> গ্রেফতার </W><W> করেছে। </W><W> এই </W><W> দিন </W><W> সকালে </W><W> চ্যাংড়াবান্দা </W><W> এলাকার </W><W> সীমান্ত </W><W> দিয়ে </W><W> তারা </W><W> এ </W><W> দেশে </W><W> ঢুকে </W><W> পড়ে। </W><W> এর </W><W> পর </W><W> সেখান </W><W> থেকে </W><W> একটি </W><W> ভাড়ার </W><W> গাড়িতে </W><W> চড়ে </W><W> মালবাজারের </W><W> ক্রান্তিতে </W><W> যাওয়ার </W><W> সময়ে </W><W> টহলদার </W><W> পুলিশ </W><W> ইন্দিরা </W><W> মোড়ের </W><W> কাছে </W><W> তাদের </W><W> গ্রেফতার </W><W> করে। </W><W> ধৃতদের </W><W> বাড়ি </W><W> বাংলাদেশের </W><W> ভোলা </W><W> জেলার </W><W> লালমোহন </W><W> এলাকায়। </W><W> ভাড়া </W><W> গাড়ির </W><W> চালক </W><W> ও </W><W> খালাসিকে </W><W> ধরেছে </W><W> পুলিশ। </W></P><P><W> রামানন্দ </W><W> মেলা </W></P><P><W> নিজস্ব </W><W> সংবাদদাতা, </W><W> বাঁকুড়া: </W><W> বাঁকুড়ার </W><W> পাঠকপাড়ায় </W><W> গত </W><W> বুধবার </W><W> শুরু </W><W> হয়েছে </W><W> ‘রামানন্দ </W><W> মেলা’। </W><W> উনিশ </W><W> শতকের </W><W> প্রখ্যাত </W><W> সম্পাদক </W><W> রামানন্দ </W><W> চট্টোপাধ্যায়ের </W><W> জন্ম-ভিটার </W><W> পাশে </W><W> বসেছে </W><W> ৫দিনের </W><W> এই </W><W> মেলা। </W></P></DOCUMENT>