<?xml version="1.0" encoding="UTF-8"?>
<DOCUMENT><P><TIME-ARG ID="0"><LINK EVENT_ARG="2" ID="34" TYPE_REL="EVENT_ARG"/><W> ৩০ </W><W> শ্রাবণ </W><W> ১৪০৯ </W><W> বৃহস্পতিবার </W><W> ১৫ </W><W> অগস্ট </W><W> ২০০২ </W></TIME-ARG></P><P><PARTICIPANT-ARG ID="1"><LINK EVENT_ARG="2" ID="36" TYPE_REL="EVENT_ARG"/><W> বাস-মিনি </W></PARTICIPANT-ARG><MAN_MADE_EVENT ID="2" TYPE="VEHICULAR_COLLISION"><W> ধাক্কায় </W></MAN_MADE_EVENT><CASUALTIES-ARG ID="3"><LINK EVENT_ARG="2" ID="35" TYPE_REL="EVENT_ARG"/><W> মৃত </W><W> ২, </W></CASUALTIES-ARG><CASUALTIES-ARG ID="4"><LINK EVENT_ARG="2" ID="37" TYPE_REL="EVENT_ARG"/><W> জখম </W><W> ২৯ </W></CASUALTIES-ARG><W> নিজস্ব </W><W> সংবাদদাতা </W><W> পুরুলিয়া </W><PLACE-ARG ID="5"><LINK EVENT_ARG="7" ID="38" TYPE_REL="EVENT_ARG"/><W> টাটানগর-পুরুলিয়া </W><W> রাস্তায় </W><W> কংসাবতী </W><W> সেতুর </W><W> কাছে </W></PLACE-ARG><TIME-ARG ID="6"><LINK EVENT_ARG="7" ID="39" TYPE_REL="EVENT_ARG"/><W> বুধবার </W><W> সকালে </W></TIME-ARG><W> এক </W><MAN_MADE_EVENT ID="7" TYPE="VEHICULAR_COLLISION"><EVENT-COREF-LINK EVENT_ID="2" ID="72" TYPE_REL="EVENT_COREF"/><W> পথ </W><W> দুর্ঘটনায় </W></MAN_MADE_EVENT><CASUALTIES-ARG ID="8"><LINK EVENT_ARG="7" ID="40" TYPE_REL="EVENT_ARG"/><W> দুই </W><W> যাত্রী </W><W> মারা </W><W> গিয়েছেন। </W></CASUALTIES-ARG><CASUALTIES-ARG ID="9"><LINK EVENT_ARG="7" ID="41" TYPE_REL="EVENT_ARG"/><W> জখম </W><W> হয়েছেন </W><W> ২৯ </W><W> জন। </W></CASUALTIES-ARG><AFTER_EFFECTS-ARG ID="10"><LINK EVENT_ARG="7" ID="42" TYPE_REL="EVENT_ARG"/><W> আহতদের </W><W> পুরুলিয়া </W><W> সদর </W><W> হাসপাতালে </W><W> ভর্তি </W><W> করা </W><W> হয়েছে। </W></AFTER_EFFECTS-ARG><W> মৃত </W><W> এক </W><W> জনের </W><W> পরিচয় </W><W> জানা </W><W> গিয়েছে। </W><W> তাঁর </W><W> নাম </W><W> চেপু </W><W> সহিস </W><W> (৫২)। </W></P><P><W> পুলিশ </W><W> ও </W><W> প্রত্যক্ষদর্শীরা </W><W> জানান, </W><TIME-ARG ID="11"><LINK EVENT_ARG="64" ID="65" TYPE_REL="EVENT_ARG"/><W> এ </W><W> দিন </W><W> সকাল </W><W> ১০টা </W><W> নাগাদ </W></TIME-ARG><PARTICIPANT-ARG ID="12"><LINK EVENT_ARG="64" ID="66" TYPE_REL="EVENT_ARG"/><W> পুরুলিয়া </W><W> থেকে </W><W> আড়শাগামী </W><W> একটি </W><W> মিনিবাসকে </W></PARTICIPANT-ARG><PARTICIPANT-ARG ID="13"><LINK EVENT_ARG="64" ID="67" TYPE_REL="EVENT_ARG"/><W> দূরপাল্লার </W><W> একটি </W><W> বাস </W></PARTICIPANT-ARG><MAN_MADE_EVENT ID="64" TYPE="VEHICULAR_COLLISION"><EVENT-COREF-LINK EVENT_ID="7" ID="69" TYPE_REL="EVENT_COREF"/><W> ধাক্কা </W><W> মারলে </W></MAN_MADE_EVENT><AFTER_EFFECTS-ARG ID="15"><LINK EVENT_ARG="64" ID="68" TYPE_REL="EVENT_ARG"/><W> মিনিবাসটি </W><W> নদীর </W><W> দিকে </W><W> গড়িয়ে </W><W> পড়ে </W><W> যায়। </W></AFTER_EFFECTS-ARG><W> সদর </W><W> হাসপাতালে </W><W> শুয়ে </W><W> জখম </W><W> আলোচনা </W><W> মাঝি </W><W> বলেন, </W><PARTICIPANT-ARG ID="16"><LINK EVENT_ARG="70" ID="71" TYPE_REL="EVENT_ARG"/><W> ‘‘পিছনের </W><W> বাসটা </W></PARTICIPANT-ARG><PARTICIPANT-ARG ID="17"><LINK EVENT_ARG="70" ID="72" TYPE_REL="EVENT_ARG"/><W> আমাদের </W><W> মিনিবাসকে </W></PARTICIPANT-ARG><REASON-ARG ID="18"><LINK EVENT_ARG="70" ID="73" TYPE_REL="EVENT_ARG"/><W> ওভারটেক </W><W> করতে </W><W> গিয়ে </W></REASON-ARG><MAN_MADE_EVENT ID="70" TYPE="VEHICULAR_COLLISION"><EVENT-COREF-LINK EVENT_ID="64" ID="74" TYPE_REL="EVENT_COREF"/><W> ধাক্কা </W><W> মারে।’’ </W></MAN_MADE_EVENT><W> সন্তানসম্ভবা </W><W> ওই </W><W> মহিলা </W><W> তিন </W><W> দিন </W><W> ওই </W><W> হাসপাতালে </W><W> ভর্তি </W><W> থেকে </W><W> এ </W><W> দিনই </W><W> বাড়ি </W><W> ফিরছিলেন। </W><MAN_MADE_EVENT ID="20" TYPE="VEHICULAR_COLLISION"><EVENT-COREF-LINK EVENT_ID="70" ID="75" TYPE_REL="EVENT_COREF"/><W> এই </W><W> ঘটনায় </W></MAN_MADE_EVENT><CASUALTIES-ARG ID="50"><LINK EVENT_ARG="20" ID="51" TYPE_REL="EVENT_ARG"/><W> তাঁর </W><W> মা-ও </W><W> জখম </W><W> হন। </W></CASUALTIES-ARG><AFTER_EFFECTS-ARG ID="22"><LINK EVENT_ARG="20" ID="52" TYPE_REL="EVENT_ARG"/><W> ওভারটেক </W><W> করতে </W><W> যাওয়া </W><W> বাসটির </W><W> চালক </W><W> বলরামপুর </W><W> থানায় </W><W> আত্মসমর্পণ </W><W> করেছেন। </W></AFTER_EFFECTS-ARG><MAN_MADE_EVENT ID="21" TYPE="VEHICULAR_COLLISION"><EVENT-COREF-LINK EVENT_ID="20" ID="68" TYPE_REL="EVENT_COREF"/><W> দুর্ঘটনার </W></MAN_MADE_EVENT><W> জেরে </W><W> ওই </W><AFTER_EFFECTS-ARG ID="23"><LINK EVENT_ARG="21" ID="53" TYPE_REL="EVENT_ARG"/><W> রাস্তায় </W><W> যান </W><W> চলাচল </W><W> কিছুক্ষণ </W><W> বন্ধ </W></AFTER_EFFECTS-ARG><W> ছিল। </W><W> অন্য </W><W> দিকে </W><PLACE-ARG ID="24"><LINK EVENT_ARG="27" ID="54" TYPE_REL="EVENT_ARG"/><W> দেশবন্ধু </W><W> রোডেও </W></PLACE-ARG><TIME-ARG ID="25"><LINK EVENT_ARG="27" ID="57" TYPE_REL="EVENT_ARG"/><W> এ </W><W> দিন </W><W> সকাল </W><W> সাড়ে </W><W> ১০টা </W><W> নাগাদ </W></TIME-ARG><PARTICIPANT-ARG ID="26"><LINK EVENT_ARG="27" ID="56" TYPE_REL="EVENT_ARG"/><W> মিনিবাসের </W></PARTICIPANT-ARG><MAN_MADE_EVENT ID="27" TYPE="VEHICULAR_COLLISION"><W> ধাক্কায় </W></MAN_MADE_EVENT><CASUALTIES-ARG ID="28"><LINK EVENT_ARG="27" ID="55" TYPE_REL="EVENT_ARG"/><W> এক </W><W> সাইকেল </W><W> আরোহী </W></CASUALTIES-ARG><W> প্রাণ </W><W> হারিয়েছেন। </W><W> তাঁর </W><W> নাম </W><W> দিলীপ </W><W> প্রামাণিক </W><W> (৩২)। </W><W> পুলিশ </W><W> জানায়, </W><W> রাস্তা </W><W> পার </W><W> হওয়ার </W><W> সময় </W><W> পিছন </W><W> থেকে </W><PARTICIPANT-ARG ID="29"><LINK EVENT_ARG="76" ID="79" TYPE_REL="EVENT_ARG"/><W> মিনিবাসটি </W></PARTICIPANT-ARG><CASUALTIES-ARG ID="59"><LINK EVENT_ARG="76" ID="78" TYPE_REL="EVENT_ARG"/><W> তাঁকে </W></CASUALTIES-ARG><MAN_MADE_EVENT ID="76" TYPE="VEHICULAR_COLLISION"><EVENT-COREF-LINK EVENT_ID="27" ID="77" TYPE_REL="EVENT_COREF"/><W> ধাক্কা </W><W> মারে। </W></MAN_MADE_EVENT><AFTER_EFFECTS-ARG ID="32"><LINK EVENT_ARG="76" ID="80" TYPE_REL="EVENT_ARG"/><W> বাসচালককে </W><W> গ্রেফতার </W><W> করা </W><W> হয়েছে। </W></AFTER_EFFECTS-ARG><AFTER_EFFECTS-ARG ID="33"><LINK EVENT_ARG="76" ID="81" TYPE_REL="EVENT_ARG"/><W> বাসটিকেও </W><W> আটক </W><W> করেছে </W><W> পুলিশ। </W></AFTER_EFFECTS-ARG></P></DOCUMENT>