<?xml version="1.0" encoding="UTF-8"?>
<DOCUMENT><P><TIME-ARG ID="0"><LINK EVENT_ARG="9" ID="18" TYPE_REL="EVENT_ARG"/><W> ২৮ </W><W> ভাদ্র </W><W> ১৪০৯ </W><W> শনিবার </W><W> ১৪ </W><W> সেপ্টেম্বর </W><W> ২০০২ </W></TIME-ARG></P><P><W> সংক্ষেপে.. </W><W> স্ত্রীকে </W><W> মেরে </W><W> কোপ </W><W> নিজের </W><W> গলায় </W><W> স্টাফ </W><W> রিপোর্টার </W><W> কলকাতা </W><W> কাটারির </W><W> কোপে </W><W> স্ত্রীকে </W><W> খুন </W><W> করে </W><W> নিজেও </W><W> আত্মহননের </W><W> চেষ্টা </W><W> করেছে </W><W> এক </W><W> যুবক। </W><W> শুক্রবার </W><W> রাতে, </W><W> হুগলির </W><W> চণ্ডীতলা </W><W> এলাকায় </W><W> এই </W><W> ঘটনাকে </W><W> পারিবারিক </W><W> অশান্তির </W><W> পরিণাম </W><W> বলে </W><W> মনে </W><W> করছে </W><W> পুলিশ। </W><W> শুক্রবার </W><W> রাত </W><W> পৌনে </W><W> ৯টা </W><W> নাগাদ, </W><W> চণ্ডীতলার </W><W> বাকসায় </W><W> বাড়ি </W><W> ফেরার </W><W> সঙ্গে </W><W> সঙ্গে </W><W> স্ত্রী </W><W> মীনা </W><W> (৩০)-র </W><W> সঙ্গে </W><W> বচসা </W><W> বাধে </W><W> পিন্টু </W><W> মাল </W><W> (৩৬) </W><W> নামে </W><W> ওই </W><W> যুবকের। </W><W> প্রতিবেশীরা </W><W> জানান, </W><W> বেশ </W><W> কিছু </W><W> ক্ষণ </W><W> কথা </W><W> কাটাকাটির </W><W> পরে </W><W> পিন্টু </W><W> কাটারি </W><W> দিয়ে </W><W> স্ত্রীকে </W><W> কোপাতে </W><W> থাকে। </W><W> সেখানেই </W><W> মারা </W><W> যান </W><W> মীনা। </W><W> স্ত্রীর </W><W> রক্তাক্ত </W><W> দেহের </W><W> পাশেই </W><W> নিজেও </W><W> গলায় </W><W> কাটারির </W><W> কোপ </W><W> মেরে </W><W> লুটিয়ে </W><W> পড়ে </W><W> ওই </W><W> যুবক। </W><W> প্রতিবেশীরা </W><W> তাকে </W><W> আশঙ্কাজনক </W><W> অবস্থায় </W><W> স্থানীয় </W><W> হাসপাতালে </W><W> ভর্তি </W><W> করিয়ে </W><W> দিয়েছেন। </W></P><P><W> বাগডোগরায় </W><W> হাতির </W><W> তাণ্ডব </W></P><P><W> নিজস্ব </W><W> সংবাদদাতা, </W><W> শিলিগুড়ি: </W><W> বৃহস্পতিবার </W><W> গভীর </W><W> রাতে </W><W> বুনো </W><W> হাতির </W><W> একটি </W><W> দল </W><W> বাগডোগরা </W><W> থানার </W><W> একটি </W><W> গ্রামে </W><W> ও </W><W> চা </W><W> বাগানে </W><W> ঢুকে </W><W> তাণ্ডব </W><W> চালায়। </W><W> হাতির </W><W> দলটি </W><W> ফুজিয়াপান </W><W> গ্রামের </W><W> কয়েকটি </W><W> বাড়ি </W><W> ও </W><W> দোকানপাট </W><W> এবং </W><W> বাগডোগরা </W><W> চা </W><W> বাগানের </W><W> শ্রমিকবস্তির </W><W> ঘরবাড়ি </W><W> ভাঙচুর </W><W> করে। </W><W> পরে </W><W> স্থানীয় </W><W> মানুষ, </W><W> পুলিশ </W><W> ও </W><W> বন </W><W> বিভাগের </W><W> প্রশিক্ষিত </W><W> কর্মীরা </W><W> আগুন </W><W> দেখিয়ে </W><W> ও </W><W> পটকা </W><W> ফাটিয়ে </W><W> হাতির </W><W> দলটিকে </W><W> জঙ্গলে </W><W> ঢুকিয়ে </W><W> দেন। </W><W> পুলিশ </W><W> সূত্রে </W><W> জানা </W><W> গিয়েছে, </W><W> ওই </W><W> দিন </W><W> রাত </W><W> ১টা </W><W> নাগাদ </W><W> ব্যাঙডুবির </W><W> জঙ্গল </W><W> থেকে </W><W> তিনটি </W><W> বুনো </W><W> হাতি </W><W> বাগডোগরায় </W><W> ঢুকে </W><W> পড়ে। </W><W> এর </W><W> মধ্যে </W><W> একটি </W><W> হাতি </W><W> ‘এয়ারপোর্ট’ </W><W> মোড়ে </W><W> দাঁড়িয়ে </W><W> থাকলেও </W><W> আর </W><W> দু’টি </W><W> হাতি </W><W> ওই </W><W> গ্রামে </W><W> এবং </W><W> চা </W><W> বাগানটিতে </W><W> ঢুকে </W><W> তাণ্ডব </W><W> চালায়। </W><W> তবে </W><W> কেউ </W><W> আহত </W><W> হননি। </W><W> পুলিশ </W><W> জানিয়েছে, </W><W> বন </W><W> বিভাগের </W><W> প্রশিক্ষিত </W><W> কর্মীরা </W><W> ওই </W><W> এলাকাটির </W><W> উপর </W><W> নজর </W><W> রাখছেন। </W></P><P><W> পাক </W><W> চরের </W><W> ‘লিঙ্কম্যান’ </W><W> ধৃত </W></P><P><W> নিজস্ব </W><W> সংবাদদাতা, </W><W> মালদহ: </W><W> পাক </W><W> চরের </W><W> ‘লিঙ্কম্যান’ </W><W> সন্দেহে </W><W> সীমান্তরক্ষী </W><W> বাহিনীর </W><W> জওয়ানরা </W><W> পুরাতন </W><W> মালদহ </W><W> থানার </W><W> আদমপুর </W><W> সীমান্ত </W><W> থেকে </W><W> বৃহস্পতিবার </W><W> রাতে </W><W> আব্দুল </W><W> উকিল </W><W> নামে </W><W> এক </W><W> ব্যক্তিকে </W><W> গ্রেফতার </W><W> করেছে। </W><W> আব্দুলের </W><W> কাছ </W><W> থেকে </W><W> সন্দেহজনক </W><W> কিছু </W><W> কাগজও </W><W> উদ্ধার </W><W> করা </W><W> হয়েছে। </W><W> পুলিশ </W><W> জানায়, </W><W> ওই </W><W> ব্যক্তি </W><W> ধরা </W><W> পড়লেও </W><W> আর </W><W> এক </W><W> জন </W><W> পলাতক। </W><W> ধৃত </W><W> ব্যক্তিকে </W><W> রাজ্য </W><W> ও </W><W> ফৌজি </W><W> গোয়েন্দাকর্তারা </W><W> জিজ্ঞাসাবাদ </W><W> শুরু </W><W> করেছেন। </W><W> পুলিশ </W><W> সুপার </W><W> জানিয়েছেন, </W><W> ধৃত </W><W> ব্যক্তি </W><W> বাংলাদেশি </W><W> নাগরিক। </W></P><P><W> কর্তব্যরত </W><W> জওয়ানেরা </W><W> আদমপুর </W><W> সীমান্ত </W><W> দিয়ে </W><W> দু’জনকে </W><W> ভারতে </W><W> ঢুকতে </W><W> দেখে </W><W> হুঁশিয়ারি </W><W> দেন। </W><W> জওয়ানরা </W><W> টের </W><W> পেয়ে </W><W> গিয়েছেন </W><W> লক্ষ </W><W> করে </W><W> তারা </W><W> পালাতে </W><W> থাকে। </W><W> তাদের </W><W> ধাওয়া </W><W> করে </W><W> আব্দুলকে </W><W> ধরা </W><W> হয়। </W></P><P><W> জনযুদ্ধের </W><W> নেতা </W><W> সন্দেহে </W><W> গ্রেফতার </W></P><P><W> নিজস্ব </W><W> সংবাদদাতা, </W><W> কৃষ্ণনগর: </W><W> বেথুয়াডহরি </W><W> থানার </W><W> সামনে </W><W> থেকে </W><W> বৃহস্পতিবার </W><W> রাতে </W><W> এক </W><W> ব্যক্তিকে </W><W> গ্রেফতার </W><W> করা </W><W> হয়েছে। </W><W> পুলিশের </W><W> দাবি, </W><W> ধৃত </W><W> ব্যক্তি </W><W> জনযুদ্ধ </W><W> গোষ্ঠীর </W><W> এক </W><W> জন </W><W> সক্রিয় </W><W> নেতা। </W><W> তাঁর </W><W> নাম </W><W> অনিল </W><W> বিশ্বাস। </W><W> তাঁর </W><W> বাড়ি </W><W> নাকাশিপাড়া </W><W> থানার </W><W> খিদিরপুরের </W><W> মজফফরপুরে। </W><W> তিনি </W><W> ওই </W><W> সময় </W><W> বাড়ি </W><W> ফিরছিলেন। </W></P><P><W> পরীক্ষার </W><W> দিন </W><W> বদল </W></P><P><W> স্টাফ </W><W> রিপোর্টার, </W><W> কলকাতা: </W><W> উচ্চ </W><W> মাধ্যমিক </W><W> পরীক্ষার </W><W> সূচিতে </W><W> সামান্য </W><W> রদবদল </W><W> ঘটানো </W><W> হয়েছে। </W><W> উচ্চ </W><W> মাধ্যমিক </W><W> শিক্ষা </W><W> সংসদের </W><W> সচিব </W><W> বনমালী </W><W> ত্রিপাঠী </W><W> জানিয়েছেন, </W><W> ২০০৩ </W><W> সালের </W><W> উচ্চ </W><W> মাধ্যমিকের </W><W> সূচিতে </W><W> ৭ </W><W> এপ্রিল, </W><W> সোমবারের </W><W> নির্ধারিত </W><W> সাধারণ/বহিরাগত </W><W> ও </W><W> বৃত্তিমূলক </W><W> শাখার </W><W> পরীক্ষা </W><W> ওই </W><W> দিনের </W><W> বদলে </W><W> হবে </W><W> ১০ </W><W> এপ্রিল, </W><W> বৃহস্পতিবার। </W><W> ৭ </W><W> এপ্রিল </W><W> উচ্চ </W><W> মাধ্যমিকের </W><W> কোনও </W><W> বিষয়েরই </W><W> পরীক্ষা </W><W> নেওয়া </W><W> হবে </W><W> না। </W></P><P><W> তরুণীর </W><W> দেহ </W><W> উদ্ধার </W></P><P><W> হাওড়ার </W><W> শিবপুর </W><W> থানার </W><W> অতীন্দ্র </W><W> মুখার্জি </W><W> রোডের </W><W> একটি </W><W> বাড়ি </W><W> থেকে </W><W> শুক্রবার </W><W> সকালে </W><W> এক </W><W> তরুণীর </W><W> ঝুলন্ত </W><W> মৃতদেহ </W><W> উদ্ধার </W><W> করা </W><W> হয়। </W><W> তাঁর </W><W> নাম </W><W> কাঞ্চন </W><W> প্রভা </W><W> (২৩)। </W><W> তিনি </W><W> কলকাতার </W><W> শিক্ষায়তন </W><W> কলেজে </W><W> বি </W><W> এড </W><W> পড়তেন। </W><W> শুক্রবার </W><W> সকালে </W><W> ঘরের </W><W> মধ্যে </W><W> ফাঁস </W><W> দেওয়া </W><W> অবস্থায় </W><W> মৃতদেহ </W><W> দেখে </W><W> বাড়ির </W><W> লোক </W><W> পুলিশে </W><W> খবর </W><W> দেন। </W><W> মৃতার </W><W> মা </W><W> হাওড়া </W><W> পুরসভার </W><W> সি </W><W> পি </W><W> এমের </W><W> কাউন্সিলর। </W><W> প্রাথমিক </W><W> তদন্তে </W><W> পুলিশের </W><W> অনুমান, </W><W> লেখাপড়ার </W><W> চাপ </W><W> সহ্য </W><W> করতে </W><W> না </W><W> পারায় </W><W> জন্যই </W><W> তিনি </W><W> আত্মঘাতী </W><W> হয়েছেন। </W></P><P><CASUALTIES-ARG ID="1"><LINK EVENT_ARG="9" ID="16" TYPE_REL="EVENT_ARG"/><W> জখম </W><W> ৩ </W></CASUALTIES-ARG></P><P><TIME-ARG ID="2"><LINK EVENT_ARG="9" ID="15" TYPE_REL="EVENT_ARG"/><W> বৃহস্পতিবার </W><W> রাতে </W></TIME-ARG><REASON-ARG ID="3"><LINK EVENT_ARG="2" ID="14" TYPE_REL="EVENT_ARG"/><W> দোকান </W><W> দখল </W><W> নিয়ে </W></REASON-ARG><PLACE-ARG ID="4"><LINK EVENT_ARG="9" ID="13" TYPE_REL="EVENT_ARG"/><W> নন্দীগ্রামের </W><W> তেরপেখিয়া </W><W> গ্রামে </W></PLACE-ARG><PARTICIPANT-ARG ID="5"><LINK EVENT_ARG="9" ID="12" TYPE_REL="EVENT_ARG"/><W> গ্রামবাসীদের </W></PARTICIPANT-ARG><W> মধ্যে </W><MAN_MADE_EVENT ID="9" TYPE="ARMED_CONFLICTS"><W> সংঘর্ষে </W><W> এলোপাথারি </W><W> গুলি </W><W> চলে। </W></MAN_MADE_EVENT><CASUALTIES-ARG ID="10"><LINK EVENT_ARG="9" ID="11" TYPE_REL="EVENT_ARG"/><W> গুলিবিদ্ধ </W><W> ৩ </W><W> জনকে </W></CASUALTIES-ARG><AFTER_EFFECTS-ARG ID="8"><LINK EVENT_ARG="9" ID="17" TYPE_REL="EVENT_ARG"/><W> তমলুক </W><W> সদর </W><W> হাসপাতালে </W><W> ভর্তি </W><W> করা </W><W> হয়েছে। </W></AFTER_EFFECTS-ARG></P></DOCUMENT>