<?xml version="1.0" encoding="UTF-8"?>
<DOCUMENT><P><TIME-ARG ID="0"><LINK EVENT_ARG="1" ID="15" TYPE_REL="EVENT_ARG"/><W> ১৯ </W><W> ভাদ্র </W><W> ১৪০৯ </W><W> বৃহস্পতিবার </W><W> ৫ </W><W> সেপ্টেম্বর </W><W> ২০০২ </W></TIME-ARG></P><P><W> ঘুমঘোরে </W><W> রহস্যময় </W><MAN_MADE_EVENT ID="1" TYPE="FIRE"><W> আগুনে </W></MAN_MADE_EVENT><CASUALTIES-ARG ID="2"><LINK EVENT_ARG="1" ID="16" TYPE_REL="EVENT_ARG"/><W> বাবা </W><W> ও </W><W> তিন </W><W> ছেলেমেয়ের </W><W> মৃত্যু </W></CASUALTIES-ARG><W> সোনারপুরে </W><W> শ্যামল </W><W> মুখোপাধ্যায় </W><W> সোনারপুর </W></P><P><PLACE-ARG ID="3"><LINK EVENT_ARG="1" ID="17" TYPE_REL="EVENT_ARG"/><W> সোনারপুর </W><W> থানার </W><W> নতুনপল্লিতে </W></PLACE-ARG><W> এই </W><W> বাড়িতে </W><CASUALTIES-ARG ID="4"><LINK EVENT_ARG="1" ID="18" TYPE_REL="EVENT_ARG"/><W> একই </W><W> পরিবারের </W><W> চার </W><W> জন </W><W> পুড়ে </W><W> মারা </W><W> যান। </W></CASUALTIES-ARG><W> ছবি: </W><W> বাজীব </W><W> বসু </W><TIME-ARG ID="5"><LINK EVENT_ARG="1" ID="19" TYPE_REL="EVENT_ARG"/><W> বুধবার </W><W> ভোরে </W></TIME-ARG><PLACE-ARG ID="6"><LINK EVENT_ARG="1" ID="20" TYPE_REL="EVENT_ARG"/><W> সোনারপুরের </W><W> নতুনপল্লিতে </W></PLACE-ARG><W> ঘুমন্ত </W><W> অবস্থায় </W><CASUALTIES-ARG ID="7"><LINK EVENT_ARG="1" ID="21" TYPE_REL="EVENT_ARG"/><W> একই </W><W> পরিবারের </W><W> চার </W><W> জনের </W><W> অস্বাভাবিক </W><W> মৃত্যু </W></CASUALTIES-ARG><W> হয়েছে। </W><W> পুলিশ </W><W> জানায়, </W><W> মৃতদের </W><W> নাম </W><W> প্রেমকুমার </W><W> দাস </W><W> (৩৬)। </W><W> তাঁর </W><W> বড় </W><W> মেয়ে </W><W> প্রীতি </W><W> দাস </W><W> (১৬), </W><W> একমাত্র </W><W> ছেলে </W><W> প্রসেনজিৎ </W><W> ওরফে </W><W> সানি </W><W> (১৩) </W><W> ও </W><W> ছোট </W><W> মেয়ে </W><W> পিউ </W><W> দাস </W><W> (১১)। </W><W> প্রেমবাবুর </W><W> স্ত্রী </W><W> সরস্বতী </W><W> দাসকে </W><W> আশঙ্কাজনক </W><W> অবস্থায় </W><W> এন </W><W> আর </W><W> এস </W><W> হাসপাতালে </W><W> ভর্তি </W><W> করানো </W><W> হয়েছে। </W><REASON-ARG ID="8"><LINK EVENT_ARG="1" ID="22" TYPE_REL="EVENT_ARG"/><W> শর্ট </W><W> সার্কিটের </W></REASON-ARG><W> কারণে </W><W> অগ্নিদগ্ধ </W><W> হয়েই </W><CASUALTIES-ARG ID="9"><LINK EVENT_ARG="1" ID="23" TYPE_REL="EVENT_ARG"/><W> তাঁদের </W><W> মৃত্যু </W></CASUALTIES-ARG><W> হয়েছে </W><W> বলে </W><W> দক্ষিণ </W><W> ২৪ </W><W> পরগনার </W><W> অতিরিক্ত </W><W> পুলিশ </W><W> সুপার </W><W> (শিল্প) </W><W> রাজেশ </W><W> সিংহ </W><W> জানিয়েছেন। </W></P><P><W> স্থানীয় </W><W> বাসিন্দারা </W><W> কিন্তু </W><W> এই </W><W> ঘটনাটির </W><W> অন্য </W><W> ব্যাখ্যা </W><W> দিয়েছেন। </W><W> তাঁদের </W><W> ধারণা, </W><W> ওঁদের </W><W> পরিকল্পিত </W><W> ভাবে </W><W> খুন </W><W> করার </W><W> জন্যই </W><W> বাড়িতে </W><MAN_MADE_EVENT ID="10" TYPE="FIRE"><EVENT-COREF-LINK EVENT_ID="1" ID="28" TYPE_REL="EVENT_COREF"/><W> আগুন </W></MAN_MADE_EVENT><W> লাগিয়ে </W><W> দেওয়া </W><W> হয়েছে। </W><W> এই </W><W> ধারণার </W><W> কোনও </W><W> যুক্তিগ্রাহ্য </W><W> ব্যাখ্যা </W><W> অবশ্য </W><W> দিতে </W><W> পারেননি </W><W> তাঁরা। </W><W> এন </W><W> আর </W><W> এস </W><W> হাসপাতালের </W><W> কর্মী </W><W> প্রেমকুমারবাবু </W><W> নতুনপল্লিতে </W><W> কালীবাড়ি </W><W> রোডে </W><W> ছোট্ট </W><W> বাড়ি </W><W> বানিয়ে </W><W> সেখানেই </W><W> বসবাস </W><W> করছিলেন। </W><W> দু’টি </W><W> ঘর, </W><W> ইটের </W><W> দেওয়াল, </W><W> টালির </W><W> ছাদ। </W><W> বাড়ির </W><W> সামনে-পিছনে </W><W> অল্প </W><W> ফাঁকা </W><W> জমি। </W><W> বর্ষার </W><W> জল </W><W> জমে </W><W> সেই </W><W> ফাঁকা </W><W> জায়গা </W><W> এখন </W><W> কর্দমাক্ত। </W><W> মঙ্গলবার </W><W> রাতে </W><W> একটি </W><W> ঘরে </W><W> খাটে </W><W> শুয়ে </W><W> ছিলেন </W><W> প্রেমকুমারবাবু </W><W> এবং </W><W> তাঁর </W><W> বড় </W><W> মেয়ে </W><W> প্রীতি। </W><W> ছেলে </W><W> সানি </W><W> ও </W><W> মেয়ে </W><W> পিউকে </W><W> নিয়ে </W><W> মেঝেয় </W><W> শুয়ে </W><W> ছিলেন </W><W> সরস্বতীদেবী। </W></P><P><W> পুলিশ </W><W> ও </W><W> স্থানীয় </W><W> বাসিন্দারা </W><W> জানান, </W><TIME-ARG ID="11"><LINK EVENT_ARG="10" ID="24" TYPE_REL="EVENT_ARG"/><W> ভোর </W><W> সাড়ে </W><W> ৪টে </W><W> নাগাদ </W></TIME-ARG><W> হঠাৎ </W><W> ‘আগুন </W><W> আগুন’ </W><W> বলে </W><W> চিৎকার </W><W> করতে </W><W> করতে </W><W> সরস্বতীদেবী </W><W> ঘরের </W><W> বাইরে </W><W> বেরিয়ে </W><W> আসেন। </W><W> তিনিও </W><W> অগ্নিদগ্ধ </W><W> হন। </W><W> চিৎকার </W><W> শুনেই </W><W> ঘুম </W><W> ভেঙে </W><W> প্রতিবেশীরা </W><W> ওই </W><W> বাড়ির </W><W> সামনে </W><W> ছুটে </W><W> যান। </W><W> বাড়ির </W><W> সামনের </W><W> গ্রিলে </W><W> তালা </W><W> লাগানো </W><W> ছিল। </W><W> ওই </W><W> অবস্থায় </W><W> সরস্বতীদেবী </W><W> চাবি </W><W> খুঁজে </W><W> পাননি। </W><W> প্রতিবেশী </W><W> যুবক </W><W> গৌতম </W><W> সরদার, </W><W> গৌতম </W><W> ধর </W><W> বলেন, </W><W> ‘‘আমরা </W><W> সামনের </W><W> দিকে </W><W> রান্নাঘরের </W><W> জাফরি </W><W> ভেঙে </W><W> ঘরে </W><W> ঢুকি।’’ </W><W> ঘরে </W><W> ঢুকে </W><W> ওঁরা </W><W> দেখেন, </W><W> প্রেমকুমারবাবু </W><W> এবং </W><W> পিউয়ের </W><W> কালো </W><W> পোড়া </W><W> মৃতদেহ </W><W> খাটে </W><W> পড়ে </W><W> রয়েছে। </W><W> যন্ত্রণায় </W><W> ছটফট </W><W> করছেন </W><W> সরস্বতীদেবী, </W><W> গোঙাচ্ছে </W><W> প্রীতি </W><W> ও </W><W> সানি। </W><W> একটি </W><W> রিকশাভ্যানে </W><W> চাপিয়ে </W><W> তাঁদের </W><W> নিয়ে </W><W> প্রতিবেশীরা </W><W> কাছাকাছি </W><W> সুভাষগ্রাম </W><W> হাসপাতালে </W><W> ছোটেন। </W><W> সেখানে </W><W> পৌঁছনোর </W><W> আগেই </W><W> সানির </W><W> মৃত্যু </W><W> হয়। </W><W> ওঁদের </W><W> অবস্থা </W><W> আরও </W><W> খারাপ </W><W> হওয়ায় </W><W> সরস্বতীদেবী </W><W> ও </W><W> প্রীতিকে </W><W> অ্যাম্বুল্যান্সে </W><W> চাপিয়ে </W><W> এন </W><W> আর </W><W> এসে </W><W> পাঠানো </W><W> হয়। </W><W> সেখানে </W><W> প্রীতির </W><W> মৃত্যু </W><W> হয়। </W><W> সরস্বতীদেবীর </W><W> চিকিৎসা </W><W> চলছে। </W></P><P><W> দুপুরে </W><W> ঘটনাস্থলে </W><W> গিয়ে </W><W> দেখা </W><W> যায়, </W><W> বাড়ির </W><W> সামনে </W><W> লোকের </W><W> ভিড়। </W><W> পুলিশি </W><W> তদন্ত </W><W> চলছে। </W><W> দমকলের </W><W> দু’টি </W><W> গাড়ি </W><W> দাঁড়িয়ে </W><W> আছে। </W><W> ঘরের </W><W> ভিতরে </W><W> টালির </W><W> ছাদের </W><W> নীচে </W><W> দেওয়া </W><W> পলিথিন </W><W> শিট </W><W> পুড়ে </W><W> গলে </W><W> গিয়েছে। </W><W> ঝলসে </W><W> গিয়েছে </W><W> সিলিং </W><W> ফ্যান। </W><W> টালির </W><W> ছাদেও </W><W> পোড়ার </W><W> দাগ। </W><W> সোনারপুর </W><W> থানার </W><W> আই </W><W> সি </W><W> অমিত </W><W> রায়চৌধুরী </W><W> জানান, </W><W> ‘‘বাইরের </W><W> মেন </W><W> সুইচ </W><W> থেকে </W><W> তার </W><W> নেওয়া </W><W> হয়েছে </W><W> ঘরের </W><W> ভিতরে। </W><W> সেখানে </W><W> বোর্ডের </W><W> প্লাগ </W><W> থেকেই </W><W> এই </W><W> শর্ট </W><W> সার্কিটের </W><W> ঘটনাটি </W><W> ঘটেছে। </W><MAN_MADE_EVENT ID="12" TYPE="FIRE"><EVENT-COREF-LINK EVENT_ID="10" ID="27" TYPE_REL="EVENT_COREF"/><W> আগুন </W></MAN_MADE_EVENT><W> লেগে </W><W> ছাদের </W><W> পলিথিন </W><W> পুড়ে </W><W> ঝলসে </W><W> গিয়ে </W><W> ওঁদের </W><W> গায়ে </W><W> পড়ে। </W><W> তা </W><W> থেকে </W><MAN_MADE_EVENT ID="13" TYPE="FIRE"><EVENT-COREF-LINK EVENT_ID="12" ID="26" TYPE_REL="EVENT_COREF"/><W> আগুন </W></MAN_MADE_EVENT><W> লেগে </W><W> নাইলনের </W><W> মশারিও </W><W> জ্বলে </W><W> যায়। </W><W> সেই </W><W> মশারিও </W><W> ওঁদের </W><W> গায়ে </W><W> লেপটে </W><W> গিয়ে </W><W> বিপদ </W><W> আরও </W><W> বাড়িয়ে </W><W> তোলে।’’ </W><W> এটা </W><W> নিছকই </W><W> দুর্ভাগ্যজনক </W><W> দুর্ঘটনা </W><W> বলে </W><W> জানান </W><W> তিনি। </W></P><P><W> এই </W><W> বক্তব্যে </W><W> তীব্র </W><W> আপত্তি </W><W> স্থানীয় </W><W> সি </W><W> পি </W><W> এম </W><W> নেতা </W><W> গোপাল </W><W> আইচ, </W><W> নাগরিক </W><W> কমিটির </W><W> নিমাই </W><W> জানা-সহ </W><W> অনেকেরই। </W><W> তাঁরা </W><W> বলেন, </W><W> ‘‘আমরা </W><W> ঘরে </W><W> ঢুকে </W><W> মেন </W><W> সুইচের </W><W> ফিউজ </W></P><P><W> খুলে </W><W> দেখি, </W><W> তা </W><W> ঠিক </W><W> আছে। </W><W> মৃতদেহ </W><W> দেখে </W><W> আমাদের </W><W> মনে </W><W> হয়েছে, </W><W> আগুনে </W><W> পুড়ে </W><W> নয়, </W><W> দমবন্ধ </W><W> হয়ে </W><W> ওঁরা </W><W> মারা </W><W> গিয়েছেন।’’ </W><W> শর্ট </W><W> সার্কিটের </W><W> ঘটনা </W><W> হলে </W><W> ফিউজ </W><W> জ্বলে </W><W> যেত </W><W> বলে </W><W> তাঁদের </W><W> ধারণা। </W><W> গোপালবাবু </W><W> বলেন, </W><W> ‘‘আমরা </W><W> পুলিশকে </W><W> বিষয়টিকে </W><W> হাল্কা </W><W> করে </W><W> না-দেখে </W><W> এটা </W><W> খুনের </W><W> ঘটনা </W><W> কি </W><W> না, </W><W> তা </W><W> তদন্ত </W><W> করে </W><W> দেখতে </W><W> অনুরোধ </W><W> জানিয়েছি।’’ </W><W> অতিরিক্ত </W><W> পুলিশ </W><W> সুপার </W><W> (শিল্প) </W><W> ওঁদের </W><W> অভিযোগের </W><W> কোনও </W><W> ভিত্তি </W><W> নেই </W><W> বলেছেন। </W></P></DOCUMENT>