<?xml version="1.0" encoding="UTF-8"?>
<DOCUMENT><P><TIME-ARG ID="0"><LINK EVENT_ARG="1" ID="8" TYPE_REL="EVENT_ARG"/><W> ২৬ </W><W> শ্রাবণ </W><W> ১৪০৯ </W><W> রবিবার </W><W> ১১ </W><W> অগস্ট </W><W> ২০০২ </W></TIME-ARG></P><P><PLACE-ARG ID="2"><LINK EVENT_ARG="1" ID="9" TYPE_REL="EVENT_ARG"/><W> বীরভূমে </W></PLACE-ARG><NATURAL_EVENT ID="1" TYPE="DROUGHT"><W> খরা </W></NATURAL_EVENT><W> পরিস্থিতিতে </W><W> উদ্বিগ্ন </W><W> বুদ্ধ </W><W> নিজস্ব </W><W> সংবাদদাতা </W><W> রজতপুর </W><W> (বীরভূম) </W><W> রাজ্যের </W><W> কয়েকটি </W><W> জেলার </W><W> সঙ্গে </W><PLACE-ARG ID="3"><LINK EVENT_ARG="4" ID="10" TYPE_REL="EVENT_ARG"/><W> বীরভূমেও </W></PLACE-ARG><NATURAL_EVENT ID="4" TYPE="DROUGHT"><EVENT-COREF-LINK EVENT_ID="1" ID="14" TYPE_REL="EVENT_COREF"/><W> খরা </W></NATURAL_EVENT><W> পরিস্থিতির </W><W> সৃষ্টি </W><W> হয়েছে </W><W> বলে </W><W> মুখ্যমন্ত্রী </W><W> বুদ্ধদেব </W><W> ভট্টাচার্য </W><W> উদ্বেগ </W><W> প্রকাশ </W><W> করেছেন। </W><W> শনিবার </W><W> তিনি </W><W> বলেন, </W><AFTER_EFFECTS-ARG ID="6"><LINK EVENT_ARG="4" ID="11" TYPE_REL="EVENT_ARG"/><W> ‘‘বীরভূমে </W><W> এখনও </W><W> ৫০ </W><W> শতাংশ </W><W> চাষ </W><W> আবাদ </W><W> হয়েছে। </W></AFTER_EFFECTS-ARG><W> কয়েক </W><W> দিনের </W><W> মধ্যে </W><W> বৃষ্টি </W><W> না </W><W> হলে </W><AFTER_EFFECTS-ARG ID="7"><LINK EVENT_ARG="4" ID="12" TYPE_REL="EVENT_ARG"/><W> রোপণ </W><W> করা </W><W> ধানও </W><W> শুকিয়ে </W><W> যাবে।’’ </W></AFTER_EFFECTS-ARG><NATURAL_EVENT ID="5" TYPE="DROUGHT"><EVENT-COREF-LINK EVENT_ID="4" ID="13" TYPE_REL="EVENT_COREF"/><W> খরা </W></NATURAL_EVENT><W> হলে </W><W> শীতকালীন </W><W> সব্জি </W><W> চাষ </W><W> করে </W><W> লোকসান </W><W> উসুল </W><W> করার </W><W> পরামর্শ </W><W> দিয়ে </W><W> তিনি </W><W> বলেন, </W><W> প্রয়োজন </W><W> হলে </W><W> গ্রামে </W><W> গ্রামে </W><W> রাস্তা </W><W> তৈরি </W><W> করে </W><W> তাতে </W><W> খেত </W><W> মজুরদের </W><W> কাজ </W><W> দিতে </W><W> হবে। </W><W> এই </W><W> ব্যাপারে </W><W> পূর্তমন্ত্রীর </W><W> সঙ্গে </W><W> তাঁর </W><W> আলোচনা </W><W> হয়েছে। </W><W> এ </W><W> দিন </W><W> বিকালে </W><W> গুসকরা-ভেদিয়া </W><W> ও </W><W> সুপুর-বোলপুর </W><W> সড়কে </W><W> অজয় </W><W> নদের </W><W> উপর </W><W> নির্মিত </W><W> অবন </W><W> সেতুর </W><W> উদ্বোধন </W><W> অনুষ্ঠানে </W><W> মুখ্যমন্ত্রী </W><W> বুদ্ধদেব </W><W> ভট্টাচার্য </W><W> এ </W><W> কথা </W><W> বলেন। </W><W> মুখ্যমন্ত্রী </W><W> জানান, </W><W> এখনও </W><W> পর্যন্ত </W><W> বহু </W><W> গ্রামে </W><W> রাস্তা </W><W> নির্মাণ </W><W> হয়নি, </W><W> বিদ্যুৎ </W><W> পৌঁছয়নি, </W><W> প্রাথমিক </W><W> স্কুল </W><W> ও </W><W> স্বাস্থ্যকেন্দ্রও </W><W> হয়নি। </W><W> তিনি </W><W> প্রতিশ্রুতি </W><W> দিয়েছেন, </W><W> আগামী </W><W> দিনে </W><W> এই </W><W> সব </W><W> পরিকাঠামো </W><W> তৈরি </W><W> করা </W><W> হবে। </W></P><P><W> বক্রেশ্বর </W><W> তাপবিদ্যুৎ </W><W> কেন্দ্রে </W><W> আরও </W><W> দু’টি </W><W> নতুন </W><W> ইউনিট </W><W> চালু </W><W> করার </W><W> জন্য </W><W> জাপান </W><W> ঋণ </W><W> দিতে </W><W> রাজি </W><W> হয়েছে </W><W> বলে </W><W> জানিয়ে </W><W> মুখ্যমন্ত্রী </W><W> বলেন, </W><W> এত </W><W> দিন </W><W> জাপান </W><W> ঋণ </W><W> দেওয়া </W><W> আটকে </W><W> দিয়েছিল। </W><W> ঋণ </W><W> না </W><W> দেওয়ার </W><W> জন্য </W><W> তিনি </W><W> ভারতের </W><W> পারমাণবিক </W><W> বিস্ফোরণকেই </W><W> দায়ী </W><W> করেন। </W><W> তাঁর </W><W> মন্তব্য, </W><W> ‘‘পারমাণবিক </W><W> বিস্ফোরণের </W><W> ফলে </W><W> আমরা </W><W> কানমলা </W><W> খাচ্ছি।’’ </W></P><P><W> অনুষ্ঠানের </W><W> প্রধান </W><W> অতিথি, </W><W> এলাকার </W><W> সাংসদ </W><W> সোমনাথ </W><W> চট্টোপাধ্যায় </W><W> জানান, </W><W> ৭৭৭ </W><W> মিটার </W><W> দীর্ঘ </W><W> অবন </W><W> সেতু </W><W> তৈরি </W><W> করতে </W><W> খরচ </W><W> হয়েছে </W><W> ২১ </W><W> কোটি </W><W> টাকা। </W><W> তিনি </W><W> বলেন, </W><W> এই </W><W> সেতুর </W><W> জন্য </W><W> বর্ধমান </W><W> ও </W><W> বোলপুরের </W><W> মধ্যে </W><W> ৪০ </W><W> কিলোমিটার </W><W> রাস্তা </W><W> কমে </W><W> যাবে। </W><W> তিনি </W><W> বলেন, </W><W> বোলপুরে </W><W> ৩০০ </W><W> একর </W><W> জায়গায় </W><W> শিল্পনগরী </W><W> গড়ে </W><W> তোলার </W><W> কাজ </W><W> শুরু </W><W> হয়েছে। </W><W> আগামী </W><W> দু’তিন </W><W> বছরের </W><W> মধ্যে </W><W> ভারতে </W><W> শিল্পে </W><W> পশ্চিমবঙ্গ </W><W> প্রথম </W><W> স্থান </W><W> অধিকার </W><W> করবে </W><W> বলে </W><W> সোমনাথবাবু </W><W> আশা </W><W> প্রকাশ </W><W> করেন। </W><W> নিরাপত্তার </W><W> কারণে </W><W> ও </W><W> মুখ্যমন্ত্রীর </W><W> সমাবেশে </W><W> প্রচুর </W><W> লোক </W><W> সমাবেশ </W><W> হতে </W><W> পারে </W><W> ভেবে </W><W> অবন </W><W> সেতুর </W><W> উদ্বোধন </W><W> অনুষ্ঠান </W><W> হয় </W><W> সেতু </W><W> থেকে </W><W> প্রায় </W><W> ১ </W><W> কিলোমিটার </W><W> দূরে </W><W> রজতপুর </W><W> গ্রামে। </W></P><P><W> এ </W><W> দিন </W><W> মুখ্যমন্ত্রী </W><W> বোলপুরের </W><W> গীতাঞ্জলি </W><W> সাংস্কৃতিক </W><W> মঞ্চে </W><W> একটি </W><W> মুক্ত </W><W> মঞ্চ </W><W> ও </W><W> ভাস্কর্য </W><W> উদ্যানের </W><W> উদ্বোধন </W><W> করেন। </W><W> তিনি </W><W> এই </W><W> মঞ্চে </W><W> চার </W><W> দিনের </W><W> একটি </W><W> শিশু </W><W> চলচ্চিত্র </W><W> উৎসবেরও </W><W> উদ্বোধন </W><W> করেছেন। </W></P></DOCUMENT>