<?xml version="1.0" encoding="UTF-8"?>
<DOCUMENT><P><TIME-ARG ID="0"><LINK EVENT_ARG="1" ID="16" TYPE_REL="EVENT_ARG"/><W> ২১ </W><W> পৌষ </W><W> ১৪০৮ </W><W> রবিবার </W><W> ৬ </W><W> জানুয়ারি </W><W> ২০০২ </W></TIME-ARG></P><P><W> টুকরো </W><W> খবর </W></P><P><W> কুলতলিতে </W><W> টেলিফোন </W></P><P><W> স্টাফ </W><W> রিপোর্টার, </W><W> নয়াদিল্লি: </W><W> দক্ষিণ </W><W> ২৪ </W><W> পরগনার </W><W> কুলতলি </W><W> ব্লকে </W><W> টেলিফোন </W><W> নিয়ে </W><W> যাওয়ার </W><W> জন্য </W><W> উদ্যোগী </W><W> হয়েছে </W><W> টেলিকম </W><W> দফতর। </W><W> ল্যাণ্ড </W><W> লাইনের </W><W> মাধ্যমে </W><W> সুন্দরবনের </W><W> ওই </W><W> অঞ্চলে </W><W> টেলিফোন </W><W> দেওয়া </W><W> সম্ভব </W><W> না-হলে </W><W> লুপ </W><W> লাইনের </W><W> মাধ্যমে </W><W> তা </W><W> করা </W><W> হবে। </W></P><P><W> ভূকম্পের </W><W> ত্রাণে </W><W> তোলা </W><W> টাকা </W><W> জমা </W><W> পড়েনি </W><W> যথাস্থানে </W></P><P><W> নিজস্ব </W><W> সংবাদদাতা, </W><W> চুঁচুড়া: </W><W> ভূমিকম্প </W><W> বিধ্বস্ত </W><W> গুজরাটের </W><W> পুনর্গঠনে </W><W> মুখ্যমন্ত্রীর </W><W> ত্রাণ </W><W> তহবিলের </W><W> জন্য </W><W> তোলা </W><W> টাকা </W><W> জমা </W><W> না </W><W> দেওয়ার </W><W> অভিযোগ </W><W> উঠেছে </W><W> বৈদ্যবাটি </W><W> পুরসভার </W><W> বিরুদ্ধে। </W><W> পুর </W><W> চেয়ারম্যানের </W><W> নামে </W><W> রীতিমতো </W><W> কুপন </W><W> ছাপিয়ে </W><W> সাধারণ </W><W> মানুষের </W><W> কাছ </W><W> থেকে </W><W> টাকা </W><W> তোলা </W><W> শুরু </W><W> হয়েছিল </W><W> কয়েক </W><W> মাস </W><W> আগে। </W><W> কিন্তু </W><W> সেই </W><W> টাকা </W><W> আজও </W><W> যথাস্থানে </W><W> জমা </W><W> পড়েনি। </W><W> গত </W><W> বছর </W><W> গুজরাটের </W><W> ভূমিকম্পে </W><W> ক্ষতিগ্রস্তদের </W><W> সাহায্যের </W><W> জন্য </W><W> বৈদ্যবাটি </W><W> পুরকর্তৃপক্ষ </W><W> কুপন </W><W> ছাপিয়ে </W><W> টাকা </W><W> তোলার </W><W> সিদ্ধান্ত </W><W> নেয়। </W><W> দলমত </W><W> নির্বিশেষে </W><W> ওই </W><W> সিদ্ধান্তের </W><W> পিছনে </W><W> দাঁড়ায় </W><W> সব </W><W> রাজনৈতিক </W><W> দল। </W><W> মার্চ </W><W> মাস </W><W> নাগাদ </W><W> ১ </W><W> টাকার </W><W> এক </W><W> লক্ষ </W><W> কুপন </W><W> ছাপানো </W><W> হয় </W><W> পুর </W><W> চেয়ারম্যানের </W><W> নামে। </W><W> বছর </W><W> ঘুরেছে </W><W> কিন্তু </W><W> আজও </W><W> টাকা </W><W> মুখ্যমন্ত্রীর </W><W> ত্রাণ </W><W> তহবিলে </W><W> জমা </W><W> পড়েনি। </W><W> চেয়ারম্যান </W><W> দুর্গাচরণ </W><W> দত্ত </W><W> বলেন, </W><W> ‘‘কুপন </W><W> বিলি </W><W> করে </W><W> প্রত্যাশা </W><W> মতো </W><W> টাকা </W><W> যথা </W><W> সময়ে </W><W> ফেরত </W><W> পাইনি। </W><W> বেশি </W><W> সময় </W><W> নিয়ে </W><W> টাকা </W><W> তুলতে </W><W> চেয়েছিলাম। </W><W> কিন্তু </W><W> ১৫ </W><W> হাজার </W><W> টাকার </W><W> বেশি </W><W> তোলা </W><W> যায়নি। </W><W> আমরা </W><W> মুখ্যমন্ত্রীর </W><W> কাছে </W><W> সময় </W><W> চেয়েছি।’’ </W></P><P><W> চটকল </W><W> ধর্মঘট </W><W> হচ্ছে </W><W> না </W><W> রাজ্যে </W></P><P><W> স্টাফ </W><W> রিপোর্টার, </W><W> কলকাতা: </W><W> সোমবার </W><W> থেকে </W><W> চটকলগুলিতে </W><W> সিটু, </W><W> আই </W><W> এন </W><W> টি </W><W> ইউ </W><W> সি </W><W> সমেত </W><W> ১৮টি </W><W> শ্রমিক </W><W> সংগঠনের </W><W> ডাকা </W><W> লাগাতার </W><W> ধর্মঘট </W><W> হচ্ছে </W><W> না। </W><W> শনিবার </W><W> রাজ্য </W><W> সরকার, </W><W> শ্রমিক </W><W> সংগঠন </W><W> ও </W><W> মালিকপক্ষের </W><W> মধ্যে </W><W> এক </W><W> ত্রিপাক্ষিক </W><W> চুক্তি </W><W> সাক্ষরিত </W><W> হওয়ার </W><W> পরই </W><W> ধর্মঘট </W><W> প্রত্যাহার </W><W> করে </W><W> নিয়েছে </W><W> শ্রমিক </W><W> সংগঠনগুলি। </W><W> নতুন </W><W> চুক্তি </W><W> অনুযায়ী, </W><W> চটকলগুলিতে </W><W> শ্রমিকদের </W><W> বেতনের </W><W> এক </W><W> তৃতীয়াংশ </W><W> মিলবে </W><W> উৎপাদনশীলতার </W><W> উপর </W><W> ভিত্তি </W><W> করেই। </W><W> অর্থাৎ, </W><W> এক </W><W> জন </W><W> শ্রমিক </W><W> বেশি </W><W> পরিশ্রম </W><W> করলে </W><W> অধিক </W><W> হারে </W><W> বেতন </W><W> পেতে </W><W> পারেন। </W><W> অন্য </W><W> দিকে, </W><W> তিনি </W><W> কাজে </W><W> ঢিলা </W><W> দিলে </W><W> তাঁর </W><W> রোজগার </W><W> কমবে। </W><W> অবশ্য </W><W> এই </W><W> চুক্তিতে </W><W> চটশিল্পে </W><W> নিযুক্ত </W><W> শ্রমিকদের </W><W> অন্যতম </W><W> আর্থিক </W><W> দাবি, </W><W> অর্থাৎ </W><W> বর্ধিত </W><W> বেতন </W><W> দেওয়ার </W><W> বিষয়টি </W><W> মালিকপক্ষ </W><W> মেনে </W><W> নিয়েছেন। </W><W> গ্রাচুইটির </W><W> বকেয়া </W><W> টাকাও </W><W> মিটিয়ে </W><W> দেওয়া </W><W> হবে </W><W> শ্রমিকদের। </W><W> গড়পড়তা, </W><W> শ্রমিকদের </W><W> মাসে </W><W> ৫০০ </W><W> টাকা </W><W> করে </W><W> বাড়বে। </W><W> নয়া </W><W> চুক্তিতে </W><W> চটকলগুলিতে </W><W> অধিকসংখ্যক </W><W> ঠিকা </W><W> শ্রমিকের </W><W> চাকরিও </W><W> পাকা </W><W> হবে। </W><W> সরকার, </W><W> মালিক </W><W> ও </W><W> শ্রমিক, </W><W> তিন </W><W> তরফই </W><W> এই </W><W> চুক্তিটিকে </W><W> ‘ঐতিহাসিক’ </W><W> ও </W><W> ‘সময়োচিত’ </W><W> অাখ্যা </W><W> দিয়েছেন। </W></P><P><W> অবৈধ </W><W> প্রেমের </W><W> জেরে </W><W> কুপিয়ে </W><W> খুন </W></P><P><W> স্টাফ </W><W> রিপোর্টার, </W><W> কলকাতা: </W><W> স্ত্রী </W><W> ও </W><W> তার </W><W> প্রেমিকের </W><W> ষড়যন্ত্রে </W><W> খুন </W><W> হয়েছেন </W><W> এক </W><W> ব্যক্তি। </W><W> শুক্রবার </W><W> সন্ধ্যায় </W><W> ঘটনাটি </W><W> ঘটেছে </W><W> ক্যানিংয়ের </W><W> নাগরতলায়। </W><W> নিহতের </W><W> নাম </W><W> নুরুদ্দিন </W><W> সর্দার </W><W> (৩৪)। </W><W> পুলিশ </W><W> এই </W><W> ঘটনায় </W><W> মাদার </W><W> মোল্লা </W><W> নামে </W><W> পাড়ার </W><W> এক </W><W> যুবক </W><W> ও </W><W> নুরুদ্দিনের </W><W> স্ত্রী </W><W> মমতাজকে </W><W> গ্রেফতার </W><W> করেছে। </W></P><P><W> যে </W><W> চপার </W><W> দিয়ে </W><W> নুরুদ্দিনকে </W><W> কুপিয়ে </W><W> খুন </W><W> করা </W><W> হয়েছে, </W><W> সেটিও </W><W> একটি </W><W> পুকুর </W><W> থেকে </W><W> উদ্ধার </W><W> করেছে </W><W> পুলিশ। </W><W> পুলিশ </W><W> জানায়, </W><W> শুক্রবার </W><W> সন্ধ্যা </W><W> সাড়ে </W><W> ৭টা </W><W> নাগাদ </W><W> মাদার </W><W> নুরুদ্দিনকে </W><W> বাড়ি </W><W> থেকে </W><W> ডেকে </W><W> নিয়ে </W><W> গিয়ে </W><W> গ্রামের </W><W> একটি </W><W> পুকুর </W><W> পাড়ে </W><W> বসে </W><W> গল্প </W><W> জমায়। </W><W> গল্পের </W><W> মাঝখানে </W><W> আচমকাই </W><W> মাদার </W><W> নুরুদ্দিনের </W><W> মাথার </W><W> পিছনে </W><W> চপার </W><W> দিয়ে </W><W> আঘাত </W><W> করে। </W><W> নুরুদ্দিন </W><W> রক্তাক্ত </W><W> অবস্থায় </W><W> সেখানে </W><W> পড়ে </W><W> যান। </W><W> এর </W><W> পরে </W><W> মাদার </W><W> পুকুরে </W><W> রক্তমাখা </W><W> চপারটি </W><W> ফেলে </W><W> বাড়ি </W><W> ফিরে </W><W> যায়। </W><W> পুলিশ </W><W> জানায়, </W><W> জেরার </W><W> মুখে </W><W> মাদার </W><W> সব </W><W> কথা </W><W> স্বীকার </W><W> করেছে </W><W> এবং </W><W> তার </W><W> কথা </W><W> মতো </W><W> পুকুর </W><W> থেকে </W><W> চপারটি </W><W> উদ্ধার </W><W> করা </W><W> হয়েছে। </W></P><P><W> তৃণমূলকর্মীদের </W><W> হাতে </W><W> হেনস্থা </W><W> হলেন </W><W> পাঁজা </W></P><P><W> নিজস্ব </W><W> সংবাদদাতা, </W><W> কলকাতা: </W><W> শনিবার </W><W> রাতে </W><W> চাকদহ </W><W> থেকে </W><W> কলকাতায় </W><W> ফেরার </W><W> পথে </W><W> একদল </W><W> তৃণমূল </W><W> কংগ্রেস </W><W> কর্মীর </W><W> হাতে </W><W> হেনস্থা </W><W> হতে </W><W> হল </W><W> অজিত </W><W> পাঁজাকে। </W><W> পুলিশ </W><W> জানায়, </W><W> চাকদহে </W><W> নাটক </W><W> সেরে </W><W> কলকাতা </W><W> ফেরার </W><W> পথে </W><W> রেলগেটের </W><W> কাছে </W><W> অজিতবাবুর </W><W> গাড়ি </W><W> আটকে </W><W> তৃণমূলের </W><W> এক </W><W> দল </W><W> সমর্থক </W><W> বিক্ষোভ </W><W> দেখাতে </W><W> থাকেন। </W><W> কল্যাণীর </W><W> মহকুমা </W><W> পুলিশ </W><W> অফিসার </W><W> শঙ্খশুভ্র </W><W> চক্রবর্তী </W><W> বলেন, </W><W> ‘‘অজিতবাবুর </W><W> পাইলট </W><W> কারের </W><W> পুলিশ </W><W> থানায় </W><W> যোগাযোগ </W><W> করলে </W><W> আরও </W><W> পুলিশ </W><W> পাঠানো </W><W> হয়।’’ </W><W> পরে </W><W> পুলিশ </W><W> মারমুখী </W><W> ওই </W><W> সমর্থকদের </W><W> হটিয়ে </W><W> দেয়। </W><W> অজিতবাবু </W><W> এ </W><W> প্রসঙ্গে </W><W> বলেন, </W><W> ‘‘দীর্ঘ </W><W> রাজনৈতিক </W><W> জীবনে </W><W> বিরোধীদের </W><W> হাতেও </W><W> আমি </W><W> এমন </W><W> হেনস্থা </W><W> হইনি।’’ </W></P><P><MAN_MADE_EVENT ID="1" TYPE="TRANSPORT_HAZARDS"><W> ট্রেন </W><W> চলাচলে </W><W> বিঘ্ন </W></MAN_MADE_EVENT></P><P><W> নিজস্ব </W><W> সংবাদদাতা, </W><W> কলকাতা: </W><TIME-ARG ID="2"><LINK EVENT_ARG="9" ID="10" TYPE_REL="EVENT_ARG"/><W> শনিবার </W><W> রাতে </W></TIME-ARG><PLACE-ARG ID="3"><LINK EVENT_ARG="9" ID="12" TYPE_REL="EVENT_ARG"/><W> বহরমপুরের </W><W> কাছে </W></PLACE-ARG><REASON-ARG ID="4"><LINK EVENT_ARG="9" ID="11" TYPE_REL="EVENT_ARG"/><W> একটি </W><W> মালগাড়ি </W><W> লাইনচ্যুত </W><W> হওয়ায় </W></REASON-ARG><W> শিয়ালদহ-বহরমপুর </W><W> লাইনে </W><MAN_MADE_EVENT ID="9" TYPE="TRANSPORT_HAZARDS"><EVENT-COREF-LINK EVENT_ID="1" ID="13" TYPE_REL="EVENT_COREF"/><W> ট্রেন </W><W> চলাচল </W><W> বিপর্যস্ত </W><W> হয়ে </W><W> পড়েছে। </W></MAN_MADE_EVENT><W> এর </W><W> ফলে </W><AFTER_EFFECTS-ARG ID="6"><LINK EVENT_ARG="9" ID="14" TYPE_REL="EVENT_ARG"/><W> শিয়ালদহ </W><W> থেকে </W><W> রাত </W><W> ১০টা </W><W> ৫৫ </W><W> মিনিটের </W><W> লালগোলা </W><W> প্যাসেঞ্জার </W><W> বাতিল </W></AFTER_EFFECTS-ARG><W> হয়েছে। </W><W> শিয়ালদহ </W><W> স্টেশন </W><W> থেকে </W><W> ছেড়ে </W><W> যাওয়া </W><AFTER_EFFECTS-ARG ID="7"><LINK EVENT_ARG="9" ID="15" TYPE_REL="EVENT_ARG"/><W> ভাগীরথী </W><W> এক্সপ্রেসকে </W><W> পলাশীতে </W><W> আটকে </W><W> দেওয়া </W><W> হয়েছে। </W></AFTER_EFFECTS-ARG><W> শনিবার </W><W> সন্ধ্যায় </W><W> শিয়ালদহ </W><W> থেকে </W><W> ছেড়ে </W><W> যাওয়া </W><AFTER_EFFECTS-ARG ID="8"><LINK EVENT_ARG="9" ID="16" TYPE_REL="EVENT_ARG"/><W> লালগোলা </W><W> ফার্স্ট </W><W> প্যাসেঞ্জারকে </W><W> বহরমপুরের </W><W> আগে </W><W> বেলডাঙায় </W><W> আটকে </W><W> দেওয়া </W><W> হয়েছে। </W></AFTER_EFFECTS-ARG></P></DOCUMENT>