<?xml version="1.0" encoding="UTF-8"?>
<DOCUMENT><P><TIME-ARG ID="0"><LINK EVENT_ARG="23" ID="29" TYPE_REL="EVENT_ARG"/><W> ২৬ </W><W> চৈত্র </W><W> ১৪০৮ </W><W> মঙ্গলবার </W><W> ৯ </W><W> এপ্রিল </W><W> ২০০২ </W></TIME-ARG></P><P><PLACE-ARG ID="1"><LINK EVENT_ARG="23" ID="31" TYPE_REL="EVENT_ARG"/><W> পূর্বস্থলীতে </W></PLACE-ARG><REASON-ARG ID="2"><LINK EVENT_ARG="23" ID="30" TYPE_REL="EVENT_ARG"/><W> স্কুলের </W><W> ভোট </W><W> নিয়ে </W></REASON-ARG><MAN_MADE_EVENT ID="23" TYPE="RIOTS"><W> সংঘর্ষ </W></MAN_MADE_EVENT><W> নিজস্ব </W><W> সংবাদদাতা </W><REASON-ARG ID="4"><LINK EVENT_ARG="24" ID="32" TYPE_REL="EVENT_ARG"/><W> বর্ধমান </W><W> বিদ্যালয়ের </W><W> পরিচালন </W><W> সমিতির </W><W> নির্বাচন </W><W> নিয়ে </W></REASON-ARG><PARTICIPANT-ARG ID="5"><LINK EVENT_ARG="24" ID="33" TYPE_REL="EVENT_ARG"/><W> সি </W><W> পি </W><W> এম </W></PARTICIPANT-ARG><W> এবং </W><PARTICIPANT-ARG ID="6"><LINK EVENT_ARG="24" ID="34" TYPE_REL="EVENT_ARG"/><W> বি </W><W> জে </W><W> পি-তৃণমূলের </W><W> সমর্থকদের </W></PARTICIPANT-ARG><W> ব্যাপক </W><MAN_MADE_EVENT ID="24" TYPE="RIOTS"><EVENT-COREF-LINK EVENT_ID="23" ID="49" TYPE_REL="EVENT_COREF"/><W> সংঘর্ষ </W><W> হয়েছে। </W></MAN_MADE_EVENT><MAN_MADE_EVENT ID="25" TYPE="RIOTS"><EVENT-COREF-LINK EVENT_ID="24" ID="48" TYPE_REL="EVENT_COREF"/><W> ঘটনাটি </W><W> ঘটেছে </W></MAN_MADE_EVENT><TIME-ARG ID="9"><LINK EVENT_ARG="25" ID="35" TYPE_REL="EVENT_ARG"/><W> রবিবার </W><W> রাতে </W></TIME-ARG><PLACE-ARG ID="10"><LINK EVENT_ARG="25" ID="36" TYPE_REL="EVENT_ARG"/><W> পূর্বস্থলী </W><W> থানার </W><W> সমুদ্রগড় </W><W> নিমতলায়। </W></PLACE-ARG><PARTICIPANT-ARG ID="11"><LINK EVENT_ARG="26" ID="37" TYPE_REL="EVENT_ARG"/><W> দু’দলের </W></PARTICIPANT-ARG><MAN_MADE_EVENT ID="26" TYPE="RIOTS"><EVENT-COREF-LINK EVENT_ID="25" ID="47" TYPE_REL="EVENT_COREF"/><W> সংঘর্ষে </W></MAN_MADE_EVENT><CASUALTIES-ARG ID="13"><LINK EVENT_ARG="26" ID="38" TYPE_REL="EVENT_ARG"/><W> ৫ </W><W> জন </W><W> পুলিশকর্মী-সহ </W><W> জখম </W><W> হয়েছেন </W><W> ১৭ </W><W> জন। </W></CASUALTIES-ARG><W> তাঁদের </W><AFTER_EFFECTS-ARG ID="14"><LINK EVENT_ARG="26" ID="39" TYPE_REL="EVENT_ARG"/><W> সাত </W><W> জনকে </W><W> কালনা </W><W> মহকুমা </W><W> হাসপাতালে </W><W> ভর্তি </W><W> করানো </W><W> হয়েছে। </W></AFTER_EFFECTS-ARG><W> পরিস্থিতি </W><W> আয়ত্তে </W><W> আনতে </W><AFTER_EFFECTS-ARG ID="15"><LINK EVENT_ARG="26" ID="40" TYPE_REL="EVENT_ARG"/><W> পুলিশ </W><W> প্রথমে </W><W> লাঠি </W><W> চালায় </W></AFTER_EFFECTS-ARG><W> ও </W><AFTER_EFFECTS-ARG ID="16"><LINK EVENT_ARG="26" ID="41" TYPE_REL="EVENT_ARG"/><W> কাঁদানে </W><W> গ্যাসের </W><W> সেল </W><W> ফাটায়। </W></AFTER_EFFECTS-ARG><W> পরে </W><AFTER_EFFECTS-ARG ID="17"><LINK EVENT_ARG="26" ID="42" TYPE_REL="EVENT_ARG"/><W> শূন্যে </W><W> কয়েক </W><W> রাউণ্ড </W><W> গুলিও </W><W> চালায়। </W></AFTER_EFFECTS-ARG><W> ঘটনাস্থল </W><W> থেকে </W><AFTER_EFFECTS-ARG ID="18"><LINK EVENT_ARG="26" ID="43" TYPE_REL="EVENT_ARG"/><W> ১৮ </W><W> জনকে </W><W> গ্রেফতার </W></AFTER_EFFECTS-ARG><W> করে </W><W> পুলিশ। </W><W> এ </W><W> দিকে, </W><MAN_MADE_EVENT ID="27" TYPE="RIOTS"><EVENT-COREF-LINK EVENT_ID="26" ID="46" TYPE_REL="EVENT_COREF"/><W> সংঘর্ষের </W></MAN_MADE_EVENT><W> পরেই </W><W> নিরীহ </W><W> মানুষের </W><W> উপরে </W><W> পুলিশি </W><W> অত্যাচারের </W><W> প্রতিবাদে </W><AFTER_EFFECTS-ARG ID="20"><LINK EVENT_ARG="27" ID="44" TYPE_REL="EVENT_ARG"/><W> সোমবার </W><W> ১২ </W><W> ঘণ্টার </W><W> নিমতলা </W><W> বন্‌ধ </W><W> পালন </W><W> করে </W><W> সি </W><W> পি </W><W> এম </W><W> এবং </W><W> তৃণমূল। </W></AFTER_EFFECTS-ARG><W> সি </W><W> পি </W><W> এম </W><W> নেতাদের </W><W> অভিযোগ, </W><W> দলীয় </W><W> সমর্থকদের </W><W> উপর </W><W> আক্রমণে </W><W> পুলিশ </W><W> তৃণমূলকে </W><W> সাহায্য </W><W> করেছে। </W><W> পুলিশ </W><W> নিষ্ক্রিয় </W><W> থেকেছে </W><W> বলে </W><W> অভিযোগ </W><W> জানিয়েছে </W><W> তৃণমূল। </W><W> পুলিশ </W><W> সুপার </W><W> বি </W><W> এন </W><W> রমেশ </W><W> স্বীকার </W><W> করেছেন, </W><W> ‘‘পুলিশের </W><W> গাফিলতিতেই </W><MAN_MADE_EVENT ID="28" TYPE="RIOTS"><EVENT-COREF-LINK EVENT_ID="27" ID="45" TYPE_REL="EVENT_COREF"/><W> সংঘর্ষ </W><W> হয়েছে।’’ </W></MAN_MADE_EVENT></P><P><W> গত </W><W> কয়েক </W><W> দিন </W><W> ধরেই </W><W> সমুদ্রগড় </W><W> কালীপদ </W><W> চক্রবর্তী </W><W> বালিকা </W><W> বিদ্যালয়ে </W><W> পরিচালন </W><W> সমিতি </W><W> নির্বাচন </W><W> নিয়ে </W><W> প্রচণ্ড </W><W> উত্তেজনা </W><W> ছিল। </W><W> ভোটাভুটির </W><W> পর </W><W> দেখা </W><W> যায়, </W><W> তিনটি </W><W> আসনে </W><W> হেরে </W><W> গিয়েছেন </W><W> সি </W><W> পি </W><W> এমের </W><W> প্রার্থীরা। </W></P></DOCUMENT>