<?xml version="1.0" encoding="UTF-8"?>
<DOCUMENT><P><TIME-ARG ID="0"><LINK EVENT_ARG="1" ID="3" TYPE_REL="EVENT_ARG"/><TIME-ARG ID="44"><LINK EVENT_ARG="31" ID="45" TYPE_REL="EVENT_ARG"/><W> ২০ </W><W> চৈত্র </W><W> ১৪০৮ </W><W> বুধবার </W><W> ৩ </W><W> এপ্রিল </W><W> ২০০২ </W></TIME-ARG></TIME-ARG></P><P><W> সংক্ষেপে.. </W><W> বস্তিতে </W><W> তল্লাশি, </W><W> বিদেশি </W><W> পণ্য </W><W> উদ্ধার </W><W> নিজস্ব </W><W> সংবাদদাতা </W><W> শিলিগুড়ি </W><W> ভারত-নেপাল </W><W> সীমান্তের </W><W> মেচি </W><W> নদীর </W><W> ধারের </W><W> একটি </W><W> বস্তিতে </W><W> সোমবার </W><W> রাতভর </W><W> অভিযান </W><W> চালিয়ে </W><W> প্রায় </W><W> ১২ </W><W> লক্ষ </W><W> টাকার </W><W> বিদেশি </W><W> পণ্য </W><W> উদ্ধার </W><W> করেছে </W><W> শুল্ক </W><W> দফতর। </W><W> উত্তরবঙ্গের </W><W> রাজস্ব </W><W> গোয়েন্দা </W><W> বিভাগের </W><W> ডেপুটি </W><W> ডাইরেক্টর </W><W> বীরোত্তম </W><W> প্রধান </W><W> জানিয়েছেন, </W><W> ‘‘বিদেশি </W><W> ভি </W><W> সি </W><W> ডি, </W><W> সিল্কের </W><W> সুতো, </W><W> প্রচুর </W><W> ভিডিও-খেলনা, </W><W> বেশ </W><W> কিছু </W><W> দামি </W><W> ক্যামেরা </W><W> বাজেয়াপ্ত </W><W> হয়েছে।’’ </W><W> এই </W><W> ঘটনায় </W><W> জড়িতরা </W><W> কেউ </W><W> গ্রেফতার </W><W> হয়নি। </W><W> তবে </W><W> তাদের </W><W> চিহ্নিত </W><W> করা </W><W> গিয়েছে </W><W> বলে </W><W> শুল্ক </W><W> দফতরের </W><W> দাবি। </W><W> নকশালবাড়ি </W><W> থানার </W><W> পুলিশ </W><W> অভিযুক্তদের </W><W> খোঁজে </W><W> তল্লাশি </W><W> চালাচ্ছে। </W><W> শুল্ক </W><W> দফতর </W><W> সূত্রে </W><W> জানা </W><W> গিয়েছে, </W><W> নেপাল </W><W> সীমান্তের </W><W> মেচি </W><W> নদীর </W><W> ধারে </W><W> নকশালবাড়ি </W><W> এলাকায় </W><W> গজিয়ে </W><W> ওঠা </W><W> বস্তিগুলিতে </W><W> বেশ </W><W> কিছু </W><W> দিন </W><W> ধরে </W><W> চোরাচালানকারীরা </W><W> ঘাঁটি </W><W> গেড়েছে। </W><W> ওই </W><W> চক্রের </W><W> লোকেরা </W><W> দিনের </W><W> বেলায় </W><W> চোরাপথে </W><W> সীমান্ত </W><W> পেরিয়ে </W><W> বিদেশি </W><W> পণ্য </W><W> এনে </W><W> ওই </W><W> বস্তিগুলিতে </W><W> জড়ো </W><W> করে। </W><W> তার </W><W> পর </W><W> ভোর </W><W> রাতে </W><W> নকশালবাড়ি </W><W> স্টেশনে </W><W> পৌঁছে </W><W> রেলের </W><W> কামরায় </W><W> মালপত্র </W><W> পাচার </W><W> করে। </W><W> এই </W><W> ব্যাপারে </W><W> বিস্তারিত </W><W> খবর </W><W> পাওয়ার </W><W> পরই </W><W> ওই </W><W> দিন </W><W> রাতে </W><W> এস </W><W> এস </W><W> বি </W><W> ও </W><W> পুলিশের </W><W> সাহায্য </W><W> নিয়ে </W><W> একটি </W><W> বস্তি </W><W> ঘিরে </W><W> ফেলে </W><W> তল্লাশি </W><W> চালানো </W><W> হয়। </W></P><P><W> বীরভূমে </W><W> দেশি </W><W> মদের </W><W> কারখানা </W></P><P><W> নিজস্ব </W><W> সংবাদদাতা, </W><W> বোলপুর: </W><W> বীরভূম </W><W> জেলায় </W><W> প্রথম </W><W> দেশি </W><W> মদ </W><W> বোতলজাত </W><W> করার </W><W> কারখানা </W><W> স্থাপিত </W><W> হল </W><W> আমোদপুরে। </W><W> মঙ্গলবার </W><W> কারখানার </W><W> উদ্বোধনী </W><W> অনুষ্ঠানে </W><W> হাজির </W><W> ছিলেন </W><W> রাজ্যের </W><W> শিল্পমন্ত্রী </W><W> নিরুপম </W><W> সেন, </W><W> আবগারি </W><W> দফতরের </W><W> প্রতিমন্ত্রী </W><W> প্রবোধ </W><W> সিংহ </W><W> প্রমূখ। </W><W> বীরভূমে </W><W> স্টেট </W><W> ব্যাঙ্কের </W><W> ঋণ </W><W> দেওয়া </W><W> প্রকল্পগুলির </W><W> মধ্যে </W><W> এটি </W><W> সবচেয়ে </W><W> বড় </W><W> বলে </W><W> জানান </W><W> স্টেট </W><W> ব্যাঙ্কের </W><W> আমোদপুর </W><W> শাখার </W><W> ম্যানেজার </W><W> অঞ্জন </W><W> চক্রবর্তী। </W><W> স্টেট </W><W> ব্যাঙ্ক </W><W> এই </W><W> প্রকল্প </W><W> নির্মাণে </W><W> ২ </W><W> কোটি </W><W> ৭০ </W><W> লক্ষ </W><W> টাকা </W><W> ঋণ </W><W> দিয়েছে। </W><W> বাকি </W><W> ১ </W><W> কোটি </W><W> ৩০ </W><W> লক্ষ </W><W> টাকা </W><W> বিনিয়োগ </W><W> করেছেন </W><W> ওই </W><W> কারখানার </W><W> দুই </W><W> মালিক </W><W> অসিত </W><W> বরণ </W><W> দে </W><W> ও </W><W> স্মরজিৎ </W><W> দে। </W><W> তাঁরা </W><W> জানিয়েছেন, </W><W> এই </W><W> রাজ্য </W><W> ছাড়া </W><W> বিহার, </W><W> উত্তরপ্রদেশ </W><W> ও </W><W> মধ্যপ্রদেশ </W><W> থেকে </W><W> স্পিরিট </W><W> এনে </W><W> তা </W><W> এই </W><W> কারখানায় </W><W> দেশি </W><W> মদে </W><W> রূপান্তরিত </W><W> করার </W><W> পর </W><W> বোতলজাত </W><W> করে </W><W> বীরভূম </W><W> ও </W><W> মুর্শিদাবাদের </W><W> বিভিন্ন </W><W> দেশি </W><W> মদের </W><W> দোকানে </W><W> সরবরাহ </W><W> করা </W><W> হবে। </W><W> আপাতত </W><W> তিন </W><W> মাস </W><W> শুধুমাত্র </W><W> বীরভূমে </W><W> প্রতিদিন </W><W> ১৪ </W><W> হাজার </W><W> বোতল </W><W> সরবরাহ </W><W> করা </W><W> হবে। </W></P><P><W> পঞ্চায়েতের </W><W> দুই </W><W> কর্তা </W><W> পলাতক </W></P><P><W> নিজস্ব </W><W> সংবাদদাতা, </W><W> রায়গঞ্জ: </W><W> পঞ্চায়েত </W><W> তহবিলের </W><W> টাকা </W><W> তুলে </W><W> খরচ </W><W> করে </W><W> হিসাব </W><W> না </W><W> দেওয়ায় </W><W> ইটাহারের </W><W> মারনাই </W><W> গ্রাম </W><W> পঞ্চায়েতের </W><W> দুই </W><W> প্রাক্তন </W><W> প্রধানের </W><W> বিরুদ্ধে </W><W> থানায় </W><W> অভিযোগ </W><W> দায়ের </W><W> করেছেন </W><W> বি </W><W> ডি </W><W> ও </W><W> অমিত </W><W> নাথ। </W><W> তাঁর </W><W> অভিযোগের </W><W> ভিত্তিতে </W><W> পুলিশ </W><W> ওই </W><W> দু’জনকে </W><W> খুঁজছে। </W></P><P><W> জেলা </W><W> প্রশাসন </W><W> সূত্রে </W><W> জানা </W><W> গিয়েছে, </W><W> মারনাই </W><W> গ্রাম </W><W> পঞ্চায়েতের </W><W> প্রাক্তন </W><W> প্রধান </W><W> ইদ্রিস </W><W> মহম্মদ </W><W> পঞ্চায়েতের </W><W> তহবিল </W><W> থেকে </W><W> ২৫ </W><W> হাজার </W><W> টাকা </W><W> তুলেছিলেন। </W><W> কিন্তু </W><W> ওই </W><W> টাকা </W><W> খরচের </W><W> কোনও </W><W> হিসাব </W><W> পঞ্চায়েত </W><W> অফিসে </W><W> নেই। </W><W> ইদ্রিস </W><W> কংগ্রেসের </W><W> প্রার্থী </W><W> হিসাবে </W><W> ’৯৮ </W><W> সালে </W><W> ভোটে </W><W> জিতে </W><W> প্রধান </W><W> হয়েছিলেন। </W><W> পরে </W><W> তাঁকে </W><W> সরিয়ে </W><W> সি </W><W> পি </W><W> এমের </W><W> সমর্থন </W><W> নিয়ে </W><W> প্রধান </W><W> হন </W><W> কংগ্রেসের </W><W> সরিফুদ্দিন </W><W> আহমেদ। </W><W> তিনিও </W><W> পঞ্চায়েতের </W><W> তহবিল </W><W> থেকে </W><W> ৪২ </W><W> হাজার </W><W> টাকা </W><W> তুলে </W><W> খরচ </W><W> করলেও </W><W> তার </W><W> কোনও </W><W> হিসাব </W><W> দাখিল </W><W> করেননি। </W><W> সম্প্রতি </W><W> গোষ্ঠীকোন্দলের </W><W> সুযোগে </W><W> সরিফুদ্দিনকে </W><W> সরিয়ে </W><W> প্রধান </W><W> হয়েছেন </W><W> বি </W><W> জে </W><W> পি-র </W><W> অর্চনা </W><W> ঘোষ। </W></P><P><W> দিনহাটায় </W><W> জেরা </W><W> চলছে </W><W> ধৃতের </W></P><P><W> নিজস্ব </W><W> সংবাদদাতা, </W><W> কোচবিহার: </W><W> দিনহাটার </W><W> ভাঙনিপাট </W><W> গ্রামে </W><W> মসজিদ </W><W> ও </W><W> মক্তবে </W><W> অগ্নিকাণ্ডের </W><W> ঘটনায় </W><W> জড়িত </W><W> সন্দেহে </W><W> আটক </W><W> ব্যক্তি </W><W> নিজেকে </W><W> জলপাইগুড়ির </W><W> বাসিন্দা </W><W> বললেও </W><W> পুলিশ </W><W> তাঁর </W><W> দেওয়া </W><W> ঠিকানার </W><W> কোনও </W><W> অস্তিত্বই </W><W> পায়নি। </W><W> পুলিশ </W><W> সুপার </W><W> পরভিন </W><W> কুমার </W><W> জানান, </W><W> ‘‘আটক </W><W> ব্যক্তিকে </W><W> জিজ্ঞাসাবাদ </W><W> করা </W><W> হচ্ছে। </W><W> কারা </W><W> জড়িত </W><W> আশা </W><W> করছি </W><W> জানা </W><W> যাবে।’’ </W><W> রবিবার </W><W> রাতে </W><W> মসজিদ </W><W> এবং </W><W> মক্তবে </W><W> অগ্নিকাণ্ডের </W><W> পর </W><W> সোমবার </W><W> দিনহাটা </W><W> হাসপাতাল </W><W> থেকেই </W><W> ওই </W><W> ব্যক্তিকে </W><W> আটক </W><W> করে </W><W> পুলিশ। </W><W> ওই </W><W> ব্যক্তি </W><W> জানান, </W><W> রবিবার </W><W> রাতে </W><W> নিউ </W><W> কোচবিহার </W><W> এলাকায় </W><W> আগুন </W><W> পোহানোর </W><W> সময় </W><W> তিনি </W><W> আহত </W><W> হন। </W><W> কিন্তু </W><W> তারপর </W><W> কোচবিহার </W><W> হাসপাতালে </W><W> না </W><W> গিয়ে </W><W> তিনি </W><W> দিনহাটায় </W><W> কেন </W><W> গেলেন </W><W> তার </W><W> ব্যাখ্যা </W><W> দিতে </W><W> পারেননি। </W><W> এতে </W><W> পুলিশের </W><W> সন্দেহ </W><W> দৃঢ় </W><W> হয়। </W><W> এ </W><W> দিকে </W><W> এলাকার </W><W> বাসিন্দারা </W><W> অবিলম্বে </W><W> দুষ্কৃতীদের </W><W> গ্রেফতারের </W><W> দাবি </W><W> জানিয়েছেন। </W></P><P><W> বন্যপ্রাণী </W><W> হত্যা </W><W> রুখতে </W><W> প্রচারপত্র </W></P><P><W> নিজস্ব </W><W> সংবাদদাতা, </W><W> পুরুলিয়া: </W><W> বন্যপ্রাণী </W><W> হত্যা </W><W> রুখতে </W><W> প্রচারপত্র </W><W> বিলি </W><W> করে </W><W> জঙ্গল </W><W> লাগোয়া </W><W> মানুষদের </W><W> সচেতন </W><W> করতে </W><W> উদ্যোগী </W><W> হয়েছে </W><W> জেলার </W><W> বন </W><W> দফতর। </W><W> সম্প্রতি </W><W> কেন্দার </W><W> চিপিদা </W><W> গ্রামে </W><W> গণপ্রহারে </W><W> একটি </W><W> প্যাঙ্গোলিন </W><W> ও </W><W> বিজয়ডি </W><W> গ্রামে </W><W> একটি </W><W> চিতাবাঘের </W><W> মুত্যুর </W><W> পরই </W><W> বন </W><W> দফতর </W><W> নড়েচড়ে </W><W> বসে। </W><W> জেলার </W><W> বনাধিকারিক </W><W> রবীন্দ্রপাল </W><W> সৈনি </W><W> বলেন, </W><W> ‘‘জঙ্গল </W><W> লাগোয়া </W><W> গ্রামগুলিতে </W><W> বন্যপ্রাণীরা </W><W> প্রায়ই </W><W> জনরোষের </W><W> শিকার </W><W> হচ্ছে। </W><W> এ </W><W> ব্যাপারে </W><W> মানুষকে </W><W> সচেতন </W><W> করতে </W><W> আমরা </W><W> প্রচারপত্র </W><W> বিলি </W><W> করব </W><W> ঠিক </W><W> করেছি।’’ </W><W> চাষের </W><W> জমিতে </W><W> প্যাঙ্গোলিন </W><W> থাকলে </W><W> ক্ষতিকারক </W><W> পোকা </W><W> নষ্ট </W><W> হয়ে </W><W> যাবে, </W><W> বেজি </W><W> থাকলে </W><W> সাপের </W><W> উপদ্রব </W><W> কমবে </W><W> ইত্যাদি </W><W> ওই </W><W> প্রচারপত্রে </W><W> লেখা </W><W> থাকবে </W><W> বলে </W><W> তিনি </W><W> জানান। </W><W> বন </W><W> দফতর </W><W> সূত্রে </W><W> জানানো </W><W> হয়েছে </W><W> জেলার </W><W> ২৭ </W><W> শতাংশ </W><W> বনভূমিতে </W><W> বেজি, </W><W> প্যাঙ্গোলিন, </W><W> হরিণ, </W><W> বনবিড়াল, </W><W> চিতাবাঘ </W><W> প্রভৃতি </W><W> বন্যপ্রাণী </W><W> রয়েছে। </W></P><P><W> স্কুলের </W><W> রজত </W><W> জয়ন্তী </W></P><P><W> নিজস্ব </W><W> সংবাদদাতা, </W><W> বনগাঁ: </W><W> শিক্ষক </W><W> থাকলেও </W><W> ছাত্রের </W><W> অভাবে </W><W> অশোকনগরে </W><W> বন্ধ </W><W> হয়ে </W><W> রয়েছে </W><W> বেশ </W><W> কয়েকটি </W><W> প্রাথমিক </W><W> স্কুল। </W><W> কিন্তু </W><W> মহাসমারোহে </W><W> ২৫ </W><W> বছর </W><W> পূর্তি </W><W> উৎসব </W><W> পালন </W><W> করছে </W><W> প্রফুল্ল </W><W> নগর </W><W> নার্সারি </W><W> ও </W><W> কেজি </W><W> স্কুল। </W><W> স্কুলের </W><W> ছাত্র </W><W> সংখ্যা </W><W> ৭৮১। </W><W> স্কুলের </W><W> প্রধান </W><W> শিক্ষিকা </W><W> নমিতা </W><W> রায়চৌধুরী </W><W> জানিয়েছেন, </W><W> ‘‘হাবরা </W><W> এবং </W><W> অশোকনগরে </W><W> প্রাথমিক </W><W> শিক্ষার </W><W> সঙ্কট </W><W> অনেকটা </W><W> কাটিয়ে </W><W> তুলেছে </W><W> এই </W><W> স্কুল।’’ </W></P><P><W> পথ </W><W> নিরাপত্তা </W><W> সপ্তাহ </W></P><P><W> নিজস্ব </W><W> সংবাদদাতা, </W><W> কাঁথি: </W><W> তমলুক </W><W> মহকুমা </W><W> পুলিশ </W><W> ও </W><W> প্রশাসনের </W><W> উদ্যোগে </W><W> মঙ্গলবার </W><W> থেকে </W><W> পথ </W><W> নিরাপত্তা </W><W> সপ্তাহ </W><W> শুরু </W><W> হয়েছে। </W><W> ওই </W><W> উদ্যোগের </W><W> সহায়তায় </W><W> রয়েছে </W><W> হলদিয়া </W><W> পুরসভা </W><W> এবং </W><W> হলদিয়া </W><W> ডেভেলপমেন্ট </W><W> অথরিটি। </W><W> তমলুকে </W><W> ওই </W><W> অনুষ্ঠানে </W><W> উপস্থিত </W><W> ছিলেন </W><W> জেলাশাসক </W><W> অনিল </W><W> বর্মা, </W><W> জেলার </W><W> পুলিশ </W><W> সুপার </W><W> অনুজ </W><W> শর্মা </W><W> ছাড়াও </W><W> সাংসদ </W><W> লক্ষণ </W><W> শেঠ। </W></P><P><NATURAL_EVENT ID="1" TYPE="EPIDEMIC"><W> আন্ত্রিকে </W></NATURAL_EVENT><CASUALTIES-ARG ID="2"><LINK EVENT_ARG="1" ID="13" TYPE_REL="EVENT_ARG"/><W> মৃত </W><W> তিন </W></CASUALTIES-ARG></P><P><NATURAL_EVENT ID="4" TYPE="EPIDEMIC"><EVENT-COREF-LINK EVENT_ID="1" ID="12" TYPE_REL="EVENT_COREF"/><W> আন্ত্রিক </W></NATURAL_EVENT><W> আক্রান্ত </W><W> হয়ে </W><TIME-ARG ID="5"><LINK EVENT_ARG="4" ID="14" TYPE_REL="EVENT_ARG"/><W> গত </W><W> দু’দিনে </W></TIME-ARG><PLACE-ARG ID="6"><LINK EVENT_ARG="4" ID="15" TYPE_REL="EVENT_ARG"/><W> রঘুনাথগঞ্জের </W><W> জরুর </W><W> গ্রামে </W></PLACE-ARG><CASUALTIES-ARG ID="7"><LINK EVENT_ARG="4" ID="16" TYPE_REL="EVENT_ARG"/><W> ৩ </W><W> জন </W><W> মারা </W><W> গিয়েছে। </W></CASUALTIES-ARG><CASUALTIES-ARG ID="8"><LINK EVENT_ARG="4" ID="17" TYPE_REL="EVENT_ARG"/><W> আক্রান্ত </W><W> হনে </W><W> ৩৫ </W><W> জন। </W></CASUALTIES-ARG><W> মৃত </W><W> এক </W><W> জনের </W><W> পরিচয় </W><W> জানা </W><W> যায়নি। </W><W> অন্য </W><W> দু’জনের </W><W> নাম </W><W> আখতার </W><W> শেখ </W><W> (৪৫) </W><W> এবং </W><W> অনন্ত </W><W> ভুইমালি </W><W> (৯)। </W><W> জেলা </W><W> সহকারী </W><W> মুখ্য </W><W> স্বাস্থ্য </W><W> আধিকারিক </W><W> বলেছেন, </W><W> স্থানীয় </W><W> একটি </W><W> পুকুর </W><W> থেকেই </W><NATURAL_EVENT ID="28" TYPE="EPIDEMIC"><EVENT-COREF-LINK EVENT_ID="4" ID="30" TYPE_REL="EVENT_COREF"/><W> আন্ত্রিক </W><W> ছড়িয়ে </W><W> পড়েছে। </W></NATURAL_EVENT><W> ওই </W><W> গ্রামে </W><AFTER_EFFECTS-ARG ID="10"><LINK EVENT_ARG="28" ID="29" TYPE_REL="EVENT_ARG"/><W> একটি </W><W> চিকিৎসক </W><W> দল </W><W> পাঠানো </W><W> হয়েছে। </W></AFTER_EFFECTS-ARG></P><P><MAN_MADE_EVENT ID="31" TYPE="VEHICULAR_COLLISION"><W> পথদুর্ঘটনায় </W></MAN_MADE_EVENT><W> মৃত্যু </W></P><P><W> মোটর </W><W> সাইকেলে </W><W> চেপে </W><W> বাড়ি </W><W> ফেরার </W><W> পথে </W><MAN_MADE_EVENT ID="32" TYPE="VEHICULAR_COLLISION"><EVENT-COREF-LINK EVENT_ID="31" ID="43" TYPE_REL="EVENT_COREF"/><W> লরি </W><W> চাপা </W><W> পড়ে </W></MAN_MADE_EVENT><CASUALTIES-ARG ID="21"><LINK EVENT_ARG="32" ID="40" TYPE_REL="EVENT_ARG"/><W> মারা </W><W> গিয়েছেন </W><W> একটি </W><W> দোকানের </W><W> মালিক </W></CASUALTIES-ARG><W> ও </W><CASUALTIES-ARG ID="22"><LINK EVENT_ARG="32" ID="39" TYPE_REL="EVENT_ARG"/><W> তাঁর </W><W> এক </W><W> কর্মী। </W></CASUALTIES-ARG><TIME-ARG ID="23"><LINK EVENT_ARG="33" ID="38" TYPE_REL="EVENT_ARG"/><W> সোমবার </W><W> রাতে </W></TIME-ARG><MAN_MADE_EVENT ID="33" TYPE="VEHICULAR_COLLISION"><EVENT-COREF-LINK EVENT_ID="32" ID="42" TYPE_REL="EVENT_COREF"/><W> এই </W><W> ঘটনাটি </W><W> ঘটেছে </W></MAN_MADE_EVENT><PLACE-ARG ID="25"><LINK EVENT_ARG="33" ID="37" TYPE_REL="EVENT_ARG"/><W> ৩৪ </W><W> নম্বর </W><W> জাতীয় </W><W> সড়কের </W><W> উপরে </W><W> নিউ </W><W> ফরাক্কা </W><W> মোড়ের </W><W> কাছে। </W></PLACE-ARG><W> পুলিশ </W><W> সূত্রে </W><W> জানানো </W><W> হয়েছে, </W><W> মৃতদের </W><W> নাম </W><W> উত্তম </W><W> দাস </W><W> (৩৭) </W><W> ও </W><W> নিরঞ্জন </W><W> ঘোষ </W><W> (২৫)। </W><W> তাঁদের </W><W> বাড়ি </W><W> ফরাক্কা </W><W> থানা </W><W> এলাকার </W><W> বিন্দু </W><W> গ্রামে। </W><MAN_MADE_EVENT ID="26" TYPE="TRANSPORT_HAZARDS"><EVENT-COREF-LINK EVENT_ID="33" ID="41" TYPE_REL="EVENT_COREF"/><W> দুর্ঘটনার </W></MAN_MADE_EVENT><W> পরেই </W><AFTER_EFFECTS-ARG ID="34"><LINK EVENT_ARG="26" ID="36" TYPE_REL="EVENT_ARG"/><W> চালক </W><W> পালিয়ে </W><W> গিয়েছে। </W></AFTER_EFFECTS-ARG><AFTER_EFFECTS-ARG ID="27"><LINK EVENT_ARG="26" ID="35" TYPE_REL="EVENT_ARG"/><W> পুলিশ </W><W> ওই </W><W> লরিটি </W><W> আটক </W><W> করেছে। </W></AFTER_EFFECTS-ARG></P><P><W> চোরাকারবারীর </W><W> মৃত্যু </W></P><P><W> বাংলাদেশে </W><W> গরু </W><W> পাচার </W><W> করতে </W><W> গিয়ে </W><W> সোমবার </W><W> রাতে </W><W> রায়গঞ্জে </W><W> চোপড়া </W><W> থানার </W><W> বিনন্দপুর </W><W> সীমান্তে </W><W> বি </W><W> এস </W><W> এফের </W><W> গুলিতে </W><W> এক </W><W> চোরাকারবারীর </W><W> মৃত্যু </W><W> হয়েছে। </W><W> পুলিশ </W><W> জানায়, </W><W> তার </W><W> নাম </W><W> মমতাজ </W><W> মহম্মদ </W><W> (৩০)। </W><W> বাড়ি </W><W> বিনন্দপুরেই। </W><W> বি </W><W> এস </W><W> এফ </W><W> ঘটনাস্থল </W><W> থেকে </W><W> ৪টি </W><W> গরু </W><W> উদ্ধার </W><W> করেছে। </W></P></DOCUMENT>