<?xml version="1.0" encoding="UTF-8"?>
<DOCUMENT><P><TIME-ARG ID="0"><LINK EVENT_ARG="17" ID="43" TYPE_REL="EVENT_ARG"/><W> ১৯ </W><W> আষাঢ় </W><W> ১৪০৯ </W><W> বৃহস্পতিবার </W><W> ৪ </W><W> জুলাই </W><W> ২০০২ </W></TIME-ARG></P><P><W> সংক্ষেপে.. </W><W> উচ্চ </W><W> মাধ্যমিক </W><W> পরীক্ষার্থী </W><W> আত্মঘাতী </W><W> নিজস্ব </W><W> সংবাদদাতা </W><W> বনগাঁ </W><W> হাবরায় </W><W> এক </W><W> উচ্চ </W><W> মাধ্যমিক </W><W> পরীক্ষার্থী </W><W> মঙ্গলবার </W><W> আত্মহত্যা </W><W> করেছেন। </W><W> পুলিশ </W><W> জানায় </W><W> তাঁর </W><W> তুসি </W><W> রায় </W><W> (২৩)। </W><W> পরীক্ষায় </W><W> তুসি </W><W> পাশ </W><W> করলেও </W><W> ফল </W><W> প্রকাশের </W><W> দিন </W><W> তাঁকে </W><W> কেউ </W><W> এসে </W><W> খবর </W><W> দেয় </W><W> যে, </W><W> তিনি </W><W> ফেল </W><W> করেছেন। </W><W> এই </W><W> খবর </W><W> শুনে </W><W> তুসি </W><W> ভীষণ </W><W> ভেঙে </W><W> পড়েন। </W><W> তাঁর </W><W> মা </W><W> তখন </W><W> বাণীপুর </W><W> বাণীনিকেতন </W><W> স্কুলে </W><W> মার্কশিট </W><W> আনতে </W><W> গিয়েছিলেন। </W><W> মা </W><W> বাড়িতে </W><W> ফেরার </W><W> আগেই </W><W> তিনি </W><W> গলায় </W><W> ফাঁস </W><W> লাগিয়ে </W><W> ঝুলে </W><W> পড়েন। </W><W> আশঙ্কাজনক </W><W> অবস্থায় </W><W> হাবরা </W><W> হাসপাতালে </W><W> ভর্তি </W><W> করার </W><W> পরে </W><W> রাতে </W><W> তুসি </W><W> মারা </W><W> যান। </W><W> এ </W><W> দিকে </W><W> ভদ্রেশ্বরের </W><W> দিঘড়া </W><W> হাই </W><W> স্কুলের </W><W> এক </W><W> উচ্চ </W><W> মাধ্যমিক </W><W> পরীক্ষার্থী </W><W> ফেল </W><W> করে </W><W> গলায় </W><W> দড়ি </W><W> দিয়ে </W><W> আত্মঘাতী </W><W> হয়েছেন। </W><W> তার </W><W> নাম </W><W> অভিষেক </W><W> চক্রবর্তী </W><W> (১৮)। </W></P><P><W> খাতা </W><W> তলব </W><W> হাইকোর্টে </W></P><P><W> নিজস্ব </W><W> সংবাদদাতা, </W><W> কলকাতা: </W><W> নবিপুর </W><W> সরলাবালা </W><W> হাইস্কুলের </W><W> ছাত্র </W><W> পিনাকী </W><W> পাত্রের </W><W> মাধ্যমিক </W><W> পরীক্ষার </W><W> ইতিহাস </W><W> খাতা </W><W> ১৫ </W><W> জুলাই </W><W> কলকাতা </W><W> হাইকোর্টে </W><W> পেশ </W><W> করতে </W><W> হবে। </W><W> হাইকোর্টের </W><W> বিচারপতি </W><W> বারীন </W><W> ঘোষ </W><W> বুধবার </W><W> মধ্যশিক্ষা </W><W> পর্ষদকে </W><W> এই </W><W> নির্দেশ </W><W> দিয়েছেন। </W></P><P><W> পিনাকী </W><W> পাত্র </W><W> ২০০২ </W><W> সালে </W><W> মাধ্যমিক </W><W> পরীক্ষা </W><W> দিয়েছিল। </W><W> ফল </W><W> প্রকাশিত </W><W> হওয়ার </W><W> পরে </W><W> দেখা </W><W> যায়, </W><W> সে </W><W> অকৃতকার্য </W><W> হয়েছে। </W><W> প্রতিটি </W><W> বিষয়ে </W><W> সে </W><W> ৮৭% </W><W> নম্বর </W><W> পেয়েছে। </W><W> শুধু </W><W> ইতিহাসে </W><W> পেয়েছে </W><W> ১১। </W><W> ওই </W><W> ছাত্র </W><W> হাইকোর্টে </W><W> মামলার </W><W> আবেদনে </W><W> বলেছে, </W><W> সে </W><W> ইতিহাসেও </W><W> ভাল </W><W> পরীক্ষা </W><W> দিয়েছিল। </W><W> তার </W><W> পরেই </W><W> হাইকোর্ট </W><W> খাতা </W><W> দেখার </W><W> সিদ্ধান্ত </W><W> নেয়। </W></P><P><W> আগাম </W><W> জামিন </W><W> সেই </W><W> এসআইয়ের </W></P><P><W> নিজস্ব </W><W> সংবাদদাতা, </W><W> বর্ধমান: </W><W> আগাম </W><W> জামিন </W><W> পেলেন </W><W> বর্ধমান </W><W> জেলা </W><W> পুলিশের </W><W> এস </W><W> আই </W><W> অমিতাভ </W><W> সোম। </W><W> বুধবার </W><W> বর্ধমান </W><W> জেলা </W><W> জজ </W><W> রুদ্রেন্দ্রনাথ </W><W> বন্দ্যোপাধ্যায় </W><W> তাঁর </W><W> জামিনের </W><W> আবেদন </W><W> মঞ্জুর </W><W> করেন। </W><W> কয়লা </W><W> মাফিয়া </W><W> বাপি </W><W> মোবাইলের </W><W> সঙ্গে </W><W> জাল </W><W> নথিপত্র </W><W> তৈরি </W><W> করে </W><W> ই </W><W> সি </W><W> এল </W><W> ও </W><W> রাজ্য </W><W> সরকারকে </W><W> প্রতারণার </W><W> অভিযোগে </W><W> তাঁর </W><W> বিরুদ্ধে </W><W> গত </W><W> ১৪ </W><W> জুন </W><W> মামলা </W><W> করা </W><W> হয়। </W><W> বাপির </W><W> বাড়ি </W><W> থেকে </W><W> অমিতাভবাবুর </W><W> হাতে </W><W> লেখা </W><W> নথি </W><W> উদ্ধার </W><W> করে </W><W> পুলিশ। </W></P><P><W> নুন </W><W> খেয়ে </W><W> মৃত </W><W> কিশোর </W></P><P><W> নিজস্ব </W><W> সংবাদদাতা, </W><W> তমলুক: </W><W> বন্ধুদের </W><W> সঙ্গে </W><W> বাজি </W><W> ধরে </W><W> নুন </W><W> খেয়ে </W><W> এক </W><W> কিশোরের </W><W> মৃত্যু </W><W> হয়েছে। </W><W> মঙ্গলবার </W><W> সন্ধ্যায় </W><W> তমলুক </W><W> হাসপাতালে </W><W> অমিত </W><W> ভুইঞা </W><W> (১৭) </W><W> নামে </W><W> ওই </W><W> কিশোরের </W><W> মৃত্যু </W><W> হয়েছে। </W><W> সোমবার </W><W> দুপুরে </W><W> তমলুক </W><W> থানা </W><W> এলাকার </W><W> খারুইগ্রামে </W><W> ওই </W><W> কিশোর </W><W> তার </W><W> বন্ধুদের </W><W> সঙ্গে </W><W> বাজি </W><W> ধরে </W><W> ৩০০ </W><W> গ্রাম </W><W> নুন </W><W> একসঙ্গে </W><W> খেয়ে </W><W> নেয়। </W><W> একটু </W><W> পরেই </W><W> সে </W><W> বমি </W><W> করতে </W><W> শুরু </W><W> করে। </W><W> সঙ্গে </W><W> সঙ্গেই </W><W> তাকে </W><W> তমলুকের </W><W> জেলা </W><W> হাসপাতালে </W><W> ভর্তি </W><W> করানো </W><W> হয়। </W><W> মঙ্গলবার </W><W> সন্ধ্যায় </W><W> সেখানে </W><W> তার </W><W> মৃত্যু </W><W> হয়। </W></P><P><CASUALTIES-ARG ID="1"><LINK EVENT_ARG="17" ID="21" TYPE_REL="EVENT_ARG"/><W> পুত্রকে </W></CASUALTIES-ARG><MAN_MADE_EVENT ID="17" TYPE="SHOOT_OUT"><W> গুলি </W><W> করে </W></MAN_MADE_EVENT><CASUALTIES-ARG ID="18"><LINK EVENT_ARG="17" ID="19" TYPE_REL="EVENT_ARG"/><PARTICIPANT-ARG ID="3"><LINK EVENT_ARG="17" ID="20" TYPE_REL="EVENT_ARG"/><W> জওয়ান </W></PARTICIPANT-ARG><W> আত্মঘাতী </W></CASUALTIES-ARG></P><P><W> নিজস্ব </W><W> সংবাদদাতা, </W><W> আসানসোল: </W><CASUALTIES-ARG ID="5"><LINK EVENT_ARG="22" ID="23" TYPE_REL="EVENT_ARG"/><W> ৩ </W><W> বছরের </W><W> পুত্রকে </W></CASUALTIES-ARG><MAN_MADE_EVENT ID="22" TYPE="SHOOT_OUT"><EVENT-COREF-LINK EVENT_ID="17" ID="42" TYPE_REL="EVENT_COREF"/><W> গুলি </W><W> করে </W></MAN_MADE_EVENT><CASUALTIES-ARG ID="25"><LINK EVENT_ARG="22" ID="26" TYPE_REL="EVENT_ARG"/><W> আত্মহত্যা </W><W> করেছেন </W><PARTICIPANT-ARG ID="8"><LINK EVENT_ARG="22" ID="24" TYPE_REL="EVENT_ARG"/><W> এক </W><W> সি </W><W> আই </W><W> এস </W><W> এফ </W><W> জওয়ান। </W></PARTICIPANT-ARG></CASUALTIES-ARG><MAN_MADE_EVENT ID="27" TYPE="SHOOT_OUT"><EVENT-COREF-LINK EVENT_ID="22" ID="41" TYPE_REL="EVENT_COREF"/><W> ঘটনাটি </W><W> ঘটেছে </W></MAN_MADE_EVENT><TIME-ARG ID="10"><LINK EVENT_ARG="27" ID="29" TYPE_REL="EVENT_ARG"/><W> বুধবার </W></TIME-ARG><PLACE-ARG ID="11"><LINK EVENT_ARG="27" ID="28" TYPE_REL="EVENT_ARG"/><W> আসানসোলের </W><W> সাঁকতোড়িয়ায়। </W></PLACE-ARG><AFTER_EFFECTS-ARG ID="12"><LINK EVENT_ARG="27" ID="30" TYPE_REL="EVENT_ARG"/><W> গুরুতর </W><W> জখম </W><W> শিশুটিকে </W><W> চিকিৎসার </W><W> জন্য </W><W> কলকাতায় </W><W> পাঠানো </W><W> হয়েছে। </W></AFTER_EFFECTS-ARG><W> পুলিশ </W><W> জানায়, </W><PARTICIPANT-ARG ID="32"><LINK EVENT_ARG="31" ID="39" TYPE_REL="EVENT_ARG"/><W> বীরেশ </W><W> কুশবাহা </W><W> নামে </W><W> ওই </W><W> জওয়ান </W></PARTICIPANT-ARG><TIME-ARG ID="33"><LINK EVENT_ARG="31" ID="38" TYPE_REL="EVENT_ARG"/><W> এ </W><W> দিন </W><W> দুপুরের </W></TIME-ARG><W> খাওয়া </W><W> সারতে </W><W> ক্যাম্প </W><W> থেকে </W><W> নিজের </W><W> কোয়ার্টারে </W><W> যান। </W><TIME-ARG ID="13"><LINK EVENT_ARG="31" ID="37" TYPE_REL="EVENT_ARG"/><W> দুপুর </W><W> ৩টে </W><W> নাগাদ </W></TIME-ARG><W> নিজের </W><W> সার্ভিস </W><W> রিভলভার </W><W> থেকে </W><CASUALTIES-ARG ID="14"><LINK EVENT_ARG="31" ID="36" TYPE_REL="EVENT_ARG"/><W> শিশুপুত্রকে </W></CASUALTIES-ARG><MAN_MADE_EVENT ID="31" TYPE="SHOOT_OUT"><EVENT-COREF-LINK EVENT_ID="27" ID="40" TYPE_REL="EVENT_COREF"/><W> গুলি </W><W> করে </W></MAN_MADE_EVENT><CASUALTIES-ARG ID="34"><LINK EVENT_ARG="31" ID="35" TYPE_REL="EVENT_ARG"/><W> নিজেও </W><W> আত্মহত্যা </W><W> করেন। </W></CASUALTIES-ARG></P></DOCUMENT>