<?xml version="1.0" encoding="UTF-8"?>
<DOCUMENT><P><TIME-ARG ID="0"><LINK EVENT_ARG="27" ID="52" TYPE_REL="EVENT_ARG"/><TIME-ARG ID="53"><LINK EVENT_ARG="21" ID="54" TYPE_REL="EVENT_ARG"/><W> ২৫ </W><W> চৈত্র </W><W> ১৪০৮ </W><W> সোমবার </W><W> ৮ </W><W> এপ্রিল </W><W> ২০০২ </W></TIME-ARG></TIME-ARG></P><P><W> সংক্ষেপে </W><W> .. </W><W> পুরসভার </W><W> আয় </W><W> বাড়াতে </W><W> টোল </W><W> গেট </W><W> রায়গঞ্জে </W><W> নিজস্ব </W><W> সংবাদদাতা </W><W> রায়গঞ্জ </W><W> আয় </W><W> বাড়াতে </W><W> দূরপাল্লার </W><W> বাস </W><W> ও </W><W> লরি </W><W> থেকে </W><W> টোল </W><W> আদায়ের </W><W> সিদ্ধান্ত </W><W> নিয়েছে </W><W> রায়গঞ্জ </W><W> পুরসভা। </W><W> ইতিমধ্যেই </W><W> শহরের </W><W> দুই </W><W> প্রান্তে </W><W> ৩৪ </W><W> নম্বর </W><W> জাতীয় </W><W> সড়কের </W><W> উপরে </W><W> দুইটি </W><W> তোরণ </W><W> নির্মাণের </W><W> কাজ </W><W> শুরু </W><W> হয়ে </W><W> গিয়েছে। </W></P><P><W> পুরসভার </W><W> চেয়ারম্যান-ইন-কাউন্সিল </W><W> মিলন </W><W> চৌধুরী </W><W> জানিয়েছেন, </W><W> আগামী </W><W> মে </W><W> মাস </W><W> থেকেই </W><W> বাইরের </W><W> কোনও </W><W> বাস </W><W> বা </W><W> লরি </W><W> শহরে </W><W> ঢুকতে </W><W> গেলে </W><W> পুরসভাকে </W><W> ২০ </W><W> টাকা </W><W> কর </W><W> দিতে </W><W> হবে। </W><W> ব্যক্তিগত </W><W> গাড়ির </W><W> জন্য </W><W> এই </W><W> কর </W><W> প্রযোজ্য </W><W> নয়। </W><W> এর </W><W> পাশাপাশি </W><W> ভাড়া </W><W> গাড়ির </W><W> ক্ষেত্রে </W><W> ট্রেড </W><W> লাইসেন্স </W><W> বাধ্যতামূলক </W><W> করেছে </W><W> পুরসভা। </W><W> বড় </W><W> গাড়ির </W><W> জন্য </W><W> ১০০ </W><W> টাকা, </W><W> মাঝারি </W><W> গাড়ির </W><W> জন্য </W><W> ৭০ </W><W> টাকা </W><W> ও </W><W> ছোট </W><W> গাড়ির </W><W> ক্ষেত্রে </W><W> ৫০ </W><W> টাকা </W><W> ফি </W><W> ধার্য </W><W> করা </W><W> হয়েছে। </W><W> এ </W><W> ছাড়া </W><W> বাইরে </W><W> থেকে </W><W> ছোট </W><W> গাড়ি </W><W> শহরে </W><W> ঢুকলে </W><W> পার্কিং </W><W> বাবদ </W><W> টাকা </W><W> নেওয়া </W><W> হবে </W><W> বলে </W><W> রায়গঞ্জ </W><W> পুরসভার </W><W> পক্ষ </W><W> থেকে </W><W> জানানো </W><W> হয়েছে। </W></P><P><W> হাতির </W><W> হামলা </W></P><P><W> নিজস্ব </W><W> সংবাদদাতা, </W><W> শিলিগুড়ি: </W><W> শনিবার </W><W> মাঝরাতে </W><W> বাগডোগরা </W><W> থানার </W><W> শ্রীকলোনি, </W><W> মসজিদপাড়া </W><W> ও </W><W> খুদিরামপল্লি </W><W> এলাকায় </W><W> আচমকা </W><W> একপাল </W><W> বুনো </W><W> হাতি </W><W> চড়াও </W><W> হয়ে </W><W> ভাঙচুর </W><W> চালায়। </W><W> ৭-৮টি </W><W> হাতির </W><W> হামলায় </W><W> বেশ </W><W> কয়েকটি </W><W> দোকান </W><W> ও </W><W> ঘরবাড়ি </W><W> ক্ষতিগ্রস্ত </W><W> হয়। </W><W> স্থানীয় </W><W> বাসিন্দারা </W><W> প্রথমে </W><W> আতঙ্কে </W><W> পালিয়ে </W><W> গেলেও </W><W> পরে </W><W> একজোট </W><W> হয়ে </W><W> হাতি </W><W> তাড়াতে </W><W> পথে </W><W> নামেন। </W><W> প্রায় </W><W> আড়াই </W><W> ঘন্টা </W><W> ধরে </W><W> মশাল </W><W> দেখিয়ে, </W><W> পটকা </W><W> ফাটিয়ে </W><W> হাতিগুলিকে </W><W> তাড়ানো </W><W> হয়। </W><W> বন </W><W> দফতর </W><W> সূত্রে </W><W> জানা </W><W> গিয়েছে, </W><W> বুনো </W><W> হাতির </W><W> দলটি </W><W> ব্যাঙডুবি </W><W> লাগোয়া </W><W> জঙ্গল </W><W> থেকে </W><W> এসেছিল। </W><W> ওই </W><W> হাতির </W><W> দলটি </W><W> হঠাৎ </W><W> করে </W><W> কেন </W><W> লোকালয়ে </W><W> ঢুকে </W><W> হামলা </W><W> চালালো </W><W> তা </W><W> খতিয়ে </W><W> দেখছে </W><W> বনবিভাগ। </W></P><P><W> ছাত্র </W><W> ধর্মঘট </W><W> আসানসোলে </W></P><P><W> নিজস্ব </W><W> সংবাদদাতা, </W><W> আসানসোল: </W><W> দুর্গাপুরে </W><W> ছাত্র </W><W> ধর্মঘটে </W><W> বেঙ্গল </W><W> কলেজ </W><W> অব </W><W> ইঞ্জিনিয়ারিং </W><W> অ্যাণ্ড </W><W> টেকনোলজিতে </W><W> পঠন </W><W> পাঠন </W><W> বন্ধ </W><W> হয়ে </W><W> অচলাবস্থা </W><W> দেখা </W><W> দিয়েছে। </W><W> তিন </W><W> দিন </W><W> ধরে </W><W> নিজস্ব </W><W> ছাত্রাবাস </W><W> ও </W><W> উন্নত </W><W> মানের </W><W> খাবারের </W><W> দাবিতে </W><W> ছাত্রেরা </W><W> ধর্মঘট </W><W> চালিয়ে </W><W> যাচ্ছেন। </W><W> তাঁদের </W><W> অভিযোগ, </W><W> এক </W><W> বছর </W><W> পরেও </W><W> কলেজের </W><W> নিজস্ব </W><W> হস্টেল </W><W> তৈরি </W><W> হয়নি। </W><W> ক্যান্টিনে </W><W> খাবারের </W><W> মান </W><W> মোটেই </W><W> ভাল </W><W> নয়। </W><W> তাঁদের </W><W> দাবি </W><W> ক্যান্টিনের </W><W> দায়িত্ব </W><W> তাঁদের </W><W> হাতে </W><W> তুলে </W><W> দেওয়া </W><W> হোক। </W><W> অন্য </W><W> দিকে, </W><W> কলেজের </W><W> কর্তৃপক্ষ </W><W> জানান, </W><W> ভর্তির </W><W> সময়ে </W><W> তাঁরা </W><W> প্রসপেক্টাসে </W><W> লিখিত </W><W> সমস্ত </W><W> শর্তই </W><W> পূরণ </W><W> করেছেন। </W><W> ইতিমধ্যেই </W><W> ছাত্রীদের </W><W> হস্টেল </W><W> শেষ </W><W> হওয়ার </W><W> মুখে। </W><W> ছাত্রদের </W><W> হস্টেল </W><W> নির্দিষ্ট </W><W> সময়ে </W><W> তা </W><W> তৈরি </W><W> হবে। </W><W> তবে </W><W> ক্যান্টিনের </W><W> খাবারের </W><W> মান </W><W> খারাপ </W><W> বলে </W><W> তিনি </W><W> মানতে </W><W> চাননি। </W></P><P><CASUALTIES-ARG ID="2"><LINK EVENT_ARG="27" ID="28" TYPE_REL="EVENT_ARG"/><W> যুবককে </W></CASUALTIES-ARG><MAN_MADE_EVENT ID="27" TYPE="SHOOT_OUT"><W> গুলি </W><W> করে </W></MAN_MADE_EVENT><W> খুন </W><PLACE-ARG ID="3"><LINK EVENT_ARG="27" ID="29" TYPE_REL="EVENT_ARG"/><W> কৃষ্ণনগরে </W></PLACE-ARG></P><P><W> নিজস্ব </W><W> সংবাদদাতা, </W><W> কৃষ্ণনগর: </W><TIME-ARG ID="4"><LINK EVENT_ARG="7" ID="39" TYPE_REL="EVENT_ARG"/><W> রবিবার </W><W> রাতে </W></TIME-ARG><PLACE-ARG ID="5"><LINK EVENT_ARG="7" ID="40" TYPE_REL="EVENT_ARG"/><W> কোতোয়ালি </W><W> থানার </W><W> খামারপাড়ায় </W></PLACE-ARG><PARTICIPANT-ARG ID="6"><LINK EVENT_ARG="7" ID="41" TYPE_REL="EVENT_ARG"/><W> দুষ্কৃতীদের </W></PARTICIPANT-ARG><MAN_MADE_EVENT ID="7" TYPE="SHOOT_OUT"><EVENT-COREF-LINK EVENT_ID="27" ID="30" TYPE_REL="EVENT_COREF"/><W> গুলিতে </W></MAN_MADE_EVENT><CASUALTIES-ARG ID="8"><LINK EVENT_ARG="7" ID="42" TYPE_REL="EVENT_ARG"/><W> এক </W><W> ব্যক্তি </W><W> নিহত </W></CASUALTIES-ARG><W> হয়েছেন। </W><W> নিহতের </W><W> নাম </W><W> অসিত </W><W> মণ্ডল </W><W> (৩৫)। </W><W> পুলিশের </W><W> ধারণা, </W><REASON-ARG ID="9"><LINK EVENT_ARG="31" ID="32" TYPE_REL="EVENT_ARG"/><W> বদলা </W><W> নিতেই </W></REASON-ARG><PARTICIPANT-ARG ID="10"><LINK EVENT_ARG="31" ID="34" TYPE_REL="EVENT_ARG"/><W> তাঁর </W><W> বিরোধী </W><W> গোষ্ঠী </W></PARTICIPANT-ARG><CASUALTIES-ARG ID="11"><LINK EVENT_ARG="31" ID="33" TYPE_REL="EVENT_ARG"/><W> তাঁকে </W></CASUALTIES-ARG><MAN_MADE_EVENT ID="31" TYPE="SHOOT_OUT"><EVENT-COREF-LINK EVENT_ID="7" ID="35" TYPE_REL="EVENT_COREF"/><W> গুলি </W><W> করে </W></MAN_MADE_EVENT><W> হত্যা </W><W> করেছে। </W></P><P><TIME-ARG ID="13"><LINK EVENT_ARG="36" ID="37" TYPE_REL="EVENT_ARG"/><W> রবিবার </W><W> রাতে </W></TIME-ARG><W> অসিত </W><W> কয়েক </W><W> জনকে </W><W> নিয়ে </W><W> মাঠে </W><W> নিজের </W><W> পাম্প </W><W> দেখতে </W><W> যাচ্ছিল। </W><PARTICIPANT-ARG ID="14"><LINK EVENT_ARG="36" ID="40" TYPE_REL="EVENT_ARG"/><W> এক </W><W> দল </W><W> লোক </W></PARTICIPANT-ARG><W> তখনই </W><CASUALTIES-ARG ID="16"><LINK EVENT_ARG="36" ID="38" TYPE_REL="EVENT_ARG"/><W> তাঁকে </W></CASUALTIES-ARG><MAN_MADE_EVENT ID="36" TYPE="SHOOT_OUT"><EVENT-COREF-LINK EVENT_ID="31" ID="43" TYPE_REL="EVENT_COREF"/><W> গুলি </W><W> করে। </W></MAN_MADE_EVENT><CASUALTIES-ARG ID="41"><LINK EVENT_ARG="36" ID="42" TYPE_REL="EVENT_ARG"/><W> ঘটনাস্থলেই </W><W> তাঁর </W><W> মৃত্যু </W><W> হয়। </W></CASUALTIES-ARG><W> পুলিশ </W><W> জানিয়েছে, </W><W> অসিতের </W><W> নামে </W><W> একটি </W><W> খুন </W><W> ও </W><W> ধর্ষণের </W><W> অভিযোগ </W><W> আছে। </W></P><P><W> ডাকাতি </W><W> রুখতে </W><W> গিয়ে </W><W> হত </W><W> গ্রামবাসী </W></P><P><W> নিজস্ব </W><W> সংবাদদাতা, </W><W> কৃষ্ণনগর: </W><W> ডাকাতি </W><W> রুখতে </W><W> গিয়ে </W><W> দুষ্কৃতীদের </W><W> হাতে </W><W> নিহত </W><W> হয়েছেন </W><W> এক </W><W> জন </W><W> গ্রামবাসী। </W><W> শনিবার </W><W> রাতে </W><W> ঘটনাটি </W><W> ঘটেছে </W><W> তেহট্ট </W><W> থানার </W><W> শ্যামনগর </W><W> ঘোষপাড়ায়। </W><W> পুলিশ </W><W> জানায়, </W><W> নিহতের </W><W> নাম </W><W> পতিতপাবন </W><W> ঘোষ </W><W> (৩৭)। </W><W> এ </W><W> দিন </W><W> রাতে </W><W> এক </W><W> দল </W><W> ডাকাত </W><W> পর </W><W> পর </W><W> ৩টি </W><W> বাড়িতে </W><W> লুঠপাট </W><W> করে </W><W> পালানোর </W><W> সময় </W><W> পতিতপাবনবাবুরা </W><W> তাদের </W><W> বাধা </W><W> দেন। </W><W> পতিতপাবনবাবু </W><W> দুষ্কৃতীদের </W><W> তাড়া </W><W> করে </W><W> কিছুটা </W><W> এগিয়ে </W><W> গেলে </W><W> সেখানে </W><W> তাঁকে </W><W> ধারালো </W><W> অস্ত্র </W><W> দিয়ে </W><W> কোপায় </W><W> ডাকাতেরা। </W><W> ঘটনাস্থলেই </W><W> তাঁর </W><W> মৃত্যু </W><W> হয়। </W><W> এই </W><W> ঘটনার </W><W> প্রতিবাদে </W><W> রবিবার </W><W> সকাল </W><W> সাতটা </W><W> থেকে </W><W> শ্যামনগরে </W><W> হাসপাতাল </W><W> মোড়ে </W><W> প্রায় </W><W> ২ </W><W> ঘণ্টা </W><W> করিমপুর </W><W> রোড </W><W> অবরোধ </W><W> করে </W><W> রাখেন </W><W> গ্রামবাসীরা। </W></P><P><W> স্বাভাবিক </W><W> হয়নি </W><W> তেলেনিপাড়া </W></P><P><W> নিজস্ব </W><W> সংবাদদাতা, </W><W> চুঁচুড়া: </W><W> ভদ্রেশ্বর </W><W> তেলেনিপাড়া </W><W> এখনও </W><W> স্বাভাবিক </W><W> হয়নি। </W><W> অনেকে </W><W> ভয়ে </W><W> এলাকা </W><W> ছেড়ে </W><W> চলে </W><W> যাচ্ছেন। </W><W> যদিও </W><W> দ্রুত </W><W> স্বাভাবিক </W><W> অবস্থা </W><W> ফেরাতে </W><W> রবিবার </W><W> ভদ্রেশ্বর </W><W> থানায় </W><W> সমস্ত </W><W> রাজনৈতিক </W><W> দল, </W><W> ধর্মীয় </W><W> প্রতিষ্ঠান </W><W> এবং </W><W> অন্যান্যদের </W><W> নিয়ে </W><W> পুলিশ </W><W> ও </W><W> প্রশাসনের </W><W> কর্তারা </W><W> শান্তি </W><W> বৈঠক </W><W> করেন। </W><W> অন্য </W><W> দিকে, </W><W> পুলিশ </W><W> ও </W><W> প্রশাসনের </W><W> নিষেধাজ্ঞা </W><W> সত্ত্বেও </W><W> তৃণমূল </W><W> নেতা </W><W> পঙ্কজ </W><W> বন্দ্যোপাধ্যায় </W><W> দলবল </W><W> নিয়ে </W><W> যান। </W><W> তিনি </W><W> বলেন, </W><W> ‘‘সি </W><W> পি </W><W> এমের </W><W> মদতে </W><W> পুষ্ট </W><W> দুষ্কৃতীরাই </W><W> এই </W><W> ঘটনা </W><W> ঘটিয়েছে। </W><W> ঘটনার </W><W> দিন </W><W> পুলিশের </W><W> গুলিতেই </W><W> এক </W><W> যুবকের </W><W> মৃত্যু </W><W> হয়েছে। </W><W> অথচ </W><W> পুলিশ </W><W> বলেছে, </W><W> বোমা </W><W> বহন </W><W> করতে </W><W> গিয়ে </W><W> তা </W><W> ফেটে </W><W> ওই </W><W> যুবক </W><W> মারা </W><W> গিয়েছে। </W><W> আমাদের </W><W> কাছে </W><W> এর </W><W> প্রমাণও </W><W> রয়েছে।’’ </W></P><P><W> জলের </W><W> অব্যবস্থা, </W><W> ক্ষুব্ধ </W><W> সাংসদ </W></P><P><W> নিজস্ব </W><W> সংবাদদাতা, </W><W> শিলিগুড়ি: </W><W> শিলিগুড়ি </W><W> শহর </W><W> লাগোয়া </W><W> ভক্তিনগর </W><W> থানা </W><W> এলাকার </W><W> সরকারি </W><W> আবাসনে </W><W> সুষ্ঠু </W><W> পানীয় </W><W> জলের </W><W> বন্দোবস্ত </W><W> না-থাকায় </W><W> ক্ষুব্ধ </W><W> রাজ্যসভার </W><W> সাংসদ </W><W> ভেন </W><W> ধর্মবীর। </W><W> রাষ্ট্রীয় </W><W> জনতা </W><W> দলের </W><W> ওই </W><W> সাংসদ </W><W> বিহারের </W><W> কিষাণগঞ্জ </W><W> থেকে </W><W> নির্বাচিত </W><W> হলেও </W><W> ওই </W><W> আবাসনে </W><W> তাঁর </W><W> ফ্ল্যাট </W><W> রয়েছে। </W><W> শনিবার </W><W> কেন্দ্রীয় </W><W> কয়লা </W><W> ও </W><W> খনিমন্ত্রী </W><W> রামবিলাস </W><W> পাসোয়ানের </W><W> সঙ্গে </W><W> গ্যাংটকে </W><W> একটি </W><W> অনুষ্ঠানে </W><W> যোগ </W><W> দিতে </W><W> যাওয়ার </W><W> পথে </W><W> শিলিগুড়ি </W><W> সার্কিট </W><W> হাউসে </W><W> বসে </W><W> ওই </W><W> সাংসদ </W><W> ক্ষোভ </W><W> প্রকাশ </W><W> করেন। </W><W> কেন্দ্রীয় </W><W> কয়লা </W><W> ও </W><W> খনিমন্ত্রীকে </W><W> অভ্যর্থনা </W><W> জানাতে </W><W> আসা </W><W> রাজ্য </W><W> পুলিশ </W><W> ও </W><W> প্রশাসনের </W><W> অফিসারদের </W><W> সামনেই </W><W> ওই </W><W> সাংসদ </W><W> রাজ্য </W><W> আবাসন </W><W> পর্ষদের </W><W> সমালোচনা </W><W> করেন। </W><W> তিনি </W><W> বলেন, </W><W> ‘‘ভক্তিনগর </W><W> থানার </W><W> লাগোয়া </W><W> ওই </W><W> হিমালয় </W><W> কন্যা </W><W> আবাসনের </W><W> জল </W><W> যে </W><W> ঘোলা </W><W> ও </W><W> দুর্গন্ধযুক্ত, </W><W> তা </W><W> পর্ষদের </W><W> ইঞ্জিনিয়ররাও </W><W> জানেন। </W><W> তারপরেও </W><W> যথাযথ </W><W> ব্যবস্থা </W><W> নিচ্ছেন </W><W> না </W><W> কেন, </W><W> সেটাই </W><W> তো </W><W> বুঝতে </W><W> পারছি </W><W> না।’’ </W></P><P><W> সুবর্ণ </W><W> জয়ন্তী </W></P><P><W> নিজস্ব </W><W> সংবাদদাতা, </W><W> কলকাতা: </W><W> সম্প্রতি </W><W> নৈহাটির </W><W> এক </W><W> নম্বর </W><W> বিজয়নগর </W><W> বিদ্যালয়ের </W><W> (বয়েজ </W><W> হাই) </W><W> সুবর্ণ </W><W> জয়ন্তী </W><W> উৎসব </W><W> পালিত </W><W> হল। </W><W> এই </W><W> উপলক্ষে </W><W> স্কুলের </W><W> বর্তমান </W><W> ও </W><W> প্রাক্তন </W><W> মিলিয়ে </W><W> প্রায় </W><W> এক </W><W> হাজার </W><W> ছাত্রছাত্রী-সহ </W><W> বিরাট </W><W> শোভাযাত্রা </W><W> শহর </W><W> পরিক্রমা </W><W> করে। </W><W> বঙ্কিমচন্দ্রের </W><W> জন্মভিটায় </W><W> মাল্যদান </W><W> করেন </W><W> স্কুলের </W><W> প্রধান </W><W> শিক্ষক </W><W> অসিতকুমার </W><W> ঘোষ। </W><W> পরে </W><W> বিদ্যালয়ের </W><W> অবসরপ্রাপ্ত </W><W> প্রায় </W><W> ২০০ </W><W> জন </W><W> শিক্ষক </W><W> ও </W><W> অশিক্ষক </W><W> কর্মীর </W><W> হাতে </W><W> মানপত্র </W><W> তুলে </W><W> দেওয়া </W><W> হয়। </W><W> আয়োজন </W><W> করা </W><W> হয় </W><W> সাংস্কৃতিক </W><W> অনুষ্ঠানেরও। </W><W> অনুষ্ঠানে </W><W> ছিলেন </W><W> শিক্ষা </W><W> দফতরের </W><W> উপ-অধিকর্তা </W><W> দিব্যগোপাল </W><W> ঘটক। </W></P><P><CASUALTIES-ARG ID="23"><LINK EVENT_ARG="21" ID="28" TYPE_REL="EVENT_ARG"/><W> পাচারকারীর </W><W> মৃত্যু </W></CASUALTIES-ARG></P><P><W> সীমান্ত </W><W> পেরিয়ে </W><W> এ </W><W> দেশে </W><W> ঢোকার </W><W> সময়ে </W><PARTICIPANT-ARG ID="20"><LINK EVENT_ARG="21" ID="30" TYPE_REL="EVENT_ARG"/><W> সীমান্ত </W><W> রক্ষী </W><W> বাহিনীর </W><W> জওয়ানদের </W></PARTICIPANT-ARG><MAN_MADE_EVENT ID="21" TYPE="SHOOT_OUT"><W> গুলিতে </W></MAN_MADE_EVENT><CASUALTIES-ARG ID="22"><LINK EVENT_ARG="21" ID="29" TYPE_REL="EVENT_ARG"/><W> দুই </W><W> পাচারকারীর </W><W> মৃত্যু </W></CASUALTIES-ARG><W> হয়েছে। </W><W> তাদের </W><W> নাম </W><W> মহম্মদ </W><W> সিরাজ </W><W> (২২) </W><W> ও </W><W> মহম্মদ </W><W> রজ্জাক </W><W> (২০)। </W><W> বাড়ি </W><W> বাংলাদেশের </W><W> ঠাকুরগঞ্জে। </W><W> পুলিশ </W><W> জানিয়েছে, </W><TIME-ARG ID="24"><LINK EVENT_ARG="47" ID="50" TYPE_REL="EVENT_ARG"/><W> শুক্রবার </W><W> গভীর </W><W> রাতে </W></TIME-ARG><W> পাটবীজ </W><W> ভরা </W><W> বস্তা </W><W> নিয়ে </W><W> সীমান্ত </W><W> পার </W><W> করার </W><W> সময় </W><W> বিএসএফ </W><W> পাচারকারীদের </W><W> আটকায়। </W><W> তারা </W><REASON-ARG ID="46"><LINK EVENT_ARG="47" ID="49" TYPE_REL="EVENT_ARG"/><W> বি </W><W> এস </W><W> এফকে </W><W> তরোয়াল </W><W> নিয়ে </W><W> আক্রমণ </W><W> করেলে </W></REASON-ARG><PARTICIPANT-ARG ID="25"><LINK EVENT_ARG="47" ID="48" TYPE_REL="EVENT_ARG"/><W> জওয়ানের </W></PARTICIPANT-ARG><MAN_MADE_EVENT ID="47" TYPE="SHOOT_OUT"><EVENT-COREF-LINK EVENT_ID="21" ID="51" TYPE_REL="EVENT_COREF"/><W> গুলি </W><W> চালায়। </W></MAN_MADE_EVENT></P><P><W> তোলাবাজ </W><W> ধৃত </W></P><P><W> হাওড়ার </W><W> বালি </W><W> থানার </W><W> তোলাবাজ </W><W> রাজেশ </W><W> সিংহ </W><W> রবিবার </W><W> পুলিশের </W><W> হাতে </W><W> ধরা </W><W> পড়েছে। </W><W> তার </W><W> কাছে </W><W> বেশ </W><W> কিছু </W><W> আগ্নেয়াস্ত্র </W><W> ও </W><W> হেরোইন </W><W> পাওয়া </W><W> গিয়েছে। </W><W> তার </W><W> বিরুদ্ধে </W><W> বেশ </W><W> কিছু </W><W> মামলা </W><W> রয়েছে। </W></P></DOCUMENT>