<?xml version="1.0" encoding="UTF-8"?>
<DOCUMENT><P><TIME-ARG ID="0"><LINK EVENT_ARG="17" ID="35" TYPE_REL="EVENT_ARG"/><W> ১৪ </W><W> বৈশাখ </W><W> ১৪০৮ </W><W> রবিবার </W><W> ২৮ </W><W> এপ্রিল </W><W> ২০০২ </W></TIME-ARG></P><P><W> সংক্ষেপে </W><W> .. </W><W> ছাদ </W><W> থেকে </W><W> পড়ে </W><W> মৃত্যু </W><W> নিজস্ব </W><W> সংবাদদাতা </W><W> শিলিগুড়ি </W><W> শনিবার </W><W> সকালে </W><W> দার্জিলিং </W><W> রেল </W><W> স্টেশনের </W><W> কাছে </W><W> মিছিল </W><W> দেখতে </W><W> গিয়ে </W><W> ছাদ </W><W> থেকে </W><W> পড়ে </W><W> এক </W><W> কিশোরের </W><W> মৃত্যু </W><W> হয়েছে। </W><W> মৃতের </W><W> নাম </W><W> ওয়াংগেল </W><W> শেরপা </W><W> (১১)। </W><W> এ </W><W> দিন </W><W> বেলা </W><W> ১০ </W><W> টা </W><W> নাগাদ </W><W> দার্জিলিং </W><W> গোর্খা </W><W> পার্বত্য </W><W> পরিষদের </W><W> চেয়ারম্যান </W><W> সুবাস </W><W> ঘিসিং </W><W> আই </W><W> এন </W><W> এ </W><W> বাইপাস </W><W> এলাকায় </W><W> একটি </W><W> গুম্ফা </W><W> উদ্বোধন </W><W> করতে </W><W> মিছিল </W><W> করে </W><W> যাচ্ছিলেন। </W><W> মিছিল </W><W> দেখার </W><W> জন্য </W><W> রাস্তার </W><W> দু’পাশে </W><W> ভিড় </W><W> উপচে </W><W> পড়ে। </W><W> বর্ণাঢ্য </W><W> মিছিল </W><W> দেখার </W><W> জন্য </W><W> ওয়াংগেল </W><W> বাড়ির </W><W> দোতলার </W><W> রেলিংয়ে </W><W> উঠে </W><W> পড়ে। </W><W> হঠাৎই </W><W> হাত </W><W> ফস্কে </W><W> সে </W><W> নীচে </W><W> পড়ে </W><W> যায়। </W><W> জখম </W><W> অবস্থায় </W><W> হাসপাতালে </W><W> নিয়ে </W><W> যাওয়া </W><W> হলে </W><W> সেখানে </W><W> তার </W><W> মৃত্যু </W><W> হয়। </W></P><P><W> বক্সার </W><W> জঙ্গল </W><W> থেকে </W><W> চোরাই </W><W> কাঠ </W><W> উদ্ধার </W></P><P><W> নিজস্ব </W><W> সংবাদদাতা, </W><W> আলিপুরদুয়ার: </W><W> বক্সা </W><W> ব্যাঘ্র </W><W> প্রকল্পের </W><W> জঙ্গল </W><W> থেকে </W><W> শুক্রবার </W><W> রাতে </W><W> পাঁচ </W><W> লক্ষ </W><W> টাকার </W><W> চোরাই </W><W> সেগুন </W><W> কাঠ </W><W> উদ্ধার </W><W> করা </W><W> হয়েছে। </W><W> ট্রাক </W><W> বোঝাই </W><W> কাঠ </W><W> উদ্ধার </W><W> করতে </W><W> গিয়ে </W><W> বন </W><W> কর্মীরা </W><W> দু’রাউণ্ড </W><W> গুলি </W><W> চালালে </W><W> দুষ্কৃতীরা </W><W> ট্রাক </W><W> ফেলে </W><W> পালায়। </W><W> কেউ </W><W> হতাহত </W><W> হননি। </W><W> ব্যাঘ্র </W><W> প্রকল্পের </W><W> ডেপুটি </W><W> ফিল্ড </W><W> ডিরেক্টর </W><W> রোহিত </W><W> তিওয়ারি </W><W> জানান, </W><W> জঙ্গল </W><W> সংলগ্ন </W><W> রাজাভাত </W><W> এলাকা </W><W> থেকে </W><W> দুষ্কৃতীরা </W><W> সেগুন </W><W> কাঠ </W><W> ট্রাকে </W><W> তুলে </W><W> পাট </W><W> দিয়ে </W><W> ঢেকে </W><W> অন্য </W><W> রাজ্যে </W><W> পাচারের </W><W> চেষ্টা </W><W> করছিল। </W><W> কিন্তু </W><W> আগাম </W><W> খবর </W><W> থাকায় </W><W> ট্রাকটি </W><W> জঙ্গল </W><W> থেকে </W><W> জাতীয় </W><W> সড়কে </W><W> ওঠা </W><W> মাত্র </W><W> বনকর্মীরা </W><W> ধাওয়া </W><W> করে </W><W> ধরে </W><W> ফেলেন। </W></P><P><REASON-ARG ID="1"><LINK EVENT_ARG="17" ID="21" TYPE_REL="EVENT_ARG"/><W> বিদেশি </W><W> লঞ্চ </W><W> রুখতে </W></REASON-ARG><MAN_MADE_EVENT ID="17" TYPE="ARMED_CONFLICTS"><W> গুলি </W></MAN_MADE_EVENT></P><P><W> স্টাফ </W><W> রিপোর্টার, </W><W> কলকাতা: </W><TIME-ARG ID="3"><LINK EVENT_ARG="18" ID="22" TYPE_REL="EVENT_ARG"/><W> শুক্রবার </W></TIME-ARG><PLACE-ARG ID="4"><LINK EVENT_ARG="18" ID="25" TYPE_REL="EVENT_ARG"/><W> সুন্দরবন </W><W> এলাকায় </W></PLACE-ARG><REASON-ARG ID="5"><LINK EVENT_ARG="18" ID="24" TYPE_REL="EVENT_ARG"/><W> বেআইনি </W><W> অনুপ্রবেশকারী </W><W> দু’টি </W><W> লঞ্চকে </W><W> রুখতে </W></REASON-ARG><PARTICIPANT-ARG ID="6"><LINK EVENT_ARG="18" ID="23" TYPE_REL="EVENT_ARG"/><W> বন </W><W> দফতর </W><W> ও </W><W> সীমান্ত </W><W> রক্ষী </W><W> বাহিনীকে </W></PARTICIPANT-ARG><W> বেশ </W><W> কয়েক </W><W> রাউণ্ড </W><MAN_MADE_EVENT ID="18" TYPE="ARMED_CONFLICTS"><EVENT-COREF-LINK EVENT_ID="17" ID="34" TYPE_REL="EVENT_COREF"/><W> গুলি </W><W> ছুড়তে </W><W> হয়। </W></MAN_MADE_EVENT><MAN_MADE_EVENT ID="19" TYPE="ARMED_CONFLICTS"><EVENT-COREF-LINK EVENT_ID="18" ID="33" TYPE_REL="EVENT_COREF"/><W> গুলিতে </W></MAN_MADE_EVENT><CASUALTIES-ARG ID="9"><LINK EVENT_ARG="19" ID="26" TYPE_REL="EVENT_ARG"/><W> অনুপ্রবেশকারীদের </W><W> দু’জন </W><W> আহত </W></CASUALTIES-ARG><W> হয়েছে </W><W> বলে </W><W> বি </W><W> এস </W><W> এফের </W><W> এক </W><W> মুখপাত্র </W><W> জানান। </W><W> আন্তর্জাতিক </W><W> জল </W><W> সীমা </W><W> অতিক্রম </W><W> করে </W><W> ভারতীয় </W><W> এলাকায় </W><W> ঢুকে </W><W> পড়া </W><W> তাই </W><W> ট্রলার </W><W> দু’টি </W><W> আটক </W><W> করা </W><W> না-গেলেও </W><AFTER_EFFECTS-ARG ID="10"><LINK EVENT_ARG="19" ID="27" TYPE_REL="EVENT_ARG"/><W> আহত </W><W> অনুপ্রবেশকারীদের </W><W> হাসপাতালে </W><W> ভর্তি </W><W> করা </W><W> হয়েছে। </W></AFTER_EFFECTS-ARG><W> বি </W><W> এস </W><W> এফ </W><W> জানিয়েছে, </W><TIME-ARG ID="11"><LINK EVENT_ARG="16" ID="28" TYPE_REL="EVENT_ARG"/><W> এই </W><W> দিন </W><W> রাত </W><W> ৮টা </W><W> নাগাদ </W></TIME-ARG><W> অনুপ্রবেশকারী </W><W> লঞ্চ </W><W> ভারতীয় </W><W> সীমানায় </W><W> প্রবেশ </W><W> করে </W><W> একটি </W><W> খাঁড়িতে </W><W> ঢুকে </W><W> পড়লে </W><W> বনকর্মীরা </W><W> তাদের </W><W> ধাওয়া </W><W> করে। </W><PARTICIPANT-ARG ID="12"><LINK EVENT_ARG="16" ID="29" TYPE_REL="EVENT_ARG"/><W> বিদেশি </W><W> লঞ্চ </W><W> দুটি </W><W> থেকে </W></PARTICIPANT-ARG><MAN_MADE_EVENT ID="16" TYPE="ARMED_CONFLICTS"><EVENT-COREF-LINK EVENT_ID="19" ID="32" TYPE_REL="EVENT_COREF"/><W> গুলি </W><W> ছুড়তে </W><W> শুরু </W><W> করলে </W></MAN_MADE_EVENT><MAN_MADE_EVENT ID="20" TYPE="ARMED_CONFLICTS"><EVENT-COREF-LINK EVENT_ID="16" ID="31" TYPE_REL="EVENT_COREF"/><W> পাল্টা </W><W> গুলি </W><W> চালাতে </W><W> বাধ্য </W></MAN_MADE_EVENT><W> হন </W><PARTICIPANT-ARG ID="15"><LINK EVENT_ARG="20" ID="30" TYPE_REL="EVENT_ARG"/><W> বনকর্মীরা। </W></PARTICIPANT-ARG></P><P><W> অভিযুক্তের </W><W> আত্মসমর্পণ </W></P><P><W> নিজস্ব </W><W> সংবাদদাতা, </W><W> কলকাতা: </W><W> বেলুড়ে </W><W> প্রভাত </W><W> ভট্টাচার্য </W><W> হত্যাকাণ্ড </W><W> কাণ্ডের </W><W> অন্যতম </W><W> অভিযুক্ত </W><W> রবিন </W><W> ভট্টাচার্য </W><W> শুক্রবার </W><W> হাওড়ার </W><W> এস </W><W> ডি </W><W> জে </W><W> এম </W><W> আদালতে </W><W> আত্মসমর্পণ </W><W> করেন। </W><W> জেলার </W><W> ডি </W><W> এস </W><W> পি </W><W> (নর্থ) </W><W> তন্ময় </W><W> রায়চৌধুরী </W><W> জানান, </W><W> ধৃত </W><W> ব্যক্তিকে </W><W> পুলিশি </W><W> হেফাজতে </W><W> নিতে </W><W> তাঁরা </W><W> সোমবার </W><W> আদালতে </W><W> আর্জি </W><W> জানাবেন। </W></P></DOCUMENT>