<?xml version="1.0" encoding="UTF-8"?>
<DOCUMENT><P><TIME-ARG ID="0"><LINK EVENT_ARG="2" ID="29" TYPE_REL="EVENT_ARG"/><W> ২৯ </W><W> জ্যৈষ্ঠ </W><W> ১৪০৯ </W><W> বৃহস্পতিবার </W><W> ১৩ </W><W> জুন </W><W> ২০০২ </W></TIME-ARG></P><P><PLACE-ARG ID="1"><LINK EVENT_ARG="2" ID="30" TYPE_REL="EVENT_ARG"/><W> গঙ্গারামপুরে </W></PLACE-ARG><W> বাড়িতে </W><W> ঢুকে </W><MAN_MADE_EVENT ID="2" TYPE="SHOOT_OUT"><W> গুলি </W></MAN_MADE_EVENT><PARTICIPANT-ARG ID="3"><LINK EVENT_ARG="2" ID="31" TYPE_REL="EVENT_ARG"/><W> বিএসএফের, </W></PARTICIPANT-ARG><CASUALTIES-ARG ID="4"><LINK EVENT_ARG="2" ID="32" TYPE_REL="EVENT_ARG"/><W> হত </W><W> বধূ </W></CASUALTIES-ARG><W> নিজস্ব </W><W> সংবাদদাতা </W><W> বালুরঘাট </W><TIME-ARG ID="5"><LINK EVENT_ARG="24" ID="28" TYPE_REL="EVENT_ARG"/><W> মঙ্গলবার </W><W> বিকেলে </W></TIME-ARG><PLACE-ARG ID="6"><LINK EVENT_ARG="24" ID="27" TYPE_REL="EVENT_ARG"/><W> গঙ্গারামপুরের </W><W> মাহুরকিসমত </W><W> গ্রামের </W></PLACE-ARG><W> একটি </W><W> বাড়িতে </W><W> ঢুকে </W><PARTICIPANT-ARG ID="7"><LINK EVENT_ARG="24" ID="25" TYPE_REL="EVENT_ARG"/><W> বি </W><W> এস </W><W> এফ </W></PARTICIPANT-ARG><MAN_MADE_EVENT ID="24" TYPE="SHOOT_OUT"><EVENT-COREF-LINK EVENT_ID="2" ID="30" TYPE_REL="EVENT_COREF"/><W> গুলি </W><W> চালালে </W></MAN_MADE_EVENT><CASUALTIES-ARG ID="9"><LINK EVENT_ARG="24" ID="26" TYPE_REL="EVENT_ARG"/><W> এক </W><W> গৃহবধূর </W><W> মৃত্যু </W></CASUALTIES-ARG><W> হয়। </W><W> তাঁর </W><W> নাম </W><W> বাদনুর </W><W> বিবি </W><W> (৩৫)। </W><MAN_MADE_EVENT ID="10" TYPE="SHOOT_OUT"><EVENT-COREF-LINK EVENT_ID="24" ID="29" TYPE_REL="EVENT_COREF"/><W> গুলিতে </W></MAN_MADE_EVENT><CASUALTIES-ARG ID="11"><LINK EVENT_ARG="10" ID="39" TYPE_REL="EVENT_ARG"/><W> জখম </W><W> হয়েছেন </W><W> মৃতার </W><W> দেওর। </W></CASUALTIES-ARG><AFTER_EFFECTS-ARG ID="12"><LINK EVENT_ARG="10" ID="40" TYPE_REL="EVENT_ARG"/><W> তাঁকে </W><W> হাসপাতালে </W><W> ভর্তি </W><W> করা </W><W> হয়। </W></AFTER_EFFECTS-ARG><AFTER_EFFECTS-ARG ID="13"><LINK EVENT_ARG="10" ID="41" TYPE_REL="EVENT_ARG"/><W> এলাকায় </W><W> পিকেট </W><W> বসানো </W><W> হয়েছে। </W></AFTER_EFFECTS-ARG><W> বুধবার </W><MAN_MADE_EVENT ID="14" TYPE="SHOOT_OUT"><EVENT-COREF-LINK EVENT_ID="10" ID="27" TYPE_REL="EVENT_COREF"/><W> ঘটনার </W></MAN_MADE_EVENT><AFTER_EFFECTS-ARG ID="15"><LINK EVENT_ARG="14" ID="42" TYPE_REL="EVENT_ARG"/><W> প্রশাসনিক </W><W> তদন্তের </W><W> নির্দেশ </W><W> দেন </W><W> অতিরিক্ত </W><W> জেলাশাসক। </W></AFTER_EFFECTS-ARG></P><P><W> মঙ্গলবার </W><W> বিকেলে </W><W> বি </W><W> এস </W><W> এফের </W><W> ১১ </W><W> নম্বর </W><W> ব্যাটালিয়নের </W><W> ৪০জন </W><W> জওয়ান </W><W> গঙ্গারামপুরের </W><W> শিববাড়ি </W><W> হাটে </W><W> হানা </W><W> দিয়ে </W><W> ৪৩টি </W><W> গরু </W><W> আটক </W><W> করে। </W><W> তার </W><W> পর </W><W> তারা </W><W> পাশেই </W><W> মাহুরকিসমত </W><W> গ্রামে </W><W> হানা </W><W> দেয়। </W><W> বাড়ি </W><W> বাড়ি </W><W> ঢুকে </W><W> গোয়াল </W><W> থেকে </W><W> গরু </W><W> বের </W><W> করতে </W><W> থাকে। </W><W> গ্রামের </W><W> বেশিরভাগ </W><W> পুরুষ </W><W> সেই </W><W> সময় </W><W> বাড়ি </W><W> ছিলেন </W><W> না। </W><W> ইন্তাব </W><W> আলি </W><W> নামে </W><W> এক </W><W> জনের </W><W> বাড়িতে </W><W> ঢুকে </W><W> গরু </W><W> বের </W><W> করতে </W><W> গেলে </W><W> মহিলারা </W><W> বাধা </W><W> দেন। </W><W> তখন </W><PARTICIPANT-ARG ID="16"><LINK EVENT_ARG="17" ID="43" TYPE_REL="EVENT_ARG"/><W> জওয়ানরা </W></PARTICIPANT-ARG><MAN_MADE_EVENT ID="17" TYPE="SHOOT_OUT"><EVENT-COREF-LINK EVENT_ID="14" ID="26" TYPE_REL="EVENT_COREF"/><W> গুলি </W><W> চালালে </W></MAN_MADE_EVENT><CASUALTIES-ARG ID="31"><LINK EVENT_ARG="17" ID="32" TYPE_REL="EVENT_ARG"/><W> বাদনুর </W><W> বিবির </W><W> মাথায় </W><W> গুলি </W><W> লাগে। </W></CASUALTIES-ARG><W> ঘটনাস্থলেই </W><CASUALTIES-ARG ID="18"><LINK EVENT_ARG="17" ID="44" TYPE_REL="EVENT_ARG"/><W> তিনি </W><W> মারা </W><W> যান। </W></CASUALTIES-ARG><CASUALTIES-ARG ID="19"><LINK EVENT_ARG="17" ID="45" TYPE_REL="EVENT_ARG"/><W> জখম </W><W> হন </W><W> তাঁর </W><W> দেওর। </W></CASUALTIES-ARG><W> জেলার </W><W> পুলিশ </W><W> সুপার </W><W> জ্ঞানবন্ত </W><W> সিংহ </W><W> বলেন, </W><W> ‘‘গ্রামবাসীদের </W><W> অভিযোগের </W><W> ভিত্তিতে </W><AFTER_EFFECTS-ARG ID="20"><LINK EVENT_ARG="17" ID="46" TYPE_REL="EVENT_ARG"/><W> বি </W><W> এস </W><W> এফের </W><W> ওই </W><W> জওয়ানদের </W><W> বিরুদ্ধে </W><W> মামলা </W><W> করা </W><W> হয়েছে।’’ </W></AFTER_EFFECTS-ARG></P><P><W> বি </W><W> এস </W><W> এফের </W><W> অভিযোগ, </W><W> ‘‘সীমান্ত </W><W> দিয়ে </W><W> বাংলাদেশে </W><W> গরু </W><W> পাচারের </W><W> জন্য </W><W> ওই </W><W> বাড়িগুলি </W><W> ব্যবহার </W><W> করা </W><W> হয়। </W><W> ওই </W><W> দিন </W><W> খবর </W><W> পেয়ে </W><W> জওয়ানরা </W><W> সেখানে </W><W> হানা </W><W> দিলে </W><W> গ্রামবাসীরা </W><W> ইট-পাটকেল </W><W> ছুড়তে </W><W> থাকে। </W><W> মহিলারাও </W><W> হাঁসুয়া </W><W> নিয়ে </W><W> আক্রমণ </W><W> করলে </W><W> বাধ্য </W><W> হয়ে </W><PARTICIPANT-ARG ID="22"><LINK EVENT_ARG="33" ID="34" TYPE_REL="EVENT_ARG"/><W> জওয়ানরা </W></PARTICIPANT-ARG><MAN_MADE_EVENT ID="33" TYPE="SHOOT_OUT"><EVENT-COREF-LINK EVENT_ID="17" ID="37" TYPE_REL="EVENT_COREF"/><W> গুলি </W><W> চালায়।’’ </W></MAN_MADE_EVENT><W> অন্য </W><W> দিকে, </W><W> জেলা </W><W> তৃণমূল </W><W> কংগ্রেস </W><W> সভাপতি </W><W> ননী </W><W> রায়ের </W><W> অভিযোগ, </W><W> ‘‘বি </W><W> এস </W><W> এফের </W><W> মদতেই </W><W> ওই </W><W> এলাকা </W><W> দিয়ে </W><W> গরু </W><W> পাচার </W><W> হয়। </W><W> আসল </W><W> চোরাকারবারীদের </W><W> না </W><W> ধরে </W><W> তারা </W><W> অন্যায় </W><W> ভাবে </W><W> বাড়িতে </W><W> ঢুকে </W><W> গরু </W><W> ছিনিয়ে </W><W> নিয়ে </W><W> ওই </W><W> মহিলাকে </W><MAN_MADE_EVENT ID="35" TYPE="SHOOT_OUT"><EVENT-COREF-LINK EVENT_ID="33" ID="36" TYPE_REL="EVENT_COREF"/><W> গুলি </W><W> করে </W><W> মেরেছে।’’ </W></MAN_MADE_EVENT></P></DOCUMENT>