<?xml version="1.0" encoding="UTF-8"?>
<DOCUMENT><P><TIME-ARG ID="41"><LINK EVENT_ARG="14" ID="42" TYPE_REL="EVENT_ARG"/><TIME-ARG ID="43"><LINK EVENT_ARG="1" ID="44" TYPE_REL="EVENT_ARG"/><W> ৩১ </W><W> ভাদ্র </W><W> ১৪০৯ </W><W> মঙ্গলবার </W><W> ১৭ </W><W> সেপ্টেম্বর </W><W> ২০০২ </W></TIME-ARG></TIME-ARG></P><P><W> সংক্ষেপে.. </W><W> লগ্নির </W><W> লক্ষ্য </W><W> উত্তরবঙ্গ </W><W> নিজস্ব </W><W> সংবাদাদাতা </W><W> শিলিগুড়ি </W><W> উত্তরবঙ্গে </W><W> শিল্প </W><W> বিনিয়োগ </W><W> সম্ভাবনা </W><W> বিশেষ </W><W> ভাবে </W><W> খতিয়ে </W><W> দেখতে </W><W> এবং </W><W> এই </W><W> এলাকায় </W><W> বিনিয়োগে </W><W> আগ্রহী </W><W> শিল্পপতিদের </W><W> সঙ্গে </W><W> আলোচনার </W><W> জন্য </W><W> মুখ্যমন্ত্রী </W><W> বুদ্ধদেব </W><W> ভট্টাচার্য </W><W> শিলিগুড়িতে </W><W> আসছেন। </W><W> একই </W><W> সঙ্গে </W><W> সম্ভাব্য </W><W> লগ্নিকারীদের </W><W> নিয়ে </W><W> বিস্তারিত </W><W> আলোচনা </W><W> এবং </W><W> উত্তরবঙ্গে </W><W> বিনিয়োগের </W><W> বিষয়ে </W><W> শিল্পপতিদের </W><W> আশ্বস্ত </W><W> করতে </W><W> ব্যাপক </W><W> কর্মযজ্ঞের </W><W> আয়োজন </W><W> করছে </W><W> শিলিগুড়ি-জলপাইগুড়ি </W><W> উন্নয়ন </W><W> কর্তৃপক্ষ </W><W> বা </W><W> এস </W><W> জে </W><W> ডি </W><W> এ। </W><W> শিল্প </W><W> বিনিয়োগকারীদের </W><W> নিয়ে </W><W> এই </W><W> কর্মযজ্ঞের </W><W> নাম </W><W> দেওয়া </W><W> হয়েছে </W><W> ‘ডেস্টিনেশন-নর্থবেঙ্গল’। </W><W> আগামী </W><W> নভেম্বরে </W><W> শিলিগুড়িতে </W><W> এই </W><W> ‘ডেস্টিনেশন-নর্থবেঙ্গল’-এর </W><W> উদ্দেশ্যই </W><W> হবে </W><W> উত্তরবঙ্গে </W><W> নতুন </W><W> বিনিয়োগের </W><W> কাজকে </W><W> ত্বরান্বিত </W><W> করা। </W><W> এস </W><W> জে </W><W> ডি </W><W> এ-র </W><W> চেয়ারম্যান </W><W> তথা </W><W> পুরমন্ত্রী </W><W> অশোক </W><W> ভট্টাচার্য </W><W> এ </W><W> কথা </W><W> জানিয়ে </W><W> বলেন, </W><W> ‘‘উত্তরবঙ্গের </W><W> বিনিয়োগের </W><W> ব্যাপারে </W><W> বেশ </W><W> কয়েকটি </W><W> প্রস্তাব </W><W> এসেছে। </W><W> আগামী </W><W> ১৯ </W><W> তারিখ </W><W> কলকাতায় </W><W> আলোচনার </W><W> পরে </W><W> নভেম্বরে </W><W> তা </W><W> চূড়ান্ত </W><W> করার </W><W> চেষ্টা </W><W> হচ্ছে।’’ </W><W> তিনি </W><W> জানান, </W><W> বিনিয়োগকারীদের </W><W> এই </W><W> অঞ্চলে </W><W> লগ্নিতে </W><W> আকৃষ্ট </W><W> করতে </W><W> মুখ্যমন্ত্রী </W><W> নিজে </W><W> বিশেষ </W><W> ভাবে </W><W> উদ্যোগী </W><W> হয়েছেন। </W></P><P><W> বিশেষ </W><W> ‘সেল’ </W></P><P><W> নিজস্ব </W><W> সংবাদদাতা, </W><W> জলপাইগুড়ি: </W><W> জঙ্গি </W><W> দমনে </W><W> জলপাইগুড়িতে </W><W> পুলিশ </W><W> বিভাগে </W><W> একটি </W><W> আলাদা </W><W> বিশেষ </W><W> সেল </W><W> খোলা </W><W> হয়েছে। </W><W> ধূপগুড়ির </W><W> সি </W><W> পি </W><W> এম </W><W> অফিসে </W><W> জঙ্গি </W><W> হামলার </W><W> পরেই </W><W> বনমন্ত্রী </W><W> যোগেশ </W><W> বর্মন </W><W> সহ </W><W> পার্টির </W><W> জেলা </W><W> কমিটির </W><W> পক্ষ </W><W> থেকে </W><W> জঙ্গি </W><W> দমনে </W><W> পুলিশে </W><W> একটি </W><W> আলাদা </W><W> সেল </W><W> খোলার </W><W> জন্য </W><W> সোচ্চার </W><W> হয়েছিলেন। </W><W> এরপরেই </W><W> তড়িঘড়ি </W><W> ওই </W><W> সেল </W><W> খোলা </W><W> হয়। </W><W> ওই </W><W> সেলের </W><W> দায়িত্বে </W><W> অতিরিক্ত </W><W> পুলিশ </W><W> সুপার </W><W> অপারেশন </W><W> হিসাবে </W><W> অনিল </W><W> কুমারকে </W><W> দায়িত্ব </W><W> দেওয়া </W><W> হয়েছে। </W><W> যদিও </W><W> তার </W><W> বসবার </W><W> মতো </W><W> পরিকাঠামো </W><W> তৈরি </W><W> হয়নি </W><W> এখনও। </W><W> জেলা </W><W> পুলিশ </W><W> সুপার </W><W> সিদ্ধিনাথ </W><W> গুপ্ত </W><W> জানান, </W><W> তড়িঘড়ি </W><W> করে </W><W> রাজ্য </W><W> সরকার </W><W> ওই </W><W> সেল </W><W> খোলার </W><W> সিদ্ধান্ত </W><W> নিয়েছে। </W><W> এক-দেড় </W><W> মাসের </W><W> জন্য </W><W> ওই </W><W> অফিসারকে </W><W> পাঠানো </W><W> হয়েছে। </W><W> আস্তে </W><W> আস্তে </W><W> সব </W><W> পরিকাঠামো </W><W> তৈরি </W><W> হয়ে </W><W> যাবে। </W></P><P><W> বোমা </W><W> উদ্ধার </W></P><P><W> নিজস্ব </W><W> সংবাদদাতা, </W><W> কোচবিহার: </W><W> সোমবার </W><W> সকালে </W><W> দিনহাটা </W><W> শহরের </W><W> মিনিবাস </W><W> স্ট্যাণ্ড </W><W> থেকে </W><W> পুলিশ </W><W> ৮টি </W><W> তাজা </W><W> বোমা </W><W> উদ্ধার </W><W> করেছে। </W><W> উদ্ধারের </W><W> পরই </W><W> সেগুলি </W><W> নিষ্ক্রিয় </W><W> করে </W><W> দেওয়া </W><W> হয়। </W><W> বোমাগুলি </W><W> বাসস্ট্যাণ্ডে </W><W> একটি </W><W> দেওয়ালের </W><W> পাশে </W><W> পিচবোর্ডের </W><W> বাক্সে </W><W> রাখা </W><W> ছিল </W><W> বলে </W><W> পুলিশ </W><W> জানায়। </W><W> স্থানীয় </W><W> বাসিন্দারা </W><W> বাক্স </W><W> খুলে </W><W> বোমাগুলি </W><W> দেখতে </W><W> পেয়ে </W><W> পুলিশে </W><W> খবর </W><W> দেন। </W><W> পুলিশ </W><W> সুপার </W><W> পরভিন </W><W> কুমার </W><W> জানান, </W><W> ‘‘কারা </W><W> ওখানে </W><W> বোমা </W><W> রেখেছিল </W><W> খোঁজ </W><W> নেওয়া </W><W> হচ্ছে।’’ </W><W> স্থানীয় </W><W> মানুষের </W><W> অভিযোগ, </W><W> এলাকার </W><W> কিছু </W><W> দুষ্কৃতী </W><W> এই </W><W> ঘটনায় </W><W> জড়িত। </W><W> প্রসঙ্গত, </W><W> রবিবার </W><W> রাত </W><W> থেকে </W><W> জেলায় </W><W> তল্লাশি </W><W> চালাচ্ছে </W><W> পুলিশ। </W></P><P><W> প্রতিযোগিতা </W></P><P><W> নিজস্ব </W><W> সংবাদদাতা, </W><W> শিলিগুড়ি: </W><W> পুরসভা </W><W> কর্মীদের </W><W> আন্তঃবিভাগীয় </W><W> ফুটবল </W><W> প্রতিযোগিতার </W><W> ফাইনালে </W><W> শিলিগুড়ি </W><W> পুরসভার </W><W> কেন্দ্রীয় </W><W> দফতর, </W><W> ১ </W><W> নম্বর </W><W> বরোকে </W><W> ২-০ </W><W> গোলে </W><W> হারিয়ে </W><W> চ্যাম্পিয়ন </W><W> হয়েছে। </W><W> শিলিগুড়ি </W><W> বয়েজ </W><W> হাইস্কুলের </W><W> মাঠে </W><W> কেন্দ্রীয় </W><W> দফতর </W><W> দুই </W><W> অর্ধে </W><W> দু’টি </W><W> গোল </W><W> করে। </W><W> পুরসভার </W><W> মেয়র </W><W> পারিষদ </W><W> (ক্রীড়া) </W><W> পরিতোষ </W><W> দাস </W><W> জানান, </W><W> পুরসভার </W><W> পাঁচটা </W><W> টিমকে </W><W> মোট </W><W> দু’টি </W><W> গ্রুপে </W><W> ভাগ </W><W> করে </W><W> লিগ </W><W> ও </W><W> নক-আউট </W><W> পর্যায়ে </W><W> খেলা </W><W> হয়। </W><W> এই </W><W> প্রতিযোগিতার </W><W> আয়োজন </W><W> করেছিল </W><W> শিলিগুড়ি </W><W> পুরসভার </W><W> ‘স্টাফ </W><W> রিক্রিয়েশন </W><W> ক্লাব’। </W></P><P><W> বাজে </W><W> মৃত </W><W> ছাত্রী </W></P><P><W> নিজস্ব </W><W> সংবাদদাতা, </W><W> চুঁচুড়া: </W><W> বাজ </W><W> পড়ে </W><W> এক </W><W> স্কুল </W><W> ছাত্রীর </W><W> মৃত্যু </W><W> হয়েছে। </W><W> আশঙ্কাজনক </W><W> অবস্থায় </W><W> তার </W><W> মা </W><W> এবং </W><W> ভাইকে </W><W> হাসপাতালে </W><W> ভর্তি </W><W> করা </W><W> হয়েছে। </W><W> ঘটনাটি </W><W> ঘটে </W><W> পোলবার </W><W> মাকালপুর </W><W> গ্রামে </W><W> রবিবার </W><W> বিকেলে। </W><W> মৃত </W><W> ছাত্রীর </W><W> নাম </W><W> কুসুম </W><W> দাস </W><W> (১০)। </W><W> পুলিশ </W><W> জানায়, </W><W> ওই </W><W> দিন </W><W> বিকেলে </W><W> মাকালপুর </W><W> গ্রামে </W><W> ওই </W><W> ছাত্রীর </W><W> বাড়িতে </W><W> বাজ </W><W> পড়ে। </W><W> ঘটনাস্থলেই </W><W> তার </W><W> মৃত্যু </W><W> হয়। </W><W> বাজে </W><W> গুরুতর </W><W> জখম </W><W> হন </W><W> তার </W><W> মা </W><W> এবং </W><W> ভাই। </W><W> তাঁরা </W><W> দু’জনেই </W><W> গুরুতর </W><W> জখম </W><W> হন। </W><W> তাঁদের </W><W> ধনেখালি </W><W> গ্রামীণ </W><W> হাসপাতালে </W><W> ভর্তি </W><W> করা </W><W> হয়। </W></P><P><MAN_MADE_EVENT ID="14" TYPE="TRANSPORT_HAZARDS"><W> দুর্ঘটনায় </W></MAN_MADE_EVENT><CASUALTIES-ARG ID="15"><LINK EVENT_ARG="14" ID="26" TYPE_REL="EVENT_ARG"/><W> মৃত </W><W> ২ </W></CASUALTIES-ARG></P><P><W> নিজস্ব </W><W> সংবাদদাতা, </W><W> মালদহ: </W><PLACE-ARG ID="16"><LINK EVENT_ARG="14" ID="27" TYPE_REL="EVENT_ARG"/><W> গাজল </W><W> থানার </W><W> প্রণবপুরের </W><W> কাছে </W></PLACE-ARG><TIME-ARG ID="17"><LINK EVENT_ARG="14" ID="28" TYPE_REL="EVENT_ARG"/><W> সোমবার </W><W> বিকালে </W></TIME-ARG><W> বেসরকারি </W><PARTICIPANT-ARG ID="18"><LINK EVENT_ARG="14" ID="29" TYPE_REL="EVENT_ARG"/><W> একটি </W><W> বাস </W></PARTICIPANT-ARG><REASON-ARG ID="21"><LINK EVENT_ARG="14" ID="30" TYPE_REL="EVENT_ARG"/><W> নিয়ন্ত্রণ </W><W> হারিয়ে </W><W> রাস্তার </W><W> ধারের </W><W> একটি </W><W> চায়ের </W><W> দোকানে </W><W> ঢুকে </W><W> পড়লে </W></REASON-ARG><W> ঘটনাস্থলেই </W><CASUALTIES-ARG ID="20"><LINK EVENT_ARG="14" ID="31" TYPE_REL="EVENT_ARG"/><W> দু’জনের </W><W> মৃত্যু </W></CASUALTIES-ARG><W> হয়। </W><CASUALTIES-ARG ID="22"><LINK EVENT_ARG="14" ID="32" TYPE_REL="EVENT_ARG"/><W> আহত </W><W> হয়েছেন </W><W> ২০ </W><W> জন। </W></CASUALTIES-ARG><W> মৃতদের </W><W> একজন </W><W> মহিলা </W><W> ও </W><W> একজন </W><W> বৃদ্ধ। </W><W> মহিলার </W><W> পরিচয় </W><W> জানা </W><W> যায়নি। </W><W> বৃদ্ধের </W><W> নাম </W><W> শশীভূষণ </W><W> প্রামানিক </W><W> (৭০)। </W><W> তিনি </W><W> কোথাকার </W><W> বাসিন্দা </W><W> তা </W><W> জানা </W><W> যায়নি। </W><W> পুলিশ </W><W> জানিয়েছে, </W><TIME-ARG ID="23"><LINK EVENT_ARG="14" ID="33" TYPE_REL="EVENT_ARG"/><W> এদিন </W><W> বিকালে </W></TIME-ARG><PLACE-ARG ID="24"><LINK EVENT_ARG="14" ID="34" TYPE_REL="EVENT_ARG"/><W> ৩৪ </W><W> নম্বর </W><W> জাতীয় </W><W> সড়কের </W><W> পাশে </W></PLACE-ARG><PARTICIPANT-ARG ID="25"><LINK EVENT_ARG="14" ID="35" TYPE_REL="EVENT_ARG"/><W> বেসরকারি </W><W> বাসটি </W></PARTICIPANT-ARG><REASON-ARG ID="36"><LINK EVENT_ARG="14" ID="37" TYPE_REL="EVENT_ARG"/><W> নিয়ন্ত্রণ </W><W> হারিয়ে </W><W> একটি </W><W> চায়ের </W><W> দোকানে </W><W> ঢুকে </W><W> পড়ে। </W></REASON-ARG></P><P><W> বালিকা </W><W> খুন </W></P><P><W> নিজস্ব </W><W> সংবাদদাতা, </W><W> বর্ধমান: </W><W> ঘাস </W><W> চুরির </W><W> ঘটনাকে </W><W> কেন্দ্র </W><W> করে </W><W> এক </W><W> কিশোরের </W><W> হাঁসুয়ার </W><W> আঘাতে </W><W> মৃত্যু </W><W> হয়েছে </W><W> এক </W><W> বালিকার। </W><W> তার </W><W> নাম </W><W> মাইতি </W><W> সোরেন </W><W> (১০)। </W><W> রবিবার </W><W> রাতে </W><W> ঘটনাটি </W><W> ঘটেছে </W><W> ভাতার </W><W> থানা </W><W> এলাকার </W><W> সাহেবগঞ্জ </W><W> গ্রামে। </W><W> পুলিশ </W><W> এই </W><W> ঘটনায় </W><W> সনৎ </W><W> বারুই </W><W> নামে </W><W> ওই </W><W> কিশোরকে </W><W> গ্রেফতার </W><W> করে। </W><W> পুলিশ </W><W> জানায়, </W><W> ওই </W><W> দিন </W><W> সকালে </W><W> সনৎ </W><W> ঘাস </W><W> কেটে </W><W> মাঠে </W><W> ডাঁই </W><W> করে </W><W> রেখে </W><W> বাড়িতে </W><W> বস্তা </W><W> আনতে </W><W> যায়। </W><W> ফিরে </W><W> এসে </W><W> সে </W><W> দেখে </W><W> যে </W><W> তার </W><W> কাটা </W><W> ঘাস </W><W> মাইতি </W><W> নিয়ে </W><W> যাচ্ছে। </W><W> সনৎ </W><W> দৌড়ে </W><W> ধরে </W><W> ফেলে </W><W> মাইতিকে </W><W> ও </W><W> রাগের </W><W> চোটে </W><W> হাতের </W><W> হাঁসুয়া </W><W> দিয়ে </W><W> বালিকাকে </W><W> কোপ </W><W> মারে। </W><W> মাইতিকে </W><W> আশঙ্কাজনক </W><W> অবস্থায় </W><W> বর্ধমান </W><W> মেডিক্যাল </W><W> কলেজ </W><W> হাসপাতালে </W><W> ভর্তি </W><W> করা </W><W> হলে </W><W> সেখানে </W><W> তার </W><W> মৃত্যু </W><W> হয়। </W></P><P><W> দেহ </W><W> উদ্ধার </W></P><P><W> নিজস্ব </W><W> সংবাদদাতা, </W><W> কলকাতা: </W><W> সোমবার </W><W> সকালে </W><W> বারাসতের </W><W> খড়িবাড়িতে </W><W> পুলিশ </W><W> এক </W><W> ব্যক্তির </W><W> মৃতদেহ </W><W> উদ্ধার </W><W> করেছে। </W><W> পুলিশ </W><W> জানিয়েছে, </W><W> তাঁর </W><W> নাম </W><W> কমল </W><W> রায় </W><W> (৪২)। </W><W> ওই </W><W> ব্যবসায়ীর </W><W> বাড়ি </W><W> বসিরহাটের </W><W> ঘোজাডাঙা </W><W> এলাকায়। </W><W> তিনি </W><W> রবিবার </W><W> বসিরহাটে </W><W> বাজার </W><W> করতে </W><W> গিয়েছিলেন। </W><W> তার </W><W> পর </W><W> থেকে </W><W> তাঁর </W><W> আর </W><W> কোনও </W><W> খোঁজ </W><W> পাওয়া </W><W> যায়নি। </W><W> এই </W><W> দিন </W><W> সকালে </W><W> হাত </W><W> পা </W><W> বাঁধা </W><W> অবস্থায় </W><W> একটি </W><W> মাছের </W><W> ভেড়ির </W><W> মধ্যে </W><W> তাঁর </W><W> মৃতদেহটি </W><W> পড়ে </W><W> থাকতে </W><W> দেখা </W><W> যায়। </W><W> প্রাথমিক </W><W> তদন্তের </W><W> পরে </W><W> পুলিশের </W><W> ধারণা, </W><W> ওই </W><W> ব্যবসায়ীকে </W><W> অন্যত্র </W><W> খুন </W><W> করে </W><W> ওই </W><W> ভেড়িতে </W><W> ফেলে </W><W> দেওয়া </W><W> হয়েছে। </W><W> কাউকে </W><W> ধরতে </W><W> পারেনি </W><W> পুলিশ। </W></P><P><W> দোকানে </W><W> লুঠ </W></P><P><W> নিজস্ব </W><W> সংবাদদাতা, </W><W> চুঁচুড়া: </W><W> পুজোর </W><W> মরসুমে </W><W> রাতের </W><W> বেলায় </W><W> দোকানকর্মীদের </W><W> আগ্নেয়াস্ত্র </W><W> দেখিয়ে </W><W> নগদ </W><W> টাকাকড়ি </W><W> ও </W><W> কাপড়জামা </W><W> লুঠ </W><W> করে </W><W> চম্পট </W><W> দিল </W><W> এক </W><W> দল </W><W> দুষ্কৃতী। </W><W> রবিবার </W><W> রাতে </W><W> ঘটনাটি </W><W> ঘটেছে </W><W> রিষড়ার </W><W> সন্ধ্যাবাজারে </W><W> এন </W><W> এস </W><W> রোডের </W><W> একটি </W><W> কাপড়ের </W><W> দোকানে। </W><W> পুলিশের </W><W> দাবি, </W><W> এক </W><W> জনকে </W><W> গ্রেফতার </W><W> করা </W><W> হয়েছে </W><W> ও </W><W> লুঠ </W><W> হওয়া </W><W> কিছু </W><W> জিনিস </W><W> উদ্ধার </W><W> করা </W><W> হয়েছে। </W><W> পুলিশ </W><W> জানায়, </W><W> ওই </W><W> দিন </W><W> রাত </W><W> ১১টা </W><W> নাগাদ </W><W> জনা </W><W> পাঁচেক </W><W> দুষ্কৃতী </W><W> অস্ত্রশস্ত্র </W><W> নিয়ে </W><W> দোকানে </W><W> হানা </W><W> দেয়। </W></P><P><NATURAL_EVENT ID="1" TYPE="EPIDEMIC"><W> আন্ত্রিকে </W></NATURAL_EVENT><W> মৃত্যু </W></P><P><PLACE-ARG ID="2"><LINK EVENT_ARG="3" ID="8" TYPE_REL="EVENT_ARG"/><W> পাণ্ডবেশ্বর </W><W> থানার </W><W> নামোপাড়ায় </W></PLACE-ARG><NATURAL_EVENT ID="3" TYPE="EPIDEMIC"><EVENT-COREF-LINK EVENT_ID="1" ID="13" TYPE_REL="EVENT_COREF"/><W> আন্ত্রিকে </W></NATURAL_EVENT><W> আক্রান্ত </W><W> হয়ে </W><CASUALTIES-ARG ID="4"><LINK EVENT_ARG="3" ID="9" TYPE_REL="EVENT_ARG"/><W> এক </W><W> ব্যক্তির </W><W> মৃত্যু </W></CASUALTIES-ARG><W> হয়েছে। </W><W> সুকুমার </W><W> ঘোষ </W><W> (৭৫) </W><W> নামে </W><W> ওই </W><W> ব্যক্তি </W><W> রবিবার </W><W> নিজের </W><W> বাড়িতেই </W><W> মারা </W><W> গিয়েছেন। </W><W> জেলার </W><W> মুখ্য </W><W> স্বাস্থ্য </W><W> আধিকারিক </W><W> সন্তোষ </W><W> সারেঙ্গী </W><W> জানান, </W><W> ‘‘প্রাথমিক </W><W> তদন্তে </W><W> জানা </W><W> গিয়েছে, </W><CASUALTIES-ARG ID="5"><LINK EVENT_ARG="6" ID="10" TYPE_REL="EVENT_ARG"/><W> অন্তত </W><W> ৫০ </W><W> জন </W></CASUALTIES-ARG><NATURAL_EVENT ID="6" TYPE="EPIDEMIC"><EVENT-COREF-LINK EVENT_ID="3" ID="12" TYPE_REL="EVENT_COREF"/><W> আন্ত্রিকে </W></NATURAL_EVENT><W> আক্রান্ত </W><W> হয়েছেন।’’ </W><W> তিনি </W><W> আরও </W><W> জানান, </W><AFTER_EFFECTS-ARG ID="7"><LINK EVENT_ARG="6" ID="11" TYPE_REL="EVENT_ARG"/><W> বর্ধমান </W><W> ও </W><W> দুর্গাপুর </W><W> থেকে </W><W> চিকিৎসকদের </W><W> দু’টি </W><W> দল </W><W> পাঠানো </W><W> হয়েছে। </W></AFTER_EFFECTS-ARG><W> জেলা </W><W> স্বাস্থ্য </W><W> দফতর </W><W> সূত্রে </W><W> সোমবার </W><W> এই </W><W> খবর </W><W> জানা </W><W> গিয়েছে। </W></P></DOCUMENT>