<?xml version="1.0" encoding="UTF-8"?>
<DOCUMENT><P><TIME-ARG ID="0"><LINK EVENT_ARG="1" ID="2" TYPE_REL="EVENT_ARG"/><W> ২৫ </W><W> মাঘ </W><W> ১৪০৮ </W><W> বুধবার </W><W> ৬ </W><W> ফেব্রুয়ারি </W><W> ২০০২ </W></TIME-ARG></P><P><W> টুকরো </W><W> খবর </W><W> নিজস্ব </W><W> সংবাদদাতা </W></P><P><W> বটগাছ </W><W> কাটতে </W><W> গিয়ে </W><W> ধৃত </W><W> ৪ </W></P><P><W> কলকাতা: </W><W> জয়নগরের </W><W> মিত্রপাড়া </W><W> গঞ্জের </W><W> হাটে </W><W> ১৪৪ </W><W> ধারা </W><W> জারি </W><W> থাকা </W><W> সত্ত্বেও </W><W> পুরসভার </W><W> নির্দেশে </W><W> কিছু </W><W> লোক </W><W> এক </W><W> বটগাছ </W><W> কাটতে </W><W> গেলে </W><W> পুলিশ </W><W> ৪ </W><W> জনকে </W><W> গ্রেফতার </W><W> করেছে। </W><W> ওই </W><W> বাজারে </W><W> পুরসভার </W><W> উচ্ছেদ </W><W> অভিযান </W><W> আটকাতে </W><W> ব্যবসায়ী </W><W> সমিতি </W><W> ও </W><W> জয়নগর </W><W> নাগরিক </W><W> ফোরাম </W><W> যে </W><W> আবেদন </W><W> করেছিল </W><W> তার </W><W> ভিত্তিতেই </W><W> সেখানে </W><W> ১৪৪ </W><W> ধারা </W><W> জারি </W><W> করা </W><W> হয়। </W></P><P><W> এই </W><W> প্রসঙ্গে </W><W> দক্ষিণ </W><W> ২৪ </W><W> পরগনা </W><W> জেলার </W><W> পুলিশ </W><W> সুপার </W><W> দেবকুমার </W><W> গঙ্গোপাধ্যায় </W><W> জানিয়েছেন, </W><W> ‘‘ব্যবসায়ীদের </W><W> উচ্ছেদ </W><W> করা </W><W> নিয়ে </W><W> উত্তেজনা </W><W> ছিলই। </W><W> তার </W><W> পরেও </W><W> ১৪৪ </W><W> ধারা </W><W> অমান্য </W><W> করে </W><W> গাছ </W><W> কাটায় </W><W> পুলিশ </W><W> ওই </W><W> চার </W><W> জনকে </W><W> গ্রেফতার </W><W> করেছে।’’ </W><W> জয়নগর </W><W> পুরসভার </W><W> ভারপ্রাপ্ত </W><W> চেয়ারম্যান </W><W> জালালউদ্দিন </W><W> খান </W><W> অবশ্য </W><W> জানিয়েছেন, </W><W> ‘‘১৪৪ </W><W> ধারা </W><W> জারির </W><W> ব্যাপারটি </W><W> আমরা </W><W> পরে </W><W> জানতে </W><W> পেরেছি। </W><W> তার </W><W> আগেই </W><W> গাছ </W><W> কাটার </W><W> নির্দেশ </W><W> দেওয়া </W><W> হয়েছিল।’’ </W></P><P><MAN_MADE_EVENT ID="29" TYPE="VEHICULAR_COLLISION"><W> পথ </W><W> দুর্ঘটনায় </W></MAN_MADE_EVENT><CASUALTIES-ARG ID="30"><LINK EVENT_ARG="29" ID="36" TYPE_REL="EVENT_ARG"/><W> তিন </W><W> জনের </W><W> মৃত্যু </W></CASUALTIES-ARG></P><P><W> কলকাতা: </W><PLACE-ARG ID="31"><LINK EVENT_ARG="32" ID="37" TYPE_REL="EVENT_ARG"/><W> হাওড়ায় </W></PLACE-ARG><W> পৃথক </W><MAN_MADE_EVENT ID="32" TYPE="VEHICULAR_COLLISION"><EVENT-COREF-LINK EVENT_ID="29" ID="43" TYPE_REL="EVENT_COREF"/><W> দুটি </W><W> পথ </W><W> দুর্ঘটনায় </W></MAN_MADE_EVENT><TIME-ARG ID="33"><LINK EVENT_ARG="32" ID="38" TYPE_REL="EVENT_ARG"/><W> মঙ্গলবার </W><W> সকালে </W></TIME-ARG><CASUALTIES-ARG ID="34"><LINK EVENT_ARG="32" ID="39" TYPE_REL="EVENT_ARG"/><W> ৩ </W><W> জনের </W><W> মৃত্যু </W></CASUALTIES-ARG><W> হয়েছে। </W><MAN_MADE_EVENT ID="1" TYPE="VEHICULAR_COLLISION"><EVENT-COREF-LINK EVENT_ID="32" ID="42" TYPE_REL="EVENT_COREF"/><W> প্রথম </W><W> দুর্ঘটনাটি </W></MAN_MADE_EVENT><W> ঘটে </W><PLACE-ARG ID="3"><LINK EVENT_ARG="1" ID="40" TYPE_REL="EVENT_ARG"/><W> লিলুয়ার </W><W> জয়পুর </W><W> মোড়ে। </W></PLACE-ARG><TIME-ARG ID="4"><LINK EVENT_ARG="7" ID="11" TYPE_REL="EVENT_ARG"/><W> সকাল </W><W> ৮টা </W><W> নাগাদ </W></TIME-ARG><PARTICIPANT-ARG ID="5"><LINK EVENT_ARG="7" ID="13" TYPE_REL="EVENT_ARG"/><W> মোটর </W><W> সাইকেল </W></PARTICIPANT-ARG><W> ও </W><PARTICIPANT-ARG ID="6"><LINK EVENT_ARG="7" ID="12" TYPE_REL="EVENT_ARG"/><W> লরির </W></PARTICIPANT-ARG><MAN_MADE_EVENT ID="7" TYPE="VEHICULAR_COLLISION"><EVENT-COREF-LINK EVENT_ID="1" ID="41" TYPE_REL="EVENT_COREF"/><W> মুখোমুখি </W><W> সংঘর্ষে </W></MAN_MADE_EVENT><CASUALTIES-ARG ID="8"><LINK EVENT_ARG="7" ID="14" TYPE_REL="EVENT_ARG"/><W> তিন </W><W> মোটর </W><W> বাইক </W><W> আরোহী </W><W> গুরুতর </W><W> জখম </W></CASUALTIES-ARG><W> হন। </W><AFTER_EFFECTS-ARG ID="26"><LINK EVENT_ARG="7" ID="27" TYPE_REL="EVENT_ARG"/><W> তাঁদের </W><W> হাওড়া </W><W> হাসপাতালে </W><W> নিয়ে </W><W> যাওয়া </W><W> হলে </W><W> একজনকে </W><W> মৃত </W><W> বলে </W><W> ঘোষণা </W><W> করা </W><W> হয়। </W></AFTER_EFFECTS-ARG><W> তাঁর </W><W> নাম </W><W> গোবিন্দ </W><W> পাত্র </W><W> (৩২)। </W><W> এর </W><W> কিছুক্ষণ </W><W> পর </W><W> মন্টু </W><W> আদক </W><W> (১৮) </W><W> নামে </W><W> অন্য </W><W> এক </W><W> আরোহীও </W><W> হাসপাতালে </W><W> মারা </W><W> যান। </W><W> গোবিন্দবাবুর </W><W> ভাই </W><W> মহান্ত </W><W> পাত্র </W><W> হাসপাতালে </W><W> আশঙ্কাজনক </W><W> অবস্থায় </W><W> ভর্তি </W><W> আছেন। </W><W> পুলিশ </W><W> জানিয়েছে, </W><W> নিহতদের </W><W> বাড়ি </W><W> হুগলি </W><W> জেলার </W><W> সাহানা </W><W> গ্রামে। </W><W> এই </W><MAN_MADE_EVENT ID="15" TYPE="VEHICULAR_COLLISION"><EVENT-COREF-LINK EVENT_ID="7" ID="16" TYPE_REL="EVENT_COREF"/><W> দুর্ঘটনার </W></MAN_MADE_EVENT><TIME-ARG ID="17"><LINK EVENT_ARG="35" ID="46" TYPE_REL="EVENT_ARG"/><W> দু’ঘণ্টার </W><W> মধ্যে </W></TIME-ARG><PLACE-ARG ID="18"><LINK EVENT_ARG="35" ID="45" TYPE_REL="EVENT_ARG"/><W> হাওড়া </W><W> থানার </W><W> টিকিয়াপাড়ার </W><W> কাছে </W><W> ইস্ট-ওয়েস্ট </W><W> রাস্তার </W><W> উপর </W></PLACE-ARG><CASUALTIES-ARG ID="19"><LINK EVENT_ARG="35" ID="47" TYPE_REL="EVENT_ARG"/><W> এক </W><W> স্কুলছাত্রকে </W></CASUALTIES-ARG><PARTICIPANT-ARG ID="20"><LINK EVENT_ARG="35" ID="48" TYPE_REL="EVENT_ARG"/><W> মোটর </W><W> বাইক </W></PARTICIPANT-ARG><MAN_MADE_EVENT ID="35" TYPE="VEHICULAR_COLLISION"><EVENT-COREF-LINK EVENT_ID="29" ID="50" TYPE_REL="EVENT_COREF"/><W> ধাক্কা </W><W> মারে। </W></MAN_MADE_EVENT><AFTER_EFFECTS-ARG ID="28"><LINK EVENT_ARG="35" ID="49" TYPE_REL="EVENT_ARG"/><W> হাসপাতালে </W><W> ভর্তির </W><W> পরই </W><W> সে </W><W> মারা </W><W> যায়। </W></AFTER_EFFECTS-ARG><W> ওই </W><W> রাস্তায় </W><W> বেআইনি </W><W> পার্কিংয়ের </W><W> জন্য </W><W> প্রায়ই </W><W> দুর্ঘটনা </W><W> ঘটে। </W><W> তার </W><W> নাম </W><W> আরসান </W><W> খাঁ </W><W> (১২)। </W><W> বাড়ি </W><W> হাওড়ার </W><W> গঙ্গারাম </W><W> ব্যানার্জি </W><W> লেনে। </W></P><P><W> হলদিয়া </W><W> উৎসব </W><W> শুরু </W></P><P><W> কলকাতা: </W><W> আজ, </W><W> বুধবার </W><W> থেকে </W><W> দুই </W><W> সপ্তাহব্যাপী </W><W> হলদিয়া </W><W> উৎসব </W><W> শুরু </W><W> হচ্ছে। </W><W> এই </W><W> বছরের </W><W> উৎসব </W><W> উৎসর্গ </W><W> করা </W><W> হচ্ছে </W><W> বিশ্ব </W><W> শান্তির </W><W> প্রতি। </W><W> উৎসবের </W><W> উদ্বোধন </W><W> করছেন </W><W> বিশিষ্ট </W><W> শিক্ষাবিদ </W><W> প্রতাপ </W><W> চন্দ্র </W><W> চন্দ্র। </W></P><P><W> ’৯১ </W><W> সাল </W><W> থেকে </W><W> শুরু </W><W> হওয়া </W><W> এই </W><W> উৎসব </W><W> পূর্বাঞ্চলের </W><W> সবচেয়ে </W><W> বড় </W><W> সাংস্কৃতিক </W><W> অনুষ্ঠান </W><W> বলে </W><W> দাবি </W><W> করেছেন </W><W> লোকসভার </W><W> সাংসদ </W><W> এবং </W><W> উৎসব </W><W> কমিটির </W><W> সভাপতি </W><W> লক্ষ্মণ </W><W> শেঠ। </W><W> এবার </W><W> উৎসবে </W><W> ১০ </W><W> দিন </W><W> ধরে </W><W> ৪৭০ </W><W> ঘণ্টার </W><W> সাংস্কৃতিক </W><W> অনুষ্ঠানের </W><W> আয়োজন </W><W> করা </W><W> হয়েছে। </W><W> অতীতের </W><W> তাম্রলিপ্ত </W><W> বন্দর </W><W> কী </W><W> করে </W><W> আজকের </W><W> হলদিয়া </W><W> বন্দর </W><W> হয়ে </W><W> উঠল </W><W> তা </W><W> আলোকসজ্জায় </W><W> তুলে </W><W> ধরবেন </W><W> বিশিষ্ট </W><W> শিল্পী </W><W> তাপস </W><W> সেন। </W><W> শিল্পবাণিজ্য, </W><W> বিজ্ঞান, </W><W> স্বাস্থ্যমেলার </W><W> মতো </W><W> প্রচলিত </W><W> মেলাগুলি </W><W> ছাড়াও </W><W> পাবলো </W><W> পিকাসো </W><W> মঞ্চে </W><W> ৩ </W><W> দিন </W><W> ৩টি </W><W> সেমিনারের </W><W> আয়োজন </W><W> করেছে </W><W> হলদিয়া </W><W> উৎসব </W><W> কমিটি। </W></P></DOCUMENT>