<?xml version="1.0" encoding="UTF-8"?>
<DOCUMENT><DESC></DESC><TIME>550</TIME><P><TIME-ARG ID="0"><LINK EVENT_ARG="1" ID="25" TYPE_REL="EVENT_ARG"/><W> ১৬ </W><W> আশ্বিন </W><W> ১৪০৯ </W><W> বৃহস্পতিবার </W><W> ৩ </W><W> অক্টোবর </W><W> ২০০২ </W></TIME-ARG></P><P><PARTICIPANT-ARG ID="2"><LINK EVENT_ARG="1" ID="26" TYPE_REL="EVENT_ARG"/><W> বাস </W></PARTICIPANT-ARG><MAN_MADE_EVENT ID="1" TYPE="VEHICULAR_COLLISION"><W> দুর্ঘটনায় </W></MAN_MADE_EVENT><CASUALTIES-ARG ID="3"><LINK EVENT_ARG="1" ID="27" TYPE_REL="EVENT_ARG"/><W> জখম </W><W> ১৪ </W></CASUALTIES-ARG><W> নিজস্ব </W><W> সংবাদদাতা </W><W> কলকাতা </W><TIME-ARG ID="4"><LINK EVENT_ARG="7" ID="28" TYPE_REL="EVENT_ARG"/><W> বুধবার </W><W> দুপুরে </W></TIME-ARG><PLACE-ARG ID="5"><LINK EVENT_ARG="7" ID="30" TYPE_REL="EVENT_ARG"/><W> হাওড়ার </W><W> আমতায় </W></PLACE-ARG><W> এক </W><PARTICIPANT-ARG ID="6"><LINK EVENT_ARG="7" ID="29" TYPE_REL="EVENT_ARG"/><W> বাস </W></PARTICIPANT-ARG><MAN_MADE_EVENT ID="7" TYPE="VEHICULAR_COLLISION"><EVENT-COREF-LINK EVENT_ID="1" ID="37" TYPE_REL="EVENT_COREF"/><W> দুর্ঘটনায় </W></MAN_MADE_EVENT><CASUALTIES-ARG ID="8"><LINK EVENT_ARG="7" ID="31" TYPE_REL="EVENT_ARG"/><W> ১৪ </W><W> জন </W><W> জখম </W></CASUALTIES-ARG><W> হয়েছেন। </W><CASUALTIES-ARG ID="9"><LINK EVENT_ARG="7" ID="32" TYPE_REL="EVENT_ARG"/><W> তাঁদের </W><W> মধ্যে </W><W> একটি </W><W> শিশু </W><W> ও </W><W> এক </W><W> মহিলা </W><W> আছেন। </W></CASUALTIES-ARG><AFTER_EFFECTS-ARG ID="25"><LINK EVENT_ARG="7" ID="26" TYPE_REL="EVENT_ARG"/><CASUALTIES-ARG ID="10"><LINK EVENT_ARG="7" ID="33" TYPE_REL="EVENT_ARG"/><W> আশঙ্কাজনক </W><W> অবস্থায় </W><W> দু’জন </W><W> স্কুটার </W><W> আরোহী </W></CASUALTIES-ARG><W> উলুবেড়িয়া </W><W> হাসপাতালে </W><W> ও </W><CASUALTIES-ARG ID="12"><LINK EVENT_ARG="7" ID="35" TYPE_REL="EVENT_ARG"/><W> আরও </W><W> দু’জন </W></CASUALTIES-ARG><W> আমতা </W><W> হাসপাতালে </W><W> ভর্তি। </W></AFTER_EFFECTS-ARG><W> দু’জনেই </W><W> বাস </W><W> যাত্রী। </W></P><P><W> পুলিশ </W><W> জানায়, </W><W> উলুবেড়িয়া </W><W> থেকে </W><W> ৭০ </W><W> নম্বর </W><W> রুটের </W><W> একটি </W><W> যাত্রী </W><W> বোঝাই </W><W> বেসরকারি </W><W> বাস </W><W> আমতায় </W><W> যাচ্ছিল। </W><TIME-ARG ID="14"><LINK EVENT_ARG="18" ID="38" TYPE_REL="EVENT_ARG"/><W> দুপুর </W><W> দেড়টা </W><W> নাগাদ </W></TIME-ARG><PLACE-ARG ID="15"><LINK EVENT_ARG="18" ID="41" TYPE_REL="EVENT_ARG"/><W> গুজারপুর </W><W> বড় </W><W> পোলের </W><W> কাছে </W></PLACE-ARG><REASON-ARG ID="16"><LINK EVENT_ARG="18" ID="40" TYPE_REL="EVENT_ARG"/><W> চালক </W><W> নিয়ন্ত্রণ </W><W> হারিয়ে </W></REASON-ARG><W> একটি </W><PARTICIPANT-ARG ID="17"><LINK EVENT_ARG="18" ID="39" TYPE_REL="EVENT_ARG"/><W> স্কুটারের </W></PARTICIPANT-ARG><W> পিছনে </W><MAN_MADE_EVENT ID="18" TYPE="VEHICULAR_COLLISION"><EVENT-COREF-LINK EVENT_ID="7" ID="30" TYPE_REL="EVENT_COREF"/><W> ধাক্কা </W><W> মারলে </W></MAN_MADE_EVENT><W> দু’জন </W><W> আরোহী </W><W> সমেত </W><AFTER_EFFECTS-ARG ID="19"><LINK EVENT_ARG="18" ID="42" TYPE_REL="EVENT_ARG"/><W> স্কুটারটি </W><W> ছিটকে </W><W> রাস্তার </W><W> পাশে </W><W> একটি </W><W> খালে </W><W> পড়ে </W><W> যায়। </W></AFTER_EFFECTS-ARG><W> এর </W><W> পর </W><PARTICIPANT-ARG ID="20"><LINK EVENT_ARG="21" ID="43" TYPE_REL="EVENT_ARG"/><W> হাওড়ামুখী </W><W> অন্য </W><W> একটি </W><W> বাসে </W></PARTICIPANT-ARG><MAN_MADE_EVENT ID="21" TYPE="VEHICULAR_COLLISION"><EVENT-COREF-LINK EVENT_ID="18" ID="29" TYPE_REL="EVENT_COREF"/><W> ধাক্কা </W><W> মারে। </W></MAN_MADE_EVENT><W> ৬১ </W><W> এ, </W><W> রুটের </W><W> বাসটি </W><W> আমতা </W><W> থেকে </W><W> যাত্রী </W><W> তুলে </W><W> হাওড়ায় </W><W> যাচ্ছিল। </W><W> ঝাঁকুনিতে </W><W> দুটি </W><W> বাসেরই </W><W> যাত্রী </W><W> একে </W><W> অন্যের </W><W> উপর </W><W> হুড়মুড় </W><W> করে </W><W> পড়েন। </W><W> তাতে </W><CASUALTIES-ARG ID="22"><LINK EVENT_ARG="21" ID="44" TYPE_REL="EVENT_ARG"/><W> দু’জনের </W><W> পা </W><W> ভাঙে। </W></CASUALTIES-ARG><AFTER_EFFECTS-ARG ID="23"><LINK EVENT_ARG="21" ID="45" TYPE_REL="EVENT_ARG"/><W> দুটি </W><W> বাসের </W><W> চালক </W><W> পলাতক। </W></AFTER_EFFECTS-ARG><AFTER_EFFECTS-ARG ID="24"><LINK EVENT_ARG="21" ID="46" TYPE_REL="EVENT_ARG"/><W> পুলিশ </W><W> বাস </W><W> দু’টি </W><W> আটক </W><W> করেছে। </W></AFTER_EFFECTS-ARG></P></DOCUMENT>