<?xml version="1.0" encoding="UTF-8"?>
<DOCUMENT><DESC></DESC><TIME>26</TIME><P><TIME-ARG ID="0"><LINK EVENT_ARG="6" ID="7" TYPE_REL="EVENT_ARG"/><W> ২৭ </W><W> অগ্রহায়ণ </W><W> ১৪০৯ </W><W> শুক্রবার </W><W> ১৩ </W><W> ডিসেম্বর </W><W> ২০০২ </W></TIME-ARG></P><P><CASUALTIES-ARG ID="1"><LINK EVENT_ARG="6" ID="8" TYPE_REL="EVENT_ARG"/><W> ৫ </W><W> প্যালেস্তাইনি </W><W> হত </W></CASUALTIES-ARG><W> সংবাদসংস্থা </W><W> গাজা </W><PARTICIPANT-ARG ID="12"><LINK EVENT_ARG="6" ID="13" TYPE_REL="EVENT_ARG"/><W> ইজরায়েলি </W><W> সেনার </W></PARTICIPANT-ARG><MAN_MADE_EVENT ID="6" TYPE="SHOOT_OUT"><W> গুলিতে </W></MAN_MADE_EVENT><TIME-ARG ID="4"><LINK EVENT_ARG="6" ID="9" TYPE_REL="EVENT_ARG"/><W> আজ </W></TIME-ARG><PLACE-ARG ID="2"><LINK EVENT_ARG="6" ID="10" TYPE_REL="EVENT_ARG"/><W> গাজা </W><W> ষ্ট্রিপে </W></PLACE-ARG><CASUALTIES-ARG ID="5"><LINK EVENT_ARG="6" ID="11" TYPE_REL="EVENT_ARG"/><W> পাঁচ </W><W> নিরস্ত্র </W><W> প্যালেস্তাইনির </W><W> মৃত্যু </W></CASUALTIES-ARG><W> হয়েছে। </W><W> ইজরায়েল </W><W> জানিয়েছে, </W><W> ওই </W><W> পাঁচ </W><W> প্যালেস্তাইনি </W><W> ইজরায়েলে </W><W> ঢোকার </W><W> জন্য </W><PLACE-ARG ID="14"><LINK EVENT_ARG="17" ID="18" TYPE_REL="EVENT_ARG"/><W> কার্নি </W><W> এলাকায় </W></PLACE-ARG><REASON-ARG ID="15"><LINK EVENT_ARG="17" ID="19" TYPE_REL="EVENT_ARG"/><W> সীমান্তের </W><W> বেড়া </W><W> ডিঙোতে </W><W> চেষ্টা </W><W> করছে </W><W> বলে </W><W> সন্দেহ </W><W> হওয়াতেই </W></REASON-ARG><PARTICIPANT-ARG ID="16"><LINK EVENT_ARG="17" ID="20" TYPE_REL="EVENT_ARG"/><W> এই </W><W> সেনারা </W></PARTICIPANT-ARG><W> তাঁদের </W><W> দিকে </W><MAN_MADE_EVENT ID="17" TYPE="SHOOT_OUT"><EVENT-COREF-LINK EVENT_ID="6" ID="21" TYPE_REL="EVENT_COREF"/><W> গুলি </W><W> চালায়। </W></MAN_MADE_EVENT></P></DOCUMENT>