<?xml version="1.0" encoding="UTF-8"?>
<DOCUMENT><DESC></DESC><TIME>199</TIME><P><TIME-ARG ID="0"><LINK EVENT_ARG="2" ID="36" TYPE_REL="EVENT_ARG"/><W> ৯ </W><W> কার্তিক </W><W> ১৪০৯ </W><W> শনিবার </W><W> ২৬ </W><W> অক্টোবর </W><W> ২০০২ </W></TIME-ARG></P><P><PLACE-ARG ID="1"><LINK EVENT_ARG="2" ID="38" TYPE_REL="EVENT_ARG"/><W> তুফানগঞ্জ </W><W> বাজারে </W></PLACE-ARG><W> ফের </W><MAN_MADE_EVENT ID="2" TYPE="FIRE"><W> আগুন, </W></MAN_MADE_EVENT><AFTER_EFFECTS-ARG ID="3"><LINK EVENT_ARG="2" ID="37" TYPE_REL="EVENT_ARG"/><W> ৮টি </W><W> দোকান </W><W> ছাই </W></AFTER_EFFECTS-ARG><W> নিজস্ব </W><W> সংবাদদাতা </W><W> কোচবিহার </W></P><P><TIME-ARG ID="4"><LINK EVENT_ARG="2" ID="39" TYPE_REL="EVENT_ARG"/><W> বৃহস্পতিবার </W><W> বেশি </W><W> রাতে </W></TIME-ARG><AFTER_EFFECTS-ARG ID="5"><LINK EVENT_ARG="2" ID="41" TYPE_REL="EVENT_ARG"/><W> ভস্মীভূত </W></AFTER_EFFECTS-ARG><PLACE-ARG ID="6"><LINK EVENT_ARG="2" ID="40" TYPE_REL="EVENT_ARG"/><W> তুফানগঞ্জ </W><W> বাজারের </W><W> একাংশ।পবিত্র </W></PLACE-ARG><W> দাস। </W><TIME-ARG ID="7"><LINK EVENT_ARG="8" ID="42" TYPE_REL="EVENT_ARG"/><W> বৃহষ্পতিবার </W><W> গভীর </W><W> রাতে </W></TIME-ARG><MAN_MADE_EVENT ID="8" TYPE="FIRE"><EVENT-COREF-LINK EVENT_ID="2" ID="68" TYPE_REL="EVENT_COREF"/><W> আগুনে </W></MAN_MADE_EVENT><PLACE-ARG ID="9"><LINK EVENT_ARG="8" ID="43" TYPE_REL="EVENT_ARG"/><W> তুফানগঞ্জ </W><W> বাজারের </W></PLACE-ARG><AFTER_EFFECTS-ARG ID="10"><LINK EVENT_ARG="8" ID="44" TYPE_REL="EVENT_ARG"/><W> ৮ </W><W> টি </W><W> দোকান </W><W> ভস্মীভূত </W></AFTER_EFFECTS-ARG><W> হয়েছে। </W><MAN_MADE_EVENT ID="11" TYPE="FIRE"><EVENT-COREF-LINK EVENT_ID="13" ID="66" TYPE_REL="EVENT_COREF"/><W> ওই </W><W> অগ্নিকাণ্ডে </W></MAN_MADE_EVENT><AFTER_EFFECTS-ARG ID="12"><LINK EVENT_ARG="11" ID="45" TYPE_REL="EVENT_ARG"/><W> আংশিক </W><W> ক্ষতি </W><W> হয়েছে </W><W> আরও </W><W> ৬ </W><W> টি </W><W> দোকানের। </W></AFTER_EFFECTS-ARG><MAN_MADE_EVENT ID="13" TYPE="FIRE"><EVENT-COREF-LINK EVENT_ID="8" ID="67" TYPE_REL="EVENT_COREF"/><W> অগ্নিকাণ্ডে </W></MAN_MADE_EVENT><AFTER_EFFECTS-ARG ID="14"><LINK EVENT_ARG="13" ID="46" TYPE_REL="EVENT_ARG"/><W> ক্ষতির </W><W> পরিমান </W><W> প্রায় </W><W> ১০ </W><W> লক্ষ </W><W> টাকা </W></AFTER_EFFECTS-ARG><W> বলে </W><W> দাবি </W><W> করেছে </W><W> তুফানগঞ্জ </W><W> ব্যবসায়ী </W><W> সমিতি। </W><W> কিন্তু </W><W> বারবার </W><W> ওই </W><W> একই </W><W> বাজারে </W><W> কেন </W><MAN_MADE_EVENT ID="36" TYPE="FIRE"><EVENT-COREF-LINK EVENT_ID="13" ID="38" TYPE_REL="EVENT_COREF"/><W> আগুন </W><W> লাগছে, </W></MAN_MADE_EVENT><W> সে </W><W> ব্যাপারে </W><W> তদন্তে </W><W> নেমেছে </W><W> মহকুমা </W><W> প্রশাসন। </W><W> মহকুমা </W><W> শাসক </W><W> টি </W><W> টি </W><W> সোনমলা </W><W> জানান, </W><W> ‘‘এর </W><W> আগেও </W><TIME-ARG ID="16"><LINK EVENT_ARG="18" ID="48" TYPE_REL="EVENT_ARG"/><W> গত </W><W> ১৯ </W><W> জুলাই </W></TIME-ARG><PLACE-ARG ID="17"><LINK EVENT_ARG="18" ID="47" TYPE_REL="EVENT_ARG"/><W> ওই </W><W> বাজারে </W></PLACE-ARG><MAN_MADE_EVENT ID="18" TYPE="FIRE"><W> আগুন </W></MAN_MADE_EVENT><W> লেগে </W><AFTER_EFFECTS-ARG ID="19"><LINK EVENT_ARG="18" ID="49" TYPE_REL="EVENT_ARG"/><W> ২৪ </W><W> টি </W><W> দোকান </W><W> পুড়ে </W><W> গিয়েছিল। </W></AFTER_EFFECTS-ARG><W> তারপরই </W><TIME-ARG ID="20"><LINK EVENT_ARG="22" ID="50" TYPE_REL="EVENT_ARG"/><W> বৃহষ্পতিবার </W><W> শেষ </W><W> রাতে </W></TIME-ARG><AFTER_EFFECTS-ARG ID="21"><LINK EVENT_ARG="22" ID="51" TYPE_REL="EVENT_ARG"/><W> আরও </W><W> ৮ </W><W> টি </W><W> দোকান </W><W> পুড়ে </W><W> যাওয়ার </W></AFTER_EFFECTS-ARG><MAN_MADE_EVENT ID="22" TYPE="FIRE"><EVENT-COREF-LINK EVENT_ID="36" ID="37" TYPE_REL="EVENT_COREF"/><W> ঘটনাকে </W></MAN_MADE_EVENT><W> আর </W><W> হাল্কাভাবে </W><W> নিচ্ছি </W><W> না </W><W> আমরা। </W><W> তদন্ত </W><W> করে </W><W> এবার </W><W> প্রয়োজনীয় </W><W> ব্যবস্থা </W><W> নেওয়া </W><W> হবে।’’ </W></P><P><W> পুলিশ </W><W> এবং </W><W> দমকল </W><W> সূত্রে </W><W> জানা </W><W> গিয়েছে, </W><W> আগের </W><W> বারের </W><W> মতো </W><W> এ </W><W> বারও </W><MAN_MADE_EVENT ID="23" TYPE="FIRE"><EVENT-COREF-LINK EVENT_ID="22" ID="63" TYPE_REL="EVENT_COREF"/><W> আগুন </W><W> লেগেছে </W></MAN_MADE_EVENT><TIME-ARG ID="24"><LINK EVENT_ARG="23" ID="52" TYPE_REL="EVENT_ARG"/><W> গভীর </W><W> রাতে। </W></TIME-ARG><W> ওই </W><W> সূত্রের </W><W> খবর, </W><TIME-ARG ID="25"><LINK EVENT_ARG="27" ID="53" TYPE_REL="EVENT_ARG"/><W> এ </W><W> দিন </W><W> রাত </W><W> দেড়টা </W><W> নাগাদ </W></TIME-ARG><PLACE-ARG ID="26"><LINK EVENT_ARG="27" ID="54" TYPE_REL="EVENT_ARG"/><W> একটি </W><W> মুদির </W><W> দোকানে </W></PLACE-ARG><MAN_MADE_EVENT ID="27" TYPE="FIRE"><EVENT-COREF-LINK EVENT_ID="23" ID="62" TYPE_REL="EVENT_COREF"/><W> আগুন </W></MAN_MADE_EVENT><W> দেখতে </W><W> পেয়ে </W><W> ‘নাইট-গার্ড’ </W><W> পুলিশ </W><W> ও </W><W> দমকলে </W><W> খবর </W><W> দেন। </W><W> ঘটনাস্থলে </W><W> দমকলকর্মীরা </W><MAN_MADE_EVENT ID="28" TYPE="FIRE"><EVENT-COREF-LINK EVENT_ID="27" ID="61" TYPE_REL="EVENT_COREF"/><W> আগুন </W></MAN_MADE_EVENT><W> ছড়িয়ে </W><W> পড়তে </W><W> দেখে </W><AFTER_EFFECTS-ARG ID="31"><LINK EVENT_ARG="28" ID="55" TYPE_REL="EVENT_ARG"/><W> বাড়তি </W><W> ইঞ্জিন </W><W> চেয়ে </W><W> খবর </W><W> পাঠান </W><W> কোচবিহার, </W><W> দিনহাটা </W><W> ও </W><W> আলিপুরদুয়ারে। </W></AFTER_EFFECTS-ARG><W> কোচবিহার </W><W> থেকে </W><W> দুটি </W><W> ইঞ্জিন </W><W> তুফানগঞ্জ </W><W> বাজারে </W><W> এসে </W><W> পৌঁছানোর </W><W> মধ্যেই </W><MAN_MADE_EVENT ID="29" TYPE="FIRE"><EVENT-COREF-LINK EVENT_ID="28" ID="60" TYPE_REL="EVENT_COREF"/><W> আগুন </W></MAN_MADE_EVENT><W> নিয়ন্ত্রণে </W><W> আসে। </W><W> স্থানীয় </W><W> ব্যবসায়ীদের </W><W> বক্তব্য, </W><W> ‘‘সময়মতো </W><W> পুলিশ </W><W> ও </W><W> দমকলকর্মীরা </W><W> ছুটে </W><W> না </W><W> এলে </W><W> এবারকার </W><W> ক্ষয়ক্ষতি </W><TIME-ARG ID="32"><LINK EVENT_ARG="33" ID="56" TYPE_REL="EVENT_ARG"/><W> ১৯ </W><W> জুলাইয়ের </W></TIME-ARG><MAN_MADE_EVENT ID="33" TYPE="FIRE"><EVENT-COREF-LINK EVENT_ID="18" ID="69" TYPE_REL="EVENT_COREF"/><W> ঘটনাকেও </W></MAN_MADE_EVENT><W> ছাড়িয়ে </W><W> যেত।’’ </W></P><P><W> পুলিশ </W><W> জানায়, </W><W> ঘিঞ্জি, </W><W> অপরিসর </W><W> ওই </W><W> বাজারে </W><W> অধিকাংশ </W><W> দোকানই </W><W> কাঠ </W><W> ও </W><W> বাঁশের </W><W> বেড়া </W><W> দিয়ে </W><W> তৈরি </W><W> বলে </W><MAN_MADE_EVENT ID="30" TYPE="FIRE"><EVENT-COREF-LINK EVENT_ID="29" ID="59" TYPE_REL="EVENT_COREF"/><W> আগুন </W></MAN_MADE_EVENT><W> দ্রুত </W><W> ছড়িয়ে </W><W> পড়ে। </W><W> প্রাথমিক </W><W> তদন্তে </W><W> পুলিশের </W><W> অনুমান, </W><REASON-ARG ID="34"><LINK EVENT_ARG="35" ID="57" TYPE_REL="EVENT_ARG"/><W> শর্ট-সার্কিটও </W></REASON-ARG><MAN_MADE_EVENT ID="35" TYPE="FIRE"><EVENT-COREF-LINK EVENT_ID="30" ID="58" TYPE_REL="EVENT_COREF"/><W> আগুন </W><W> লাগার </W></MAN_MADE_EVENT><W> কারণ </W><W> হতে </W><W> পারে। </W><W> যে </W><W> কটি </W><W> দোকান </W><W> পুড়ে </W><W> ছাই </W><W> হয়েছে </W><W> তার </W><W> মধ্যে </W><W> ওই </W><W> মুদি </W><W> দোকানেরই </W><W> বিমা </W><W> করানো </W><W> ছিল </W><W> বলে </W><W> পুলিশ </W><W> জানতে </W><W> পেরেছে। </W><W> এর </W><W> পাশাপাশি </W><W> অর্ন্তঘাতেরও </W><W> অভিযোগ </W><W> উঠছে। </W><W> স্থানীয় </W><W> ব্যবসায়ী </W><W> সমিতি </W><W> অবশ্য </W><W> গোটা </W><W> ঘটনার </W><W> দায় </W><W> চাপিয়েছে </W><W> নিয়ন্ত্রিত </W><W> বাজার </W><W> সমিতির </W><W> উপর। </W><W> তুফানগঞ্জ </W><W> বাজার </W><W> ব্যবসায়ী </W><W> সমিতির </W><W> সম্পাদক </W><W> সুনীল </W><W> সাহা </W><W> বলেন, </W><W> ‘‘নিয়ন্ত্রিত </W><W> বাজার </W><W> সমিতি </W><W> ওই </W><W> বাজার </W><W> সংস্কারের </W><W> কোনও </W><W> সক্রিয় </W><W> চেষ্টা </W><W> না </W><W> নেওয়ায় </W><W> আমরা </W><W> বাজারটির </W><W> পরিচালন </W><W> ভার </W><W> তুলে </W><W> দেওয়ার </W><W> দাবি </W><W> জানিয়েছি। </W><W> কিন্তু </W><W> কাজের </W><W> কাজ </W><W> কিছুই </W><W> হয়নি। </W><W> মাঝখান </W><W> থেকে </W><W> ব্যবসায়ীরা </W><W> সর্বস্বান্ত </W><W> হচ্ছেন।’’ </W><W> তুফানগঞ্জ </W><W> বাজারের </W><W> সংস্কারের </W><W> দাবিতে </W><W> ব্যবসায়ী </W><W> সমিতি </W><W> জোরদার </W><W> আন্দোলনে </W><W> নামবে </W><W> বলেও </W><W> তিনি </W><W> জানান। </W></P></DOCUMENT>