<?xml version="1.0" encoding="UTF-8"?>
<DOCUMENT><DESC></DESC><TIME>425</TIME><P><TIME-ARG ID="0"><LINK EVENT_ARG="2" ID="69" TYPE_REL="EVENT_ARG"/><TIME-ARG ID="70"><LINK EVENT_ARG="13" ID="71" TYPE_REL="EVENT_ARG"/><TIME-ARG ID="72"><LINK EVENT_ARG="28" ID="73" TYPE_REL="EVENT_ARG"/><W> ১৬ </W><W> আশ্বিন </W><W> ১৪০৯ </W><W> বৃহস্পতিবার </W><W> ৩ </W><W> অক্টোবর </W><W> ২০০২ </W></TIME-ARG></TIME-ARG></TIME-ARG></P><P><W> সংক্ষেপে </W><W> .. </W><W> অস্ত্র-সহ </W><W> ধৃত </W><W> ২ </W><W> তুফানগঞ্জে </W><W> নিজস্ব </W><W> সংবাদদাতা </W><W> কোচবিহার </W></P><P><W> এ </W><W> কে </W><W> ৪৭-এর </W><W> মতো </W><W> দেখতে </W><W> একটি </W><W> অস্ত্র-সহ </W><W> দুই </W><W> যুবককে </W><W> বুধবার </W><W> তুফানগঞ্জের </W><W> পুলিশ </W><W> গ্রেফতার </W><W> করেছে। </W><W> পুলিশ </W><W> জানায়, </W><W> ধৃতদের </W><W> নাম </W><W> নিখিল </W><W> সুত্রধর </W><W> ও </W><W> ভজন </W><W> সাহা। </W><W> আলিপুরদুয়ার </W><W> মহকুমার </W><W> কুমারগ্রাম </W><W> থানার </W><W> মাঝেরডাবড়ির </W><W> বাসিন্দা </W><W> ওই </W><W> যুবকেরা </W><W> ওই </W><W> অস্ত্র </W><W> বিক্রি </W><W> করতে </W><W> তুফানগঞ্জ </W><W> শহর </W><W> সংলগ্ন </W><W> কালীবাড়ি </W><W> মোড় </W><W> মার্কেট </W><W> কমপ্লেক্সে </W><W> জড়ো </W><W> হলে </W><W> পুলিশ </W><W> তাদের </W><W> গ্রেফতার </W><W> করে। </W><W> পুলিশের </W><W> দাবি, </W><W> জেরায় </W><W> ধৃতেরা </W><W> স্বীকার </W><W> করেছে, </W><W> তারা </W><W> অসমের </W><W> কোকরাঝাড়ের </W><W> শিমুলটাপু </W><W> গ্রামের </W><W> ‘ট্যাপরা’র </W><W> কাছ </W><W> থেকে </W><W> ১০০০০ </W><W> টাকায় </W><W> অস্ত্রটি </W><W> কেনে। </W><W> ধুবড়ির </W><W> লোহাগাড়ি </W><W> গ্রামে </W><W> ভোলা </W><W> নামের </W><W> এক </W><W> ব্যক্তিকে </W><W> সেটি </W><W> বিক্রির </W><W> জন্য </W><W> তারা </W><W> সেখানে </W><W> এসেছিল। </W><W> অসমের </W><W> ওই </W><W> দুই </W><W> ব্যক্তিকে </W><W> খুঁজে </W><W> বার </W><W> করতে </W><W> অসম </W><W> পুলিশের </W><W> সাহায্য </W><W> নিচ্ছে </W><W> তুফানগঞ্জ </W><W> পুলিশ। </W><W> ধৃতেরা </W><W> এর </W><W> আগেও </W><W> একটি </W><W> অত্যাধুনিক </W><W> রিভলভার </W><W> বিক্রি </W><W> করেছে </W><W> বলেও </W><W> স্বীকার </W><W> করেছে। </W><W> জেলা </W><W> পুলিশ </W><W> সুপার </W><W> পরভিন </W><W> কুমার </W><W> জানান, </W><W> ‘‘একের </W><W> পর </W><W> এক </W><W> অস্ত্র </W><W> উদ্ধারের </W><W> ঘটনার </W><W> পরে </W><W> তুফানগঞ্জ </W><W> মহকুমায় </W><W> নজরদারি </W><W> বাড়ানো </W><W> হয়েছে। </W><W> আমরা </W><W> অসম </W><W> পুলিশের </W><W> সঙ্গেও </W><W> যোগাযোগ </W><W> রেখে </W><W> চলেছি।’’ </W></P><P><W> তৃণমূল </W><W> ছেড়ে </W><W> কংগ্রেসে </W></P><P><W> নিজস্ব </W><W> সংবাদদাতা, </W><W> বহরমপুর: </W><W> লালবাগ </W><W> পুরসভার </W><W> তৃণমূল </W><W> কংগ্রেসের </W><W> একমাত্র </W><W> কাউন্সিলর </W><W> সৈয়দ </W><W> মেহেদি </W><W> আলম </W><W> বুধবার </W><W> কংগ্রেসে </W><W> যোগ </W><W> দিয়েছেন। </W><W> তাঁর </W><W> সঙ্গেই </W><W> দল </W><W> ছেড়েছেন </W><W> শ’দেড়েক </W><W> তৃণমূল </W><W> কর্মী। </W><W> এ </W><W> দিন </W><W> লালবাগ </W><W> ব্লক </W><W> কংগ্রেসের </W><W> নবনির্মিত </W><W> ভবনের </W><W> উদ্বোধন </W><W> অনুষ্ঠানে </W><W> জেলা </W><W> কংগ্রেস </W><W> সভাপতি </W><W> অধীর </W><W> চৌধুরীর </W><W> কাছে </W><W> তাঁরা </W><W> লিখিত </W><W> ভাবে </W><W> দলত্যাগের </W><W> কথা </W><W> জানান। </W><W> মেহেদি </W><W> আলম </W><W> জানান, </W><W> ‘‘তৃণমূল </W><W> নেত্রী </W><W> মমতা </W><W> বন্দ্যোপাধ্যায়ের </W><W> হঠকারি </W><W> সিদ্ধান্তের </W><W> ফলে </W><W> বাম </W><W> অপশাসনের </W><W> বিরুদ্ধে </W><W> প্রকৃত </W><W> আন্দোলন </W><W> গড়ে </W><W> ওঠেনি। </W><W> তাই </W><W> কংগ্রেসে </W><W> যোগ </W><W> দিয়েছি।’’ </W></P><P><W> চপারের </W><W> ঘায়ে </W><W> খুন </W></P><P><W> নিজস্ব </W><W> সংবাদদাতা, </W><W> বাঁকুড়া: </W><W> মানসিক </W><W> ভারসাম্যহীন </W><W> এক </W><W> ব্যক্তির </W><W> চপারের </W><W> আঘাতে </W><W> অন্য </W><W> এক </W><W> জনের </W><W> মৃত্যু </W><W> হয়। </W><W> তাঁর </W><W> নাম </W><W> জ্যোতিলাল </W><W> হাঁসদা। </W><W> আক্রমণকারীর </W><W> নাম </W><W> বিমল </W><W> হাঁসদা। </W><W> গ্রামবাসীরা </W><W> পুলিশকে </W><W> বলেছেন </W><W> যে, </W><W> হাতির </W><W> হানায় </W><W> বেশ </W><W> কয়েক </W><W> বার </W><W> বিমলের </W><W> খেতের </W><W> ফসল </W><W> নষ্ট </W><W> হয়। </W><W> তার </W><W> পর </W><W> থেকেই </W><W> তিনি </W><W> মানসিক </W><W> ভারসাম্য </W><W> হারিয়ে </W><W> ফেলেন </W><W> বলে </W><W> পুলিশ </W><W> জানায়। </W></P><P><PLACE-ARG ID="1"><LINK EVENT_ARG="2" ID="44" TYPE_REL="EVENT_ARG"/><W> সাব-স্টেশনে </W></PLACE-ARG><MAN_MADE_EVENT ID="2" TYPE="FIRE"><W> আগুন </W></MAN_MADE_EVENT></P><P><W> নিজস্ব </W><W> সংবাদদাতা, </W><W> আসানসোল: </W><PLACE-ARG ID="3"><LINK EVENT_ARG="5" ID="45" TYPE_REL="EVENT_ARG"/><W> ডি </W><W> পি </W><W> এল-এর </W><W> সি-১ </W><W> সাব-স্টেশনের </W></PLACE-ARG><W> একটি </W><W> ট্রান্সফরমারে </W><TIME-ARG ID="4"><LINK EVENT_ARG="5" ID="47" TYPE_REL="EVENT_ARG"/><W> বুধবার </W><W> বিকালে </W></TIME-ARG><MAN_MADE_EVENT ID="5" TYPE="FIRE"><EVENT-COREF-LINK EVENT_ID="2" ID="53" TYPE_REL="EVENT_COREF"/><W> আগুন </W><W> লাগায় </W></MAN_MADE_EVENT><AFTER_EFFECTS-ARG ID="6"><LINK EVENT_ARG="5" ID="46" TYPE_REL="EVENT_ARG"/><W> ডি </W><W> পি </W><W> এল-এর </W><W> তিনটি </W><W> ইউনিট </W><W> বন্ধ </W></AFTER_EFFECTS-ARG><W> হয়ে </W><W> যায়। </W><W> সংস্থার </W><W> মুখপাত্র </W><W> পি </W><W> কে </W><W> সামন্ত </W><W> জানান, </W><W> এ </W><W> দিন </W><W> সন্ধ্যা </W><W> ৭টা </W><W> নাগাদ </W><W> একটি </W><W> ইউনিটে </W><W> উৎপাদন </W><W> ফের </W><W> শুরু </W><W> হয়েছে। </W><W> ডি </W><W> পি </W><W> এল </W><W> কর্তৃপক্ষ </W><W> জানান, </W><MAN_MADE_EVENT ID="7" TYPE="FIRE"><EVENT-COREF-LINK EVENT_ID="5" ID="52" TYPE_REL="EVENT_COREF"/><W> আগুন </W><W> লাগার </W></MAN_MADE_EVENT><W> ফলে </W><W> বিকেল </W><W> ৩টে </W><W> নাগাদ </W><AFTER_EFFECTS-ARG ID="8"><LINK EVENT_ARG="7" ID="48" TYPE_REL="EVENT_ARG"/><W> হাইটেনশন </W><W> লাইন </W><W> ছিঁড়ে </W><W> যায়। </W></AFTER_EFFECTS-ARG><AFTER_EFFECTS-ARG ID="9"><LINK EVENT_ARG="7" ID="49" TYPE_REL="EVENT_ARG"/><W> কারখানার </W><W> সুইচ </W><W> ইয়ার্ড </W><W> ক্ষতিগ্রস্ত </W></AFTER_EFFECTS-ARG><W> হয়। </W><MAN_MADE_EVENT ID="10" TYPE="FIRE"><EVENT-COREF-LINK EVENT_ID="7" ID="51" TYPE_REL="EVENT_COREF"/><W> এই </W><W> ঘটনায় </W></MAN_MADE_EVENT><AFTER_EFFECTS-ARG ID="73"><LINK EVENT_ARG="10" ID="74" TYPE_REL="EVENT_ARG"/><W> দুর্গাপুরের </W><W> বিস্তীর্ণ </W><W> এলাকা </W><W> বিদ্যুৎহীন </W><W> হয়ে </W><W> পড়ে। </W></AFTER_EFFECTS-ARG></P><P><PARTICIPANT-ARG ID="12"><LINK EVENT_ARG="13" ID="54" TYPE_REL="EVENT_ARG"/><W> লরি-বাইক </W></PARTICIPANT-ARG><MAN_MADE_EVENT ID="13" TYPE="VEHICULAR_COLLISION"><W> সংঘর্ষে </W></MAN_MADE_EVENT><CASUALTIES-ARG ID="14"><LINK EVENT_ARG="13" ID="55" TYPE_REL="EVENT_ARG"/><W> মৃত </W><W> ২ </W></CASUALTIES-ARG></P><P><W> নিজস্ব </W><W> সংবাদদাতা, </W><W> ডায়মণ্ড </W><W> হারবার: </W><PLACE-ARG ID="15"><LINK EVENT_ARG="19" ID="56" TYPE_REL="EVENT_ARG"/><W> ডায়মণ্ড </W><W> হারবার </W><W> থানার </W><W> বালির </W><W> মোড়ে </W></PLACE-ARG><TIME-ARG ID="16"><LINK EVENT_ARG="19" ID="60" TYPE_REL="EVENT_ARG"/><W> বুধবার </W></TIME-ARG><PARTICIPANT-ARG ID="17"><LINK EVENT_ARG="19" ID="59" TYPE_REL="EVENT_ARG"/><W> একটি </W><W> মোটরবাইক </W></PARTICIPANT-ARG><W> ও </W><PARTICIPANT-ARG ID="18"><LINK EVENT_ARG="19" ID="58" TYPE_REL="EVENT_ARG"/><W> লরির </W></PARTICIPANT-ARG><MAN_MADE_EVENT ID="19" TYPE="VEHICULAR_COLLISION"><EVENT-COREF-LINK EVENT_ID="13" ID="68" TYPE_REL="EVENT_COREF"/><W> সংঘর্ষে </W></MAN_MADE_EVENT><CASUALTIES-ARG ID="20"><LINK EVENT_ARG="19" ID="57" TYPE_REL="EVENT_ARG"/><W> দুই </W><W> জনের </W><W> মৃত্যু </W></CASUALTIES-ARG><W> হয়েছে। </W><W> তাঁদের </W><W> নাম </W><W> বিমল </W><W> নাইয়া </W><W> (৪৮) </W><W> ও </W><W> তপন </W><W> নস্কর </W><W> (৩২)। </W><W> পুলিশ </W><W> জানায়, </W><W> বিমলবাবুর </W><W> ডায়মণ্ড </W><W> হারবার </W><W> থানার </W><W> কালীনগরের </W><W> এক </W><W> প্রতিষ্ঠিত </W><W> ব্যবসায়ী। </W><W> তপনবাবুর </W><W> বাড়ি </W><W> কুলপির </W><W> মুকুন্দপুরে। </W><W> পুলিশ </W><W> জানায়, </W><TIME-ARG ID="21"><LINK EVENT_ARG="25" ID="61" TYPE_REL="EVENT_ARG"/><W> এ </W><W> দিন </W><W> দুপুর </W><W> ১ </W><W> নাগাদ </W></TIME-ARG><W> বিমল </W><W> ও </W><W> তাঁর </W><W> আত্মীয় </W><W> তপন </W><W> বাইকে </W><W> চড়ে </W><W> কাকদ্বীপ </W><W> যাচ্ছিলেন। </W><PLACE-ARG ID="24"><LINK EVENT_ARG="25" ID="64" TYPE_REL="EVENT_ARG"/><W> বালির </W><W> মোড়ের </W><W> কাছে </W></PLACE-ARG><PARTICIPANT-ARG ID="22"><LINK EVENT_ARG="25" ID="63" TYPE_REL="EVENT_ARG"/><W> উল্টোদিক </W><W> থেকে </W><W> আসা </W><W> একটি </W><W> লরির </W></PARTICIPANT-ARG><W> সঙ্গে </W><PARTICIPANT-ARG ID="23"><LINK EVENT_ARG="25" ID="62" TYPE_REL="EVENT_ARG"/><W> বাইকটির </W></PARTICIPANT-ARG><MAN_MADE_EVENT ID="25" TYPE="VEHICULAR_COLLISION"><EVENT-COREF-LINK EVENT_ID="19" ID="67" TYPE_REL="EVENT_COREF"/><W> সংঘর্ষ </W><W> হয়। </W></MAN_MADE_EVENT><W> জখম </W><W> অবস্থায় </W><AFTER_EFFECTS-ARG ID="26"><LINK EVENT_ARG="25" ID="65" TYPE_REL="EVENT_ARG"/><W> তাঁদের </W><W> ডায়মণ্ড </W><W> হারবার </W><W> হাসপাতালে </W><W> নিয়ে </W><W> যাওয়া </W><W> হয়। </W></AFTER_EFFECTS-ARG><CASUALTIES-ARG ID="27"><LINK EVENT_ARG="25" ID="66" TYPE_REL="EVENT_ARG"/><W> সেখানেই </W><W> দু’জনের </W><W> মৃত্যু </W><W> হয়। </W></CASUALTIES-ARG></P><P><W> ধর্ষণের </W><W> অভিযোগে </W><W> ছাত্র </W><W> গ্রেফতার </W></P><P><W> নিজস্ব </W><W> সংবাদদাতা, </W><W> গোঘাট: </W><W> এক </W><W> গৃহবধূকে </W><W> ধর্ষণের </W><W> অভিযোগে </W><W> পুলিশ </W><W> একাদশ </W><W> শ্রেণীর </W><W> এক </W><W> ছাত্রকে </W><W> গ্রেফতার </W><W> করেছে। </W><W> ধৃতের </W><W> নাম </W><W> নির্মাল্য </W><W> চক্রবর্তী। </W><W> মঙ্গলবার </W><W> রাতে </W><W> ঘটনাটি </W><W> ঘটে </W><W> কোতুলপুরের </W><W> লাউগ্রামের </W><W> কাছে। </W><W> ওই </W><W> মহিলা </W><W> গোঘাটের </W><W> সামন্তখণ্ড </W><W> গ্রামের </W><W> বাসিন্দা। </W><W> পুলিশ </W><W> জানায়, </W><W> ওই </W><W> দিন </W><W> সন্ধ্যায় </W><W> তিনি </W><W> তাঁর </W><W> সাত </W><W> বছরের </W><W> মেয়েকে </W><W> নিয়ে </W><W> তাঁর </W><W> বাপের </W><W> বাড়ি </W><W> থেকে </W><W> ফিরছিলেন। </W><W> লাউগ্রামের </W><W> ক্যানেলের </W><W> কাছে </W><W> আসতেই </W><W> নির্মাল্য </W><W> তাঁর </W><W> উপর </W><W> ঝাঁপিয়ে </W><W> পড়ে </W><W> তাঁকে </W><W> ধর্ষণ </W><W> করে। </W><W> পরে </W><W> খাটুল </W><W> বাসস্ট্যাণ্ড </W><W> থেকে </W><W> পুলিশ </W><W> নির্মাল্যকে </W><W> গ্রেফতার </W><W> করে। </W><W> জেরায় </W><W> সে </W><W> ধর্ষণের </W><W> অভিযোগ </W><W> স্বীকার </W><W> করে </W><W> বলে </W><W> পুলিশের </W><W> দাবি। </W></P><P><W> কেশপুরে </W><W> সিবিআই </W><W> তদন্তের </W><W> দাবি </W><W> জানাবে </W><W> বিজেপি </W></P><P><W> নিজস্ব </W><W> সংবাদদাতা, </W><W> কেশপুর: </W><W> কেশপুরে </W><W> নিখোঁজ </W><W> ব্যক্তিদের </W><W> খুঁজে </W><W> বার </W><W> করতে </W><W> সি </W><W> বি </W><W> আই </W><W> তদন্তের </W><W> দাবি </W><W> জানাবে </W><W> বি </W><W> জে </W><W> পি। </W><W> বুধবার </W><W> এই </W><W> কথা </W><W> বলেন </W><W> কেন্দ্রীয় </W><W> মন্ত্রী </W><W> তপন </W><W> সিকদার। </W><W> ‘সন্ত্রাসের </W><W> অবসান, </W><W> শান্তির </W><W> অভিযান’ </W><W> নাম </W><W> দিয়ে </W><W> এ </W><W> দিন </W><W> কেশপুরে </W><W> পদযাত্রা </W><W> করে </W><W> বি </W><W> জে </W><W> পি। </W><W> সেই </W><W> কারণে </W><W> ব্যাপক </W><W> পুলিশি </W><W> ব্যবস্থা </W><W> ছিল </W><W> কেশপুর </W><W> জুড়ে। </W></P><P><W> বুধবার </W><W> কেশপুরের </W><W> হাসপাতাল </W><W> মোড় </W><W> থেকে </W><W> বি </W><W> জে </W><W> পি-র </W><W> পদযাত্রা </W><W> শুরু </W><W> হয়ে </W><W> বেশ </W><W> কিছুটা </W><W> দূরে </W><W> প্রস্তাবিত </W><W> বাসস্ট্যাণ্ডের </W><W> মাঠে </W><W> সভাস্থলে </W><W> গিয়ে </W><W> শেষ </W><W> হয়। </W><W> পরে </W><W> এক </W><W> প্রকাশ্য </W><W> সভায় </W><W> ভাষণ </W><W> দিতে </W><W> গিয়ে </W><W> মন্ত্রী </W><W> বলেন, </W><W> ‘‘শাসক </W><W> দল </W><W> ঠিক </W><W> করে </W><W> নিয়েছে </W><W> যে </W><W> কেশপুরে </W><W> অন্য </W><W> কোনও </W><W> দলের </W><W> অস্তিত্ব </W><W> থাকবে </W><W> না। </W><W> সেই </W><W> কারণে </W><W> গত </W><W> ২২ </W><W> তারিখে </W><W> যে </W><W> ভাবে </W><W> সন্ত্রাস </W><W> চালানো </W><W> হয়েছে, </W><W> তা </W><W> কোনও </W><W> গণতান্ত্রিক </W><W> পরিবেশে </W><W> হয় </W><W> না।’’ </W><W> গড়বেতা-কাণ্ডের </W><W> তদন্ত </W><W> করতে </W><W> গিয়ে </W><W> সি </W><W> বি </W><W> আই </W><W> অফিসারদের </W><W> হেনস্থা </W><W> হওয়ার </W><W> ব্যাপারে </W><W> মন্ত্রীর </W><W> বক্তব্য, </W><W> রাজ্য </W><W> সরকারই </W><W> চায় </W><W> না </W><W> যে </W><W> সত্যি </W><W> উদ্ঘাটন </W><W> হোক। </W></P><P><W> ‘ক্রস </W><W> কান্ট্রি’ </W><W> দৌড় </W></P><P><W> নিজস্ব </W><W> সংবাদদাতা, </W><W> শিলিগুড়ি: </W><W> শিলিগুড়ির </W><W> বাঘাযতীন </W><W> পার্ক </W><W> থেকে </W><W> বাগডোগরা </W><W> ক্রস </W><W> কান্ট্রি </W><W> দৌড়ে </W><W> ৫০ </W><W> মিনিট </W><W> ৪৭ </W><W> সেকেণ্ড </W><W> সময়ে </W><W> অতিক্রম </W><W> করে </W><W> প্রথম </W><W> হলেন </W><W> দার্জিলিঙের </W><W> নামপর </W><W> লেপচা। </W><W> ৫১ </W><W> মিনিট </W><W> ৫৩ </W><W> সেকেণ্ড </W><W> সময় </W><W> নিয়ে </W><W> দ্বিতীয় </W><W> হলেন </W><W> মালবাজার </W><W> থেকে </W><W> আসা </W><W> অ্যাথলিট </W><W> যুধুয়া </W><W> কেড়িয়া। </W><W> তৃতীয় </W><W> বাগডোগরারই </W><W> সোমনাথ </W><W> করন। </W><W> বুধবার </W><W> বাগডোগরা </W><W> অগ্রগামী </W><W> ক্লাব </W><W> এবং </W><W> শিলিগুড়ি </W><W> পুরসভা </W><W> রিক্রিয়েশন </W><W> ক্লাবের </W><W> যৌথ </W><W> উদ্যোগে </W><W> আয়োজিত </W><W> এই </W><W> ক্রস </W><W> কান্ট্রি </W><W> দৌড়ের </W><W> সূচনা </W><W> করেন </W><W> ক্রিকেটের </W><W> প্রাক্তন </W><W> জাতীয় </W><W> নির্বাচক </W><W> সম্বরণ </W><W> বন্দ্যোপাধ্যায়। </W></P><P><W> ধৃত </W><W> ৬ </W><W> বাংলাদেশি </W></P><P><W> নিজস্ব </W><W> সংবাদদাতা, </W><W> জলপাইগুড়ি: </W><W> ডুয়ার্সের </W><W> ময়নাগুড়ি </W><W> থানা </W><W> এলাকা </W><W> থেকে </W><W> বুধবার </W><W> বিকালে </W><W> পুলিশ </W><W> ছয় </W><W> বাংলাদেশি </W><W> অনুপ্রবেশকারীকে </W><W> গ্রেফতার </W><W> করে। </W><W> পুলিশ </W><W> জানায়, </W><W> ধৃতেরা </W><W> এ </W><W> দিন </W><W> ভোরে </W><W> কোচবিহার </W><W> জেলার </W><W> চ্যারাবান্ধা </W><W> সীমান্ত </W><W> দিয়ে </W><W> ভারতে </W><W> ঢুকেচিল </W><W> বলে </W><W> জেরার </W><W> মুখে </W><W> তাঁরা </W><W> জানিয়েছেন। </W><W> ধৃতেরা </W><W> সকলেই </W><W> পুরুষ। </W><W> পুলিশ </W><W> জানতে </W><W> পারে </W><W> যে </W><W> দিন </W><W> কয়েক </W><W> আগেও </W><W> তাঁরা </W><W> এই </W><W> ভাবে </W><W> ভারতে </W><W> ঢুকেছিলেন </W><W> এবং </W><W> সে </W><W> বারও </W><W> পুলিশের </W><W> হাতে </W><W> ধরা </W><W> পড়েছিলেন। </W><W> তার </W><W> পরে </W><W> জলপাইগুড়ি </W><W> আদালতের </W><W> নির্দেশে </W><W> সীমান্ত </W><W> রক্ষী </W><W> বাহিনী </W><W> তাঁদের </W><W> বালাদেশে </W><W> ‘পুশ </W><W> ব্যাক’ </W><W> করে </W><W> দেয়। </W><W> কিন্তু </W><W> তাঁরা </W><W> সেখানে </W><W> দু-এক </W><W> দিন </W><W> কাটিয়েই </W><W> আবার </W><W> ঢুকে </W><W> পড়েন। </W><W> এ </W><W> দিন </W><W> ময়নাগুড়ির </W><W> হেলাপাকারিতে </W><W> তাঁদের </W><W> দেখে </W><W> মানুষের </W><W> সন্দেহ </W><W> হলে </W><W> তাঁরাই </W><W> পুলিশকে </W><W> জানান। </W></P><P><W> শিক্ষক-খুনে </W><W> ধৃত </W><W> কেএলও </W><W> জঙ্গি </W></P><P><W> নিজস্ব </W><W> সংবাদদাতা, </W><W> জলপাইগুড়ি: </W><W> মৌলানির </W><W> সি </W><W> পি </W><W> এম </W><W> শিক্ষক </W><W> নেতা </W><W> নিতাই </W><W> দাসকে </W><W> খুনের </W><W> ঘটনায় </W><W> যুক্ত </W><W> সন্দেহে </W><W> আরও </W><W> এক </W><W> কে </W><W> এল </W><W> ও </W><W> জঙ্গিকে </W><W> পুলিশ </W><W> গ্রেফতার </W><W> করেছে। </W><W> মেনন </W><W> ওরফে </W><W> তপন </W><W> রায় </W><W> নামে </W><W> ওই </W><W> জঙ্গিকে </W><W> মঙ্গলবার </W><W> মালবাজারের </W><W> দক্ষিণ </W><W> ওদলাবাড়ি </W><W> থেকে </W><W> ধরা </W><W> হয়। </W><W> জেলা </W><W> পুলিশ </W><W> সুপার </W><W> জানান, </W><W> ওই </W><W> খুনের </W><W> ব্যাপারে </W><W> মেনন </W><W> যুক্ত </W><W> ছিল </W><W> বলে </W><W> তাঁদের </W><W> সন্দেহ। </W><W> তাকে </W><W> জেরা </W><W> করা </W><W> হবে। </W><W> বছর </W><W> তিরিশের </W><W> মেনন </W><W> ভূটানের </W><W> জঙ্গি </W><W> শিবিরে </W><W> তৃতীয় </W><W> ব্যাচে </W><W> প্রশিক্ষণ </W><W> নেয় </W><W> বলে </W><W> তাঁদের </W><W> কাছে </W><W> খবর </W><W> রয়েছে। </W><W> ছ’মাস </W><W> সে </W><W> দক্ষিণ </W><W> ওদলাবাড়িতে </W><W> একটি </W><W> বাড়িতে </W><W> থাকত। </W><W> সেখানে </W><W> সে </W><W> স্থানীয় </W><W> ছাত্রদের </W><W> পড়িয়েছে </W><W> বলে </W><W> পুলিশ </W><W> জানায়। </W><W> বুধবার </W><W> ময়নাগুড়ির </W><W> বার্নিশে </W><W> উপেন </W><W> রায় </W><W> নামে </W><W> কে </W><W> এল </W><W> ও-র </W><W> এক </W><W> লিঙ্কম্যানকে </W><W> ধরা </W><W> হয়েছে </W><W> বলে </W><W> পুলিশ </W><W> জানায়। </W></P><P><W> সালানপুরে </W><W> সিপিএম </W><W> কর্মীর </W><W> বাড়িতে </W><W> হামলা </W></P><P><W> নিজস্ব </W><W> সংবাদদাতা, </W><W> আসানসোল: </W><W> সালানপুর </W><W> থানার </W><W> আল্লাডি </W><W> গ্রামে </W><W> মঙ্গলবার </W><W> গভীর </W><W> রাতে </W><W> কয়েক </W><W> জন </W><W> দুষ্কৃতী </W><W> স্থানীয় </W><W> সি </W><W> পি </W><W> এমের </W><W> এক </W><W> কর্মীর </W><W> বাড়িতে </W><W> চড়াও </W><W> হয়ে </W><W> তাঁকে </W><W> খুনের </W><W> চেষ্টা </W><W> করে। </W><W> ওই </W><W> ব্যক্তির </W><W> নাম </W><W> সুভাষ </W><W> পাল। </W><W> দুষ্কৃতীদের </W><W> ধারালো </W><W> অস্ত্রের </W><W> আঘাতে </W><W> তিনি </W><W> গুরুতর </W><W> জখম </W><W> হয়েছেন। </W><W> তাঁকে </W><W> আসানসোল </W><W> মহকুমা </W><W> হাসপাতালে </W><W> ভর্তি </W><W> করা </W><W> হয়েছে। </W><W> আক্রমণের </W><W> ঘটনায় </W><W> জড়িত </W><W> সন্দেহে </W><W> দুই </W><W> ব্যক্তি </W><W> গ্রেফতার </W><W> হন। </W><W> পুলিশ </W><W> জানায়, </W><W> ওই </W><W> দিন </W><W> রাত </W><W> একটা </W><W> নাগাদ </W><W> তিন </W><W> জন </W><W> দুষ্কৃতী </W><W> সুভাষবাবুর </W><W> বাড়িতে </W><W> ঢুকে </W><W> তাঁকে </W><W> ভোজালি </W><W> দিয়ে </W><W> আক্রমণ </W><W> করে। </W><W> দুষ্কৃতীরা </W><W> তাঁর </W><W> স্ত্রীর </W><W> মুখ </W><W> কাপড় </W><W> দিয়ে </W><W> বেঁধে </W><W> রাখে। </W><W> তারপর </W><W> পাশের </W><W> ঘরে </W><W> সুভাষবাবুর </W><W> ওপর </W><W> আক্রমণ </W><W> চালায়। </W><W> তাঁর </W><W> ছেলেমেয়েরা </W><W> ওই </W><W> ঘটনা </W><W> দেখে </W><W> চীৎকার </W><W> শুরু </W><W> করলে </W><W> দুষ্কৃতীরা </W><W> পালিয়ে </W><W> যায়। </W><W> তবে, </W><W> সি </W><W> পি </W><W> এমের </W><W> স্থানীয় </W><W> নেতা </W><W> বামাপদ </W><W> মুখোপাধ্যায় </W><W> মন্তব্য </W><W> করেছেন, </W><W> ‘‘পারিবারিক </W><W> বিবাদের </W><W> জেরেই </W><W> ওই </W><W> ঘটনা </W><W> ঘটেছে </W><W> বলে </W><W> আমাদের </W><W> অনুমান।’’ </W></P><P><W> যোগ </W><W> কংগ্রেসে </W></P><P><W> নিজস্ব </W><W> সংবাদদাতা, </W><W> জলপাইগুড়ি: </W><W> ডুয়ার্সের </W><W> মালবাজার </W><W> থানার </W><W> তেশিমলা </W><W> এলাকার </W><W> প্রায় </W><W> ছ’শো </W><W> সি </W><W> পি </W><W> এম </W><W> এবং </W><W> আর </W><W> এস </W><W> পি </W><W> সমর্থক </W><W> বুধবার </W><W> কংগ্রেসে </W><W> যোগ </W><W> দেন </W><W> বলে </W><W> মালবাজার </W><W> ব্লক </W><W> কংগ্রেস </W><W> সভাপতি </W><W> শুভশঙ্কর </W><W> ঘোষ </W><W> দাবি </W><W> করেন। </W></P><P><W> ফুলিয়ায় </W><W> ছাত্র </W><W> খুন </W></P><P><W> নিজস্ব </W><W> সংবাদদাতা, </W><W> কৃষ্ণনগর: </W><W> শান্তিপুর </W><W> থানার </W><W> ফুলিয়ায় </W><W> মঙ্গলবার </W><W> সন্ধ্যায় </W><W> একটি </W><W> মাঠের </W><W> ধারে </W><W> এক </W><W> স্কুল </W><W> ছাত্রের </W><W> গুলিবিদ্ধ </W><W> ও </W><W> কোপানো </W><W> মৃতদেহ </W><W> উদ্ধার </W><W> করা </W><W> হয়েছে। </W><W> প্রাথমিক </W><W> তদন্তের </W><W> পর </W><W> পুলিশের </W><W> অনুমান, </W><W> সুকান্ত </W><W> বসাক </W><W> (১৬) </W><W> নামে </W><W> ওই </W><W> ছাত্রটিকে </W><W> খুন </W><W> করা </W><W> হয়েছে। </W><W> তার </W><W> বাড়ি </W><W> স্থানীয় </W><W> মাঠপাড়ায়। </W></P><P><MAN_MADE_EVENT ID="28" TYPE="VEHICULAR_COLLISION"><W> সংঘর্ষে </W></MAN_MADE_EVENT><CASUALTIES-ARG ID="29"><LINK EVENT_ARG="28" ID="37" TYPE_REL="EVENT_ARG"/><W> মৃত </W><W> ২। </W></CASUALTIES-ARG><TIME-ARG ID="30"><LINK EVENT_ARG="33" ID="38" TYPE_REL="EVENT_ARG"/><W> মঙ্গলবার </W><W> রাতে </W></TIME-ARG><PLACE-ARG ID="31"><LINK EVENT_ARG="33" ID="41" TYPE_REL="EVENT_ARG"/><W> বাঁকুড়া-দুর্গাপুর </W><W> সড়কের </W><W> উপরে </W></PLACE-ARG><PARTICIPANT-ARG ID="34"><LINK EVENT_ARG="33" ID="40" TYPE_REL="EVENT_ARG"/><W> লরির </W></PARTICIPANT-ARG><MAN_MADE_EVENT ID="33" TYPE="VEHICULAR_COLLISION"><EVENT-COREF-LINK EVENT_ID="28" ID="43" TYPE_REL="EVENT_COREF"/><W> ধাক্কায় </W></MAN_MADE_EVENT><CASUALTIES-ARG ID="35"><LINK EVENT_ARG="33" ID="39" TYPE_REL="EVENT_ARG"/><W> দুই </W><W> মোটরবাইক </W><W> আরোহীর </W><W> মৃত্যু </W></CASUALTIES-ARG><W> হয়েছে। </W><W> তাঁদের </W><W> পরিচয় </W><W> জানা </W><W> যায়নি। </W><AFTER_EFFECTS-ARG ID="36"><LINK EVENT_ARG="33" ID="42" TYPE_REL="EVENT_ARG"/><W> পুলিশ </W><W> লরিটি </W><W> আটক </W><W> করেছে। </W></AFTER_EFFECTS-ARG></P><P><W> আত্মঘাতী। </W><W> হাওড়ার </W><W> চ্যাটার্জি </W><W> হাটের </W><W> ওলাবিবিতলায় </W><W> বুধবার </W><W> সকালে </W><W> এক </W><W> ব্যক্তির </W><W> ঝুলন্ত </W><W> দেহ </W><W> উদ্ধার </W><W> হয়েছে। </W><W> তাঁর </W><W> নাম </W><W> মিহির </W><W> পাঁজা </W><W> (৫৫)। </W><W> পারিবারিক </W><W> অশান্তির </W><W> জন্য </W><W> তিনি </W><W> আত্মহত্যা </W><W> করেছেন </W><W> বলে </W><W> প্রাথমিক </W><W> তদন্তে </W><W> জানা </W><W> গিয়েছে। </W></P></DOCUMENT>