<?xml version="1.0" encoding="UTF-8"?>
<DOCUMENT><P><TIME-ARG ID="17"><LINK EVENT_ARG="2" ID="18" TYPE_REL="EVENT_ARG"/><W> ৩০ </W><W> অগ্রহায়ণ </W><W> ১৪০৯ </W><W> সোমবার </W><W> ১৬ </W><W> ডিসেম্বর </W><W> ২০০২ </W></TIME-ARG></P><P><W> সংক্ষেপে.. </W><W> রানিবাঁধে </W><W> ধৃত </W><W> এমসিসি </W><W> নেত্রী </W><W> নিজস্ব </W><W> সংবাদদাতা </W><W> বাঁকুড়া </W><W> এম </W><W> সি </W><W> সি-র </W><W> নেত্রী </W><W> সুমিত্রা </W><W> সর্দারকে </W><W> পুলিশ </W><W> গ্রেফতার </W><W> করেছে। </W><W> শুক্রবার </W><W> রাতভর </W><W> রানিবাঁধ </W><W> জঙ্গলের </W><W> মহুলপাড়ায় </W><W> তল্লাশি </W><W> চালিয়ে </W><W> তাঁকে </W><W> গ্রেফতার </W><W> করা </W><W> হয়। </W><W> পুলিশ </W><W> সুপার </W><W> বাসুদেব </W><W> বাগ </W><W> জানান, </W><W> সি </W><W> পি </W><W> এমের </W><W> রুদড়া </W><W> লোকাল </W><W> কমিটির </W><W> সম্পাদক </W><W> রামপদ </W><W> মাঝি </W><W> হত্যাকাণ্ডের </W><W> পর </W><W> থেকেই </W><W> অ্যাকশন </W><W> স্কোয়াডের </W><W> ওই </W><W> নেত্রীকে </W><W> খোঁজা </W><W> হচ্ছিল। </W><W> দীর্ঘদিন </W><W> গা </W><W> ঢাকা </W><W> দিয়ে </W><W> থাকার </W><W> পর </W><W> গোয়েন্দাদের </W><W> তৎপরতায় </W><W> তাঁকে </W><W> ধরা </W><W> সম্ভব </W><W> হয়েছে। </W><W> পুলিশ </W><W> সুপার </W><W> জানান, </W><W> পুজোর </W><W> আগে </W><W> থেকেই </W><W> মাওবাদী </W><W> ও </W><W> জনযুদ্ধের </W><W> কর্মীরা </W><W> মেয়েদের </W><W> বেশি </W><W> করে </W><W> অ্যাকশন </W><W> স্কোয়াডে </W><W> আনছে। </W><W> সুমিত্রা </W><W> ছিলেন </W><W> ওই </W><W> মহিলাদের </W><W> নেত্রী। </W><W> তাঁকে </W><W> জেরা </W><W> করে </W><W> আরও </W><W> আট </W><W> জনের </W><W> নাম </W><W> পাওয়া </W><W> গিয়েছে </W><W> বলে </W><W> তিনি </W><W> জানান। </W></P><P><PARTICIPANT-ARG ID="1"><LINK EVENT_ARG="2" ID="19" TYPE_REL="EVENT_ARG"/><W> বাসের </W></PARTICIPANT-ARG><MAN_MADE_EVENT ID="2" TYPE="VEHICULAR_COLLISION"><W> ধাক্কায় </W></MAN_MADE_EVENT><W> মৃত্যু </W></P><P><W> নিজস্ব </W><W> সংবাদদাতা, </W><W> বসিরহাট: </W><PARTICIPANT-ARG ID="3"><LINK EVENT_ARG="5" ID="20" TYPE_REL="EVENT_ARG"/><W> একটি </W><W> বেসরকারি </W><W> বাস </W></PARTICIPANT-ARG><CASUALTIES-ARG ID="4"><LINK EVENT_ARG="5" ID="21" TYPE_REL="EVENT_ARG"/><W> এক </W><W> সাইকেল </W><W> অারোহীকে </W></CASUALTIES-ARG><MAN_MADE_EVENT ID="5" TYPE="VEHICULAR_COLLISION"><EVENT-COREF-LINK EVENT_ID="2" ID="31" TYPE_REL="EVENT_COREF"/><W> ধাক্কা </W><W> মারলে </W></MAN_MADE_EVENT><W> ঘটনাস্থলেই </W><CASUALTIES-ARG ID="6"><LINK EVENT_ARG="5" ID="22" TYPE_REL="EVENT_ARG"/><W> ওই </W><W> ব্যক্তির </W><W> মৃত্যু </W></CASUALTIES-ARG><W> হয়েছে। </W><W> মৃত </W><W> ব্যক্তির </W><W> নাম </W><W> জামাত </W><W> আলি </W><W> গাজি </W><W> (২৮)। </W><MAN_MADE_EVENT ID="7" TYPE="VEHICULAR_COLLISION"><EVENT-COREF-LINK EVENT_ID="5" ID="30" TYPE_REL="EVENT_COREF"/><W> ঘটনাটি </W><W> ঘটেছে </W></MAN_MADE_EVENT><TIME-ARG ID="8"><LINK EVENT_ARG="7" ID="23" TYPE_REL="EVENT_ARG"/><W> রবিবার </W><W> সকালে </W></TIME-ARG><PLACE-ARG ID="9"><LINK EVENT_ARG="7" ID="24" TYPE_REL="EVENT_ARG"/><W> আমতলায় </W><W> টাকি </W><W> রোডে। </W></PLACE-ARG><W> পরে </W><PARTICIPANT-ARG ID="10"><LINK EVENT_ARG="13" ID="25" TYPE_REL="EVENT_ARG"/><W> বাসটি </W></PARTICIPANT-ARG><REASON-ARG ID="11"><LINK EVENT_ARG="13" ID="27" TYPE_REL="EVENT_ARG"/><W> পালাতে </W><W> গিয়ে </W></REASON-ARG><PARTICIPANT-ARG ID="12"><LINK EVENT_ARG="13" ID="26" TYPE_REL="EVENT_ARG"/><W> আর </W><W> একটি </W><W> ভ্যান </W><W> রিকশাকে </W></PARTICIPANT-ARG><MAN_MADE_EVENT ID="13" TYPE="VEHICULAR_COLLISION"><W> ধাক্কা </W><W> মারলে </W></MAN_MADE_EVENT><CASUALTIES-ARG ID="14"><LINK EVENT_ARG="13" ID="28" TYPE_REL="EVENT_ARG"/><W> দু’জন </W><W> জখম </W></CASUALTIES-ARG><W> হন। </W><AFTER_EFFECTS-ARG ID="15"><LINK EVENT_ARG="13" ID="29" TYPE_REL="EVENT_ARG"/><W> আশঙ্কাজনক </W><W> অবস্থায় </W><W> তাঁদের </W><W> হাসপাতালে </W><W> ভর্তি </W><W> করা </W><W> হয়েছে। </W></AFTER_EFFECTS-ARG></P><P><W> ফি </W><W> বৃদ্ধি </W><W> কেরোসিন </W><W> ডিলারদের </W><W> লাইসেন্সে </W></P><P><W> স্টাফ </W><W> রিপোর্টার, </W><W> কলকাতা: </W><W> আর্থিক </W><W> সঙ্কটের </W><W> চাপে </W><W> রাজ্য </W><W> সরকার </W><W> এ </W><W> বার </W><W> কেরোসিন </W><W> তেলের </W><W> ডিলারদের </W><W> লাইসেন্স </W><W> পুনর্নবীকরণ </W><W> ফি </W><W> ও </W><W> সিকিওরিটি </W><W> ডিপোজিটের </W><W> পরিমাণ </W><W> বাড়িয়ে </W><W> দিল। </W><W> লাইসেন্স </W><W> ফি </W><W> ৪০ </W><W> টাকা </W><W> থেকে </W><W> বাড়িয়ে </W><W> দু’হাজার </W><W> টাকা </W><W> এবং </W><W> সিকিওরিটি </W><W> ডিপোজিটের </W><W> পরিমাণ </W><W> ২০০ </W><W> টাকা </W><W> থেকে </W><W> বাড়িয়ে </W><W> পাঁচ </W><W> হাজার </W><W> টাকা </W><W> করে </W><W> দেওয়া </W><W> হয়েছে। </W></P><P><W> গোবরডাঙায় </W><W> বইমেলা </W></P><P><W> নিজস্ব </W><W> সংবাদদাতা: </W><W> আগামী </W><W> পয়লা </W><W> জানুয়ারি </W><W> থেকে </W><W> গোবরডাঙা </W><W> পৌর </W><W> বাসস্ট্যাণ্ডে </W><W> বইমেলা </W><W> শুরু </W><W> হচ্ছে। </W><W> মেলা </W><W> চলবে </W><W> ৮ </W><W> জানুয়ারি </W><W> পর্যন্ত। </W><W> এই </W><W> উপলক্ষে </W><W> মেলার </W><W> ক’দিন </W><W> সাহিত্য, </W><W> গ্রন্থাগার, </W><W> সাক্ষরতা, </W><W> বিজ্ঞান, </W><W> বইদিবস </W><W> হিসাবে </W><W> পালন </W><W> করা </W><W> হবে </W><W> বলে </W><W> গোবরডাঙা </W><W> বইমেলা </W><W> কমিটির </W><W> পক্ষ </W><W> থেকে </W><W> জানানো </W><W> হয়েছে। </W><W> বইমেলার </W><W> দিনগুলিতে </W><W> নানা </W><W> বিষয়ে </W><W> আলোচনা </W><W> সভা </W><W> অনুষ্ঠিত </W><W> হবে। </W></P><P><W> প্রধানের </W><W> ছেলে </W><W> খুন </W></P><P><W> নিজস্ব </W><W> সংবাদদাতা, </W><W> বহরমপুর: </W><W> মুর্শিদাবাদের </W><W> ভরতপুরে </W><W> এক </W><W> সি </W><W> পি </W><W> এমের </W><W> গ্রাম </W><W> পঞ্চায়েত </W><W> প্রধানের </W><W> ছেলে </W><W> খুন </W><W> হয়েছেন। </W><W> শনিবার </W><W> ঘটনাটি </W><W> ঘটেছে </W><W> ভরতপুর </W><W> থানার </W><W> কান্দুরিয়া </W><W> বাজারে। </W><W> পুলিশ </W><W> জানিয়েছ, </W><W> নিহতের </W><W> নাম </W><W> নিমাই </W><W> পাল </W><W> (৩২)। </W></P></DOCUMENT>