<?xml version="1.0" encoding="UTF-8"?>
<DOCUMENT><DESC></DESC><TIME>409</TIME><P><TIME-ARG ID="0"><LINK EVENT_ARG="1" ID="18" TYPE_REL="EVENT_ARG"/><W> ১৭ </W><W> কার্তিক </W><W> ১৪০৯ </W><W> রবিবার </W><W> ৩ </W><W> নভেম্বর </W><W> ২০০২ </W></TIME-ARG></P><P><W> সিপিএম </W><W> নেতাকে </W><MAN_MADE_EVENT ID="1" TYPE="SHOOT_OUT"><W> গুলি, </W></MAN_MADE_EVENT><AFTER_EFFECTS-ARG ID="3"><LINK EVENT_ARG="1" ID="20" TYPE_REL="EVENT_ARG"/><W> উত্তেজনা </W></AFTER_EFFECTS-ARG><W> নিজস্ব </W><W> সংবাদদাতা </W><W> শিলিগুড়ি </W><W> সি </W><W> পি </W><W> এমের </W><W> এক </W><W> নেতাকে </W><MAN_MADE_EVENT ID="5" TYPE="SHOOT_OUT"><EVENT-COREF-LINK EVENT_ID="1" ID="32" TYPE_REL="EVENT_COREF"/><W> গুলি </W><W> করে </W></MAN_MADE_EVENT><W> হত্যার </W><W> চেষ্টার </W><W> ঘটনায় </W><TIME-ARG ID="6"><LINK EVENT_ARG="5" ID="22" TYPE_REL="EVENT_ARG"/><W> শুক্রবার </W><W> রাত </W><W> থেকে </W></TIME-ARG><PLACE-ARG ID="7"><LINK EVENT_ARG="5" ID="24" TYPE_REL="EVENT_ARG"/><W> শিলিগুড়ি </W><W> ও </W><W> লাগোয়া </W><W> চম্পাসারি </W><W> এলাকায় </W></PLACE-ARG><AFTER_EFFECTS-ARG ID="8"><LINK EVENT_ARG="5" ID="23" TYPE_REL="EVENT_ARG"/><W> উত্তেজনা </W><W> ছড়িয়ে </W><W> পড়ে। </W></AFTER_EFFECTS-ARG><W> পুলিশ </W><W> জানায়, </W><W> শিলিগুড়ি </W><W> শহর </W><W> লাগোয়া </W><W> মাটিগাড়া </W><W> পঞ্চায়েত </W><W> সমিতির </W><W> সভাপতি </W><W> ও </W><W> স্থানীয় </W><W> ওই </W><W> সি </W><W> পি </W><W> এম </W><W> নেতার </W><W> নাম </W><W> শঙ্কর </W><W> অধিকারী। </W><TIME-ARG ID="9"><LINK EVENT_ARG="11" ID="25" TYPE_REL="EVENT_ARG"/><W> শুক্রবার </W><W> রাত </W><W> ৯টা </W><W> নাগাদ </W></TIME-ARG><W> তিনি </W><W> দলীয় </W><W> কাজকর্ম </W><W> সেরে </W><W> যখন </W><W> মোটর </W><W> সাইকেলে </W><W> চড়ে </W><W> বাড়ি </W><W> ফিরছিলেন, </W><W> সেই </W><W> সময় </W><PARTICIPANT-ARG ID="10"><LINK EVENT_ARG="11" ID="26" TYPE_REL="EVENT_ARG"/><W> এক </W><W> দল </W><W> দুষ্কৃতী </W></PARTICIPANT-ARG><W> তাঁকে </W><W> লক্ষ </W><W> করে </W><W> পর </W><W> পর </W><W> কয়েক </W><W> রাউণ্ড </W><MAN_MADE_EVENT ID="11" TYPE="SHOOT_OUT"><EVENT-COREF-LINK EVENT_ID="5" ID="31" TYPE_REL="EVENT_COREF"/><W> গুলি </W><W> চালায়। </W></MAN_MADE_EVENT><W> সঙ্গে </W><W> সঙ্গেই </W><W> শঙ্করবাবু </W><W> মাথা </W><W> নিচু </W><W> করে </W><W> দ্রুত </W><W> বেগে </W><W> মোটর </W><W> সাইকেল </W><W> চালিয়ে </W><W> বাজারের </W><W> মধ্যে </W><W> ঢুকে </W><W> পড়ায় </W><W> তাঁর </W><W> গায়ে </W><W> গুলি </W><W> লাগেনি। </W></P><P><W> তবে </W><W> পর </W><W> পর </W><MAN_MADE_EVENT ID="18" TYPE="SHOOT_OUT"><EVENT-COREF-LINK EVENT_ID="11" ID="25" TYPE_REL="EVENT_COREF"/><W> গুলির </W></MAN_MADE_EVENT><W> শব্দে </W><AFTER_EFFECTS-ARG ID="15"><LINK EVENT_ARG="18" ID="19" TYPE_REL="EVENT_ARG"/><W> গোটা </W><W> চম্পাসারি </W><W> এলাকায় </W><W> আতঙ্ক </W><W> ছড়িয়ে </W><W> পড়ে। </W></AFTER_EFFECTS-ARG><W> রাস্তায় </W><W> লোকজন </W><W> ছোটাছুটি </W><W> শুরু </W><W> করেন। </W><W> ইতিমধ্যে </W><W> দুষ্কৃতীরা </W><W> হেঁটেই </W><W> রাস্তার </W><W> ধারের </W><W> একটি </W><W> অন্ধকার </W><W> গলিতে </W><W> ঢুকে </W><W> পালিয়ে </W><W> যায়। </W><W> খবর </W><W> পেয়ে </W><AFTER_EFFECTS-ARG ID="17"><LINK EVENT_ARG="18" ID="20" TYPE_REL="EVENT_ARG"/><W> পুলিশ </W><W> ঘটনাস্থলে </W><W> গিয়ে </W><W> স্থানীয় </W><W> বাসিন্দাদের </W><W> বিক্ষোভের </W><W> মুখে </W><W> পড়ে। </W></AFTER_EFFECTS-ARG><W> শেষ </W><W> পর্যন্ত </W><W> পুলিশের </W><W> কয়েক </W><W> জন </W><W> পদস্থ </W><W> অফিসার </W><W> সেখানে </W><W> গেলে </W><W> পরিস্থিতি </W><W> শান্ত </W><W> হয়। </W><MAN_MADE_EVENT ID="22" TYPE="SHOOT_OUT"><EVENT-COREF-LINK EVENT_ID="18" ID="24" TYPE_REL="EVENT_COREF"/><W> ওই </W><W> ঘটনার </W></MAN_MADE_EVENT><W> পরে </W><W> শঙ্করবাবুর </W><W> অভিযোগ </W><W> পেয়ে </W><W> এলাকায় </W><W> তল্লাশি </W><W> চালিয়ে </W><AFTER_EFFECTS-ARG ID="21"><LINK EVENT_ARG="22" ID="23" TYPE_REL="EVENT_ARG"/><W> শনিবার </W><W> ভোরে </W><W> পাঁচ </W><W> দুষ্কৃতীকে </W><W> পুলিশ </W><W> গ্রেফতার </W><W> করেছে। </W></AFTER_EFFECTS-ARG><W> শিলিগুড়ির </W><W> অতিরিক্ত </W><W> পুলিশ </W><W> সুপার </W><W> কার্লিয়াপ্পন </W><W> জয়রামন </W><W> বলেন, </W><W> ‘‘আমরা </W><W> ধৃতদের </W><W> জেরা </W><W> করছি। </W><W> সমস্ত </W><W> দিক </W><W> খতিয়ে </W><W> দেখা </W><W> হচ্ছে। </W><W> নজরদারি </W><W> বাড়ানো </W><W> হয়েছে।’’ </W></P><P><W> ওই </W><W> এলাকায় </W><W> দুষ্কৃতীদের </W><W> একটি </W><W> বড় </W><W> চক্র </W><W> জমি </W><W> দখল, </W><W> বালু-পাথরের </W><W> বেআইনি </W><W> ঠিকাদারি, </W><W> তোলা </W><W> আদায়-সহ </W><W> নানা </W><W> ধরনের </W><W> আসামাজিক </W><W> কাজকর্ম </W><W> করছে </W><W> বলে </W><W> স্থানীয় </W><W> সি </W><W> পি </W><W> এম </W><W> কর্মীদের </W><W> অভিযোগ। </W><W> সি </W><W> পি </W><W> এমের </W><W> মাটিগাড়া </W><W> জোনাল </W><W> কমিটির </W><W> সম্পাদক </W><W> অরবিন্দ </W><W> ঘোষ </W><W> বলেন, </W><W> ‘‘আমরা </W><W> সমস্ত </W><W> কিছুই </W><W> দলের </W><W> জেলা </W><W> সম্পাদকমণ্ডলীর </W><W> কাছে </W><W> জানিয়ে </W><W> দিয়েছি। </W><W> সেই </W><W> সঙ্গে </W><W> স্থানীয় </W><W> নেতা-কর্মীদেরও </W><W> দুষ্কৃতীদের </W><W> গতিবিধির </W><W> ব্যাপারে </W><W> সতর্ক </W><W> নজর </W><W> রাখতে </W><W> বলেছি।’’ </W></P><P><W> ওই </W><W> ঘটনায় </W><W> উদ্বিগ্ন </W><W> সি </W><W> পি </W><W> এমের </W><W> দার্জিলিং </W><W> জেলা </W><W> সম্পাদকমণ্ডলীর </W><W> সদস্য </W><W> ও </W><W> রাজ্যের </W><W> পুরমন্ত্রী </W><W> অশোক </W><W> ভট্টচার্য। </W><W> পুরমন্ত্রী </W><W> বলেছেন, </W><W> ‘‘পুলিশ </W><W> ও </W><W> প্রশাসনের </W><W> কর্তাদের </W><W> সঙ্গে </W><W> কথা </W><W> হয়েছে, </W><W> তাঁরা </W><W> যথাযথ </W><W> ব্যবস্থা </W><W> নিচ্ছেন।’’ </W><W> পাশাপাশি, </W><W> ওই </W><W> এলাকায় </W><W> দুষ্কৃতী-দৌরাত্ম্য </W><W> রুখতে </W><W> পুলিশ-প্রশাসনকে </W><W> আরও </W><W> বেশি </W><W> তৎপর </W><W> হওয়ার </W><W> জন্য </W><W> আবেদন </W><W> করেছেন </W><W> সি </W><W> পি </W><W> এমের </W><W> জেলা </W><W> সম্পাদকমণ্ডলীর </W><W> অন্যতম </W><W> সদস্য </W><W> জীবিতেশ </W></P><P><W> সরকার। </W><W> জীবিতেশবাবু </W><W> খোলাখুলিই </W><W> বলেন, </W><W> ‘‘যা </W><W> ঘটেছে </W><W> তা </W><W> অত্যন্ত </W><W> উদ্বেগজনক। </W><W> ওই </W><W> এলাকায় </W><W> দুষ্কৃতী </W><W> দমনের </W><W> জন্য </W><W> আরও </W><W> বেশি </W><W> মাত্রায় </W><W> পুলিশি </W><W> নজরদারি </W><W> করা </W><W> দরকার।’’ </W><W> অবশ্য </W><W> তদন্তকারী </W><W> পুলিশ </W><W> অফিসারদের </W><W> কয়েক </W><W> জনও </W><W> এলাকায় </W><W> দুষ্টচক্র </W><W> সক্রিয় </W><W> হয়ে </W><W> ওঠার </W><W> বিষয়টি </W><W> স্বীকার </W><W> করেছেন। </W><W> প্রাথমিক </W><W> তদন্তের </W><W> পরে </W><W> পুলিশ </W><W> জানিয়েছে, </W><W> শিলিগুড়ি </W><W> শহরের </W><W> উপকণ্ঠে </W><W> চম্পাসারি </W><W> এলাকায় </W><W> সম্প্রতি </W><W> জমির </W><W> দালাল </W><W> ও </W><W> একশ্রেণীর </W><W> ঠিকাদার </W><W> নানা </W><W> ধরনের </W><W> অসামাজিক </W><W> কাজকর্ম </W><W> করছে </W><W> বলে </W><W> অভিযোগ </W><W> মিলেছে। </W><W> এলাকার </W><W> কয়েক </W><W> জন </W><W> সি </W><W> পি </W><W> এম </W><W> কর্মীর </W><W> অভিযোগ, </W><W> ‘‘দুষ্কৃতীদের </W><W> ওই </W><W> চক্রটি </W><W> জবরদস্তি </W><W> তোলা </W><W> আদায়, </W><W> পিস্তল </W><W> দেখিয়ে </W><W> ঠিকাদারির </W><W> কাজ </W><W> কেড়ে </W><W> নেওয়া </W><W> এবং </W><W> জলের </W><W> দরে </W><W> গরিব </W><W> মানুষের </W><W> কাছ </W><W> থেকে </W><W> জমির </W><W> দখল </W><W> নিচ্ছে। </W><W> জুলুমবাজির </W><W> পরে </W><W> দুষ্কৃতীরা </W><W> প্রাণে </W><W> মারার </W><W> হুমকি </W><W> দিচ্ছে </W><W> বলে </W><W> পুলিশের </W><W> কাছে </W><W> অভিযোগ </W><W> জানাতে </W><W> যেতেও </W><W> ভয় </W><W> পাচ্ছেন </W><W> ওই </W><W> বাসিন্দারা।’’ </W></P><P><W> সম্প্রতি </W><W> দুষ্কৃতীদের </W><W> কাজকর্মের </W><W> বিরুদ্ধে </W><W> সরব </W><W> হয়েছেন </W><W> শঙ্করবাবু-সহ </W><W> এলাকার </W><W> কয়েকজন </W><W> সি </W><W> পি </W><W> এম </W><W> নেতা। </W><W> ওই </W><W> নেতাদের </W><W> চাপের </W><W> মুখে </W><W> পড়ে </W><W> পুলিশও </W><W> কিছুটা </W><W> নড়েচড়ে </W><W> বসেছে। </W><W> সেই </W><W> পরিপ্রেক্ষিতেই </W><W> দুষ্কৃতীরা </W><W> ওই </W><W> নেতার </W><W> উপরে </W><W> হামলা </W><W> চালিয়েছে </W><W> বলে </W><W> পুলিশের </W><W> সন্দেহ। </W><W> তবে </W><W> পুরানো </W><W> কোনও </W><W> শত্রুতার </W><W> জেরে </W><W> শঙ্করাবাবুর </W><W> উপরে </W><W> হামলা </W><W> হয়েছে </W><W> কি </W><W> না </W><W> তাও </W><W> পুলিশ </W><W> তদন্ত </W><W> করে </W><W> দেখছে। </W><W> জেলা </W><W> পুলিশের </W><W> একজন </W><W> তদন্তকারী </W><W> অফিসার </W><W> বলেন, </W><W> ‘‘ধৃতদের </W><W> লাগাতার </W><W> জেরা </W><W> করা </W><W> হচ্ছে।’’ </W></P></DOCUMENT>