<?xml version="1.0" encoding="UTF-8"?>
<DOCUMENT><DESC></DESC><DESC/><TIME>894</TIME><P><TIME-ARG ID="0"><LINK EVENT_ARG="2" ID="3" TYPE_REL="EVENT_ARG"/><W> ২১ </W><W> পৌষ </W><W> ১৪০৯ </W><W> সোমবার </W><W> ৬ </W><W> জানুয়ারি </W><W> ২০০৩ </W></TIME-ARG></P><P><PLACE-ARG ID="1"><LINK EVENT_ARG="2" ID="4" TYPE_REL="EVENT_ARG"/><W> আলজিরিয়ায় </W></PLACE-ARG><MAN_MADE_EVENT ID="2" TYPE="TERRORIST_ATTACK"><W> জঙ্গি </W><W> হানা, </W></MAN_MADE_EVENT><CASUALTIES-ARG ID="5"><LINK EVENT_ARG="2" ID="6" TYPE_REL="EVENT_ARG"/><PLACE-ARG ID="7"><W> হত </W></PLACE-ARG><W> ৫৬ </W></CASUALTIES-ARG><W> সংবাদসংস্থা </W><W> আলজিয়ার্স </W><PLACE-ARG ID="8"><LINK EVENT_ARG="47" ID="53" TYPE_REL="EVENT_ARG"/><W> আলজিরিয়ায় </W></PLACE-ARG><W> সন্দেহভাজন </W><PARTICIPANT-ARG ID="46"><LINK EVENT_ARG="47" ID="54" TYPE_REL="EVENT_ARG"/><W> মুসলিম </W><W> জঙ্গিদের </W></PARTICIPANT-ARG><W> দু’টি </W><MAN_MADE_EVENT ID="47" TYPE="TERRORIST_ATTACK"><EVENT-COREF-LINK EVENT_ID="2" ID="68" TYPE_REL="EVENT_COREF"/><W> হামলায় </W></MAN_MADE_EVENT><TIME-ARG ID="10"><LINK EVENT_ARG="47" ID="55" TYPE_REL="EVENT_ARG"/><W> একই </W><W> দিনে </W></TIME-ARG><CASUALTIES-ARG ID="11"><LINK EVENT_ARG="47" ID="56" TYPE_REL="EVENT_ARG"/><W> অন্তত </W><W> ৫৬ </W><W> জন </W><W> প্রাণ </W><W> হারিয়েছেন। </W></CASUALTIES-ARG><CASUALTIES-ARG ID="22"><LINK EVENT_ARG="47" ID="57" TYPE_REL="EVENT_ARG"/><W> আহত </W><W> হয়েছেন </W><W> ১৯ </W><W> জন। </W></CASUALTIES-ARG></P><P><W> আলজিরিয়ার </W><W> রাজধানী </W><W> আলজিয়ার্সের </W><W> ৪৩০ </W><W> কিলোমিটার </W><W> দক্ষিণ-পূর্বে </W><PLACE-ARG ID="24"><LINK EVENT_ARG="49" ID="58" TYPE_REL="EVENT_ARG"/><W> বাটনা </W><W> শহরের </W><W> কাছে </W><W> একটি </W><W> সামরিক </W><W> কনভয়ের </W><W> উপরে </W></PLACE-ARG><MAN_MADE_EVENT ID="49" TYPE="TERRORIST_ATTACK"><EVENT-COREF-LINK EVENT_ID="47" ID="66" TYPE_REL="EVENT_COREF"/><W> হামলা </W><W> চালায় </W></MAN_MADE_EVENT><PARTICIPANT-ARG ID="50"><LINK EVENT_ARG="49" ID="59" TYPE_REL="EVENT_ARG"/><W> জঙ্গিরা। </W></PARTICIPANT-ARG><W> তাদের </W><MAN_MADE_EVENT ID="48" TYPE="TERRORIST_ATTACK"><EVENT-COREF-LINK EVENT_ID="49" ID="65" TYPE_REL="EVENT_COREF"/><W> বোমা-বিস্ফোরণে </W></MAN_MADE_EVENT><W> নিরাপত্তা </W><W> বাহিনীর </W><CASUALTIES-ARG ID="29"><LINK EVENT_ARG="48" ID="60" TYPE_REL="EVENT_ARG"/><W> ৪৩ </W><W> জনের </W><W> মৃত্যু </W></CASUALTIES-ARG><W> হয়। </W><W> গত </W><W> ছ’বছরের </W><W> মধ্যে </W><W> সন্ত্রাসবাদীদের </W><W> এটিই </W><W> সব </W><W> থেকে </W><W> বড় </W><W> আঘাত। </W><TIME-ARG ID="31"><LINK EVENT_ARG="52" ID="61" TYPE_REL="EVENT_ARG"/><W> গতকালই </W></TIME-ARG><PLACE-ARG ID="32"><LINK EVENT_ARG="52" ID="62" TYPE_REL="EVENT_ARG"/><W> জাবানার </W><W> কাছে </W><W> একটি </W><W> গ্রামে </W></PLACE-ARG><MAN_MADE_EVENT ID="52" TYPE="TERRORIST_ATTACK"><EVENT-COREF-LINK EVENT_ID="47" ID="67" TYPE_REL="EVENT_COREF"/><W> হামলা </W><W> চালিয়ে </W></MAN_MADE_EVENT><PARTICIPANT-ARG ID="51"><LINK EVENT_ARG="52" ID="63" TYPE_REL="EVENT_ARG"/><W> জঙ্গিরা </W></PARTICIPANT-ARG><CASUALTIES-ARG ID="40"><LINK EVENT_ARG="52" ID="64" TYPE_REL="EVENT_ARG"/><W> ১৩ </W><W> জন </W><W> গ্রামবাসীকে </W><W> মেরে </W><W> ফেলেছে। </W></CASUALTIES-ARG><W> সরকারি </W><W> হিসেব </W><W> অনুযায়ী, </W><TIME-ARG ID="44"><LINK EVENT_ARG="43" ID="46" TYPE_REL="EVENT_ARG"/><W> গত </W><W> দশ </W><W> বছরে </W></TIME-ARG><W> কট্টর </W><W> মৌলবাদী </W><W> মুসলিম </W><MAN_MADE_EVENT ID="43" TYPE="TERRORIST_ATTACK"><W> জঙ্গিদের </W><W> আক্রমণে </W></MAN_MADE_EVENT><CASUALTIES-ARG ID="45"><LINK EVENT_ARG="43" ID="47" TYPE_REL="EVENT_ARG"/><W> প্রায় </W><W> এক </W><W> লক্ষ </W><W> মানুষ </W><W> প্রাণ </W><W> হারিয়েছেন। </W></CASUALTIES-ARG></P></DOCUMENT>