<?xml version="1.0" encoding="UTF-8"?>
<DOCUMENT><DESC/><TIME>2081</TIME><P><TIME-ARG ID="0"><LINK EVENT_ARG="6" ID="13" TYPE_REL="EVENT_ARG"/><W> ২৮ </W><W> শ্রাবণ </W><W> ১৪১০ </W><W> বৃহস্পতিবার </W><W> ১৪ </W><W> অগস্ট </W><W> ২০০৩ </W></TIME-ARG></P><P><PLACE-ARG ID="1"><LINK EVENT_ARG="6" ID="14" TYPE_REL="EVENT_ARG"/><W> ইরাকে </W></PLACE-ARG><CASUALTIES-ARG ID="2"><LINK EVENT_ARG="6" ID="15" TYPE_REL="EVENT_ARG"/><W> মার্কিন </W><W> সেনা-সহ </W><W> হত </W><W> ৩ </W></CASUALTIES-ARG><W> সংবাদসংস্থা </W><W> তিকরিত </W><W> যুদ্ধ-পরবর্তী </W><PLACE-ARG ID="3"><LINK EVENT_ARG="6" ID="16" TYPE_REL="EVENT_ARG"/><W> ইরাকে </W></PLACE-ARG><PARTICIPANT-ARG ID="4"><LINK EVENT_ARG="6" ID="17" TYPE_REL="EVENT_ARG"/><W> মার্কিন </W><W> সেনাদের </W></PARTICIPANT-ARG><W> সঙ্গে </W><PARTICIPANT-ARG ID="5"><LINK EVENT_ARG="6" ID="18" TYPE_REL="EVENT_ARG"/><W> ইরাকি </W><W> জঙ্গিদের </W></PARTICIPANT-ARG><MAN_MADE_EVENT ID="6" TYPE="ARMED_CONFLICTS"><W> সংঘর্ষ </W></MAN_MADE_EVENT><W> অব্যাহত। </W><TIME-ARG ID="7"><LINK EVENT_ARG="8" ID="19" TYPE_REL="EVENT_ARG"/><W> আজ </W></TIME-ARG><MAN_MADE_EVENT ID="8" TYPE="NORMAL_BOMBING"><EVENT-COREF-LINK EVENT_ID="6" ID="50" TYPE_REL="EVENT_COREF"/><W> জঙ্গি </W><W> বোমা </W><W> বিস্ফোরণে </W></MAN_MADE_EVENT><CASUALTIES-ARG ID="9"><LINK EVENT_ARG="8" ID="20" TYPE_REL="EVENT_ARG"/><W> এক </W><W> মার্কিন </W><W> সেনা </W><W> নিহত </W><W> হয়েছে, </W></CASUALTIES-ARG><CASUALTIES-ARG ID="10"><LINK EVENT_ARG="8" ID="21" TYPE_REL="EVENT_ARG"/><W> আহত </W><W> আরও </W><W> এক। </W></CASUALTIES-ARG><W> অন্য </W><W> দুটি </W><W> বিচ্ছিন্ন </W><MAN_MADE_EVENT ID="12" TYPE="ARMED_CONFLICTS"><EVENT-COREF-LINK EVENT_ID="6" ID="78" TYPE_REL="EVENT_COREF"/><W> ঘটনায় </W></MAN_MADE_EVENT><CASUALTIES-ARG ID="11"><LINK EVENT_ARG="12" ID="22" TYPE_REL="EVENT_ARG"/><W> নিহত </W><W> হয়েছে </W><W> দুই </W><W> ইরাকি। </W></CASUALTIES-ARG><W> এ </W><W> দিকে, </W><PLACE-ARG ID="23"><LINK EVENT_ARG="26" ID="30" TYPE_REL="EVENT_ARG"/><W> সৌদি </W><W> আরবের </W><W> রিয়াধে </W></PLACE-ARG><PARTICIPANT-ARG ID="24"><LINK EVENT_ARG="26" ID="31" TYPE_REL="EVENT_ARG"/><W> সন্ত্রাসবাদী </W></PARTICIPANT-ARG><W> ও </W><PARTICIPANT-ARG ID="25"><LINK EVENT_ARG="26" ID="33" TYPE_REL="EVENT_ARG"/><W> নিরাপত্তা </W><W> রক্ষীদের </W></PARTICIPANT-ARG><MAN_MADE_EVENT ID="26" TYPE="ARMED_CONFLICTS"><EVENT-COREF-LINK EVENT_ID="12" ID="52" TYPE_REL="EVENT_COREF"/><W> সংঘর্ষে </W></MAN_MADE_EVENT><CASUALTIES-ARG ID="27"><LINK EVENT_ARG="26" ID="34" TYPE_REL="EVENT_ARG"/><W> চার </W><W> পুলিশ </W></CASUALTIES-ARG><W> ও </W><CASUALTIES-ARG ID="28"><LINK EVENT_ARG="26" ID="35" TYPE_REL="EVENT_ARG"/><W> এক </W><W> জঙ্গি </W><W> নিহত </W><W> হয়েছে। </W></CASUALTIES-ARG><CASUALTIES-ARG ID="29"><LINK EVENT_ARG="26" ID="36" TYPE_REL="EVENT_ARG"/><W> আহত </W><W> কমপক্ষে </W><W> ১৫ </W><W> জন। </W></CASUALTIES-ARG></P><P><W> সাদ্দামের </W><W> জন্মশহর </W><PLACE-ARG ID="37"><LINK EVENT_ARG="38" ID="42" TYPE_REL="EVENT_ARG"/><W> তিকরিতে </W></PLACE-ARG><W> মার্কিন </W><W> সেনাবাহিনীর </W><W> চারটি </W><W> গাড়িতে </W><MAN_MADE_EVENT ID="38" TYPE="NORMAL_BOMBING"><EVENT-COREF-LINK EVENT_ID="6" ID="79" TYPE_REL="EVENT_COREF"/><W> বোমা </W><W> বিস্ফোরণ </W></MAN_MADE_EVENT><W> হয়। </W><MAN_MADE_EVENT ID="39" TYPE="NORMAL_BOMBING"><EVENT-COREF-LINK EVENT_ID="38" ID="93" TYPE_REL="EVENT_COREF"/><W> বিস্ফোরণে </W></MAN_MADE_EVENT><CASUALTIES-ARG ID="40"><LINK EVENT_ARG="39" ID="43" TYPE_REL="EVENT_ARG"/><W> আহত </W><W> দুই </W><W> সেনাকে </W></CASUALTIES-ARG><W> হাসপাতালে </W><W> নিয়ে </W><W> যাওয়া </W><W> হলে </W><W> সেখানে </W><CASUALTIES-ARG ID="41"><LINK EVENT_ARG="39" ID="44" TYPE_REL="EVENT_ARG"/><W> এক </W><W> জন </W><W> মারা </W><W> যান। </W></CASUALTIES-ARG><PLACE-ARG ID="45"><LINK EVENT_ARG="46" ID="48" TYPE_REL="EVENT_ARG"/><W> বাগদাদের </W><W> উত্তরে </W><W> রশিদিয়া </W><W> শহরে </W></PLACE-ARG><W> মার্কিন </W><W> সেনাদের </W><W> ওপর </W><MAN_MADE_EVENT ID="46" TYPE="SHOOT_OUT"><EVENT-COREF-LINK EVENT_ID="6" ID="80" TYPE_REL="EVENT_COREF"/><W> গুলি </W><W> চালাতে </W></MAN_MADE_EVENT><W> গিয়ে </W><CASUALTIES-ARG ID="47"><LINK EVENT_ARG="46" ID="49" TYPE_REL="EVENT_ARG"/><W> এক </W><W> ইরাকি </W><W> নিহত </W><W> হয়। </W></CASUALTIES-ARG><PLACE-ARG ID="53"><LINK EVENT_ARG="55" ID="58" TYPE_REL="EVENT_ARG"/><W> উত্তর </W><W> ইরাকের </W><W> বালাদে </W></PLACE-ARG><PARTICIPANT-ARG ID="54"><LINK EVENT_ARG="55" ID="59" TYPE_REL="EVENT_ARG"/><W> হানাদারদের </W></PARTICIPANT-ARG><W> সঙ্গে </W><MAN_MADE_EVENT ID="55" TYPE="ARMED_CONFLICTS"><EVENT-COREF-LINK EVENT_ID="6" ID="81" TYPE_REL="EVENT_COREF"/><W> সংঘর্ষে </W></MAN_MADE_EVENT><CASUALTIES-ARG ID="56"><LINK EVENT_ARG="55" ID="60" TYPE_REL="EVENT_ARG"/><W> নিহত </W><W> হয় </W><W> এক </W><W> ইরাকি। </W></CASUALTIES-ARG><W> এ </W><W> দিকে, </W><W> মার্কিন </W><W> সেনা </W><W> সূত্রে </W><W> খবর, </W><AFTER_EFFECTS-ARG ID="57"><LINK EVENT_ARG="55" ID="61" TYPE_REL="EVENT_ARG"/><W> সাদ্দামের </W><W> এক </W><W> প্রাক্তন </W><W> দেহরক্ষীকে </W><W> গ্রেফতার </W><W> করা </W><W> হয়েছে। </W></AFTER_EFFECTS-ARG></P><P><TIME-ARG ID="63"><LINK EVENT_ARG="64" ID="78" TYPE_REL="EVENT_ARG"/><W> মে </W><W> মাসে </W></TIME-ARG><PLACE-ARG ID="62"><LINK EVENT_ARG="64" ID="79" TYPE_REL="EVENT_ARG"/><W> রিয়াধে </W></PLACE-ARG><MAN_MADE_EVENT ID="64" TYPE="SUICIDE_ATTACK"><W> আত্মঘাতী </W><W> বোমা </W><W> বিস্ফোরণে </W></MAN_MADE_EVENT><CASUALTIES-ARG ID="65"><LINK EVENT_ARG="64" ID="80" TYPE_REL="EVENT_ARG"/><W> ৩৫ </W><W> জন </W><W> নিহত </W></CASUALTIES-ARG><W> হওয়ার </W><W> পর </W><PARTICIPANT-ARG ID="66"><LINK EVENT_ARG="64" ID="81" TYPE_REL="EVENT_ARG"/><W> আল </W><W> কায়দা </W><W> গোষ্ঠীর </W><W> জঙ্গিদের </W></PARTICIPANT-ARG><W> সন্ধানে </W><AFTER_EFFECTS-ARG ID="67"><LINK EVENT_ARG="64" ID="82" TYPE_REL="EVENT_ARG"/><W> জোর </W><W> তল্লাশি </W><W> শুরু </W><W> হয়েছে। </W></AFTER_EFFECTS-ARG><TIME-ARG ID="68"><LINK EVENT_ARG="71" ID="83" TYPE_REL="EVENT_ARG"/><W> আজ </W></TIME-ARG><PARTICIPANT-ARG ID="69"><LINK EVENT_ARG="71" ID="84" TYPE_REL="EVENT_ARG"/><W> পুলিশ </W></PARTICIPANT-ARG><PLACE-ARG ID="70"><LINK EVENT_ARG="71" ID="85" TYPE_REL="EVENT_ARG"/><W> একটি </W><W> জঙ্গি </W><W> ঘাঁটিতে </W></PLACE-ARG><W> হানা </W><W> দিলে </W><MAN_MADE_EVENT ID="71" TYPE="SURGICAL_STRIKES"><W> সংঘর্ষে </W></MAN_MADE_EVENT><AFTER_EFFECTS-ARG ID="72"><LINK EVENT_ARG="71" ID="86" TYPE_REL="EVENT_ARG"/><W> নিহত </W><W> হয় </W><W> চার </W><W> পুলিশ </W></AFTER_EFFECTS-ARG><W> ও </W><AFTER_EFFECTS-ARG ID="73"><LINK EVENT_ARG="71" ID="87" TYPE_REL="EVENT_ARG"/><W> এক </W><W> জঙ্গি। </W></AFTER_EFFECTS-ARG><AFTER_EFFECTS-ARG ID="74"><LINK EVENT_ARG="71" ID="88" TYPE_REL="EVENT_ARG"/><W> পনেরো </W><W> জন </W><W> আহত </W><W> হয়েছে। </W></AFTER_EFFECTS-ARG><W> তবে </W><W> এখনও </W><W> বেশ </W><W> কিছু </W><W> জঙ্গি </W><W> ওই </W><W> ঘাঁটিতে </W><W> গা </W><W> ঢাকা </W><W> দিয়ে </W><W> আছে। </W><PLACE-ARG ID="75"><LINK EVENT_ARG="71" ID="89" TYPE_REL="EVENT_ARG"/><W> রিয়াধে </W></PLACE-ARG><PARTICIPANT-ARG ID="76"><LINK EVENT_ARG="71" ID="90" TYPE_REL="EVENT_ARG"/><W> জঙ্গি </W></PARTICIPANT-ARG><AFTER_EFFECTS-ARG ID="77"><LINK EVENT_ARG="71" ID="91" TYPE_REL="EVENT_ARG"/><W> সন্দেহে </W><W> ১০ </W><W> জনকে </W><W> ধরা </W><W> হয়েছে। </W></AFTER_EFFECTS-ARG><W> পুলিশের </W><W> অনুমান, </W><W> কোনও </W><W> ব্রিটিশ </W><W> ঘাঁটি </W><W> আক্রমণ </W><W> করার </W><W> পরিকল্পনা </W><W> করছিল </W><W> তারা। </W></P></DOCUMENT>