<?xml version="1.0" encoding="UTF-8"?>
<DOCUMENT><DESC></DESC><DESC/><TIME>555</TIME><P><TIME-ARG ID="0"><LINK EVENT_ARG="1" ID="3" TYPE_REL="EVENT_ARG"/><W> ২২ </W><W> ফাল্গুন </W><W> ১৪০৯ </W><W> শুক্রবার </W><W> ৭ </W><W> মার্চ </W><W> ২০০৩ </W></TIME-ARG></P><P><MAN_MADE_EVENT ID="1" TYPE="AVIATION_HAZARD"><W> বিমান </W><W> ভেঙে </W></MAN_MADE_EVENT><CASUALTIES-ARG ID="2"><LINK EVENT_ARG="1" ID="4" TYPE_REL="EVENT_ARG"/><W> মৃত </W><W> ১০৩ </W></CASUALTIES-ARG><W> সংবাদসংস্থা </W><W> আলজিয়ার্স </W><W> উড়ানের </W><W> কিছুক্ষণের </W><W> মধ্যেই </W><PLACE-ARG ID="5"><LINK EVENT_ARG="6" ID="8" TYPE_REL="EVENT_ARG"/><W> আলজিরিয়ার </W></PLACE-ARG><PARTICIPANT-ARG ID="15"><LINK EVENT_ARG="6" ID="16" TYPE_REL="EVENT_ARG"/><W> একটি </W><W> যাত্রীবাহী </W><W> জেট </W></PARTICIPANT-ARG><MAN_MADE_EVENT ID="6" TYPE="AVIATION_HAZARD"><EVENT-COREF-LINK EVENT_ID="1" ID="10" TYPE_REL="EVENT_COREF"/><W> বিমান </W><W> ভেঙে </W></MAN_MADE_EVENT><CASUALTIES-ARG ID="7"><LINK EVENT_ARG="6" ID="9" TYPE_REL="EVENT_ARG"/><W> ১০৩ </W><W> জন </W><W> মারা </W><W> গিয়েছেন। </W></CASUALTIES-ARG><PARTICIPANT-ARG ID="17"><LINK EVENT_ARG="6" ID="20" TYPE_REL="EVENT_ARG"/><W> বিমানটিতে </W></PARTICIPANT-ARG><CASUALTIES-ARG ID="18"><LINK EVENT_ARG="6" ID="21" TYPE_REL="EVENT_ARG"/><W> মোট </W><W> ৯৭ </W><W> জন </W><W> যাত্রী </W></CASUALTIES-ARG><W> ও </W><CASUALTIES-ARG ID="19"><LINK EVENT_ARG="6" ID="22" TYPE_REL="EVENT_ARG"/><W> ছ’জন </W><W> বিমানকর্মী </W></CASUALTIES-ARG><W> ছিলেন। </W><REASON-ARG ID="11"><LINK EVENT_ARG="12" ID="15" TYPE_REL="EVENT_ARG"/><W> যান্ত্রিক </W><W> ত্রুটির </W><W> কারণেই </W></REASON-ARG><W> এই </W><MAN_MADE_EVENT ID="12" TYPE="AVIATION_HAZARD"><EVENT-COREF-LINK EVENT_ID="6" ID="17" TYPE_REL="EVENT_COREF"/><W> দুর্ঘটনা </W></MAN_MADE_EVENT><W> বলে </W><W> বিমান </W><W> সংস্থার </W><W> মুখপাত্র </W><W> জানিয়েছেন। </W><W> আলজিরীয় </W><AFTER_EFFECTS-ARG ID="14"><LINK EVENT_ARG="12" ID="16" TYPE_REL="EVENT_ARG"/><W> প্রধানমন্ত্রী </W><W> আলি </W><W> বেনফ্লিস </W><W> ঘটনার </W><W> তদন্তের </W><W> নির্দেশ </W><W> দিয়েছেন। </W></AFTER_EFFECTS-ARG></P></DOCUMENT>