<?xml version="1.0" encoding="UTF-8"?>
<DOCUMENT><DESC></DESC><DESC/><TIME>817</TIME><P><TIME-ARG ID="0"><LINK EVENT_ARG="2" ID="26" TYPE_REL="EVENT_ARG"/><W> ২৯ </W><W> চৈত্র </W><W> ১৪০৯ </W><W> রবিবার </W><W> ১৩ </W><W> এপ্রিল </W><W> ২০০৩ </W></TIME-ARG></P><P><CASUALTIES-ARG ID="1"><LINK EVENT_ARG="2" ID="27" TYPE_REL="EVENT_ARG"/><W> মৃত </W><W> বেড়ে </W><W> ১২০, </W></CASUALTIES-ARG><W> আরও </W><W> আতঙ্ক </W><W> ছড়াচ্ছে </W><NATURAL_EVENT ID="2" TYPE="PANDEMIC"><W> সার্স </W></NATURAL_EVENT><W> সংবাদসংস্থা </W><W> বেজিং </W><W> প্রবল </W><W> শ্বাসকষ্টের </W><TYPE-ARG ID="3"><LINK EVENT_ARG="4" ID="28" TYPE_REL="EVENT_ARG"/><W> ‘সিভিয়ার </W><W> অ্যাকিউট </W><W> রেসপিরেটরি </W><W> সিনড্রোম’ </W></TYPE-ARG><W> বা </W><W> ‘সার্সে’র </W><W> ভাইরাসটি </W><W> শনাক্ত </W><W> করায় </W><W> বিজ্ঞানীরা </W><W> সাফল্যের </W><W> দাবি </W><W> করলেও </W><NATURAL_EVENT ID="4" TYPE="PANDEMIC"><EVENT-COREF-LINK EVENT_ID="2" ID="51" TYPE_REL="EVENT_COREF"/><W> এই </W><W> রোগ </W></NATURAL_EVENT><W> ছড়িয়ে </W><W> পড়া </W><W> কিছুতেই </W><W> আটকানো </W><W> যাচ্ছে </W><W> না। </W><W> এ </W><W> বার </W><W> প্রত্যন্ত </W><PLACE-ARG ID="5"><LINK EVENT_ARG="6" ID="29" TYPE_REL="EVENT_ARG"/><W> উত্তর </W><W> চিনে </W><W> মঙ্গোলিয়ায়ও </W></PLACE-ARG><NATURAL_EVENT ID="6" TYPE="PANDEMIC"><EVENT-COREF-LINK EVENT_ID="4" ID="52" TYPE_REL="EVENT_COREF"/><W> এই </W><W> রোগে </W></NATURAL_EVENT><CASUALTIES-ARG ID="7"><LINK EVENT_ARG="6" ID="30" TYPE_REL="EVENT_ARG"/><W> দু’জন </W><W> মারা </W><W> গিয়েছেন। </W></CASUALTIES-ARG><W> স্থানীয় </W><W> প্রদেশের </W><PLACE-ARG ID="8"><LINK EVENT_ARG="10" ID="31" TYPE_REL="EVENT_ARG"/><W> রাজধানী </W><W> হোহটেও </W></PLACE-ARG><CASUALTIES-ARG ID="9"><LINK EVENT_ARG="10" ID="32" TYPE_REL="EVENT_ARG"/><W> আরও </W><W> দশ </W><W> জন </W></CASUALTIES-ARG><NATURAL_EVENT ID="10" TYPE="PANDEMIC"><EVENT-COREF-LINK EVENT_ID="6" ID="53" TYPE_REL="EVENT_COREF"/><W> এই </W><W> রোগে </W></NATURAL_EVENT><W> ভুগছেন </W><W> বলে </W><W> জানা </W><W> গিয়েছে। </W><PLACE-ARG ID="12"><LINK EVENT_ARG="11" ID="33" TYPE_REL="EVENT_ARG"/><W> বিশ্বে </W></PLACE-ARG><NATURAL_EVENT ID="11" TYPE="PANDEMIC"><EVENT-COREF-LINK EVENT_ID="10" ID="54" TYPE_REL="EVENT_COREF"/><W> এই </W><W> রোগে </W></NATURAL_EVENT><CASUALTIES-ARG ID="13"><LINK EVENT_ARG="11" ID="34" TYPE_REL="EVENT_ARG"/><W> মৃত </W><W> ও </W><W> আক্রান্তের </W><W> সংখ্যা </W><W> প্রতিদিন </W><W> বাড়ছে। </W></CASUALTIES-ARG><PLACE-ARG ID="16"><LINK EVENT_ARG="11" ID="35" TYPE_REL="EVENT_ARG"/><W> হংকংয়ে </W></PLACE-ARG><W> আরও </W><CASUALTIES-ARG ID="14"><LINK EVENT_ARG="11" ID="36" TYPE_REL="EVENT_ARG"/><W> ৪৯ </W><W> জন </W></CASUALTIES-ARG><W> ও </W><PLACE-ARG ID="17"><LINK EVENT_ARG="11" ID="37" TYPE_REL="EVENT_ARG"/><W> কানাডায় </W></PLACE-ARG><CASUALTIES-ARG ID="15"><LINK EVENT_ARG="11" ID="38" TYPE_REL="EVENT_ARG"/><W> ১৩ </W><W> জন </W></CASUALTIES-ARG><NATURAL_EVENT ID="18" TYPE="PANDEMIC"><LINK EVENT_ARG="11" ID="39" TYPE_REL="EVENT_ARG"/><W> সার্সে </W></NATURAL_EVENT><W> আক্রান্ত </W><W> বলে </W><W> মনে </W><W> করা </W><W> হচ্ছে। </W><W> এ </W><W> যাবৎ, </W><W> সব </W><W> মিলিয়ে </W><CASUALTIES-ARG ID="20"><LINK EVENT_ARG="19" ID="45" TYPE_REL="EVENT_ARG"/><W> ৩,১২৪ </W><W> জনের </W><W> মধ্যে </W></CASUALTIES-ARG><NATURAL_EVENT ID="19" TYPE="PANDEMIC"><EVENT-COREF-LINK EVENT_ID="11" ID="55" TYPE_REL="EVENT_COREF"/><W> এই </W><W> রোগের </W></NATURAL_EVENT><W> উপসর্গ </W><W> দেখা </W><W> দিয়েছে। </W><W> এঁদের </W><W> মধ্যে </W><PLACE-ARG ID="21"><LINK EVENT_ARG="19" ID="46" TYPE_REL="EVENT_ARG"/><W> চিনে </W></PLACE-ARG><W> ৫৯, </W><PLACE-ARG ID="22"><LINK EVENT_ARG="19" ID="47" TYPE_REL="EVENT_ARG"/><W> হংকংয়ে </W></PLACE-ARG><W> ৩৫, </W><PLACE-ARG ID="23"><LINK EVENT_ARG="19" ID="48" TYPE_REL="EVENT_ARG"/><W> সিঙ্গাপুরে </W></PLACE-ARG><W> ৯ </W><W> ও </W><PLACE-ARG ID="24"><LINK EVENT_ARG="19" ID="49" TYPE_REL="EVENT_ARG"/><W> কানাডায় </W></PLACE-ARG><W> ১০ </W><W> জনকে </W><W> নিয়ে </W><PLACE-ARG ID="25"><LINK EVENT_ARG="19" ID="50" TYPE_REL="EVENT_ARG"/><W> মোট </W><W> ১২০ </W><W> জন </W><W> মারা </W><W> গিয়েছেন। </W></PLACE-ARG></P><P><W> বিশ্বের </W><W> যে-সব </W><W> দেশে </W><NATURAL_EVENT ID="57" TYPE="PANDEMIC"><EVENT-COREF-LINK EVENT_ID="19" ID="76" TYPE_REL="EVENT_COREF"/><W> সার্সের </W></NATURAL_EVENT><W> সম্ভাব্য </W><W> রোগীরা </W><W> রয়েছেন, </W><W> তার </W><W> তালিকায় </W><W> বিশ্ব </W><W> স্বাস্থ্য </W><W> সংস্থা </W><W> এ </W><W> বার </W><PLACE-ARG ID="58"><LINK EVENT_ARG="57" ID="68" TYPE_REL="EVENT_ARG"/><W> জাপানকেও </W></PLACE-ARG><W> অর্ন্তভুক্ত </W><W> করেছে। </W><NATURAL_EVENT ID="60" TYPE="PANDEMIC"><EVENT-COREF-LINK EVENT_ID="57" ID="77" TYPE_REL="EVENT_COREF"/><W> সার্স </W></NATURAL_EVENT><W> নিয়ে </W><W> উদ্বেগের </W><W> মধ্যে </W><PLACE-ARG ID="59"><LINK EVENT_ARG="60" ID="69" TYPE_REL="EVENT_ARG"/><W> জাপান </W></PLACE-ARG><W> জানিয়েছে </W><W> এত </W><W> দিন </W><W> আক্রান্ত </W><W> বলতে, </W><W> তারা </W><W> নিশ্চিত </W><W> ভাবে </W><W> আক্রান্তদেরই </W><W> গণ্য </W><W> করছিল, </W><W> কিন্তু </W><W> এই </W><W> রোগে </W><W> বিশ্বব্যাপী </W><W> আতঙ্কে </W><W> এ </W><W> বার </W><AFTER_EFFECTS-ARG ID="61"><LINK EVENT_ARG="60" ID="70" TYPE_REL="EVENT_ARG"/><W> শুধুমাত্র </W><W> সম্ভাবনা </W><W> দেখলেও </W><W> গুরুত্ব </W><W> দেবে </W><W> তারা। </W></AFTER_EFFECTS-ARG><W> নাগরিকদের </W><PLACE-ARG ID="62"><LINK EVENT_ARG="60" ID="71" TYPE_REL="EVENT_ARG"/><W> বেজিংয়ে </W></PLACE-ARG><AFTER_EFFECTS-ARG ID="63"><LINK EVENT_ARG="60" ID="72" TYPE_REL="EVENT_ARG"/><W> যাওয়ার </W><W> ব্যাপারে </W><W> জাপানি </W><W> প্রশাসন </W><W> সতর্ক </W><W> থাকার </W><W> নির্দেশ </W><W> দিয়েছে। </W></AFTER_EFFECTS-ARG><W> এ </W><W> এফ </W><W> পি </W><W> জানাচ্ছে, </W><PLACE-ARG ID="64"><LINK EVENT_ARG="66" ID="73" TYPE_REL="EVENT_ARG"/><W> নিউজিল্যাণ্ডেও </W></PLACE-ARG><NATURAL_EVENT ID="66" TYPE="PANDEMIC"><EVENT-COREF-LINK EVENT_ID="60" ID="78" TYPE_REL="EVENT_COREF"/><W> সার্সের </W></NATURAL_EVENT><W> প্রথম </W><W> সম্ভাব্য </W><W> আক্রান্ত </W><W> শনাক্ত </W><W> হয়েছেন। </W><PLACE-ARG ID="65"><LINK EVENT_ARG="66" ID="74" TYPE_REL="EVENT_ARG"/><W> অকল্যাণ্ডের </W><W> হাসপাতালে </W></PLACE-ARG><CASUALTIES-ARG ID="67"><LINK EVENT_ARG="66" ID="75" TYPE_REL="EVENT_ARG"/><W> ৬৫ </W><W> বছরের </W><W> এই </W><W> প্রবীণকে </W></CASUALTIES-ARG><W> আলাদা </W><W> রেখে </W><W> চিকিৎসা </W><W> করা </W><W> হচ্ছে। </W></P><P><W> এ </W><W> দিকে, </W><PLACE-ARG ID="79"><LINK EVENT_ARG="82" ID="90" TYPE_REL="EVENT_ARG"/><W> সিঙ্গাপুরে </W></PLACE-ARG><TIME-ARG ID="80"><LINK EVENT_ARG="82" ID="91" TYPE_REL="EVENT_ARG"/><W> গত </W><W> সপ্তাহে </W></TIME-ARG><W> আরও </W><CASUALTIES-ARG ID="81"><LINK EVENT_ARG="82" ID="92" TYPE_REL="EVENT_ARG"/><W> ৩৯ </W><W> জন </W><W> আক্রান্ত </W></CASUALTIES-ARG><W> বেড়ে </W><W> যাওয়ায় </W><W> হতাশ </W><W> নাগরিকদের </W><W> উদ্দেশে </W><W> প্রশাসনের </W><W> ঘোষণা, </W><NATURAL_EVENT ID="82" TYPE="PANDEMIC"><EVENT-COREF-LINK EVENT_ID="66" ID="97" TYPE_REL="EVENT_COREF"/><W> সার্স </W></NATURAL_EVENT><W> যখন </W><W> রাতারাতি </W><W> দূর </W><W> হবে </W><W> না, </W><W> তখন </W><W> সবাইকে </W><NATURAL_EVENT ID="83" TYPE="PANDEMIC"><EVENT-COREF-LINK EVENT_ID="82" ID="98" TYPE_REL="EVENT_COREF"/><W> সার্স </W></NATURAL_EVENT><W> নিয়েই </W><W> সচেতন </W><W> ভাবে </W><W> বাঁচার </W><W> চেষ্টা </W><W> করতে </W><W> হবে। </W><W> প্রশাসনের </W><W> দাবি, </W><REASON-ARG ID="84"><LINK EVENT_ARG="86" ID="93" TYPE_REL="EVENT_ARG"/><W> এক </W><W> প্রবীণ </W><W> চিনার </W><W> গাফিলতিতে </W></REASON-ARG><W> তাঁর </W><W> থেকে </W><W> অন্তত </W><CASUALTIES-ARG ID="85"><LINK EVENT_ARG="86" ID="94" TYPE_REL="EVENT_ARG"/><W> ৫২ </W><W> জনের </W><W> মধ্যে </W></CASUALTIES-ARG><NATURAL_EVENT ID="86" TYPE="PANDEMIC"><EVENT-COREF-LINK EVENT_ID="83" ID="99" TYPE_REL="EVENT_COREF"/><W> এই </W><W> রোগ </W></NATURAL_EVENT><W> সংক্রামিত </W><W> হয়েছে। </W><W> বিশেষজ্ঞদের </W><W> মতে, </W><REASON-ARG ID="87"><LINK EVENT_ARG="86" ID="95" TYPE_REL="EVENT_ARG"/><W> এক </W><W> ধরনের </W><W> করোনাভাইরাসই </W><W> এই </W><W> রোগের </W><W> জন্য </W><W> দায়ী। </W></REASON-ARG><W> প্রবল </W><W> ছোঁয়াচে </W><NATURAL_EVENT ID="88" TYPE="PANDEMIC"><EVENT-COREF-LINK EVENT_ID="86" ID="100" TYPE_REL="EVENT_COREF"/><W> এই </W><W> রোগটি </W></NATURAL_EVENT><REASON-ARG ID="89"><LINK EVENT_ARG="88" ID="96" TYPE_REL="EVENT_ARG"/><W> রোগীর </W><W> সান্নিধ্যে, </W><W> নিঃশ্বাস </W><W> বা </W><W> হাঁচি-কাশি </W><W> থেকেই </W><W> ছড়িয়ে </W><W> পড়তে </W><W> পারে। </W></REASON-ARG><W> গত </W><W> দু’দিনে </W><W> অবস্থা </W><W> ভালর </W><W> দিকে </W><W> গিয়েছে </W><W> বলে </W><W> প্রশাসন </W><W> আশ্বাস </W><W> দিলেও, </W><W> শহরের </W><W> প্রধান </W><W> হাসপাতালে </W><W> অবস্থা </W><W> পরিস্থিতি </W><W> এখনও </W><W> সঙ্কটের। </W></P></DOCUMENT>