<?xml version="1.0" encoding="UTF-8"?>
<DOCUMENT><DESC></DESC><DESC/><TIME>1128</TIME><P><TIME-ARG ID="0"><LINK EVENT_ARG="97" ID="98" TYPE_REL="EVENT_ARG"/><W> ১৯ </W><W> চৈত্র </W><W> ১৪০৯ </W><W> বৃহস্পতিবার </W><W> ৩ </W><W> এপ্রিল </W><W> ২০০৩ </W></TIME-ARG></P><P><NATURAL_EVENT ID="97" TYPE="PANDEMIC"><W> নিউমোনিয়া-সদৃশ </W><W> রোগে </W></NATURAL_EVENT><CASUALTIES-ARG ID="2"><LINK EVENT_ARG="97" ID="99" TYPE_REL="EVENT_ARG"/><W> মৃত </W><W> বেড়েছে, </W></CASUALTIES-ARG><W> জানাল </W><W> চিন </W><W> সংবাদসংস্থা </W><W> হংকং </W></P><P><W> রহস্যজনক </W><NATURAL_EVENT ID="3" TYPE="PANDEMIC"><EVENT-COREF-LINK EVENT_ID="97" ID="110" TYPE_REL="EVENT_COREF"/><W> নিউমোনিয়ার </W></NATURAL_EVENT><W> ভয়ে </W><PLACE-ARG ID="4"><LINK EVENT_ARG="3" ID="104" TYPE_REL="EVENT_ARG"/><W> চিনে </W></PLACE-ARG><W> পর্যটকের </W><W> সংখ্যা </W><W> স্বাভাবিকের </W><W> তুলনায় </W><W> উদ্বেগজনক </W><W> ভাবে </W><W> কমে </W><W> গেলেও </W><W> একটি </W><W> ছোট </W><W> পর্যটক </W><W> দল </W><W> এগিয়ে </W><W> চলেছে </W><PLACE-ARG ID="5"><LINK EVENT_ARG="3" ID="18" TYPE_REL="EVENT_ARG"/><W> বেজিংয়ের </W></PLACE-ARG><W> রাস্তা </W><W> দিয়ে। </W><W> সামনে </W><W> হলুদ </W><W> পতাকা </W><W> হাতে </W><W> গাইড। </W><W> ছবি: </W><W> এ </W><W> এফ </W><W> পি </W><W> নিউমোনিয়া-ধাঁচের </W><W> অজানা </W><W> রোগে </W><CASUALTIES-ARG ID="7"><LINK EVENT_ARG="3" ID="105" TYPE_REL="EVENT_ARG"/><W> মৃত্যুর </W><W> সংখ্যা </W><W> বাড়ছে। </W></CASUALTIES-ARG><PLACE-ARG ID="8"><LINK EVENT_ARG="3" ID="106" TYPE_REL="EVENT_ARG"/><W> গোটা </W><W> বিশ্বে </W></PLACE-ARG><W> এখনও </W><W> অবধি </W><CASUALTIES-ARG ID="9"><LINK EVENT_ARG="3" ID="107" TYPE_REL="EVENT_ARG"/><W> মৃতের </W><W> সংখ্যা </W><W> বেড়ে </W><W> ৮০; </W></CASUALTIES-ARG><CASUALTIES-ARG ID="10"><LINK EVENT_ARG="3" ID="108" TYPE_REL="EVENT_ARG"/><W> আক্রান্তের </W><W> সংখ্যা </W><W> প্রায় </W><W> ২৩০০। </W></CASUALTIES-ARG><NATURAL_EVENT ID="11" TYPE="PANDEMIC"><EVENT-COREF-LINK EVENT_ID="3" ID="109" TYPE_REL="EVENT_COREF"/><W> এই </W><W> রোগ </W></NATURAL_EVENT><W> নিয়ে </W><W> ঘরে-বাইরে </W><W> প্রবল </W><W> সমালোচনার </W><W> মুখে </W><W> পড়ে </W><PLACE-ARG ID="12"><LINK EVENT_ARG="11" ID="23" TYPE_REL="EVENT_ARG"/><W> চিন </W></PLACE-ARG><W> শেষ </W><W> পর্যন্ত </W><W> মুখ </W><W> খুলেছে। </W><W> তবে </W><PLACE-ARG ID="13"><LINK EVENT_ARG="14" ID="24" TYPE_REL="EVENT_ARG"/><W> চিনের </W></PLACE-ARG><W> দেওয়া </W><W> খবরে </W><NATURAL_EVENT ID="14" TYPE="PANDEMIC"><EVENT-COREF-LINK EVENT_ID="11" ID="28" TYPE_REL="EVENT_COREF"/><W> রোগ </W></NATURAL_EVENT><W> ঘিরে </W><W> আশঙ্কা </W><W> আরও </W><W> ঘনীভূত </W><W> হয়েছে। </W><PLACE-ARG ID="29"><LINK EVENT_ARG="33" ID="38" TYPE_REL="EVENT_ARG"/><W> চিন </W></PLACE-ARG><W> জানিয়েছে, </W><PLACE-ARG ID="30"><LINK EVENT_ARG="33" ID="39" TYPE_REL="EVENT_ARG"/><W> গুয়াংদং </W><W> প্রদেশে </W></PLACE-ARG><TIME-ARG ID="31"><LINK EVENT_ARG="33" ID="40" TYPE_REL="EVENT_ARG"/><W> শুধু </W><W> মার্চ </W><W> মাসেই </W></TIME-ARG><CASUALTIES-ARG ID="111"><LINK EVENT_ARG="33" ID="112" TYPE_REL="EVENT_ARG"/><W> ৯ </W><W> জন </W><NATURAL_EVENT ID="33" TYPE="PANDEMIC"><EVENT-COREF-LINK EVENT_ID="14" ID="46" TYPE_REL="EVENT_COREF"/><W> এই </W><W> রহস্যময় </W><W> রোগে </W></NATURAL_EVENT><W> মারা </W><W> গিয়েছেন, </W></CASUALTIES-ARG><CASUALTIES-ARG ID="34"><LINK EVENT_ARG="33" ID="42" TYPE_REL="EVENT_ARG"/><W> নতুন </W><W> করে </W><W> সংক্রামিত </W><W> হয়েছেন </W><W> ৩৬১ </W><W> জন। </W></CASUALTIES-ARG><W> আরও </W><W> জানানো </W><W> হয়েছে, </W><W> নতুন </W><W> ১২ </W><W> জনকে </W><W> নিয়ে </W><PLACE-ARG ID="36"><LINK EVENT_ARG="33" ID="43" TYPE_REL="EVENT_ARG"/><W> চিনে </W></PLACE-ARG><W> এখনও </W><W> পর্যন্ত </W><CASUALTIES-ARG ID="35"><LINK EVENT_ARG="33" ID="44" TYPE_REL="EVENT_ARG"/><W> ৪৬ </W><W> জন </W><W> মারা </W><W> গিয়েছেন </W></CASUALTIES-ARG><W> এবং </W><CASUALTIES-ARG ID="37"><LINK EVENT_ARG="33" ID="45" TYPE_REL="EVENT_ARG"/><W> আক্রান্ত </W><W> হয়েছেন </W><W> ১১৯০ </W><W> জন। </W></CASUALTIES-ARG><W> গুয়াংদং </W><W> প্রদেশে </W><W> এসে </W><W> কাজ </W><W> করার </W><W> জন্য </W><W> চিন </W><W> বিশ্ব </W><W> স্বাস্থ্য </W><W> সংস্থা </W><W> (হু)-র </W><W> কাছে </W><W> একটি </W><W> পরীক্ষক </W><W> দল </W><W> পাঠানোর </W><W> আবেদনও </W><W> করেছে। </W><W> এস-এ-আর-এস </W><W> বা </W><W> সিভিয়ার </W><W> অ্যাকিউট </W><W> রেসপিরেটরি </W><W> সিণ্ড্রোম </W><W> রোগটি </W><W> ঠিক </W><W> কী, </W><W> পুরোপুরি </W><W> বোঝা </W><W> যায়নি। </W><NATURAL_EVENT ID="47" TYPE="PANDEMIC"><EVENT-COREF-LINK EVENT_ID="33" ID="48" TYPE_REL="EVENT_COREF"/><W> নিউমোনিয়ার </W></NATURAL_EVENT><W> সঙ্গে </W><W> এর </W><W> উপসর্গের </W><W> প্রচুর </W><W> মিল </W><W> আছে। </W><W> চিন </W><W> একে </W><W> অজানা </W><W> ‘ফ্লু’ </W><W> বলছে। </W></P><P><PLACE-ARG ID="49"><LINK EVENT_ARG="47" ID="56" TYPE_REL="EVENT_ARG"/><W> হংকং </W></PLACE-ARG><W> ও </W><PLACE-ARG ID="50"><LINK EVENT_ARG="47" ID="57" TYPE_REL="EVENT_ARG"/><W> দক্ষিণ </W><W> চিনের </W><W> গুয়াংদং </W><W> প্রদেশে </W></PLACE-ARG><AFTER_EFFECTS-ARG ID="51"><LINK EVENT_ARG="47" ID="58" TYPE_REL="EVENT_ARG"/><W> সফর </W><W> করার </W><W> ব্যাপারে </W><W> হু </W><W> সতর্কতা </W><W> জারি </W><W> করেছে। </W></AFTER_EFFECTS-ARG><W> হু-র </W><W> তরফে </W><W> এই </W><W> ধরনের </W><W> পরামর্শ </W><W> নজিরবিহীন। </W><PLACE-ARG ID="52"><LINK EVENT_ARG="53" ID="59" TYPE_REL="EVENT_ARG"/><W> হংকংয়ে </W></PLACE-ARG><NATURAL_EVENT ID="53" TYPE="PANDEMIC"><EVENT-COREF-LINK EVENT_ID="47" ID="61" TYPE_REL="EVENT_COREF"/><W> এই </W><W> অসুখ </W></NATURAL_EVENT><W> দ্রুত </W><W> ছড়িয়ে </W><W> পড়ার </W><W> পিছনে </W><REASON-ARG ID="54"><LINK EVENT_ARG="53" ID="60" TYPE_REL="EVENT_ARG"/><W> পরিবেশ-জনিত </W><W> কারণ </W><W> আছে </W></REASON-ARG><W> বলেও </W><W> জানানো </W><W> হয়েছে। </W><W> এ </W><W> দিকে, </W><W> চিন </W><W> যাতে </W><NATURAL_EVENT ID="55" TYPE="PANDEMIC"><EVENT-COREF-LINK EVENT_ID="53" ID="62" TYPE_REL="EVENT_COREF"/><W> এই </W><W> রোগের </W></NATURAL_EVENT><W> বিষয়ে </W><W> কোনও </W><W> তথ্য </W><W> গোপন </W><W> না </W><W> করে </W><W> সে </W><W> ব্যাপারে </W><W> আমেরিকা </W><W> চিনের </W><W> উপর </W><W> চাপ </W><W> বাড়াবে </W><W> বলে </W><W> সরকারি </W><W> ভাবে </W><W> জানিয়েছে। </W></P><P><NATURAL_EVENT ID="63" TYPE="PANDEMIC"><EVENT-COREF-LINK EVENT_ID="55" ID="79" TYPE_REL="EVENT_COREF"/><W> রোগের </W><W> ভাইরাসটি </W></NATURAL_EVENT><W> সঠিক </W><W> চিহ্নিত </W><W> না </W><W> হওয়ায় </W><PLACE-ARG ID="64"><LINK EVENT_ARG="63" ID="72" TYPE_REL="EVENT_ARG"/><W> ১২ </W><W> টি </W><W> দেশে </W></PLACE-ARG><W> ছড়িয়ে </W><W> পড়া </W><W> এই </W><W> অসুখের </W><W> কোনও </W><W> প্রতিষেধক </W><W> এখনও </W><W> তৈরি </W><W> করা </W><W> সম্ভব </W><W> হয়নি। </W><CASUALTIES-ARG ID="65"><LINK EVENT_ARG="63" ID="73" TYPE_REL="EVENT_ARG"/><W> আক্রান্তের </W><W> সংখ্যা </W><W> প্রতিদিন </W><W> বাড়ছে। </W></CASUALTIES-ARG><PLACE-ARG ID="66"><LINK EVENT_ARG="63" ID="74" TYPE_REL="EVENT_ARG"/><W> চিন </W></PLACE-ARG><PLACE-ARG ID="67"><LINK EVENT_ARG="63" ID="75" TYPE_REL="EVENT_ARG"/><W> হুনান </W></PLACE-ARG><W> ও </W><PLACE-ARG ID="68"><LINK EVENT_ARG="63" ID="76" TYPE_REL="EVENT_ARG"/><W> সিচুয়ান </W><W> প্রদেশের </W></PLACE-ARG><W> অন্তত </W><W> এমন </W><CASUALTIES-ARG ID="69"><LINK EVENT_ARG="63" ID="77" TYPE_REL="EVENT_ARG"/><W> ১০ </W><W> আক্রান্তের </W></CASUALTIES-ARG><W> কথা </W><W> উল্লেখ </W><W> করেছে </W><W> যাঁরা </W><W> সুস্থ </W><W> হয়ে </W><W> গিয়েছেন। </W><W> পরিসংখ্যান </W><W> অনুযায়ী </W><W> দেখা </W><W> যাচ্ছে, </W><NATURAL_EVENT ID="71" TYPE="PANDEMIC"><EVENT-COREF-LINK EVENT_ID="63" ID="80" TYPE_REL="EVENT_COREF"/><W> মারণ </W><W> রোগে </W></NATURAL_EVENT><CASUALTIES-ARG ID="70"><LINK EVENT_ARG="71" ID="78" TYPE_REL="EVENT_ARG"/><W> মৃত্যুর </W><W> হার </W><W> ৪ </W><W> শতাংশ। </W></CASUALTIES-ARG></P><P><W> সংক্রমণের </W><W> ভয়ে </W><TIME-ARG ID="81"><LINK EVENT_ARG="71" ID="97" TYPE_REL="EVENT_ARG"/><W> এশিয়ার </W></TIME-ARG><AFTER_EFFECTS-ARG ID="82"><LINK EVENT_ARG="68" ID="98" TYPE_REL="EVENT_ARG"/><W> পর্যটন </W><W> শিল্পের </W><W> ক্ষয়ক্ষতি </W><W> ক্রমশ </W><W> বাড়ছে। </W></AFTER_EFFECTS-ARG><AFTER_EFFECTS-ARG ID="83"><LINK EVENT_ARG="71" ID="99" TYPE_REL="EVENT_ARG"/><W> মার </W><W> খাচ্ছে </W><W> অর্থনীতি। </W></AFTER_EFFECTS-ARG><PLACE-ARG ID="84"><LINK EVENT_ARG="71" ID="100" TYPE_REL="EVENT_ARG"/><W> আমেরিকা-সহ </W><W> কয়েকটি </W><W> দেশ </W></PLACE-ARG><W> নাগরিকদের </W><PLACE-ARG ID="85"><LINK EVENT_ARG="71" ID="105" TYPE_REL="EVENT_ARG"/><W> এশিয়ায় </W></PLACE-ARG><AFTER_EFFECTS-ARG ID="86"><LINK EVENT_ARG="71" ID="101" TYPE_REL="EVENT_ARG"/><W> যেতে </W><W> নিষেধ </W><W> করেছে। </W></AFTER_EFFECTS-ARG><PLACE-ARG ID="87"><LINK EVENT_ARG="71" ID="102" TYPE_REL="EVENT_ARG"/><W> অষ্ট্রেলিয়া </W></PLACE-ARG><W> নিষিদ্ধ </W><W> দেশের </W><W> তালিকায় </W><W> কানাডাকেও </W><W> রেখেছে। </W><W> আন্তর্জাতিক </W><W> স্তরের </W><W> একটি </W><W> বাণিজ্য </W><W> মেলা </W><W> থেকে </W><W> সুইজারল্যাণ্ড </W><W> হংকংকে </W><W> বাদ </W><W> দিয়েছে। </W><PLACE-ARG ID="90"><LINK EVENT_ARG="71" ID="103" TYPE_REL="EVENT_ARG"/><W> সংক্রমণ </W><W> বেশি </W><W> যে </W><W> সব </W><W> এশীয় </W><W> দেশে, </W></PLACE-ARG><W> সেগুলি </W><W> থেকে </W><W> আগত </W><AFTER_EFFECTS-ARG ID="91"><LINK EVENT_ARG="71" ID="104" TYPE_REL="EVENT_ARG"/><W> পর্যটকেরা </W><W> সবসময় </W><W> মুখোশ </W><W> ব্যবহার </W><W> না </W><W> করলে </W><W> শাস্তি </W><W> হিসাবে </W><W> ৬ </W><W> মাসের </W><W> কারাবাস </W><W> বা </W><W> জরিমানার </W><W> কথা </W><W> ঘোষণা </W><W> করেছে </W></AFTER_EFFECTS-ARG><PLACE-ARG ID="92"><LINK EVENT_ARG="71" ID="106" TYPE_REL="EVENT_ARG"/><W> তাইল্যাণ্ড। </W></PLACE-ARG><PLACE-ARG ID="93"><LINK EVENT_ARG="71" ID="107" TYPE_REL="EVENT_ARG"/><PLACE-ARG ID="94"><W> মালয়েশিয়া </W></PLACE-ARG></PLACE-ARG><W> সরকার </W><W> এই </W><W> সব </W><PLACE-ARG ID="96"><LINK EVENT_ARG="71" ID="108" TYPE_REL="EVENT_ARG"/><W> এশীয় </W><W> দেশ </W></PLACE-ARG><AFTER_EFFECTS-ARG ID="95"><LINK EVENT_ARG="71" ID="109" TYPE_REL="EVENT_ARG"/><W> থেকে </W><W> বিদেশী </W><W> কর্মী </W><W> আনা </W><W> সাময়িক </W><W> ভাবে </W><W> বন্ধ </W><W> রাখার </W><W> সিদ্ধান্ত </W><W> নিয়েছে। </W></AFTER_EFFECTS-ARG></P></DOCUMENT>