<?xml version="1.0" encoding="UTF-8"?>
<DOCUMENT><DESC></DESC><DESC/><TIME>1217</TIME><P><TIME-ARG ID="0"><LINK EVENT_ARG="1" ID="4" TYPE_REL="EVENT_ARG"/><W> ২২ </W><W> জ্যৈষ্ঠ </W><W> ১৪১০ </W><W> শুক্রবার </W><W> ৬ </W><W> জুন </W><W> ২০০৩ </W></TIME-ARG></P><P><MAN_MADE_EVENT ID="1" TYPE="SUICIDE_ATTACK"><EVENT-COREF-LINK EVENT_ID="39" ID="61" TYPE_REL="EVENT_COREF"/><W> আত্মঘাতী </W><W> হানা </W></MAN_MADE_EVENT><PLACE-ARG ID="2"><LINK EVENT_ARG="1" ID="5" TYPE_REL="EVENT_ARG"/><W> রাশিয়ায়, </W></PLACE-ARG><CASUALTIES-ARG ID="3"><LINK EVENT_ARG="1" ID="6" TYPE_REL="EVENT_ARG"/><W> নিহত </W><W> ১৭ </W></CASUALTIES-ARG><W> সংবাদসংস্থা </W><W> মস্কো </W><PLACE-ARG ID="8"><LINK EVENT_ARG="10" ID="18" TYPE_REL="EVENT_ARG"/><W> চেচনিয়ার </W><W> কাছে </W><W> রাশিয়ার </W><W> উত্তর </W><W> অসেসিয়া </W><W> অঞ্চলে </W></PLACE-ARG><PARTICIPANT-ARG ID="9"><LINK EVENT_ARG="10" ID="19" TYPE_REL="EVENT_ARG"/><W> একটি </W><W> বাসে </W></PARTICIPANT-ARG><MAN_MADE_EVENT ID="10" TYPE="SUICIDE_ATTACK"><EVENT-COREF-LINK EVENT_ID="1" ID="48" TYPE_REL="EVENT_COREF"/><W> আত্মঘাতী </W><W> হামলায় </W></MAN_MADE_EVENT><CASUALTIES-ARG ID="11"><LINK EVENT_ARG="10" ID="20" TYPE_REL="EVENT_ARG"/><W> রুশ </W><W> বিমান </W><W> বাহিনীর </W><W> অন্তত </W><W> ১৭ </W><W> জন </W><W> কর্মী </W><W> মারা </W><W> গিয়েছেন। </W></CASUALTIES-ARG><CASUALTIES-ARG ID="12"><LINK EVENT_ARG="10" ID="21" TYPE_REL="EVENT_ARG"/><W> জখম </W><W> আরও </W><W> ৯ </W><W> জন। </W></CASUALTIES-ARG><PARTICIPANT-ARG ID="13"><LINK EVENT_ARG="38" ID="43" TYPE_REL="EVENT_ARG"/><W> চিকিৎসকের </W><W> সাদা </W><W> পোশাক </W><W> পরে </W><W> এক </W><W> মহিলা </W><W> জঙ্গি </W></PARTICIPANT-ARG><MAN_MADE_EVENT ID="38" TYPE="SUICIDE_ATTACK"><EVENT-COREF-LINK EVENT_ID="10" ID="60" TYPE_REL="EVENT_COREF"/><W> এই </W><W> হামলাটি </W><W> চালায়। </W></MAN_MADE_EVENT><TIME-ARG ID="15"><LINK EVENT_ARG="39" ID="46" TYPE_REL="EVENT_ARG"/><W> গত </W><W> তিন </W><W> সপ্তাহে </W></TIME-ARG><W> এই </W><W> নিয়ে </W><W> তৃতীয় </W><W> বার </W><PARTICIPANT-ARG ID="16"><LINK EVENT_ARG="39" ID="47" TYPE_REL="EVENT_ARG"/><W> চেচেন </W><W> মহিলা </W><W> জঙ্গিরা </W></PARTICIPANT-ARG><W> রুশ </W><W> সেনার </W><W> উপর </W><MAN_MADE_EVENT ID="39" TYPE="SUICIDE_ATTACK"><W> আত্মঘাতী </W><W> হামলা </W><W> চালাল। </W></MAN_MADE_EVENT></P><P><W> বাসটি </W><W> মজদক </W><W> শহরের </W><W> একটি </W><W> বিমান </W><W> ঘাঁটি </W><W> থেকে </W><W> সেনাদের </W><W> নিয়ে </W><W> আরেকটি </W><W> বিমান </W><W> ঘাঁটির </W><W> দিকে </W><W> যাচ্ছিল। </W><W> পথে </W><W> একটি </W><PLACE-ARG ID="25"><LINK EVENT_ARG="38" ID="48" TYPE_REL="EVENT_ARG"/><W> রেল </W><W> ক্রসিংয়ে </W></PLACE-ARG><W> বাসটি </W><W> দাঁড়ায়। </W><W> সেই </W><W> সময় </W><PARTICIPANT-ARG ID="27"><LINK EVENT_ARG="40" ID="49" TYPE_REL="EVENT_ARG"/><W> ওই </W><W> মহিলা </W></PARTICIPANT-ARG><W> সাদা </W><W> পোশাক </W><W> পরে </W><W> এসে </W><W> বাসে </W><W> চাপে </W><W> এবং </W><W> তার </W><W> শরীরে </W><W> বাঁধা </W><MAN_MADE_EVENT ID="40" TYPE="SUICIDE_ATTACK"><EVENT-COREF-LINK EVENT_ID="38" ID="59" TYPE_REL="EVENT_COREF"/><W> বিস্ফোরক </W><W> উড়িয়ে </W><W> দেয়। </W></MAN_MADE_EVENT><W> ঘটনাস্থলেই </W><CASUALTIES-ARG ID="29"><LINK EVENT_ARG="40" ID="50" TYPE_REL="EVENT_ARG"/><W> প্রাণ </W><W> হারান </W><W> ৬ </W><W> জন </W><W> সেনা। </W></CASUALTIES-ARG><W> পরে </W><CASUALTIES-ARG ID="30"><LINK EVENT_ARG="40" ID="51" TYPE_REL="EVENT_ARG"/><W> আরও </W><W> ৯ </W><W> জন </W><W> হাসপাতালে </W><W> মারা </W><W> যান। </W></CASUALTIES-ARG><W> বাসটিতে </W><W> প্রায় </W><W> ৪০ </W><W> জন </W><W> যাত্রী </W><W> ছিলেন। </W><W> অন্য </W><W> সূত্রের </W><W> খবর, </W><W> ওই </W><W> জঙ্গি </W><W> বাসে </W><W> ওঠেনি। </W><W> বাসের </W><W> সামনে </W><W> এসেই </W><W> সে </W><MAN_MADE_EVENT ID="41" TYPE="SUICIDE_ATTACK"><EVENT-COREF-LINK EVENT_ID="40" ID="58" TYPE_REL="EVENT_COREF"/><W> বিস্ফোরণ </W><W> ঘটায়। </W></MAN_MADE_EVENT><MAN_MADE_EVENT ID="32" TYPE="TERRORIST_ATTACK"><EVENT-COREF-LINK EVENT_ID="41" ID="57" TYPE_REL="EVENT_COREF"/><W> সন্ত্রাসবাদী </W><W> হামলার </W></MAN_MADE_EVENT><W> ভয়ে </W><W> এমনিতেই </W><W> সেনা-বাসে </W><W> অন্য </W><W> যাত্রী </W><W> তোলা </W><W> নিষিদ্ধ। </W></P><P><PLACE-ARG ID="33"><LINK EVENT_ARG="42" ID="52" TYPE_REL="EVENT_ARG"/><W> রাশিয়ার </W></PLACE-ARG><W> ডেপুটি </W><W> প্রসিকিউটর </W><W> জেনারেল </W><W> জানিয়েছেন, </W><MAN_MADE_EVENT ID="42" TYPE="SUICIDE_ATTACK"><EVENT-COREF-LINK EVENT_ID="32" ID="56" TYPE_REL="EVENT_COREF"/><W> বিস্ফোরণে </W></MAN_MADE_EVENT><REASON-ARG ID="35"><LINK EVENT_ARG="42" ID="53" TYPE_REL="EVENT_ARG"/><W> মানব </W><W> বোমার </W><W> শরীর </W><W> ছিন্নভিন্ন </W><W> হয়ে </W><W> যাওয়ায়, </W></REASON-ARG><W> এখনও </W><W> পর্যন্ত </W><W> তাকে </W><W> শনাক্ত </W><W> করা </W><W> সম্ভব </W><W> হয়নি। </W><PARTICIPANT-ARG ID="36"><LINK EVENT_ARG="42" ID="54" TYPE_REL="EVENT_ARG"/><W> চেচেন </W><W> বিদ্রোহীদের </W></PARTICIPANT-ARG><W> সঙ্গে </W><W> প্রায় </W><W> এক </W><W> দশক </W><W> ব্যাপী </W><W> লড়াইয়ে </W><W> এই </W><PLACE-ARG ID="37"><LINK EVENT_ARG="42" ID="55" TYPE_REL="EVENT_ARG"/><W> মজদক </W><W> শহরই </W></PLACE-ARG><W> রুশ </W><W> সেনা </W><W> বাহিনীর </W><W> সদর </W><W> দফতর। </W></P></DOCUMENT>