<?xml version="1.0" encoding="UTF-8"?>
<DOCUMENT><DESC></DESC><DESC/><TIME>875</TIME><P><TIME-ARG ID="0"><LINK EVENT_ARG="3" ID="16" TYPE_REL="EVENT_ARG"/><W> ২৬ </W><W> চৈত্র </W><W> ১৪০৯ </W><W> বৃহস্পতিবার </W><W> ১০ </W><W> এপ্রিল </W><W> ২০০৩ </W></TIME-ARG></P><P><PLACE-ARG ID="1"><LINK EVENT_ARG="3" ID="17" TYPE_REL="EVENT_ARG"/><W> আফগানিস্তানে </W></PLACE-ARG><PARTICIPANT-ARG ID="2"><LINK EVENT_ARG="3" ID="18" TYPE_REL="EVENT_ARG"/><W> মার্কিন </W></PARTICIPANT-ARG><MAN_MADE_EVENT ID="3" TYPE="NORMAL_BOMBING"><W> বোমায় </W></MAN_MADE_EVENT><CASUALTIES-ARG ID="4"><LINK EVENT_ARG="3" ID="19" TYPE_REL="EVENT_ARG"/><W> নিহত </W><W> ১১ </W></CASUALTIES-ARG><W> সংবাদসংস্থা </W><W> বাগরাম </W><PARTICIPANT-ARG ID="5"><LINK EVENT_ARG="6" ID="20" TYPE_REL="EVENT_ARG"/><W> মার্কিন </W></PARTICIPANT-ARG><MAN_MADE_EVENT ID="6" TYPE="NORMAL_BOMBING"><EVENT-COREF-LINK EVENT_ID="3" ID="27" TYPE_REL="EVENT_COREF"/><W> বোমা </W></MAN_MADE_EVENT><W> লক্ষ্যভ্রষ্ট </W><W> হয়ে </W><PLACE-ARG ID="7"><LINK EVENT_ARG="6" ID="21" TYPE_REL="EVENT_ARG"/><W> পূর্ব </W><W> আফগানিস্তানের </W><W> একটি </W><W> বাড়িতে </W></PLACE-ARG><W> পড়ায় </W><CASUALTIES-ARG ID="8"><LINK EVENT_ARG="6" ID="22" TYPE_REL="EVENT_ARG"/><W> ৭ </W><W> মহিলা-সহ </W><W> মোট </W><W> ১১ </W><W> জন </W><W> সাধারণ </W><W> মানুষ </W><W> মারা </W><W> গিয়েছেন। </W></CASUALTIES-ARG><CASUALTIES-ARG ID="9"><LINK EVENT_ARG="6" ID="23" TYPE_REL="EVENT_ARG"/><W> একজন </W><W> গুরুতর </W><W> আহত। </W></CASUALTIES-ARG><PARTICIPANT-ARG ID="10"><LINK EVENT_ARG="6" ID="24" TYPE_REL="EVENT_ARG"/><W> মার্কিন </W><W> সেনাবাহিনীর </W></PARTICIPANT-ARG><PLACE-ARG ID="11"><LINK EVENT_ARG="6" ID="25" TYPE_REL="EVENT_ARG"/><W> বাগরাম </W><W> বিমানঘাঁটি </W></PLACE-ARG><W> থেকে </W><W> মার্কিন </W><W> সেনা-মুখপাত্র </W><W> ডগলাস </W><W> লেফর্জ </W><W> আজ </W><W> এই </W><W> খবর </W><W> জানিয়েছেন। </W><W> পাশাপাশি </W><W> তিনি </W><W> এই </W><W> কথাও </W><W> বলেন, </W><W> ইচ্ছে </W><W> করে </W><W> অসামরিক </W><W> এলাকায় </W><MAN_MADE_EVENT ID="54" TYPE="NORMAL_BOMBING"><EVENT-COREF-LINK EVENT_ID="6" ID="56" TYPE_REL="EVENT_COREF"/><W> বোমা </W></MAN_MADE_EVENT><W> ফেলেনি </W><W> জোট-শক্তির </W><W> যুদ্ধবিমান। </W><W> সাধারণ </W><W> মানুষজনকে </W><W> হত্যারও </W><W> কোনও </W><W> ইচ্ছে </W><W> ছিল </W><W> না </W><W> মার্কিন </W><W> সেনার। </W><W> লেফর্জ </W><W> জানান, </W><W> কাল </W><W> মাঝরাত </W><W> থেকে </W><W> তাঁরা </W><W> শত্রু </W><W> পক্ষের </W><W> ৫-১০ </W><W> জনকে </W><W> তাড়া </W><W> করছিলেন। </W><W> একটি </W><W> দলকে </W><W> লক্ষ </W><W> করে </W><W> হাজার </W><W> পাউণ্ডের </W><W> লেজার </W><MAN_MADE_EVENT ID="13" TYPE="NORMAL_BOMBING"><EVENT-COREF-LINK EVENT_ID="54" ID="55" TYPE_REL="EVENT_COREF"/><W> বোমা </W><W> ছোড়েন </W></MAN_MADE_EVENT><W> তাঁরা। </W><MAN_MADE_EVENT ID="15" TYPE="NORMAL_BOMBING"><EVENT-COREF-LINK EVENT_ID="13" ID="30" TYPE_REL="EVENT_COREF"/><W> এই </W><W> বোমাটিই </W></MAN_MADE_EVENT><W> লক্ষ্যভ্রষ্ট </W><W> হয়ে </W><W> বাড়ির </W><W> উপর </W><W> গিয়ে </W><W> পড়ে। </W></P><P><TIME-ARG ID="31"><LINK EVENT_ARG="36" ID="54" TYPE_REL="EVENT_ARG"/><W> ১১ </W><W> সেপ্টেম্বরের </W></TIME-ARG><W> ঘটনার </W><W> পর </W><W> থেকেই </W><PLACE-ARG ID="32"><LINK EVENT_ARG="36" ID="55" TYPE_REL="EVENT_ARG"/><W> আমেরিকা </W></PLACE-ARG><W> ও </W><W> সন্ত্রাস-বিরোধী </W><W> জোট </W><PLACE-ARG ID="33"><LINK EVENT_ARG="36" ID="56" TYPE_REL="EVENT_ARG"/><W> আফগানিস্তানে </W></PLACE-ARG><REASON-ARG ID="35"><LINK EVENT_ARG="36" ID="57" TYPE_REL="EVENT_ARG"/><W> আল-কায়দা </W><W> জঙ্গিদের </W><W> সন্ধানে </W></REASON-ARG><W> গোটা </W><PLACE-ARG ID="34"><LINK EVENT_ARG="36" ID="58" TYPE_REL="EVENT_ARG"/><W> আফগানিস্তানে </W></PLACE-ARG><MAN_MADE_EVENT ID="36" TYPE="SURGICAL_STRIKES"><W> অভিযান </W></MAN_MADE_EVENT><W> চালাচ্ছে </W><PARTICIPANT-ARG ID="37"><LINK EVENT_ARG="36" ID="59" TYPE_REL="EVENT_ARG"/><W> সন্ত্রাস-বিরোধী </W><W> জোটের </W><W> প্রায় </W><W> সাড়ে </W><W> এগারো </W><W> হাজার </W><W> সেনা। </W></PARTICIPANT-ARG><W> এর </W><W> আগে </W><TIME-ARG ID="38"><LINK EVENT_ARG="41" ID="60" TYPE_REL="EVENT_ARG"/><W> ফেব্রুয়ারিতে </W></TIME-ARG><PLACE-ARG ID="39"><LINK EVENT_ARG="41" ID="61" TYPE_REL="EVENT_ARG"/><W> হেলমন্দ </W><W> প্রদেশে </W></PLACE-ARG><REASON-ARG ID="40"><LINK EVENT_ARG="41" ID="62" TYPE_REL="EVENT_ARG"/><W> তালিবান </W><W> যোদ্ধারা </W><W> লুকিয়ে </W><W> রয়েছে </W></REASON-ARG><W> এই </W><W> সন্দেহে </W><W> একটি </W><W> পাহাড়ি </W><W> ঘাঁটিতে </W><MAN_MADE_EVENT ID="41" TYPE="NORMAL_BOMBING"><W> বোমা </W><W> ছুড়ে </W></MAN_MADE_EVENT><CASUALTIES-ARG ID="42"><LINK EVENT_ARG="41" ID="63" TYPE_REL="EVENT_ARG"/><W> ১৭ </W><W> জন </W><W> সাধারণ </W><W> মানুষকে </W><W> হত্যা </W><W> করে </W></CASUALTIES-ARG><PARTICIPANT-ARG ID="43"><LINK EVENT_ARG="41" ID="64" TYPE_REL="EVENT_ARG"/><W> আমেরিকা </W></PARTICIPANT-ARG><W> ও </W><PARTICIPANT-ARG ID="44"><LINK EVENT_ARG="41" ID="65" TYPE_REL="EVENT_ARG"/><W> মিত্র </W></PARTICIPANT-ARG><W> জোট। </W><PLACE-ARG ID="45"><LINK EVENT_ARG="41" ID="66" TYPE_REL="EVENT_ARG"/><W> আফগানিস্তানের </W></PLACE-ARG><W> তরফে </W><W> এই </W><W> কথা </W><W> বলা </W><W> হলেও </W><PLACE-ARG ID="46"><LINK EVENT_ARG="41" ID="67" TYPE_REL="EVENT_ARG"/><W> আমেরিকা </W></PLACE-ARG><W> অবশ্য </W><W> জানায়, </W><CASUALTIES-ARG ID="47"><LINK EVENT_ARG="41" ID="68" TYPE_REL="EVENT_ARG"/><W> মাত্র </W><W> ১ </W><W> জন </W><W> মারা </W><W> গিয়েছেন। </W></CASUALTIES-ARG><TIME-ARG ID="48"><LINK EVENT_ARG="50" ID="69" TYPE_REL="EVENT_ARG"/><W> গত </W><W> জুলাই </W><W> মাসে </W></TIME-ARG><PLACE-ARG ID="49"><LINK EVENT_ARG="50" ID="70" TYPE_REL="EVENT_ARG"/><W> দে </W><W> রাউদ </W><W> শহরে </W><W> একটি </W><W> বিয়েবাড়িতে </W></PLACE-ARG><MAN_MADE_EVENT ID="50" TYPE="SHOOT_OUT"><W> গানশিপ </W><W> চালিয়ে </W></MAN_MADE_EVENT><CASUALTIES-ARG ID="51"><LINK EVENT_ARG="50" ID="71" TYPE_REL="EVENT_ARG"/><W> ৪৮ </W><W> নিরীহ </W><W> মানুষকে </W><W> খুন </W><W> করে </W></CASUALTIES-ARG><PARTICIPANT-ARG ID="52"><LINK EVENT_ARG="50" ID="72" TYPE_REL="EVENT_ARG"/><W> আমেরিকা </W></PARTICIPANT-ARG><W> ও </W><PARTICIPANT-ARG ID="53"><LINK EVENT_ARG="50" ID="73" TYPE_REL="EVENT_ARG"/><W> মিত্র </W><W> জোট। </W></PARTICIPANT-ARG></P><P><W> পুলিশের </W><W> কারাদণ্ড: </W><W> এক </W><W> ভারতীয় </W><W> ব্যবসায়ীর </W><W> কাছ </W><W> থেকে </W><W> তোলা </W><W> আদায়ের </W><W> অপরাধে </W><W> কাল </W><W> ৮ </W><W> জন </W><W> পুলিশের </W><W> ৪ </W><W> বছর </W><W> কারাদণ্ড </W><W> হয়েছে। </W></P></DOCUMENT>