<?xml version="1.0" encoding="UTF-8"?>
<DOCUMENT><DESC></DESC><DESC/><TIME>4479</TIME><P><TIME-ARG ID="0"><LINK EVENT_ARG="53" ID="58" TYPE_REL="EVENT_ARG"/><W> ২২ </W><W> ফাল্গুন </W><W> ১৪০৯ </W><W> শুক্রবার </W><W> ৭ </W><W> মার্চ </W><W> ২০০৩ </W></TIME-ARG></P><P><MAN_MADE_EVENT ID="53" TYPE="SHOOT_OUT"><ASSOCIATED-EVENT-LINK EVENT_ID="22" ID="80" TYPE_REL="ASSOCIATED_EVENT"/><W> ইজরায়েলি </W><W> হানা, </W></MAN_MADE_EVENT><PLACE-ARG ID="3"><LINK EVENT_ARG="53" ID="56" TYPE_REL="EVENT_ARG"/><W> গাজায় </W></PLACE-ARG><CASUALTIES-ARG ID="4"><LINK EVENT_ARG="53" ID="57" TYPE_REL="EVENT_ARG"/><W> হত </W><W> ১১ </W></CASUALTIES-ARG><W> সংবাদসংস্থা </W><W> জেরুসালেম </W><PARTICIPANT-ARG ID="5"><LINK EVENT_ARG="52" ID="59" TYPE_REL="EVENT_ARG"/><W> ইজরায়েলি </W></PARTICIPANT-ARG><MAN_MADE_EVENT ID="52" TYPE="SHOOT_OUT"><EVENT-COREF-LINK EVENT_ID="53" ID="78" TYPE_REL="EVENT_COREF"/><W> ট্যাংকের </W><W> গোলায় </W></MAN_MADE_EVENT><PLACE-ARG ID="7"><LINK EVENT_ARG="52" ID="60" TYPE_REL="EVENT_ARG"/><W> গাজা </W><W> ভূখণ্ডে </W></PLACE-ARG><CASUALTIES-ARG ID="8"><LINK EVENT_ARG="52" ID="61" TYPE_REL="EVENT_ARG"/><W> ১১ </W><W> জন </W><W> মারা </W><W> গিয়েছেন, </W></CASUALTIES-ARG><CASUALTIES-ARG ID="9"><LINK EVENT_ARG="52" ID="62" TYPE_REL="EVENT_ARG"/><W> আহত </W><W> হয়েছেন </W><W> ১৪০ </W><W> জন। </W></CASUALTIES-ARG><TIME-ARG ID="18"><LINK EVENT_ARG="22" ID="24" TYPE_REL="EVENT_ARG"/><W> কাল </W></TIME-ARG><PLACE-ARG ID="20"><LINK EVENT_ARG="22" ID="25" TYPE_REL="EVENT_ARG"/><W> ইজরায়েলের </W><W> হাইফা </W><W> বন্দর </W><W> শহরে </W><W> একটি </W><W> বাসে </W></PLACE-ARG><PARTICIPANT-ARG ID="21"><LINK EVENT_ARG="22" ID="26" TYPE_REL="EVENT_ARG"/><W> প্যালেস্তাইনি </W><W> জঙ্গি </W><W> সংগঠন </W><W> হামাসের </W></PARTICIPANT-ARG><MAN_MADE_EVENT ID="22" TYPE="SUICIDE_ATTACK"><W> মানব-বোমা </W><W> বিস্ফোরণে </W></MAN_MADE_EVENT><CASUALTIES-ARG ID="23"><LINK EVENT_ARG="22" ID="27" TYPE_REL="EVENT_ARG"/><W> ১৫ </W><W> জনের </W><W> মৃত্যু </W><W> হয়েছিল। </W></CASUALTIES-ARG><REASON-ARG ID="28"><LINK EVENT_ARG="32" ID="33" TYPE_REL="EVENT_ARG"/><W> তার </W><W> বদলা </W><W> নিতে </W></REASON-ARG><TIME-ARG ID="29"><LINK EVENT_ARG="32" ID="34" TYPE_REL="EVENT_ARG"/><W> আজ </W></TIME-ARG><PLACE-ARG ID="30"><LINK EVENT_ARG="32" ID="35" TYPE_REL="EVENT_ARG"/><W> গাজার </W><W> জাবালিয়া </W><W> উদ্বাস্তু </W><W> শিবিরে </W></PLACE-ARG><PARTICIPANT-ARG ID="31"><LINK EVENT_ARG="32" ID="36" TYPE_REL="EVENT_ARG"/><W> ইজরায়েল </W></PARTICIPANT-ARG><MAN_MADE_EVENT ID="32" TYPE="SHOOT_OUT"><EVENT-COREF-LINK EVENT_ID="52" ID="77" TYPE_REL="EVENT_COREF"/><W> হামলা </W><W> চালায়। </W></MAN_MADE_EVENT><W> নিরীহ </W><W> প্যালেস্তিনীয় </W><W> মৃত্যুতে </W><W> মার্কিন </W><W> প্রেসিডেন্ট </W><W> জর্জ </W><W> বুশ </W><W> উদ্বিগ্ন। </W><W> হোয়াইট </W><W> হাউসের </W><W> মুখপাত্র </W><W> অরি </W><W> ফ্লেশার </W><W> বলেছেন, </W><TIME-ARG ID="55"><LINK EVENT_ARG="54" ID="63" TYPE_REL="EVENT_ARG"/><W> ‘আজকের </W></TIME-ARG><MAN_MADE_EVENT ID="54" TYPE="SHOOT_OUT"><EVENT-COREF-LINK EVENT_ID="32" ID="76" TYPE_REL="EVENT_COREF"/><W> আক্রমণে </W></MAN_MADE_EVENT><W> স্পষ্টতই </W><CASUALTIES-ARG ID="40"><LINK EVENT_ARG="54" ID="64" TYPE_REL="EVENT_ARG"/><W> অনেক </W><W> নিরীহ </W><W> প্যালেস্তিনীয় </W><W> হতাহত </W><W> হয়েছেন। </W></CASUALTIES-ARG><W> প্রেসিডেন্ট </W><W> এতে </W><W> উদ্বিগ্ন।’ </W><W> তিনি </W><W> বলতে </W><W> ছাড়েননি, </W><PARTICIPANT-ARG ID="42"><LINK EVENT_ARG="44" ID="46" TYPE_REL="EVENT_ARG"/><W> ‘জঙ্গিদের </W></PARTICIPANT-ARG><MAN_MADE_EVENT ID="44" TYPE="SUICIDE_ATTACK"><EVENT-COREF-LINK EVENT_ID="22" ID="48" TYPE_REL="EVENT_COREF"/><W> হামলায় </W></MAN_MADE_EVENT><CASUALTIES-ARG ID="45"><LINK EVENT_ARG="44" ID="47" TYPE_REL="EVENT_ARG"/><W> অনেক </W><W> ইজরায়েলির </W><W> মৃত্যু </W><W> হয়েছে। </W></CASUALTIES-ARG><W> আত্মরক্ষার </W><W> অধিকার </W><W> ইজরায়েলের </W><W> আছে।’ </W></P><P><PARTICIPANT-ARG ID="68"><LINK EVENT_ARG="65" ID="70" TYPE_REL="EVENT_ARG"/><W> ইজরায়েলি </W><W> হেলিকপ্টার </W></PARTICIPANT-ARG><W> গানশিপ </W><W> থেকে </W><PARTICIPANT-ARG ID="67"><LINK EVENT_ARG="65" ID="71" TYPE_REL="EVENT_ARG"/><W> মেশিনগানের </W></PARTICIPANT-ARG><MAN_MADE_EVENT ID="65" TYPE="SHOOT_OUT"><EVENT-COREF-LINK EVENT_ID="54" ID="75" TYPE_REL="EVENT_COREF"/><W> গুলি </W><W> ছিটিয়ে </W><W> দেওয়া </W><W> হয়। </W></MAN_MADE_EVENT><W> তার </W><W> পর </W><MAN_MADE_EVENT ID="66" TYPE="SHOOT_OUT"><EVENT-COREF-LINK EVENT_ID="65" ID="74" TYPE_REL="EVENT_COREF"/><W> গোলা </W><W> ছুড়তে </W><W> ছুড়তে </W><W> ঢোকে </W></MAN_MADE_EVENT><PARTICIPANT-ARG ID="69"><LINK EVENT_ARG="66" ID="72" TYPE_REL="EVENT_ARG"/><W> ট্যাংক। </W></PARTICIPANT-ARG><W> প্রথম </W><W> গোলার </W><W> আঘাতে </W><AFTER_EFFECTS-ARG ID="51"><LINK EVENT_ARG="66" ID="73" TYPE_REL="EVENT_ARG"/><W> একটি </W><W> বাড়িতে </W><W> আগুন </W><W> ধরে </W><W> যায়। </W></AFTER_EFFECTS-ARG></P></DOCUMENT>