<?xml version="1.0" encoding="UTF-8"?>
<DOCUMENT><DESC/><DESC/><TIME>3812</TIME><P><TIME-ARG ID="0"><LINK EVENT_ARG="2" ID="4" TYPE_REL="EVENT_ARG"/><W> ৬ </W><W> ফাল্গুন </W><W> ১৪০৯ </W><W> বুধবার </W><W> ১৯ </W><W> ফেব্রুয়ারি </W><W> ২০০৩ </W></TIME-ARG></P><P><PLACE-ARG ID="1"><LINK EVENT_ARG="2" ID="5" TYPE_REL="EVENT_ARG"/><W> দক্ষিণ </W><W> কোরিয়ায় </W><W> পাতাল </W><W> রেলে </W></PLACE-ARG><MAN_MADE_EVENT ID="2" TYPE="FIRE"><W> আগুন </W><W> ধরিয়ে </W><W> দেওয়ায় </W></MAN_MADE_EVENT><CASUALTIES-ARG ID="3"><LINK EVENT_ARG="2" ID="6" TYPE_REL="EVENT_ARG"/><W> হত </W><W> ১৩৪ </W></CASUALTIES-ARG><W> সংবাদসংস্থা </W><W> তায়গু, </W><W> (দঃ </W><W> কোরিয়া) </W></P><P><PLACE-ARG ID="7"><LINK EVENT_ARG="2" ID="11" TYPE_REL="EVENT_ARG"/><W> দক্ষিণ </W><W> কোরিয়ার </W><W> দেগু </W><W> শহরে </W></PLACE-ARG><W> অভিশপ্ত </W><W> মেট্রো </W><W> রেলের </W><W> সামনে </W><W> নিহতদের </W><W> পরিজনেরা </W><W> অপেক্ষা </W><W> করছেন। </W><W> ছবি: </W><W> এ </W><W> এফ </W><W> পি </W><W> শহরের </W><PLACE-ARG ID="8"><LINK EVENT_ARG="9" ID="12" TYPE_REL="EVENT_ARG"/><W> পাতালরেলে </W></PLACE-ARG><MAN_MADE_EVENT ID="9" TYPE="FIRE"><EVENT-COREF-LINK EVENT_ID="2" ID="13" TYPE_REL="EVENT_COREF"/><W> আগুন </W><W> ধরিয়ে </W><W> দেওয়ায় </W></MAN_MADE_EVENT><CASUALTIES-ARG ID="14"><LINK EVENT_ARG="9" ID="15" TYPE_REL="EVENT_ARG"/><W> ১৩৪ </W><W> জনেরও </W><W> বেশি </W><W> যাত্রী </W><W> পুড়ে </W><W> মারা </W><W> গিয়েছেন। </W></CASUALTIES-ARG><W> ঘটনাস্থল </W><PLACE-ARG ID="16"><LINK EVENT_ARG="9" ID="17" TYPE_REL="EVENT_ARG"/><W> রাজধানী </W><W> সোল </W><W> থেকে </W><W> ৩২০ </W><W> কিলোমিটার </W><W> দক্ষিণ-পূর্বে। </W></PLACE-ARG><MAN_MADE_EVENT ID="18" TYPE="FIRE"><EVENT-COREF-LINK EVENT_ID="9" ID="26" TYPE_REL="EVENT_COREF"/><W> আগুন </W></MAN_MADE_EVENT><W> ও </W><AFTER_EFFECTS-ARG ID="19"><LINK EVENT_ARG="18" ID="22" TYPE_REL="EVENT_ARG"/><W> দমবন্ধ </W><W> করা </W><W> গ্যাসে </W><W> বহু </W><W> নিখোঁজ, </W></AFTER_EFFECTS-ARG><AFTER_EFFECTS-ARG ID="20"><LINK EVENT_ARG="18" ID="24" TYPE_REL="EVENT_ARG"/><W> অনেকে </W><W> এখনও </W><W> আটক </W></AFTER_EFFECTS-ARG><PLACE-ARG ID="21"><LINK EVENT_ARG="18" ID="25" TYPE_REL="EVENT_ARG"/><W> জ্বলন্ত </W><W> ট্রেনে। </W></PLACE-ARG><CASUALTIES-ARG ID="27"><LINK EVENT_ARG="18" ID="28" TYPE_REL="EVENT_ARG"/><W> আহত </W><W> যাত্রীর </W><W> সংখ্যা </W><W> শতাধিক। </W></CASUALTIES-ARG><PLACE-ARG ID="29"><LINK EVENT_ARG="18" ID="31" TYPE_REL="EVENT_ARG"/><W> সাবওয়ের </W></PLACE-ARG><W> মধ্যে </W><AFTER_EFFECTS-ARG ID="30"><LINK EVENT_ARG="18" ID="32" TYPE_REL="EVENT_ARG"/><W> প্রচণ্ড </W><W> তাপ </W><W> ও </W><W> বিষাক্ত </W><W> ধোঁয়ার </W><W> জন্য </W><W> উদ্ধার </W><W> কাজ </W><W> শুরু </W><W> করতে </W><W> প্রায় </W><W> ৬ </W><W> ঘণ্টা </W><W> দেরি </W><W> হয়। </W></AFTER_EFFECTS-ARG><W> ৬৬টি </W><W> দমকলের </W><W> গাড়ি </W><W> বহু </W><W> চেষ্টায় </W><MAN_MADE_EVENT ID="33" TYPE="FIRE"><EVENT-COREF-LINK EVENT_ID="18" ID="35" TYPE_REL="EVENT_COREF"/><W> আগুন </W></MAN_MADE_EVENT><W> নিয়ন্ত্রণে </W><W> আনলে </W><AFTER_EFFECTS-ARG ID="34"><LINK EVENT_ARG="33" ID="36" TYPE_REL="EVENT_ARG"/><W> গ্যাস-মুখোশ </W><W> পরে </W><W> দমকল </W><W> কর্মীরা </W><W> মৃতদেহ </W><W> উদ্ধারের </W><W> কাজ </W><W> শুরু </W><W> করেন। </W></AFTER_EFFECTS-ARG><MAN_MADE_EVENT ID="37" TYPE="FIRE"><EVENT-COREF-LINK EVENT_ID="33" ID="39" TYPE_REL="EVENT_COREF"/><W> আগুন </W></MAN_MADE_EVENT><W> লাগার </W><W> সময় </W><W> দু’টি </W><W> ট্রেনে </W><W> প্রায় </W><W> ৬০০ </W><W> যাত্রী </W><W> ছিলেন। </W><W> সাম্প্রতিক </W><W> অতীতে </W><W> নাশকতামূলক </W><MAN_MADE_EVENT ID="41" TYPE="TRAIN_COLLISION"><W> রেল </W><W> দুর্ঘটনার </W></MAN_MADE_EVENT><W> মধ্যে </W><MAN_MADE_EVENT ID="42" TYPE="FIRE"><EVENT-COREF-LINK EVENT_ID="37" ID="43" TYPE_REL="EVENT_COREF"/><W> এটাই </W></MAN_MADE_EVENT><W> সবচেয়ে </W><W> ভয়াবহ। </W></P><P><PLACE-ARG ID="44"><LINK EVENT_ARG="42" ID="46" TYPE_REL="EVENT_ARG"/><W> সাবওয়েতে </W><W> ঢোকার </W><W> রাস্তাটি </W></PLACE-ARG><AFTER_EFFECTS-ARG ID="45"><LINK EVENT_ARG="42" ID="91" TYPE_REL="EVENT_ARG"/><W> বিষাক্ত </W><W> কালো </W><W> ধোঁয়ায় </W><W> ঢেকে </W><W> গিয়েছে। </W></AFTER_EFFECTS-ARG><W> প্রত্যক্ষদর্শীদের </W><W> উদ্ধৃত </W><W> করে </W><W> কোরীয় </W><W> সংবাদসংস্থা </W><W> ইয়নহাপ </W><W> জানিয়েছে, </W><W> স্থানীয় </W><W> সময় </W><TIME-ARG ID="48"><LINK EVENT_ARG="42" ID="51" TYPE_REL="EVENT_ARG"/><W> সকাল </W><W> দশটা </W><W> নাগাদ </W></TIME-ARG><W> অজ্ঞাত </W><W> পরিচয় </W><PARTICIPANT-ARG ID="49"><LINK EVENT_ARG="42" ID="52" TYPE_REL="EVENT_ARG"/><W> এক </W><W> মাঝবয়সী </W><W> ব্যক্তি </W></PARTICIPANT-ARG><REASON-ARG ID="50"><LINK EVENT_ARG="42" ID="53" TYPE_REL="EVENT_ARG"/><W> একটি </W><W> প্লাস্টিকের </W><W> পাত্র </W><W> ভর্তি </W><W> কোনও </W><W> দাহ্য </W><W> পদার্থে </W><W> আগুন </W><W> লাগিয়ে </W><W> ট্রেনের </W><W> মধ্যে </W><W> ছুড়ে </W><W> দেয়। </W></REASON-ARG><W> ট্রেন </W><W> তখন </W><PLACE-ARG ID="54"><LINK EVENT_ARG="42" ID="59" TYPE_REL="EVENT_ARG"/><W> প্ল্যাটফর্ম </W></PLACE-ARG><W> ছেড়ে </W><W> বেরিয়ে </W><W> পড়েছে, </W><W> বেশির </W><W> ভাগ </W><W> দরজাই </W><W> ছিল </W><W> বন্ধ। </W><W> ওই </W><W> একই </W><W> সময় </W><PLACE-ARG ID="55"><LINK EVENT_ARG="42" ID="60" TYPE_REL="EVENT_ARG"/><W> প্ল্যাটফর্মে </W></PLACE-ARG><W> আর </W><W> একটি </W><W> ট্রেন </W><W> এসে </W><W> দাঁড়ায়। </W><PLACE-ARG ID="56"><LINK EVENT_ARG="42" ID="61" TYPE_REL="EVENT_ARG"/><W> বন্ধ </W><W> কামরায় </W></PLACE-ARG><REASON-ARG ID="57"><LINK EVENT_ARG="42" ID="62" TYPE_REL="EVENT_ARG"/><W> শ্বাসরুদ্ধ </W><W> হয়ে </W></REASON-ARG><CASUALTIES-ARG ID="58"><LINK EVENT_ARG="42" ID="63" TYPE_REL="EVENT_ARG"/><W> বহু </W><W> যাত্রী </W><W> মারা </W><W> যান। </W></CASUALTIES-ARG><PARTICIPANT-ARG ID="65"><LINK EVENT_ARG="42" ID="68" TYPE_REL="EVENT_ARG"/><W> সন্দেহভাজন </W><W> লোকটিকে </W></PARTICIPANT-ARG><CASUALTIES-ARG ID="66"><LINK EVENT_ARG="42" ID="69" TYPE_REL="EVENT_ARG"/><W> গুরুতর </W><W> আহত </W><W> অবস্থায় </W></CASUALTIES-ARG><AFTER_EFFECTS-ARG ID="67"><LINK EVENT_ARG="42" ID="70" TYPE_REL="EVENT_ARG"/><W> গ্রেফতার </W><W> করেছে </W><W> পুলিশ। </W></AFTER_EFFECTS-ARG><W> প্রত্যক্ষদর্শীরা </W><W> জানিয়েছেন, </W><W> যাত্রীদের </W><W> অনেকেই </W><W> আততায়ীকে </W><W> বাধা </W><W> দেওয়ার </W><W> চেষ্টা </W><W> করেন। </W><W> তার </W><W> উদ্দেশ্য </W><W> সম্পর্কে </W><W> কিছু </W><W> জানা </W><W> যায়নি। </W><W> তবে </W><W> শহরের </W><W> মেয়র </W><W> জানিয়েছেন, </W><W> লোকটি </W><W> মানসিক </W><W> ভাবে </W><W> অসুস্থ। </W><AFTER_EFFECTS-ARG ID="71"><LINK EVENT_ARG="42" ID="73" TYPE_REL="EVENT_ARG"/><W> আহতদের </W><W> বেশির </W><W> ভাগই </W><W> শ্বাসরুদ্ধ </W><W> হয়ে </W><W> হাসপাতালে </W><W> ভর্তি। </W></AFTER_EFFECTS-ARG><AFTER_EFFECTS-ARG ID="72"><LINK EVENT_ARG="42" ID="74" TYPE_REL="EVENT_ARG"/><W> ঝলসে </W><W> যাওয়া </W><W> মৃতদেহগুলি </W><W> সনাক্ত </W><W> করা </W><W> যাচ্ছে </W><W> না। </W></AFTER_EFFECTS-ARG><W> ডি </W><W> এন </W><W> এ </W><W> পরীক্ষার </W><W> মাধ্যমে </W><W> এঁদের </W><W> পরিচয় </W><W> জানা </W><W> হবে। </W></P><P><W> দক্ষিণ </W><W> কোরিয়ার </W><W> প্রেসিডেন্ট </W><W> কিম </W><W> দে </W><W> ইয়ং </W><W> নিহতদের </W><W> পরিবারের </W><W> প্রতি </W><W> সমবেদনা </W><W> জানিয়েছেন। </W><W> যে </W><W> যাত্রীরা </W><W> এখনও </W><W> আটকে </W><W> আছেন </W><W> জ্বলন্ত </W><W> ট্রেনটির </W><W> মধ্যে, </W><W> তাঁদের </W><W> দ্রুত </W><W> উদ্ধার </W><W> না </W><W> করা </W><W> গেলে </W><W> পরিস্থিতি </W><W> ভয়াবহ </W><W> হয়ে </W><W> দাঁড়াবে </W><W> বলে </W><W> মনে </W><W> করছে </W><W> পুলিশ। </W><W> এর </W><W> আগে </W><TIME-ARG ID="75"><LINK EVENT_ARG="78" ID="80" TYPE_REL="EVENT_ARG"/><W> ১৯৯৫ </W><W> সালে </W></TIME-ARG><PLACE-ARG ID="76"><LINK EVENT_ARG="78" ID="81" TYPE_REL="EVENT_ARG"/><W> এই </W><W> সাবওয়েতেই </W></PLACE-ARG><MAN_MADE_EVENT ID="78" TYPE="NORMAL_BOMBING"><W> গ্যাস </W><W> বিস্ফোরণে </W></MAN_MADE_EVENT><CASUALTIES-ARG ID="79"><LINK EVENT_ARG="78" ID="82" TYPE_REL="EVENT_ARG"/><W> শতাধিক </W><W> মানুষ </W><W> মারা </W><W> গিয়েছিলেন। </W></CASUALTIES-ARG><W> ’৯৫ </W><W> সালে </W><W> টোকিওর </W><W> পাতালরেলে </W><W> নার্ভ </W><W> গ্যাস </W><W> ছড়িয়ে </W><W> ১২জনকে </W><W> হত্যা </W><W> করে </W><W> জাপানের </W><W> এক </W><W> ধর্মীয় </W><W> সংগঠন। </W><TIME-ARG ID="83"><LINK EVENT_ARG="85" ID="87" TYPE_REL="EVENT_ARG"/><W> ’৯৬ </W><W> সালে </W></TIME-ARG><PLACE-ARG ID="84"><LINK EVENT_ARG="85" ID="88" TYPE_REL="EVENT_ARG"/><W> মস্কোর </W><W> পাতালরেল </W><W> স্টেশনে </W></PLACE-ARG><MAN_MADE_EVENT ID="85" TYPE="NORMAL_BOMBING"><W> বিস্ফোরণে </W></MAN_MADE_EVENT><CASUALTIES-ARG ID="86"><LINK EVENT_ARG="85" ID="89" TYPE_REL="EVENT_ARG"/><W> মারা </W><W> যান </W><W> বেশ </W><W> কিছু </W><W> মানুষ। </W></CASUALTIES-ARG></P><P><W> ট্রেনে </W><W> আটক </W><W> যাত্রীদের </W><W> অনেকে </W><W> মোবাইল </W><W> ফোনে </W><W> বাড়ির </W><W> সঙ্গে </W><W> যোগাযোগ </W><W> করতে </W><W> পেরেছেন। </W><W> এঁদেরই </W><W> এক </W><W> জন </W><W> ২১ </W><W> বছরের </W><W> তরুণী </W><W> কিম </W><W> ইয়ং </W><W> জু। </W><W> জ্বলন্ত </W><W> ট্রেন </W><W> থেকে </W><W> মাকে </W><W> ফোনে </W><W> তিনি </W><W> জানাতে </W><W> পেরেছিলেন </W><W> যে </W><W> ট্রেনে </W><MAN_MADE_EVENT ID="90" TYPE="FIRE"><EVENT-COREF-LINK EVENT_ID="42" ID="91" TYPE_REL="EVENT_COREF"/><W> আগুন </W><W> লেগেছে, </W></MAN_MADE_EVENT><W> কিন্তু </W><W> দরজা </W><W> খোলা </W><W> যাচ্ছে </W><W> না। </W><W> উৎকণ্ঠিত </W><W> আত্মীয়দের </W><W> ভিড়ে </W><W> কিমের </W><W> মা-ও </W><W> আছেন। </W><W> সবার </W><W> একটাই </W><W> প্রার্থনা, </W><W> অক্ষত </W><W> ফিরে </W><W> আসুন </W><W> প্রিয়জনেরা। </W></P></DOCUMENT>