<?xml version="1.0" encoding="UTF-8"?>
<DOCUMENT><DESC></DESC><DESC/><TIME>3863</TIME><P><TIME-ARG ID="0"><LINK EVENT_ARG="6" ID="8" TYPE_REL="EVENT_ARG"/><W> ২৫ </W><W> অগ্রহায়ণ </W><W> ১৪১০ </W><W> বৃহস্পতিবার </W><W> ১১ </W><W> ডিসেম্বর </W><W> ২০০৩ </W></TIME-ARG></P><P><PLACE-ARG ID="1"><LINK EVENT_ARG="6" ID="9" TYPE_REL="EVENT_ARG"/><W> আফগানিস্তানে </W></PLACE-ARG><W> ফের </W><CASUALTIES-ARG ID="2"><LINK EVENT_ARG="6" ID="10" TYPE_REL="EVENT_ARG"/><W> ৬ </W><W> শিশুর </W><W> মৃত্যু </W></CASUALTIES-ARG><W> সংবাদসংস্থা </W><W> কাবুল </W><W> আবারও </W><W> শিশু </W><W> হত্যার </W><W> খবর </W><W> পাওয়া </W><W> গেল </W><PLACE-ARG ID="3"><LINK EVENT_ARG="6" ID="14" TYPE_REL="EVENT_ARG"/><W> আফগানিস্তানে। </W></PLACE-ARG><W> এ </W><W> বার </W><PLACE-ARG ID="4"><LINK EVENT_ARG="6" ID="15" TYPE_REL="EVENT_ARG"/><W> দক্ষিণ-পূর্ব </W><W> আফগানিস্তানে </W></PLACE-ARG><PARTICIPANT-ARG ID="5"><LINK EVENT_ARG="6" ID="16" TYPE_REL="EVENT_ARG"/><W> মার্কিন </W><W> সেনাবাহিনীর </W></PARTICIPANT-ARG><MAN_MADE_EVENT ID="6" TYPE="SURGICAL_STRIKES"><W> হামলায় </W></MAN_MADE_EVENT><CASUALTIES-ARG ID="7"><LINK EVENT_ARG="6" ID="17" TYPE_REL="EVENT_ARG"/><W> নিহত </W><W> হলেন </W><W> ছয় </W><W> শিশু-সহ </W><W> মোট </W><W> আট </W><W> জন। </W></CASUALTIES-ARG><TIME-ARG ID="18"><LINK EVENT_ARG="22" ID="24" TYPE_REL="EVENT_ARG"/><W> ক’দিন </W><W> আগেই </W></TIME-ARG><PLACE-ARG ID="19"><LINK EVENT_ARG="22" ID="25" TYPE_REL="EVENT_ARG"/><W> গজনিতে </W></PLACE-ARG><PARTICIPANT-ARG ID="21"><LINK EVENT_ARG="22" ID="26" TYPE_REL="EVENT_ARG"/><W> আমেরিকার </W><W> সেনাবাহিনীর </W></PARTICIPANT-ARG><MAN_MADE_EVENT ID="22" TYPE="SURGICAL_STRIKES"><W> হামলায় </W></MAN_MADE_EVENT><CASUALTIES-ARG ID="23"><LINK EVENT_ARG="22" ID="27" TYPE_REL="EVENT_ARG"/><W> ৯ </W><W> শিশু-মৃত্যুর </W></CASUALTIES-ARG><W> ঘটনা </W><W> ঘটেছিল। </W><TIME-ARG ID="28"><LINK EVENT_ARG="29" ID="32" TYPE_REL="EVENT_ARG"/><W> এক </W><W> সপ্তাহের </W><W> মধ্যেই </W></TIME-ARG><W> ফের </W><MAN_MADE_EVENT ID="29" TYPE="SURGICAL_STRIKES"><EVENT-COREF-LINK EVENT_ID="6" ID="35" TYPE_REL="EVENT_COREF"/><W> একই </W><W> ঘটনার </W></MAN_MADE_EVENT><W> পুনরাবৃত্তিতে </W><W> অস্বস্তিতে </W><W> পড়ে </W><W> গিয়েছে </W><PLACE-ARG ID="30"><LINK EVENT_ARG="29" ID="33" TYPE_REL="EVENT_ARG"/><W> আফগানিস্তানে </W></PLACE-ARG><W> কর্তব্যরত </W><PARTICIPANT-ARG ID="31"><LINK EVENT_ARG="29" ID="34" TYPE_REL="EVENT_ARG"/><W> মার্কিন </W><W> ফৌজ। </W></PARTICIPANT-ARG></P><P><PARTICIPANT-ARG ID="36"><LINK EVENT_ARG="29" ID="48" TYPE_REL="EVENT_ARG"/><W> মার্কিন </W><W> ফৌজের </W></PARTICIPANT-ARG><W> সূত্র </W><W> অনুযায়ী, </W><TIME-ARG ID="37"><LINK EVENT_ARG="29" ID="49" TYPE_REL="EVENT_ARG"/><W> গত </W><W> শুক্রবারই </W></TIME-ARG><W> ওই </W><CASUALTIES-ARG ID="38"><LINK EVENT_ARG="29" ID="50" TYPE_REL="EVENT_ARG"/><W> ছ’টি </W><W> শিশুর </W><W> মৃত্যু </W><W> হয়েছে। </W></CASUALTIES-ARG><REASON-ARG ID="39"><LINK EVENT_ARG="65" ID="67" TYPE_REL="EVENT_ARG"/><W> এক </W><W> সন্ত্রাসবাদী </W><W> নেতার </W><W> খোঁজে </W></REASON-ARG><PLACE-ARG ID="40"><LINK EVENT_ARG="65" ID="68" TYPE_REL="EVENT_ARG"/><W> আফগানিস্তানের </W><W> পাকতিয়া </W><W> প্রদেশে </W></PLACE-ARG><W> বিমান </W><W> ও </W><W> স্থলপথে </W><MAN_MADE_EVENT ID="65" TYPE="SURGICAL_STRIKES"><EVENT-COREF-LINK EVENT_ID="29" ID="72" TYPE_REL="EVENT_COREF"/><W> হামলা </W><W> চালিয়েছিল </W></MAN_MADE_EVENT><PARTICIPANT-ARG ID="42"><LINK EVENT_ARG="65" ID="69" TYPE_REL="EVENT_ARG"/><W> মার্কিন </W><W> ফৌজ। </W></PARTICIPANT-ARG><MAN_MADE_EVENT ID="66" TYPE="SURGICAL_STRIKES"><EVENT-COREF-LINK EVENT_ID="65" ID="71" TYPE_REL="EVENT_COREF"/><W> ওই </W><W> হামলার </W></MAN_MADE_EVENT><W> পরই </W><W> ধ্বংসস্তুপ </W><W> থেকে </W><W> উদ্ধার </W><W> ওই </W><CASUALTIES-ARG ID="44"><LINK EVENT_ARG="66" ID="70" TYPE_REL="EVENT_ARG"/><W> ছয় </W><W> শিশুর </W><W> মৃতদেহ। </W></CASUALTIES-ARG><W> এর </W><W> আগে </W><PLACE-ARG ID="57"><LINK EVENT_ARG="59" ID="65" TYPE_REL="EVENT_ARG"/><W> আফগানিস্তানে </W></PLACE-ARG><PARTICIPANT-ARG ID="58"><LINK EVENT_ARG="59" ID="66" TYPE_REL="EVENT_ARG"/><W> মার্কিন </W><W> ফৌজের </W></PARTICIPANT-ARG><MAN_MADE_EVENT ID="59" TYPE="SURGICAL_STRIKES"><EVENT-COREF-LINK EVENT_ID="22" ID="72" TYPE_REL="EVENT_COREF"/><W> হামলায় </W></MAN_MADE_EVENT><W> যে </W><CASUALTIES-ARG ID="60"><LINK EVENT_ARG="59" ID="67" TYPE_REL="EVENT_ARG"/><W> ৯ </W><W> শিশু </W><W> হত্যার </W></CASUALTIES-ARG><W> ঘটনা </W><W> ঘটেছিল </W><TIME-ARG ID="61"><LINK EVENT_ARG="62" ID="68" TYPE_REL="EVENT_ARG"/><W> গত </W><W> শনিবার </W></TIME-ARG><MAN_MADE_EVENT ID="62" TYPE="SURGICAL_STRIKES"><EVENT-COREF-LINK EVENT_ID="59" ID="71" TYPE_REL="EVENT_COREF"/><W> এই </W><W> ঘটনা </W></MAN_MADE_EVENT><W> আসলে </W><W> তারও </W><W> আগে। </W><W> মার্কিন </W><W> ফৌজ </W><W> সূত্রে </W><W> এই </W><W> খবরের </W><W> সত্যতা </W><W> স্বীকার </W><W> করে </W><W> নিয়ে </W><W> সেনা </W><W> অফিসার </W><W> ব্রায়ান </W><W> হিলফ্রে </W><W> জানিয়েছেন, </W><W> পরের </W><W> দিন </W><W> ধ্বংসস্তুপ </W><W> থেকেই </W><W> মৃতদেহগুলি </W><W> উদ্ধার </W><W> করা </W><W> হয়েছে। </W><REASON-ARG ID="63"><LINK EVENT_ARG="62" ID="69" TYPE_REL="EVENT_ARG"/><W> দেওয়াল </W><W> ভেঙেই </W></REASON-ARG><CASUALTIES-ARG ID="64"><LINK EVENT_ARG="62" ID="70" TYPE_REL="EVENT_ARG"/><W> ওই </W><W> শিশুদের </W><W> মৃত্যু </W><W> হয়েছে </W></CASUALTIES-ARG><W> বলে </W><W> মনে </W><W> করা </W><W> হচ্ছে। </W><W> তবে </W><W> মার্কিন </W><W> অফিসারের </W><W> মতে, </W><W> দেওয়াল </W><W> ভাঙার </W><W> কারণ </W><W> পরিষ্কার </W><W> নয়। </W></P></DOCUMENT>