<?xml version="1.0" encoding="UTF-8"?>
<DOCUMENT><DESC></DESC><DESC/><TIME>508</TIME><P><TIME-ARG ID="0"><LINK EVENT_ARG="2" ID="15" TYPE_REL="EVENT_ARG"/><W> ৩০ </W><W> কার্তিক </W><W> ১৪১০ </W><W> রবিবার </W><W> ১৬ </W><W> নভেম্বর </W><W> ২০০৩ </W></TIME-ARG></P><P><PARTICIPANT-ARG ID="1"><LINK EVENT_ARG="2" ID="16" TYPE_REL="EVENT_ARG"/><W> দুই </W><W> মার্কিন </W><W> হেলিকপ্টারের </W></PARTICIPANT-ARG><MAN_MADE_EVENT ID="2" TYPE="AVIATION_HAZARD"><W> সংঘর্ষ </W></MAN_MADE_EVENT><PLACE-ARG ID="3"><LINK EVENT_ARG="2" ID="17" TYPE_REL="EVENT_ARG"/><W> মসুলে, </W></PLACE-ARG><CASUALTIES-ARG ID="4"><LINK EVENT_ARG="2" ID="18" TYPE_REL="EVENT_ARG"/><W> মৃত </W><W> ১২ </W><W> সেনা </W></CASUALTIES-ARG><W> সংবাদসংস্থা </W><W> মসুল </W><PARTICIPANT-ARG ID="5"><LINK EVENT_ARG="6" ID="19" TYPE_REL="EVENT_ARG"/><W> দু’টি </W><W> মার্কিন </W><W> হেলিকপ্টারের </W></PARTICIPANT-ARG><MAN_MADE_EVENT ID="6" TYPE="AVIATION_HAZARD"><EVENT-COREF-LINK EVENT_ID="2" ID="28" TYPE_REL="EVENT_COREF"/><W> সংঘর্ষে </W></MAN_MADE_EVENT><PLACE-ARG ID="7"><LINK EVENT_ARG="6" ID="20" TYPE_REL="EVENT_ARG"/><W> মসুলে </W></PLACE-ARG><W> আজ </W><W> মার্কিন </W><W> নেতৃত্বাধীন </W><W> বাহিনীর </W><CASUALTIES-ARG ID="8"><LINK EVENT_ARG="6" ID="23" TYPE_REL="EVENT_ARG"/><W> ১২ </W><W> জন </W><W> সেনার </W><W> মৃত্যু </W><W> হয়েছে। </W></CASUALTIES-ARG><CASUALTIES-ARG ID="9"><LINK EVENT_ARG="6" ID="24" TYPE_REL="EVENT_ARG"/><W> আহত </W><W> হয়েছেন </W><W> ৯ </W><W> জন। </W></CASUALTIES-ARG><W> ১০১ </W><W> এয়ারবোর্ন </W><W> ডিভিশন </W><W> সূত্রে </W><W> জানানো </W><W> হয়েছে, </W><PLACE-ARG ID="11"><LINK EVENT_ARG="37" ID="38" TYPE_REL="EVENT_ARG"/><W> মসুলের </W><W> আবাসন </W><W> এলাকার </W></PLACE-ARG><W> উপরেই </W><PARTICIPANT-ARG ID="12"><LINK EVENT_ARG="37" ID="39" TYPE_REL="EVENT_ARG"/><W> কপ্টার </W><W> দু’টির </W></PARTICIPANT-ARG><MAN_MADE_EVENT ID="37" TYPE="AVIATION_HAZARD"><EVENT-COREF-LINK EVENT_ID="6" ID="42" TYPE_REL="EVENT_COREF"/><W> সংঘর্ষ </W><W> হয়। </W></MAN_MADE_EVENT><W> মাঝ </W><W> আকাশে </W><PARTICIPANT-ARG ID="14"><LINK EVENT_ARG="37" ID="40" TYPE_REL="EVENT_ARG"/><W> কপ্টার </W><W> দু’টির </W></PARTICIPANT-ARG><W> ধাক্কা </W><W> লাগার </W><W> কারণ </W><W> জানা </W><W> যায়নি। </W></P><P><W> প্রত্যক্ষদর্শীরা </W><W> জানিয়েছেন, </W><PLACE-ARG ID="30"><LINK EVENT_ARG="32" ID="37" TYPE_REL="EVENT_ARG"/><W> মসুলের </W><W> বরসা </W><W> এলাকায় </W></PLACE-ARG><PARTICIPANT-ARG ID="31"><LINK EVENT_ARG="32" ID="38" TYPE_REL="EVENT_ARG"/><W> কপ্টার </W><W> দু’টি </W></PARTICIPANT-ARG><MAN_MADE_EVENT ID="32" TYPE="AVIATION_HAZARD"><EVENT-COREF-LINK EVENT_ID="37" ID="41" TYPE_REL="EVENT_COREF"/><W> ভেঙে </W><W> পড়ে। </W></MAN_MADE_EVENT><W> আকাশে </W><W> ধাক্কার </W><W> পরে </W><W> একটি </W><W> বাড়ির </W><W> ছাদে </W><W> একটি </W><W> কপ্টারকে </W><MAN_MADE_EVENT ID="33" TYPE="AVIATION_HAZARD"><EVENT-COREF-LINK EVENT_ID="32" ID="42" TYPE_REL="EVENT_COREF"/><W> ভেঙে </W><W> পড়তে </W></MAN_MADE_EVENT><W> দেখেন </W><W> এক </W><W> ব্যক্তি। </W><W> মাটিতে </W><W> কোনও </W><W> ইরাকি </W><W> হতাহত </W><W> হয়েছেন </W><W> কি </W><W> না, </W><W> জানা </W><W> যায়নি। </W></P><P><W> অন্য </W><W> দিকে, </W><PLACE-ARG ID="34"><LINK EVENT_ARG="35" ID="39" TYPE_REL="EVENT_ARG"/><W> তিকরিতে </W></PLACE-ARG><W> মার্কিন </W><W> অ্যাপাচে </W><W> হেলিকপ্টার </W><W> থেকে </W><MAN_MADE_EVENT ID="35" TYPE="SHOOT_OUT"><W> আক্রমণ </W></MAN_MADE_EVENT><W> চালানোয় </W><CASUALTIES-ARG ID="36"><LINK EVENT_ARG="35" ID="40" TYPE_REL="EVENT_ARG"/><W> সাত </W><W> ইরাকি </W><W> প্রাণ </W><W> হারান। </W></CASUALTIES-ARG><W> মার্কিন </W><W> সামরিক </W><W> সূত্রের </W><W> মতে, </W><W> সাদ্দামের </W><W> অনুগাম </W><W> ওই </W><W> ইরাকিরা </W><W> একটি </W><W> মার্কিন </W><W> ঘাঁটিতে </W><W> রকেট </W><W> হামলা </W><W> চালানোর </W><W> প্রস্তুতি </W><W> নিচ্ছিলেন। </W></P></DOCUMENT>