<?xml version="1.0" encoding="UTF-8"?>
<DOCUMENT><DESC></DESC><DESC/><TIME>679</TIME><P><TIME-ARG ID="0"><LINK EVENT_ARG="3" ID="15" TYPE_REL="EVENT_ARG"/><W> ২২ </W><W> অগ্রহায়ণ </W><W> ১৪১০ </W><W> সোমবার </W><W> ৮ </W><W> ডিসেম্বর </W><W> ২০০৩ </W></TIME-ARG></P><P><PLACE-ARG ID="2"><LINK EVENT_ARG="3" ID="16" TYPE_REL="EVENT_ARG"/><W> মসুলে </W><W> মার্কিন </W><W> কনভয়ে </W></PLACE-ARG><MAN_MADE_EVENT ID="3" TYPE="TERRORIST_ATTACK"><W> হানায় </W></MAN_MADE_EVENT><CASUALTIES-ARG ID="4"><LINK EVENT_ARG="3" ID="17" TYPE_REL="EVENT_ARG"/><W> হত </W><W> ১, </W></CASUALTIES-ARG><CASUALTIES-ARG ID="5"><LINK EVENT_ARG="3" ID="18" TYPE_REL="EVENT_ARG"/><W> আহত </W><W> ২ </W></CASUALTIES-ARG><W> সংবাদসংস্থা </W><W> মসুল </W><W> (ইরাক) </W><PLACE-ARG ID="7"><LINK EVENT_ARG="8" ID="19" TYPE_REL="EVENT_ARG"/><W> ইরাকের </W><W> উত্তরাংশে </W><W> তৃতীয় </W><W> বৃহত্তম </W><W> এই </W><W> শহরে </W></PLACE-ARG><W> মার্কিন </W><W> সামরিক </W><W> কনভয়ের </W><W> উপর </W><MAN_MADE_EVENT ID="8" TYPE="TERRORIST_ATTACK"><EVENT-COREF-LINK EVENT_ID="3" ID="24" TYPE_REL="EVENT_COREF"/><W> গেরিলা </W><W> হামলায় </W></MAN_MADE_EVENT><TIME-ARG ID="9"><LINK EVENT_ARG="8" ID="20" TYPE_REL="EVENT_ARG"/><W> আজ </W></TIME-ARG><CASUALTIES-ARG ID="10"><LINK EVENT_ARG="8" ID="21" TYPE_REL="EVENT_ARG"/><W> ১ </W><W> জন </W><W> মার্কিন </W><W> সেনার </W><W> মৃত্যু </W><W> হয়েছে, </W></CASUALTIES-ARG><W> গুরুতর </W><CASUALTIES-ARG ID="11"><LINK EVENT_ARG="8" ID="22" TYPE_REL="EVENT_ARG"/><W> আহত </W><W> হয়েছেন </W><W> ২ </W><W> জন </W><W> সেনা। </W></CASUALTIES-ARG><W> রাস্তার </W><W> ধারে </W><W> পেতে </W><W> রাখা </W><W> দেশি </W><MAN_MADE_EVENT ID="12" TYPE="NORMAL_BOMBING"><ASSOCIATED-EVENT-LINK EVENT_ID="3" ID="15" TYPE_REL="ASSOCIATED_EVENT"/><W> মাইন </W><W> ফেটে </W></MAN_MADE_EVENT><AFTER_EFFECTS-ARG ID="13"><LINK EVENT_ARG="12" ID="23" TYPE_REL="EVENT_ARG"/><W> অত্যাধুনিক </W><W> বৈদ্যুতিন </W><W> সরঞ্জাম </W><W> ও </W><W> যুদ্ধাস্ত্র </W><W> বসানো </W><W> একটি </W><W> মার্কিন </W><W> ‘হামভি’ </W><W> গাড়ি </W><W> ধ্বংস </W><W> হয়ে </W><W> গিয়েছে। </W></AFTER_EFFECTS-ARG><MAN_MADE_EVENT ID="14" TYPE="NORMAL_BOMBING"><EVENT-COREF-LINK EVENT_ID="12" ID="26" TYPE_REL="EVENT_COREF"/><W> বিস্ফোরণের </W></MAN_MADE_EVENT><W> শব্দে </W><W> ইরাকি </W><W> পুলিশরা </W><W> ছুটে </W><W> গিয়ে </W><W> দেখেন, </W><W> ধ্বংস </W><W> হয়ে </W><W> যাওয়া </W><W> হামভির </W><W> আশপাশে </W><W> মার্কিন </W><W> সেনারা </W><W> লুটিয়ে </W><W> পড়ে </W><W> রয়েছেন। </W></P></DOCUMENT>