<?xml version="1.0" encoding="UTF-8"?>
<DOCUMENT><DESC></DESC><DESC/><TIME>326</TIME><P><TIME-ARG ID="0"><LINK EVENT_ARG="6" ID="17" TYPE_REL="EVENT_ARG"/><W> ১০ </W><W> ফাল্গুন </W><W> ১৪১০ </W><W> সোমবার </W><W> ২৩ </W><W> ফেব্রুয়ারি </W><W> ২০০৪ </W></TIME-ARG></P><P><PLACE-ARG ID="1"><LINK EVENT_ARG="6" ID="18" TYPE_REL="EVENT_ARG"/><W> ইরাকে </W></PLACE-ARG><W> তেলের </W><W> পাইপে </W><MAN_MADE_EVENT ID="6" TYPE="NORMAL_BOMBING"><W> বিস্ফোরণ </W></MAN_MADE_EVENT><W> সংবাদসংস্থা </W><W> কারবালা </W><PLACE-ARG ID="7"><LINK EVENT_ARG="17" ID="19" TYPE_REL="EVENT_ARG"/><W> দক্ষিণ </W><W> ইরাকের </W><W> একটি </W><W> তেলের </W><W> পাইপে </W></PLACE-ARG><TIME-ARG ID="8"><LINK EVENT_ARG="17" ID="20" TYPE_REL="EVENT_ARG"/><W> আজ </W></TIME-ARG><PARTICIPANT-ARG ID="9"><LINK EVENT_ARG="17" ID="21" TYPE_REL="EVENT_ARG"/><W> জঙ্গিরা </W></PARTICIPANT-ARG><MAN_MADE_EVENT ID="17" TYPE="NORMAL_BOMBING"><EVENT-COREF-LINK EVENT_ID="6" ID="25" TYPE_REL="EVENT_COREF"/><W> বিস্ফোরণ </W><W> ঘটিয়েছে। </W></MAN_MADE_EVENT><W> বাগদাদ </W><W> থেকে </W><W> প্রায় </W><W> ১০০ </W><W> কিমি </W><W> দূরে </W><PLACE-ARG ID="11"><LINK EVENT_ARG="14" ID="22" TYPE_REL="EVENT_ARG"/><W> কিরকুক, </W></PLACE-ARG><PLACE-ARG ID="12"><LINK EVENT_ARG="14" ID="23" TYPE_REL="EVENT_ARG"/><W> বাগদাদ, </W></PLACE-ARG><PLACE-ARG ID="13"><LINK EVENT_ARG="14" ID="24" TYPE_REL="EVENT_ARG"/><W> বসরা </W><W> পাইপ </W><W> লাইনে </W></PLACE-ARG><W> ঘটা </W><MAN_MADE_EVENT ID="14" TYPE="NORMAL_BOMBING"><EVENT-COREF-LINK EVENT_ID="17" ID="24" TYPE_REL="EVENT_COREF"/><W> এই </W><W> বিস্ফোরণের </W></MAN_MADE_EVENT><W> পিছনে </W><W> অন্তর্ঘাতই </W><W> দায়ী। </W><W> সাদ্দাম </W><W> হুসেনের </W><W> পতনের </W><W> পর </W><W> এই </W><W> প্রথম </W><PLACE-ARG ID="15"><LINK EVENT_ARG="18" ID="22" TYPE_REL="EVENT_ARG"/><W> দক্ষিণ </W><W> ইরাকে </W></PLACE-ARG><W> তেলের </W><W> পাইপের </W><W> উপর </W><MAN_MADE_EVENT ID="18" TYPE="NORMAL_BOMBING"><EVENT-COREF-LINK EVENT_ID="14" ID="23" TYPE_REL="EVENT_COREF"/><W> হামলা </W><W> হল। </W></MAN_MADE_EVENT><W> হামলাকারীদের </W><W> শনাক্ত </W><W> করা </W><W> যায়নি। </W></P></DOCUMENT>