<?xml version="1.0" encoding="UTF-8"?>
<DOCUMENT><P><TIME-ARG ID="0"><LINK EVENT_ARG="6" ID="25" TYPE_REL="EVENT_ARG"/><W> 29 </W><W> মাঘ </W><W> 1411 </W><W> শনিবার </W><W> 12 </W><W> ফেব্রুয়ারি </W><W> 2005 </W></TIME-ARG></P><P><PLACE-ARG ID="1"><LINK EVENT_ARG="6" ID="26" TYPE_REL="EVENT_ARG"/><W> পাকিস্তানে </W></PLACE-ARG><REASON-ARG ID="2"><LINK EVENT_ARG="6" ID="27" TYPE_REL="EVENT_ARG"/><W> বাঁধ </W><W> ভেঙে </W></REASON-ARG><CASUALTIES-ARG ID="3"><LINK EVENT_ARG="6" ID="28" TYPE_REL="EVENT_ARG"/><W> নিখোঁজ </W><W> সহস্রাধিক </W></CASUALTIES-ARG></P><P><W> সংবাদসংস্থা </W><W> কোয়েটা </W></P><P><REASON-ARG ID="4"><LINK EVENT_ARG="6" ID="29" TYPE_REL="EVENT_ARG"/><W> প্রবল </W><W> বৃষ্টিতে </W><W> বাঁধ </W><W> ভেঙে </W></REASON-ARG><PLACE-ARG ID="25"><LINK EVENT_ARG="6" ID="27" TYPE_REL="EVENT_ARG"/><W> দক্ষিণ-পশ্চিম </W><W> পাকিস্তানের </W><W> বালুচিস্তান </W><W> প্রদেশে </W><W> উপকুলবর্তী </W><W> পাঁচটি </W><W> গ্রাম </W></PLACE-ARG><NATURAL_EVENT ID="6" TYPE="FLOODS"><W> ভেসে </W></NATURAL_EVENT><W> গিয়েছে। </W><NATURAL_EVENT ID="7" TYPE="FLOODS"><EVENT-COREF-LINK EVENT_ID="6" ID="47" TYPE_REL="EVENT_COREF"/><W> এই </W><W> ঘটনায় </W></NATURAL_EVENT><W> এ </W><W> পর্যন্ত </W><CASUALTIES-ARG ID="8"><LINK EVENT_ARG="7" ID="31" TYPE_REL="EVENT_ARG"/><W> 50 </W><W> জন </W><W> মারা </W></CASUALTIES-ARG><W> গিয়েছেন </W><W> বলে </W><W> খবর </W><W> মিললেও </W><CASUALTIES-ARG ID="9"><LINK EVENT_ARG="7" ID="32" TYPE_REL="EVENT_ARG"/><W> হাজারখানেকেরও </W><W> বেশি </W><W> লোক </W><W> নিখোঁজ। </W></CASUALTIES-ARG><W> স্বাভাবিক </W><W> ভাবেই </W><W> মৃতের </W><W> সংখ্যা </W><W> কত </W><W> দাঁড়াবে </W><W> তা </W><W> নিয়ে </W><W> আশঙ্কা </W><W> দেখা </W><W> দিয়েছে। </W><W> বিশেষত </W><NATURAL_EVENT ID="10" TYPE="FLOODS"><EVENT-COREF-LINK EVENT_ID="7" ID="46" TYPE_REL="EVENT_COREF"/><W> জলের </W><W> তোড়ে </W></NATURAL_EVENT><W> অনেকে </W><W> সমুদ্রে </W><W> গিয়ে </W><W> পড়েছেন </W><W> বলে </W><W> মনে </W><W> করা </W><W> হচ্ছে। </W><W> ক্ষয়ক্ষতি </W><W> সম্পর্কেও </W><W> এখনই </W><W> কোনও </W><W> আন্দাজ </W><W> পাওয়া </W><W> যাচ্ছে </W><W> না। </W><W> পরিস্থিতি </W><W> সামাল </W><W> দিতে </W><W> সেনাবাহিনীকে </W><W> তলব </W><W> করা </W><W> হয়েছে। </W></P><P><PLACE-ARG ID="26"><LINK EVENT_ARG="13" ID="28" TYPE_REL="EVENT_ARG"/><W> বালুচিস্তানের </W><W> রাজধানী </W><W> কোয়েটার </W><W> প্রায় </W><W> 800 </W><W> কিলোমিটার </W><W> দক্ষিণে </W><W> আরব </W><W> সাগরের </W><W> উপকুলবর্তী </W><W> শহর </W><W> পাসনির </W><W> কাছে </W></PLACE-ARG><W> এই </W><NATURAL_EVENT ID="13" TYPE="FLOODS"><EVENT-COREF-LINK EVENT_ID="10" ID="45" TYPE_REL="EVENT_COREF"/><W> দুর্ঘটনা </W></NATURAL_EVENT><W> ঘটেছে। </W><REASON-ARG ID="15"><LINK EVENT_ARG="13" ID="35" TYPE_REL="EVENT_ARG"/><W> প্রবল </W><W> বৃষ্টিতে </W><W> বাঁধের </W><W> জলধারণ </W><W> ক্ষমতা </W><W> পেরিয়ে </W><W> গেলে </W></REASON-ARG><TIME-ARG ID="16"><LINK EVENT_ARG="13" ID="36" TYPE_REL="EVENT_ARG"/><W> কাল </W><W> সন্ধ্যা </W><W> সাতটা </W><W> নাগাদ </W></TIME-ARG><W> 485 </W><W> ফুট </W><W> লম্বা </W><PLACE-ARG ID="18"><LINK EVENT_ARG="13" ID="38" TYPE_REL="EVENT_ARG"/><W> শাদিকোর </W><W> বাঁধটি </W></PLACE-ARG><W> ভেঙে </W><W> পড়ে। </W><W> বালুচিস্তানের </W><W> মন্ত্রী </W><W> শের </W><W> জান </W><W> বালুচ </W><W> জানিয়েছেন, </W><AFTER_EFFECTS-ARG ID="19"><LINK EVENT_ARG="22" ID="39" TYPE_REL="EVENT_ARG"/><W> পাঁচটি </W><W> গ্রামের </W><W> হাজার </W><W> পাঁচেক </W><W> বাসিন্দার </W><W> অর্ধেকই </W><W> আটকে </W></AFTER_EFFECTS-ARG><W> পড়েছেন। </W><PLACE-ARG ID="20"><LINK EVENT_ARG="22" ID="40" TYPE_REL="EVENT_ARG"/><W> পাসনি </W><W> শহরের </W></PLACE-ARG><CASUALTIES-ARG ID="21"><LINK EVENT_ARG="22" ID="41" TYPE_REL="EVENT_ARG"/><W> তীরিশ </W><W> হাজার </W><W> বাসিন্দাও </W></CASUALTIES-ARG><NATURAL_EVENT ID="22" TYPE="FLOODS"><EVENT-COREF-LINK EVENT_ID="13" ID="44" TYPE_REL="EVENT_COREF"/><W> বন্যায় </W></NATURAL_EVENT><W> বিপর্যস্ত। </W><W> এ </W><W> পর্যন্ত </W><CASUALTIES-ARG ID="23"><LINK EVENT_ARG="22" ID="42" TYPE_REL="EVENT_ARG"/><W> 26 </W><W> জনের </W><W> দেহ </W></CASUALTIES-ARG><W> উদ্ধার </W><W> করা </W><W> হয়েছে </W><W> বলেও </W><W> তিনি </W><W> জানান। </W><W> কিন্ত্ত </W><W> সংবাদসংস্থার </W><W> খবর, </W><CASUALTIES-ARG ID="24"><LINK EVENT_ARG="22" ID="43" TYPE_REL="EVENT_ARG"/><W> মৃতের </W><W> সংখ্যা </W><W> ইতিমধ্যেই </W><W> 50 </W><W> ছাড়িয়েছে। </W></CASUALTIES-ARG></P><P><W> হেলিকপ্টার </W><W> ও </W><W> বোটের </W><W> সাহায্যে </W><W> যুদ্ধকালীন </W><W> তত্পরতায় </W><W> পাসনি </W><W> এলাকার </W><W> সিন্ধি </W><W> পাসো, </W><W> তুরাতি-সহ </W><W> পাঁচটি </W><W> গ্রামের </W><W> আটকে </W><W> পড়া </W><W> বাসিন্দাদের </W><W> উদ্ধারের </W><W> কাজ </W><W> চালাচ্ছে </W><W> সেনাবাহিনী। </W><W> পাক </W><W> সেনা </W><W> মুখপাত্র </W><W> মেজর </W><W> শওকত </W><W> সুলতান </W><W> জানিয়েছেন, </W><W> এখনই </W><W> ক্ষয়ক্ষতীর </W><W> পরিমাণ </W><W> বা </W><W> প্রাণহানির </W><W> খবর </W><W> সঠিক </W><W> ভাবে </W><W> জানা </W><W> যাচ্ছে </W><W> না। </W><W> তবে </W><W> কোয়েটায় </W><W> অন্য </W><W> এক </W><W> সেনা </W><W> মুখপাত্র </W><W> জানিয়েছেন, </W><W> এ </W><W> পর্যন্ত </W><W> 1200 </W><W> লোককে </W><W> উদ্ধার </W><W> করেছে </W><W> সেনাবাহিনী।গত </W><W> এক </W><W> সপ্তাহ </W><W> ধরেই </W><W> পাকিস্তানে </W><W> প্রবল </W><W> বৃষ্টি </W><W> হচ্ছে। </W><W> পাক </W><W> আবহাওয়া </W><W> দফতরের </W><W> প্রধান </W><W> কামারুজ্জামান </W><W> চৌধুরির </W><W> দাবি, </W><W> গত </W><W> 16 </W><W> বছরের </W><W> মধ্যে </W><W> পাকিস্তানে </W><W> এত </W><W> বৃষ্টি </W><W> বা </W><W> তুষারপাত </W><W> হয়নি। </W></P></DOCUMENT>