<?xml version="1.0" encoding="UTF-8"?>
<DOCUMENT><P><TIME-ARG ID="0"><LINK EVENT_ARG="2" ID="23" TYPE_REL="EVENT_ARG"/><W> 7 </W><W> ফাল্পুন </W><W> 1411 </W><W> শনিবার </W><W> 19 </W><W> ফেব্রুয়ারি </W><W> 2005 </W></TIME-ARG></P><P><W> সংক্ষেপে... </W></P><P><W> বাড়ি </W><W> বদলে </W><W> যায় </W></P><P><W> নিজস্ব </W><W> প্রতিনিধি </W><W> লণ্ডন </W></P><P><W> বিয়েবাড়ি </W><W> বদলে </W><W> যাচ্ছে। </W><W> পূর্ব </W><W> ঘোষণা </W><W> মতো </W><W> উইণ্ডসর </W><W> দুর্গে </W><W> নয়, </W><W> চার্লস-ক্যামিলার </W><W> বিয়ে </W><W> হতে </W><W> চলেছে </W><W> উইণ্ডসর </W><W> টাউন </W><W> হলে। </W><W> উইণ্ডসর </W><W> দুর্গে </W><W> বিয়ের </W><W> অনুষ্ঠান </W><W> করার </W><W> ক্ষেত্রে </W><W> ছাডপত্রের </W><W> সমস্যা </W><W> দেখা </W><W> দিয়েছে। </W><W> সাধারণত </W><W> ভবনটি </W><W> এ </W><W> ধরনের </W><W> অনুষ্ঠানে </W><W> ব্যবহার </W><W> হয় </W><W> না। </W><W> কারণ, </W><W> নিয়মানুযায়ী </W><W> সর্বসাধারণের </W><W> জন্য </W><W> উন্মুক্ত </W><W> বাড়িতেই </W><W> বিয়ের </W><W> অনুষ্ঠান </W><W> হতে </W><W> পারে। </W><W> দুর্গে </W><W> চার্লসের </W><W> বিয়ে </W><W> হলে, </W><W> ভবিষ্যতে </W><W> অন্যদেরও </W><W> সেখানে </W><W> বিয়ে </W><W> করার </W><W> সুযোগ </W><W> দিতে </W><W> হবে। </W><W> কিন্ত্ত </W><W> এতে </W><W> মনঃক্ষুণ্ণ </W><W> রানি। </W><W> যুবরাজের </W><W> বিয়ে </W><W> এত </W><W> সাদামাটা </W><W> হলে </W><W> মানায়, </W><W> প্রশ্ন </W><W> তাঁর। </W><PLACE-ARG ID="1"><LINK EVENT_ARG="2" ID="24" TYPE_REL="EVENT_ARG"/><W> মসজিদে </W></PLACE-ARG><MAN_MADE_EVENT ID="2" TYPE="SUICIDE_ATTACK"><W> হানা, </W></MAN_MADE_EVENT><PLACE-ARG ID="3"><LINK EVENT_ARG="2" ID="25" TYPE_REL="EVENT_ARG"/><W> ইরাকে </W></PLACE-ARG><CASUALTIES-ARG ID="4"><LINK EVENT_ARG="2" ID="26" TYPE_REL="EVENT_ARG"/><W> হত </W><W> 29 </W></CASUALTIES-ARG><W> সংবাদসংস্থা </W><W> বাগদাদ </W></P><P><W> সংখ্যাগরিষ্ঠতা </W><W> অর্জনের </W><W> পরপরই </W><CASUALTIES-ARG ID="24"><LINK EVENT_ARG="23" ID="25" TYPE_REL="EVENT_ARG"/><W> শিয়াদের </W></CASUALTIES-ARG><W> উপরে </W><MAN_MADE_EVENT ID="23" TYPE="SUICIDE_ATTACK"><EVENT-COREF-LINK EVENT_ID="2" ID="26" TYPE_REL="EVENT_COREF"/><W> আক্রমণ। </W></MAN_MADE_EVENT><W> দু&apos;টি </W><PLACE-ARG ID="5"><LINK EVENT_ARG="6" ID="41" TYPE_REL="EVENT_ARG"/><W> শিয়া </W><W> মসজিদে </W></PLACE-ARG><MAN_MADE_EVENT ID="6" TYPE="SUICIDE_ATTACK"><EVENT-COREF-LINK EVENT_ID="2" ID="47" TYPE_REL="EVENT_COREF"/><W> আত্মঘাতী </W><W> হামলায় </W></MAN_MADE_EVENT><PLACE-ARG ID="7"><LINK EVENT_ARG="6" ID="42" TYPE_REL="EVENT_ARG"/><W> ইরাকে </W></PLACE-ARG><TIME-ARG ID="8"><LINK EVENT_ARG="6" ID="43" TYPE_REL="EVENT_ARG"/><W> আজ </W></TIME-ARG><CASUALTIES-ARG ID="9"><LINK EVENT_ARG="6" ID="44" TYPE_REL="EVENT_ARG"/><W> অন্তত </W><W> 29 </W><W> জনের </W><W> মৃত্যু </W></CASUALTIES-ARG><W> হয়েছে। </W><TIME-ARG ID="10"><LINK EVENT_ARG="11" ID="31" TYPE_REL="EVENT_ARG"/><W> আশুরা </W><W> পরবের </W><W> পবিত্র </W><W> শুক্রবারে </W></TIME-ARG><W> প্রথম </W><MAN_MADE_EVENT ID="11" TYPE="SUICIDE_ATTACK"><ASSOCIATED-EVENT-LINK EVENT_ID="6" ID="46" TYPE_REL="ASSOCIATED_EVENT"/><W> আক্রমণটি </W></MAN_MADE_EVENT><W> আসে </W><PLACE-ARG ID="12"><LINK EVENT_ARG="11" ID="32" TYPE_REL="EVENT_ARG"/><W> দৌরা </W><W> জেলায়। </W></PLACE-ARG><W> জামার </W><W> সঙ্গে </W><W> বিস্ফোরক </W><W> বেঁধে </W><W> ভিড়ের </W><W> মধ্যে </W><W> ঢুকে </W><W> পড়ে </W><W> এক </W><W> আততায়ী। </W><CASUALTIES-ARG ID="13"><LINK EVENT_ARG="11" ID="33" TYPE_REL="EVENT_ARG"/><W> নিহত </W><W> হন </W><W> 14 </W><W> জন, </W><W> আহত </W><W> 40। </W></CASUALTIES-ARG><TIME-ARG ID="14"><LINK EVENT_ARG="16" ID="34" TYPE_REL="EVENT_ARG"/><W> তার </W><W> খানিক </W><W> পরেই </W></TIME-ARG><PLACE-ARG ID="15"><LINK EVENT_ARG="16" ID="35" TYPE_REL="EVENT_ARG"/><W> পশ্চিম </W><W> বাগদাদের </W><W> একটি </W><W> মসজিদে </W></PLACE-ARG><W> একই </W><W> ধরণের </W><MAN_MADE_EVENT ID="16" TYPE="SUICIDE_ATTACK"><ASSOCIATED-EVENT-LINK EVENT_ID="6" ID="45" TYPE_REL="ASSOCIATED_EVENT"/><W> হামলায় </W></MAN_MADE_EVENT><CASUALTIES-ARG ID="17"><LINK EVENT_ARG="16" ID="36" TYPE_REL="EVENT_ARG"/><W> তিন </W><W> জন </W><W> নিহত </W><W> ও </W><W> পাঁচ </W><W> জন </W><W> আহত </W></CASUALTIES-ARG><W> হন। </W><TIME-ARG ID="18"><LINK EVENT_ARG="21" ID="37" TYPE_REL="EVENT_ARG"/><W> গত </W><W> বছরেও </W><W> এই </W><W> দিনটিতে </W></TIME-ARG><PLACE-ARG ID="19"><LINK EVENT_ARG="21" ID="38" TYPE_REL="EVENT_ARG"/><W> কারবালা </W></PLACE-ARG><W> ও </W><PLACE-ARG ID="20"><LINK EVENT_ARG="21" ID="39" TYPE_REL="EVENT_ARG"/><W> বাগদাদে </W></PLACE-ARG><MAN_MADE_EVENT ID="21" TYPE="SUICIDE_ATTACK"><W> আত্মঘাতী </W><W> বিস্ফোরণে </W></MAN_MADE_EVENT><CASUALTIES-ARG ID="22"><LINK EVENT_ARG="21" ID="40" TYPE_REL="EVENT_ARG"/><W> 170 </W><W> মারা </W><W> গিয়েছিলেন। </W></CASUALTIES-ARG></P><P><W> রাষ্ট্রপুঞ্জে </W><W> যৌন-কাণ্ড </W><W> সংবাদসংস্থা </W><W> রাষ্ট্রপুঞ্জ </W></P><P><W> যৌন </W><W> কেলেঙ্কারিতে </W><W> জড়িয়ে </W><W> পড়লেন </W><W> রাষ্ট্রপুঞ্জের </W><W> এক </W><W> শীর্ষ </W><W> কর্তা। </W><W> রাষ্ট্রপুঞ্জের </W><W> উদ্বাস্তু </W><W> পুনর্বাসন </W><W> বিভাগের </W><W> হাই </W><W> কমিশনার </W><W> রুড </W><W> লাবার্সের </W><W> বিরুদ্ধে </W><W> যৌন </W><W> নির্যাতনের </W><W> একটি </W><W> গোপন </W><W> রিপোর্ট </W><W> জমা </W><W> পড়েছে </W><W> মহাসচিব </W><W> কোফি </W><W> আন্নানের </W><W> কাছে। </W><W> লাবার্সের </W><W> পদত্যাগেরও </W><W> দাবি </W><W> উঠেছে। </W><W> হল্যাণ্ডের </W><W> প্রাক্তন </W><W> প্রধানমন্ত্রী </W><W> 65 </W><W> বছরের </W><W> লাবার্স </W><W> 2003 </W><W> সালে </W><W> ভিয়েনায় </W><W> এক </W><W> বৈঠকে </W><W> তাঁর </W><W> অধীনস্থ </W><W> এক </W><W> মহিলা </W><W> কর্মীর </W><W> শ্লীলতাহানির </W><W> চেষ্টা </W><W> করেন। </W><W> আন্নান </W><W> লাবার্সকে </W><W> তাঁর </W><W> এই </W><W> আচরণের </W><W> জন্য </W><W> সতর্কও </W><W> করেছেন। </W></P><P><W> নোবেলে </W><W> রবিশঙ্কর </W></P><P><W> এ </W><W> বছরের </W><W> নোবেল </W><W> শান্তি </W><W> পুরস্কারের </W><W> জন্য </W><W> মনোনয়ন </W><W> পেয়েছেন </W><W> সেতারবাদক </W><W> রবিশঙ্কর। </W><W> অসলোর </W><W> নোবেল </W><W> ইনস্টিটিউট </W><W> সূত্রের </W><W> খবর, </W><W> এই </W><W> পুরস্কারের </W><W> জন্য </W><W> 166টি </W><W> নাম </W><W> এসেছে। </W><W> গোপন </W><W> সূত্রের </W><W> খবর, </W><W> তাঁদের </W><W> মধ্যে </W><W> আছেন </W><W> পোপ </W><W> দ্বিতীয় </W><W> জন </W><W> পল </W><W> ও </W><W> আইরিশ </W><W> রক </W><W> ব্যাণ্ড </W><W> ইউ-2-র </W><W> গায়ক </W><W> বোনো, </W><W> প্রাক্তন </W><W> মার্কিন </W><W> বিদেশসচিব </W><W> কলিন </W><W> পাওয়েলও। </W><W> এ </W><W> খবর </W><W> রয়টার্সের। </W><W> বিশেষজ্ঞদের </W><W> ধারণা, </W><W> শান্তি </W><W> পুরস্কার </W><W> পেতে </W><W> চলেছেন </W><W> সুনামি-ত্রাণে </W><W> যোগদানকারী </W><W> কোনও </W><W> ব্যক্তি </W><W> বা </W><W> সংগঠন। </W><W> হিরোশিমায় </W><W> পরমাণু </W><W> বোমা </W><W> বিস্ফোরণের </W><W> 60 </W><W> বছর </W><W> পূর্তিতে </W><W> তালিকায় </W><W> থাকতে </W><W> পারে </W><W> আন্তর্জাতিক </W><W> পরমাণু </W><W> শক্তি </W><W> সংস্থাও। </W></P><P><W> 11 </W><W> জনের </W><W> মৃত্যুদণ্ট </W><W> নিজস্ব </W><W> সংবাদদাতা </W><W> ঢাকা </W></P><P><W> নজিরবিহীন </W><W> এক </W><W> ঘটনায় </W><W> কূমিল্লায় </W><W> এক </W><W> দম্পতীর </W><W> হত্যা </W><W> মামলায় </W><W> এক </W><W> সঙ্গে </W><W> 11 </W><W> জনকে </W><W> মৃত্যুদণ্ট </W><W> দিয়েছে </W><W> জেলা </W><W> আদালত। </W><W> দণ্ডিতেরা </W><W> সকলেই </W><W> মেঘনার </W><W> সোনার </W><W> চর </W><W> গ্রামের </W><W> বাসিন্দা। </W><W> 2002 </W><W> সালে </W><W> আব্দুল </W><W> কাদির </W><W> ও </W><W> তাঁর </W><W> স্ত্রী </W><W> রোশেনারাকে </W><W> অপহরণ </W><W> করা </W><W> হয়। </W><W> আট </W><W> দিন </W><W> পরে </W><W> কবর </W><W> থেকে </W><W> তাঁদের </W><W> দেহ </W><W> উদ্ধার </W><W> করে </W><W> পুলিশ। </W><W> কাদিরের </W><W> চোখ </W><W> খুবলে </W><W> নেওয়া </W><W> হয়েছিল। </W></P><P><W> জ্যাকসনের </W><W> বিরুদ্ধে </W><W> সংবাদসংস্থা </W><W> লস </W><W> অ্যাঞ্জেলেস </W></P><P><W> দু&apos;বছর </W><W> আগে </W><W> একটি </W><W> তথ্যচিত্রে </W><W> তিনি </W><W> নিজেই </W><W> বলেছিলেন, </W><W> বিছানায় </W><W> এক </W><W> সঙ্গে </W><W> অনেক </W><W> বাচ্চাকে </W><W> নিয়ে </W><W> শুতে </W><W> তাঁর </W><W> ভাল </W><W> লাগে। </W><W> সেই </W><W> বাচ্চাদের </W><W> মধ্যে </W><W> &apos;হোম </W><W> অ্যালোন&apos; </W><W> খ্যাত </W><W> মেকলে </W><W> কালকিনের </W><W> নামও </W><W> ছিল। </W><W> মাইকেল </W><W> জ্যাকসন </W><W> তখন </W><W> ভাবেননি, </W><W> সেই </W><W> সাক্ষাত্কার </W><W> তাঁর </W><W> বিরুদ্ধে </W><W> যেতে </W><W> পারে। </W><W> শিশুর </W><W> যৌন </W><W> নিগ্রহের </W><W> মামলায়, </W><W> বিপক্ষ </W><W> আইনজীবীরা </W><W> কিন্ত্ত </W><W> ওই </W><W> কথাগুলো </W><W> বড় </W><W> প্রমাণ </W><W> হিসাবে </W><W> কাজে </W><W> লাগাতে </W><W> চলেছেন। </W></P><P><W> রেকর্ড </W><W> দামে </W><W> নিলাম </W><W> সংবাদসংস্থা </W><W> নিউইয়র্ক </W></P><P><W> প্রত্যাশা </W><W> ছাপিয়ে </W><W> রেকর্ড </W><W> দামে </W><W> নিলাম </W><W> হল </W><W> কেনেডি </W><W> পরিবারের </W><W> ব্যবহৃত </W><W> সামগ্রী। </W><W> তালিকা </W><W> ছিল </W><W> দীর্ঘ। </W><W> আমেরিকার </W><W> প্রাক্তন </W><W> প্রেসিডেন্ট </W><W> জন </W><W> এফ </W><W> কেনেডি </W><W> ও </W><W> তাঁর </W><W> পরিবারের </W><W> সদস্যদের </W><W> ব্যবহার </W><W> করা </W><W> চেয়ার, </W><W> আলমারি, </W><W> পোশাক, </W><W> ছেলেমেয়ের </W><W> সঙ্গে </W><W> জ্যাকলিন </W><W> কেনেডির </W><W> ছবি </W><W> ও </W><W> এমন </W><W> আরও </W><W> জিনিস। </W><W> সব </W><W> মিলিয়ে </W><W> দাম </W><W> 10 </W><W> লক্ষ </W><W> ডলারের </W><W> মতো। </W><W> নিলামে </W><W> সেগুলি </W><W> বিক্রি </W><W> হয়েছে </W><W> 55 </W><W> লক্ষ </W><W> ডলারে। </W><W> নিলাম </W><W> ডেকেছিলেন </W><W> কেনেডি </W><W> কন্যা </W><W> ক্যারোলিন। </W></P><P><W> ফূকেটে </W><W> বুশ-ক্লিন্টন </W><W> সংবাদসংস্থা </W><W> ফূকেট </W></P><P><W> প্রাক্তন </W><W> দুই </W><W> মার্কিন </W><W> প্রেসিডেন্ট </W><W> বিল </W><W> ক্লিন্টন </W><W> ও </W><W> জর্জ </W><W> বুশ </W><W> সুনামি </W><W> দুর্গত </W><W> চারটি </W><W> দেশে </W><W> যাবেন। </W><W> উদ্দেশ্য, </W><W> সুনামির </W><W> ক্ষয়ক্ষতীর </W><W> প্রতি </W><W> বিশ্বের </W><W> দৃষ্টি </W><W> আকর্ষণ </W><W> ও </W><W> দুর্গতদের </W><W> সাহায্যে </W><W> মার্কিন </W><W> কোম্পানিগুলিকে </W><W> উত্সাহিত </W><W> করা। </W><W> পুর্নগঠনের </W><W> কাজ </W><W> যে </W><W> এখনও </W><W> অনেকটাই </W><W> বাকি </W><W> এবং </W><W> যে </W><W> সাহায্য </W><W> এসেছে </W><W> তা </W><W> যে </W><W> যথেষ্ট </W><W> নয় </W><W> সে </W><W> দিকে </W><W> সবার </W><W> দৃষ্টি </W><W> আকর্ষণ </W><W> করতেই </W><W> তাঁদের </W><W> এই </W><W> সফর। </W><W> শান্ত </W><W> গিন্নিদের </W><W> রোগ </W><W> সংবাদসংস্থা </W><W> ওয়াশিংটন </W><W> অশান্তি </W><W> এড়াতে </W><W> যে </W><W> সব </W><W> গিন্নি </W><W> মুখ </W><W> বন‌ধ </W><W> করে </W><W> কর্তার </W><W> বাক্যবাণ </W><W> হজম </W><W> করেন </W><W> তাঁদের </W><W> অবিলম্বে </W><W> মুখরা </W><W> হওয়ার </W><W> পরামর্শ </W><W> দিয়েছেন </W><W> মার্কিন </W><W> হৃদরোগ </W><W> বিশেষজ্ঞেরা। </W><W> এক </W><W> সমীক্ষায় </W><W> দেখা </W><W> গিয়েছে, </W><W> শান্তশিষ্টদের </W><W> তুলনায় </W><W> মুখরাদের </W><W> হৃদরোগে </W><W> আক্রান্ত </W><W> হওয়ার </W><W> সম্ভাবনা </W><W> কম। </W><W> যে </W><W> সব </W><W> মহিলার </W><W> চাকরি </W><W> নিয়ে </W><W> বাড়িতে </W><W> অহরহ </W><W> ঝামেলা </W><W> হয়, </W><W> তাঁরাও </W><W> হৃদরোগে </W><W> আক্রান্ত </W><W> হন। </W></P></DOCUMENT>