<?xml version="1.0" encoding="UTF-8"?>
<DOCUMENT><P><TIME-ARG ID="0"><LINK EVENT_ARG="12" ID="30" TYPE_REL="EVENT_ARG"/><W> 18 </W><W> জ্যৈষ্ঠ </W><W> 1412 </W><W> বুধবার </W><W> 1 </W><W> জুন </W><W> 2005 </W></TIME-ARG></P><P><PLACE-ARG ID="1"><LINK EVENT_ARG="12" ID="31" TYPE_REL="EVENT_ARG"/><W> কেএফসিতে </W></PLACE-ARG><MAN_MADE_EVENT ID="12" TYPE="RIOTS"><W> হামলা, </W></MAN_MADE_EVENT><CASUALTIES-ARG ID="3"><LINK EVENT_ARG="12" ID="32" TYPE_REL="EVENT_ARG"/><W> হত </W><W> 11 </W></CASUALTIES-ARG><PLACE-ARG ID="4"><LINK EVENT_ARG="12" ID="33" TYPE_REL="EVENT_ARG"/><W> করাচিতে </W></PLACE-ARG></P><P><W> সংবাদসংস্থা </W><W> করাচি </W></P><P><W> ইসলামাবাদে </W><W> হামলার </W><W> রেশ </W><W> কাটতে </W><W> না </W><W> কাটতেই </W><PLACE-ARG ID="6"><LINK EVENT_ARG="5" ID="34" TYPE_REL="EVENT_ARG"/><W> করাচিতে </W></PLACE-ARG><W> ফের </W><MAN_MADE_EVENT ID="5" TYPE="SUICIDE_ATTACK"><ASSOCIATED-EVENT-LINK EVENT_ID="12" ID="31" TYPE_REL="ASSOCIATED_EVENT"/><W> আত্মঘাতী </W><W> হামলা। </W></MAN_MADE_EVENT><W> এখানেই </W><W> শেষ </W><W> নয়। </W><TIME-ARG ID="8"><LINK EVENT_ARG="7" ID="35" TYPE_REL="EVENT_ARG"/><W> কাল </W><W> রাতে </W></TIME-ARG><PLACE-ARG ID="9"><LINK EVENT_ARG="7" ID="36" TYPE_REL="EVENT_ARG"/><W> শিয়া </W><W> মসজিদে </W></PLACE-ARG><MAN_MADE_EVENT ID="7" TYPE="TERRORIST_ATTACK"><EVENT-COREF-LINK EVENT_ID="5" ID="30" TYPE_REL="EVENT_COREF"/><W> জঙ্গি </W><W> হানার </W></MAN_MADE_EVENT><W> পরে </W><W> পাল্টা </W><W> হিংসা </W><MAN_MADE_EVENT ID="10" TYPE="RIOTS"><EVENT-COREF-LINK EVENT_ID="12" ID="32" TYPE_REL="EVENT_COREF"/><W> দাঙ্গার </W></MAN_MADE_EVENT><W> আকার </W><W> নেয়। </W><PARTICIPANT-ARG ID="34"><LINK EVENT_ARG="36" ID="37" TYPE_REL="EVENT_ARG"/><W> উত্তেজিত </W><W> জনতা </W></PARTICIPANT-ARG><PLACE-ARG ID="35"><LINK EVENT_ARG="36" ID="38" TYPE_REL="EVENT_ARG"/><W> মার্কিন </W><W> ফাস্ট </W><W> ফূড </W><W> সংস্থা </W><W> কেএফসি-র </W><W> একটি </W><W> দোকানে </W></PLACE-ARG><MAN_MADE_EVENT ID="36" TYPE="RIOTS"><EVENT-COREF-LINK EVENT_ID="10" ID="40" TYPE_REL="EVENT_COREF"/><W> তাণ্ডব </W><W> চালালে </W></MAN_MADE_EVENT><CASUALTIES-ARG ID="11"><LINK EVENT_ARG="36" ID="39" TYPE_REL="EVENT_ARG"/><W> 6 </W><W> জন </W><W> কর্মীর </W><W> মৃত্যু </W></CASUALTIES-ARG><W> হয়। </W><CASUALTIES-ARG ID="14"><LINK EVENT_ARG="36" ID="41" TYPE_REL="EVENT_ARG"/><W> মোট </W><W> নিহতের </W><W> সংখ্যা </W><W> 11। </W></CASUALTIES-ARG><TIME-ARG ID="17"><LINK EVENT_ARG="15" ID="40" TYPE_REL="EVENT_ARG"/><W> কাল </W></TIME-ARG><PLACE-ARG ID="16"><LINK EVENT_ARG="15" ID="41" TYPE_REL="EVENT_ARG"/><W> মসজিদে </W></PLACE-ARG><MAN_MADE_EVENT ID="15" TYPE="SUICIDE_ATTACK"><EVENT-COREF-LINK EVENT_ID="7" ID="54" TYPE_REL="EVENT_COREF"/><W> জঙ্গি </W><W> হানার </W></MAN_MADE_EVENT><W> কিছু </W><W> পরেই </W><PARTICIPANT-ARG ID="19"><LINK EVENT_ARG="46" ID="48" TYPE_REL="EVENT_ARG"/><W> উত্তেজিত </W><W> জনতা </W></PARTICIPANT-ARG><PLACE-ARG ID="42"><LINK EVENT_ARG="46" ID="49" TYPE_REL="EVENT_ARG"/><W> কেএফসি-র </W><W> দোকান, </W></PLACE-ARG><PLACE-ARG ID="43"><LINK EVENT_ARG="46" ID="50" TYPE_REL="EVENT_ARG"/><W> একটি </W><W> হাসপাতাল, </W></PLACE-ARG><PLACE-ARG ID="44"><LINK EVENT_ARG="46" ID="51" TYPE_REL="EVENT_ARG"/><W> দু&apos;টি </W><W> পেট্রোল </W><W> পাম্প </W></PLACE-ARG><MAN_MADE_EVENT ID="46" TYPE="RIOTS"><EVENT-COREF-LINK EVENT_ID="36" ID="55" TYPE_REL="EVENT_COREF"/><W> আক্রমণ </W><W> করে </W></MAN_MADE_EVENT><W> এবং </W><AFTER_EFFECTS-ARG ID="20"><LINK EVENT_ARG="46" ID="53" TYPE_REL="EVENT_ARG"/><W> এক </W><W> ডজনেরও </W><W> বেশি </W><W> গাড়ি </W><MAN_MADE_EVENT ID="52" TYPE="FIRE"><ASSOCIATED-EVENT-LINK EVENT_ID="46" ID="54" TYPE_REL="ASSOCIATED_EVENT"/><W> জ্বালিয়ে </W><W> দেয়। </W></MAN_MADE_EVENT></AFTER_EFFECTS-ARG><W> সবচেয়ে </W><MAN_MADE_EVENT ID="47" TYPE="RIOTS"><EVENT-COREF-LINK EVENT_ID="46" ID="56" TYPE_REL="EVENT_COREF"/><W> হিংসাত্মক </W><W> ঘটনা </W></MAN_MADE_EVENT><W> ঘটে </W><PLACE-ARG ID="24"><LINK EVENT_ARG="47" ID="57" TYPE_REL="EVENT_ARG"/><W> কেএফসি-তেই। </W></PLACE-ARG><PLACE-ARG ID="21"><LINK EVENT_ARG="22" ID="57" TYPE_REL="EVENT_ARG"/><W> মসজিদে </W></PLACE-ARG><MAN_MADE_EVENT ID="22" TYPE="SUICIDE_ATTACK"><EVENT-COREF-LINK EVENT_ID="15" ID="53" TYPE_REL="EVENT_COREF"/><W> বিস্ফোরণের </W></MAN_MADE_EVENT><W> কয়েক </W><W> মিনিটের </W><W> মধ্যেই </W><PLACE-ARG ID="26"><LINK EVENT_ARG="58" ID="65" TYPE_REL="EVENT_ARG"/><W> দোকানটি </W></PLACE-ARG><MAN_MADE_EVENT ID="58" TYPE="FIRE"><ASSOCIATED-EVENT-LINK EVENT_ID="46" ID="61" TYPE_REL="ASSOCIATED_EVENT"/><AFTER_EFFECTS-ARG ID="59"><LINK EVENT_ARG="22" ID="60" TYPE_REL="EVENT_ARG"/><W> জ্বালিয়ে </W><W> দেওয়া </W><W> হয়। </W></AFTER_EFFECTS-ARG></MAN_MADE_EVENT><CASUALTIES-ARG ID="27"><LINK EVENT_ARG="58" ID="62" TYPE_REL="EVENT_ARG"/><W> চার </W><W> জন </W><W> কর্মী </W><W> পুড়ে </W><W> মারা </W></CASUALTIES-ARG><W> যান। </W><AFTER_EFFECTS-ARG ID="28"><LINK EVENT_ARG="58" ID="63" TYPE_REL="EVENT_ARG"/><W> আগুন </W><W> থেকে </W><W> বাঁচতে </W><W> একটি </W><W> রেফ্রিজারেটরে </W><W> আশ্রয় </W><W> নিয়ে </W><W> ঠাণ্ডায় </W><W> জমে </W></AFTER_EFFECTS-ARG><CASUALTIES-ARG ID="29"><LINK EVENT_ARG="58" ID="64" TYPE_REL="EVENT_ARG"/><W> মারা </W><W> যান </W><W> আরও </W><W> দু&apos;জন। </W></CASUALTIES-ARG><W> পাক </W><W> জঙ্গি </W><W> সংগঠনগুলি </W><W> আমেরিকার </W><W> সন্ত্রাসবিরোধী </W><W> লড়াইয়ে </W><W> পাক </W><W> রাষ্ট্রের </W><W> ভূমিকাকে </W><W> ভাল </W><W> চোখে </W><W> দেখে </W><W> না। </W><W> মুশারফ </W><W> তথা </W><W> মার্কিনবিরোধী </W><W> মনোভাব </W><W> তাদের </W><W> মধ্যে </W><W> প্রবল। </W><W> কিন্ত্ত </W><W> একের </W><W> পর </W><W> এক </W><W> হামলায় </W><W> শিয়ারা </W><W> যে </W><W> ভাবে </W><W> ক্ষতিগ্রস্ত </W><W> হচ্ছেন, </W><W> তাতে </W><W> তাঁদের </W><W> মধ্যেও </W><W> সরকারের </W><W> প্রতি </W><W> অনাস্থা </W><W> বাড়ছে। </W><W> রাগ </W><W> ঠিকরে </W><W> পড়ছে </W><W> মার্কিন </W><W> প্রতীকগুলির </W><W> উপরেও। </W></P></DOCUMENT>