<?xml version="1.0" encoding="UTF-8"?>
<DOCUMENT><DESC/><TIME>595</TIME><P><TIME-ARG ID="0"><LINK EVENT_ARG="5" ID="22" TYPE_REL="EVENT_ARG"/><TIME-ARG ID="15"><LINK EVENT_ARG="10" ID="23" TYPE_REL="EVENT_ARG"/><W> 16 </W><W> মাঘ </W><W> 1413 </W><W> মঙ্গলবার </W><W> 30 </W><W> জানুয়ারি </W><W> 2007 </W></TIME-ARG></TIME-ARG></P><P><W> সংক্ষেপে... </W></P><P><W> কাসুরি </W><W> ভারতে </W></P><P><W> সংবাদসংস্থা </W><W> ইসলামাবাদ </W></P><P><W> পাক </W><W> বিদেশমন্ত্রী </W><W> খুরশিদ </W><W> মেহমুদ </W><W> কাসুরির </W><W> ভারত </W><W> সফরের </W><W> সময়েই </W><W> পরমাণু </W><W> দুর্ঘটনার </W><W> ঝঁুকি </W><W> কমানো </W><W> নিয়ে </W><W> দু&apos;দেশের </W><W> মধ্যে </W><W> চুক্তি </W><W> সই </W><W> হতে </W><W> পারে। </W><W> ভারত-পাক </W><W> যৌথ </W><W> কমিশনের </W><W> বৈঠকে </W><W> যোগ </W><W> দিতে </W><W> কাসুরি </W><W> 20 </W><W> ফেব্রুয়ারি </W><W> ভারতে </W><W> আসছেন। </W><W> তিনি </W><W> জানান, </W><W> ভারতের </W><W> বিদেশমন্ত্রী </W><W> প্রণব </W><W> মুখোপাধ্যায়ের </W><W> পাক </W><W> সফরের </W><W> সময় </W><W> চুক্তি </W><W> নিয়ে </W><W> পাকিস্তানের </W><W> যা </W><W> করণীয় </W><W> তা </W><W> করা </W><W> হয়েছে। </W><W> অন্য </W><W> দিকে </W><W> ভারতেও </W><W> চুক্তীর </W><W> খসড়া </W><W> কেন্দ্রীয় </W><W> মন্ত্রিসভার </W><W> অনুমোদন </W><W> মিলেছে। </W><W> তবে </W><W> কাসুরির </W><W> এই </W><W> সফরে </W><W> দু&apos;দেশের </W><W> মধ্যে </W><W> ভিসা-ব্যবস্থা </W><W> শিথিল </W><W> করা </W><W> নিয়ে </W><W> চুক্তি </W><W> সই </W><W> হবে </W><W> কি </W><W> না, </W><W> তা </W><W> নিয়ে </W><W> পাক </W><W> কর্তৃপক্ষ </W><W> এখনও </W><W> নিশ্চিত </W><W> নয়। </W><W> বিমানের </W><W> চাকায় </W><W> দেহ </W><W> সংবাদসংস্থা </W><W> লস </W><W> অ্যাঞ্জেলেস </W></P><P><W> বিমানের </W><W> চাকার </W><W> খাঁজে </W><W> মিলল </W><W> এক </W><W> যুবকের </W><W> মৃতদেহ। </W><W> লস </W><W> অ্যাঞ্জেলেসের </W><W> আন্তর্জাতিক </W><W> বিমানবন্দরে </W><W> ব্রিটিশ </W><W> এয়ারওয়েজের </W><W> বিমানটির </W><W> নিয়মমাফিক </W><W> পরীক্ষার </W><W> সময় </W><W> সামনের </W><W> চাকায় </W><W> জড়িয়ে </W><W> থাকা </W><W> মৃতদেহটি </W><W> চোখে </W><W> পড়ে </W><W> এক </W><W> বিমান </W><W> চালকের। </W><W> গোয়েন্দাদের </W><W> মতে, </W><W> নিরাপত্তারক্ষীদের </W><W> চোখ </W><W> এড়িয়ে </W><W> বিমানে </W><W> ওঠার </W><W> চেষ্টা </W><W> করেছিলেন </W><W> যুবক। </W><W> তিনি </W><W> বিমানে </W><W> আদৌ </W><W> উঠেছিলেন </W><W> কি </W><W> না </W><W> তা </W><W> জানা </W><W> যায়নি। </W><W> 12 </W><W> জানুয়ারি </W><W> আটলান্টায় </W><W> অন্য </W><W> এক </W><W> সংস্থার </W><W> বিমানের </W><W> চাকায় </W><W> মিলেছিল </W><W> অন্য </W><W> একটি </W><W> দেহ। </W></P><P><W> অনিদ্রার </W><W> মোকাবিলায় </W><W> সংবাদসংস্থা </W><W> ওয়াশিংটন </W></P><P><W> অনিদ্রা </W><W> ঘোচাতে </W><W> নয়া </W><W> চাবিকাঠি </W><W> খুঁজে </W><W> পেয়েছেন </W><W> গবেষকেরা। </W><W> মানুষ </W><W> কেন </W><W> হঠাত্ </W><W> ঘুমিয়ে </W><W> পড়ে, </W><W> তা </W><W> নিয়ে </W><W> গবেষণা </W><W> করতে </W><W> গিয়ে </W><W> চিকিত্সকেরা </W><W> আবিষ্কার </W><W> করেছেন, </W><W> রক্তে </W><W> &apos;ওরেক্সিন&apos; </W><W> নামে </W><W> একটি </W><W> পদার্থ </W><W> থাকে, </W><W> যা </W><W> ঠিক </W><W> মতো </W><W> মস্তিষ্কে </W><W> না </W><W> পৌঁছলে </W><W> অসময়ে </W><W> ঘুম </W><W> পায়। </W><W> গবেষকেরা </W><W> তাই </W><W> এমন </W><W> একটা </W><W> ওষুধ </W><W> বার </W><W> করেছেন, </W><W> যা </W><W> কৃত্রিম </W><W> ভাবে </W><W> &apos;ওরেক্সিন&apos;কে </W><W> মস্তিষ্কে </W><W> পৌঁছতে </W><W> দেবে </W><W> না। </W><W> আমেরিকায় </W><W> প্রায় </W><W> দেড় </W><W> লক্ষ </W><W> লোক </W><W> অনিদ্রায় </W><W> ভোগেন। </W><W> আশা, </W><W> এই </W><W> ওষুধ </W><W> ওই </W><W> সমস্যা </W><W> দূর </W><W> করবে। </W></P><P><W> কেমিক্যাল </W><W> আলি </W><W> সংবাদসংস্থা </W><W> বাগদাদ </W></P><P><W> সাদ্দাম </W><W> হুসেনের </W><W> তুতো </W><W> ভাই </W><W> আলি </W><W> হাসান </W><W> আল-মজিদ </W><W> ওরফে </W><W> &apos;কেমিক্যাল </W><W> আলি&apos; </W><W> রবিবার </W><W> স্বীকার </W><W> করে </W><W> নিলেন, </W><W> তিনিই </W><W> সেনাকে </W><W> কূর্দ </W><W> গ্রামগুলি </W><W> ধ্বংসের </W><W> নির্দেশ </W><W> দিয়েছিলেন। </W><W> তাঁর </W><W> বক্তব্য, </W><W> &apos;&apos;ইরানি </W><W> চরে </W><W> এলাকাগুলি </W><W> ছেয়ে </W><W> গিয়েছিল। </W><W> তাদের </W><W> চিহ্নিত </W><W> করতে </W><W> গ্রামগুলি </W><W> ধ্বংস </W><W> করে </W><W> সেখানকার </W><W> বাসিন্দাদের </W><W> অন্যত্র </W><W> সরিয়ে </W><W> নিয়ে </W><W> যাওয়ার </W><W> নির্দেশ </W><W> দিয়েছিলাম।&apos;&apos; </W><W> আশির </W><W> দশকে </W><W> ইরান-ইরাক </W><W> যুদ্ধে </W><W> আনফলে </W><W> সেনা </W><W> অভিযানে </W><W> প্রায় </W><W> এক </W><W> লক্ষ </W><W> কূর্দ </W><W> নিহত </W><W> হয়েছিলেন। </W></P><P><PLACE-ARG ID="1"><LINK EVENT_ARG="5" ID="16" TYPE_REL="EVENT_ARG"/><W> ইরাকে </W></PLACE-ARG><CASUALTIES-ARG ID="2"><LINK EVENT_ARG="5" ID="17" TYPE_REL="EVENT_ARG"/><W> হত </W><W> 350 </W><W> জঙ্গি </W></CASUALTIES-ARG><W> সংবাদসংস্থা </W><W> নজাফ </W><W> (ইরাক) </W></P><P><W> মহরমের </W><W> আগে </W><W> রক্তাক্ত </W><PLACE-ARG ID="3"><LINK EVENT_ARG="5" ID="18" TYPE_REL="EVENT_ARG"/><W> ইরাক। </W></PLACE-ARG><PLACE-ARG ID="4"><LINK EVENT_ARG="5" ID="19" TYPE_REL="EVENT_ARG"/><W> বাগদাদের </W><W> দক্ষিণে </W><W> শিয়া </W><W> অধ্যুষিত </W><W> নজাফ </W><W> শহরের </W><W> কাছে </W></PLACE-ARG><MAN_MADE_EVENT ID="5" TYPE="SURGICAL_STRIKES"><W> অভিযান </W><W> চালিয়ে </W></MAN_MADE_EVENT><CASUALTIES-ARG ID="6"><LINK EVENT_ARG="5" ID="20" TYPE_REL="EVENT_ARG"/><W> অন্তত </W><W> সাড়ে </W><W> তিনশো </W><W> জঙ্গিকে </W><W> হত্যা </W><W> করেছে </W></CASUALTIES-ARG><PARTICIPANT-ARG ID="7"><LINK EVENT_ARG="5" ID="21" TYPE_REL="EVENT_ARG"/><W> ইরাক </W></PARTICIPANT-ARG><W> ও </W><PARTICIPANT-ARG ID="9"><LINK EVENT_ARG="5" ID="22" TYPE_REL="EVENT_ARG"/><W> আমেরিকার </W><W> যৌথ </W><W> বাহিনী। </W></PARTICIPANT-ARG><W> ইরাকের </W><W> প্রতীরক্ষা </W><W> মন্ত্রকের </W><W> দাবি, </W><W> শিয়া </W><W> মুসলিমদের </W><W> &apos;আশুরা&apos; </W><W> উত্সবের </W><W> সময়ে </W><W> নজাফে </W><W> বড় </W><W> মাপের </W><W> হামলা </W><W> চালাতে </W><W> চেয়েছিল </W><W> এরা। </W></P><P><W> নাকাল </W><W> বিমানযাত্রীরা </W><W> সংবাদসংস্থা </W><W> সিডনি </W></P><P><W> সিডনি </W><W> বিমানবন্দরের </W><W> অন্তর্দেশীয় </W><W> টার্মিনালের </W><W> শ&apos; </W><W> খানেক </W><W> যাত্রীকে </W><W> নাকাল </W><W> হতে </W><W> হল </W><W> এক </W><W> জনের </W><W> জন্য। </W><W> তল্লাশি-প্রক্রিয়া </W><W> সম্পূর্ণ </W><W> না </W><W> হতেই </W><W> রবিবার </W><W> ওই </W><W> যাত্রীটি </W><W> নিরাপত্তা </W><W> বেষ্টনী </W><W> পেরিয়ে </W><W> যান। </W><W> এতেই </W><W> কর্তৃপক্ষের </W><W> সন্দেহ </W><W> হয়, </W><W> সন্দেহজনক </W><W> কিছু </W><W> আছে </W><W> তাঁর </W><W> কাছে। </W><W> ওই </W><W> ব্যক্তিকে </W><W> খুঁজে </W><W> বের </W><W> করতে </W><W> ফাঁকা </W><W> করে </W><W> দেওয়া </W><W> হয় </W><W> বিমান </W><W> এবং </W><W> টার্মিনাল। </W><W> শেষ </W><W> পর্যন্ত </W><W> অবশ্য </W><W> তাকে </W><W> পাওয়া </W><W> যায়নি। </W></P><P><NATURAL_EVENT ID="10" TYPE="EPIDEMIC"><W> বার্ড </W><W> ফ্লুয়ে </W></NATURAL_EVENT><AFTER_EFFECTS-ARG ID="16"><LINK EVENT_ARG="10" ID="17" TYPE_REL="EVENT_ARG"/><W> মৃত </W><W> মুরগি </W></AFTER_EFFECTS-ARG><W> সংবাদসংস্থা </W><W> টোকিও </W></P><P><PLACE-ARG ID="11"><LINK EVENT_ARG="12" ID="23" TYPE_REL="EVENT_ARG"/><W> জাপানেও </W></PLACE-ARG><NATURAL_EVENT ID="12" TYPE="EPIDEMIC"><EVENT-COREF-LINK EVENT_ID="10" ID="26" TYPE_REL="EVENT_COREF"/><W> বার্ড </W><W> ফ্লু। </W></NATURAL_EVENT><W> কর্তৃপক্ষ </W><W> জানিয়েছেন, </W><NATURAL_EVENT ID="13" TYPE="EPIDEMIC"><EVENT-COREF-LINK EVENT_ID="12" ID="25" TYPE_REL="EVENT_COREF"/><W> ওই </W><W> রোগেই </W></NATURAL_EVENT><PLACE-ARG ID="18"><LINK EVENT_ARG="13" ID="19" TYPE_REL="EVENT_ARG"/><W> তাকাহাশির </W><W> একটি </W><W> খামারের </W></PLACE-ARG><AFTER_EFFECTS-ARG ID="14"><LINK EVENT_ARG="13" ID="24" TYPE_REL="EVENT_ARG"/><W> 30টি </W><W> মুরগি </W><W> মারা </W><W> গিয়েছে। </W></AFTER_EFFECTS-ARG><AFTER_EFFECTS-ARG ID="20"><LINK EVENT_ARG="13" ID="21" TYPE_REL="EVENT_ARG"/><W> খামারটি </W><W> পরিশোধন </W><W> করা </W><W> হচ্ছে। </W></AFTER_EFFECTS-ARG><W> সেটির </W><W> 10 </W><W> কিমি </W><W> ব্যাসার্ধে </W><W> থাকা </W><W> অন্য </W><W> খামারগুলিকেও </W><W> ডিম </W><W> ও </W><W> মুরগি </W><W> রফতানি </W><W> না </W><W> করার </W><W> নির্দেশ </W><W> দেওয়া </W><W> হয়েছে। </W></P><P><W> তড়িদাহত, </W><W> মৃত </W><W> 11 </W><W> সংবাদসংস্থা </W><W> করাচি </W></P><P><W> ভিতরে </W><W> যাত্রীদের </W><W> ঠাসাঠাসি, </W><W> তাই </W><W> বাকি </W><W> যাত্রীরা </W><W> বেছে </W><W> নিয়েছিলেন </W><W> প্যাসেঞ্জার </W><W> ট্রেনের </W><W> ছাদ। </W><W> আর </W><W> সেটাই </W><W> শেষ </W><W> পর্যন্ত </W><W> কাল </W><W> হল। </W><W> দক্ষিণ </W><W> পাকিস্তানের </W><W> সিন্ধু </W><W> প্রদেশে </W><W> সুক্কূর </W><W> স্টেশনের </W><W> কাছে </W><W> ওভারহেড </W><W> তারের </W><W> ছোঁয়া </W><W> লেগে </W><W> মারা </W><W> গেলেন </W><W> 11 </W><W> জন। </W><W> আহতের </W><W> সংখ্যা </W><W> 40-এরও </W><W> বেশি। </W><W> তড়িদাহত </W><W> হয়ে </W><W> কেউ </W><W> কেউ </W><W> ট্রেনের </W><W> ছাদ </W><W> থেকেও </W><W> পড়ে </W><W> গিয়েছিলেন। </W></P><P><W> তিন </W><W> মাস </W><W> ভোট </W><W> নয় </W><W> বাংলাদেশে </W><W> নিজস্ব </W><W> সংবাদদাতা </W><W> ঢাকা </W></P><P><W> তিন </W><W> মাসের </W><W> মধ্যে </W><W> বাংলাদেশে </W><W> সাধারণ </W><W> নির্বাচন-সহ </W><W> যে </W><W> কোনও </W><W> নির্বাচনের </W><W> উপরে </W><W> নিষেধাজ্ঞা </W><W> জারি </W><W> করেছে </W><W> ঢাকা </W><W> হাইকোর্ট। </W><W> এক </W><W> জনস্বার্থ </W><W> মামলার </W><W> রায়ে </W><W> হাইকোর্ট </W><W> জানায়, </W><W> সুপ্রিম </W><W> কোর্টের </W><W> নির্দেশ </W><W> মেনে </W><W> ভোটার </W><W> তালিকা </W><W> সংশোধন </W><W> না </W><W> করায় </W><W> এই </W><W> নিষেধাজ্ঞা। </W><W> তবে, </W><W> বর্তমান </W><W> পরিস্থিতিতে </W><W> তিন </W><W> মাসের </W><W> মধ্যে </W><W> সাধারণ </W><W> নির্বাচন </W><W> হওয়া </W><W> অসম্ভব। </W><W> রাষ্ট্রপতি </W><W> আজ </W><W> প্রথা </W><W> ভেঙে </W><W> সেনানিবাসে </W><W> গিয়ে </W><W> সেনাকর্তাদের </W><W> সঙ্গে </W><W> আলোচনা </W><W> করেন। </W></P></DOCUMENT>