<?xml version="1.0" encoding="UTF-8"?>
<DOCUMENT><DESC/><TIME>163</TIME><P><TIME-ARG ID="0"><LINK EVENT_ARG="2" ID="13" TYPE_REL="EVENT_ARG"/><W> 26 </W><W> পৌষ </W><W> 1413 </W><W> বৃহস্পতিবার </W><W> 11 </W><W> জানুয়ারি </W><W> 2007 </W></TIME-ARG></P><P><W> সংক্ষেপে... </W></P><P><W> ফিরছেন </W><W> ক্যামেরন </W></P><P><W> সংবাদসংস্থা </W><W> লস </W><W> অ্যাঞ্জেলেস </W></P><P><W> এক </W><W> দশক </W><W> পর </W><W> ফিরছেন </W><W> জেমস </W><W> ক্যামেরন। </W><W> 1997 </W><W> সালে </W><W> &apos;টাইটানিক&apos; </W><W> -এর </W><W> পরে </W><W> নতুন </W><W> কোনও </W><W> ছবি </W><W> তৈরি </W><W> করেননি </W><W> তিনি। </W><W> 2009 </W><W> সালে </W><W> আসছে </W><W> তাঁর </W><W> &apos;অবতার&apos;। </W><W> 20 </W><W> কোটি </W><W> ডলার </W><W> খরচ </W><W> করে </W><W> তৈরি </W><W> ছবিতে </W><W> থাকবে </W><W> অত্যাধুনিক </W><W> প্রযুক্তীর </W><W> কেরামতি। </W><W> পৃথিবীর </W><W> পরিবেশ </W><W> দূষণ </W><W> প্রাধান্য </W><W> পাবে </W><W> এই </W><W> সায়েন্স </W><W> ফিকশনে। </W><W> ক্যামেরন </W><W> জানান, </W><W> অনেক </W><W> আগেই </W><W> ছবিটি </W><W> করতে </W><W> চেয়েছিলেন। </W><W> প্রয়োজনীয় </W><W> প্রযুক্তি </W><W> পাননি। </W><W> কার্লো </W><W> পন্তি </W><W> প্রয়াত </W><W> সংবাদসংস্থা </W><W> রোম </W></P><P><W> ইতালীয় </W><W> চলচ্চিত্র </W><W> প্রযোজক </W><W> কার্লো </W><W> পন্তি </W><W> মারা </W><W> গিয়েছেন। </W><W> বয়স </W><W> হয়েছিল </W><W> 94। </W><W> তাঁর </W><W> করা </W><W> শ&apos;দেড়েক </W><W> ফিল্মের </W><W> মধ্যে </W><W> সব </W><W> চেয়ে </W><W> বিখ্যাত </W><W> &apos;ডক্টর </W><W> জিভাগো&apos;। </W><W> কিন্ত্ত </W><W> তাঁর </W><W> আরও </W><W> খ্যাতীর </W><W> কারণ </W><W> নেপলসের </W><W> গরিব </W><W> মেয়ে </W><W> সোফিয়া </W><W> লোরেনকে </W><W> আবিষ্কার </W><W> এবং </W><W> বৌ </W><W> থাকতেও </W><W> ভিন্ </W><W> দেশে </W><W> গিয়ে </W><W> তাঁকে </W><W> বিয়ে </W><W> করা। </W></P><P><W> ফের </W><NATURAL_EVENT ID="2" TYPE="PANDEMIC"><W> বার্ড </W><W> ফ্লু </W></NATURAL_EVENT><W> সংবাদসংস্থা </W><W> জাকার্তা </W></P><P><PLACE-ARG ID="3"><LINK EVENT_ARG="4" ID="14" TYPE_REL="EVENT_ARG"/><W> এশিয়ায় </W></PLACE-ARG><W> ফের </W><NATURAL_EVENT ID="4" TYPE="PANDEMIC"><EVENT-COREF-LINK EVENT_ID="2" ID="23" TYPE_REL="EVENT_COREF"/><W> বার্ড </W><W> ফ্লু-তে </W></NATURAL_EVENT><W> মৃত্যুর </W><W> ঘটনা </W><W> ঘটল। </W><TIME-ARG ID="5"><LINK EVENT_ARG="9" ID="15" TYPE_REL="EVENT_ARG"/><W> আজই </W></TIME-ARG><PLACE-ARG ID="6"><LINK EVENT_ARG="9" ID="16" TYPE_REL="EVENT_ARG"/><W> ইন্দোনেশিয়ায় </W></PLACE-ARG><CASUALTIES-ARG ID="7"><LINK EVENT_ARG="9" ID="17" TYPE_REL="EVENT_ARG"/><W> মারা </W><W> গিয়েছে </W><W> এক </W><W> কিশোর। </W></CASUALTIES-ARG><W> আর </W><CASUALTIES-ARG ID="8"><LINK EVENT_ARG="9" ID="18" TYPE_REL="EVENT_ARG"/><W> এক </W><W> মহিলাও </W></CASUALTIES-ARG><NATURAL_EVENT ID="9" TYPE="PANDEMIC"><EVENT-COREF-LINK EVENT_ID="4" ID="22" TYPE_REL="EVENT_COREF"/><W> বার্ড </W><W> ফ্লুতে </W></NATURAL_EVENT><W> আক্রান্ত। </W><W> তাঁরা </W><W> পোলট্রির </W><W> মুরগি </W><W> থেকে </W><W> সংক্রামিত </W><W> হয়েছেন। </W><PLACE-ARG ID="10"><LINK EVENT_ARG="9" ID="19" TYPE_REL="EVENT_ARG"/><W> চিনেও </W></PLACE-ARG><CASUALTIES-ARG ID="11"><LINK EVENT_ARG="9" ID="20" TYPE_REL="EVENT_ARG"/><W> আক্রান্ত </W><W> এক </W><W> কৃষক। </W></CASUALTIES-ARG><PLACE-ARG ID="12"><LINK EVENT_ARG="14" ID="15" TYPE_REL="EVENT_ARG"/><W> ভিয়েতনামে </W></PLACE-ARG><AFTER_EFFECTS-ARG ID="13"><LINK EVENT_ARG="14" ID="16" TYPE_REL="EVENT_ARG"/><W> 70টি </W><W> হাঁস </W><NATURAL_EVENT ID="14" TYPE="PANDEMIC"><W> এই </W><W> রোগে </W></NATURAL_EVENT><W> মারা </W><W> গিয়েছে। </W></AFTER_EFFECTS-ARG></P><P><W> ইউনূস </W><W> আসছেন </W><W> না </W><W> নিজস্ব </W><W> সংবাদদাতা </W><W> কলকাতা </W></P><P><W> নোবেল </W><W> শান্তি </W><W> পুরস্কারজয়ী </W><W> অর্থনীতিবিদ </W><W> মুহাম্মদ </W><W> ইউনূসের </W><W> চলতি </W><W> মাসের </W><W> প্রস্তাবিত </W><W> কলকাতা </W><W> সফর </W><W> বাতিল </W><W> হয়েছে। </W><W> রাজ্য </W><W> সরকারের </W><W> এক </W><W> মুখপাত্র </W><W> বুধবার </W><W> এ </W><W> কথা </W><W> জানান। </W><W> ঠিক </W><W> ছিল, </W><W> ইউনূস </W><W> 26 </W><W> জানুয়ারি </W><W> কলকাতায় </W><W> আসবেন। </W><W> 27 </W><W> তারিখে </W><W> রাজ্য </W><W> সরকার </W><W> তাঁকে </W><W> নাগরিক </W><W> সংবর্ধনা </W><W> দেবে। </W><W> 28 </W><W> তারিখে </W><W> কলকাতা </W><W> থেকে </W><W> ইউনূসের </W><W> প্রথমে </W><W> দিল্লি </W><W> এবং </W><W> তার </W><W> পরে </W><W> মুম্বই </W><W> যাওয়ার </W><W> কথা </W><W> ছিল। </W><W> কেন </W><W> তাঁর </W><W> কলকাতা </W><W> সফর </W><W> বাতিল </W><W> হল, </W><W> সরকারি </W><W> মুখপাত্র </W><W> তা </W><W> বলতে </W><W> পারেননি। </W></P></DOCUMENT>