<?xml version="1.0" encoding="UTF-8"?>
<DOCUMENT><P><PLACE-ARG ID="0"><LINK EVENT_ARG="1" ID="42" TYPE_REL="EVENT_ARG"/><W> কক্সবাজারে </W></PLACE-ARG><MAN_MADE_EVENT ID="1" TYPE="ARMED_CONFLICTS"><W> পৃথক </W><W> ‘বন্দুকযুদ্ধে’ </W></MAN_MADE_EVENT><CASUALTIES-ARG ID="2"><LINK EVENT_ARG="1" ID="43" TYPE_REL="EVENT_ARG"/><W> রোহিঙ্গাসহ </W><W> নিহত </W><W> ৩ </W></CASUALTIES-ARG></P><P><W> প্রকাশিত: </W><TIME-ARG ID="3"><LINK EVENT_ARG="1" ID="44" TYPE_REL="EVENT_ARG"/><W> ২০:১৭, </W><W> আগস্ট </W><W> ০৫, </W><W> ২০১৯ </W></TIME-ARG><W> | </W><W> সর্বশেষ </W><W> আপডেট: </W><TIME-ARG ID="4"><LINK EVENT_ARG="1" ID="45" TYPE_REL="EVENT_ARG"/><W> ২০:২৬, </W><W> আগস্ট </W><W> ০৫, </W><W> ২০১৯ </W></TIME-ARG><W> 11 </W></P><P><PLACE-ARG ID="5"><LINK EVENT_ARG="6" ID="46" TYPE_REL="EVENT_ARG"/><W> কক্সবাজারকক্সবাজারের </W><W> টেকনাফ </W><W> ও </W><W> উখিয়ায় </W></PLACE-ARG><W> পৃথক </W><W> ঘটনায় </W><PARTICIPANT-ARG ID="7"><LINK EVENT_ARG="6" ID="47" TYPE_REL="EVENT_ARG"/><W> বিজিবির </W></PARTICIPANT-ARG><W> সঙ্গে </W><W> কথিত </W><MAN_MADE_EVENT ID="6" TYPE="ARMED_CONFLICTS"><EVENT-COREF-LINK EVENT_ID="1" ID="82" TYPE_REL="EVENT_COREF"/><W> বন্দুকযুদ্ধে </W></MAN_MADE_EVENT><CASUALTIES-ARG ID="8"><LINK EVENT_ARG="6" ID="48" TYPE_REL="EVENT_ARG"/><W> দুই </W><W> রোহিঙ্গাসহ </W><W> তিনজন </W><W> নিহত </W></CASUALTIES-ARG><W> হয়েছেন। </W><TIME-ARG ID="9"><LINK EVENT_ARG="13" ID="49" TYPE_REL="EVENT_ARG"/><W> সোমবার </W><W> (৫ </W><W> আগস্ট) </W><W> ভোর </W><W> রাত </W><W> ৪টার </W><W> দিকে </W></TIME-ARG><PLACE-ARG ID="10"><LINK EVENT_ARG="13" ID="52" TYPE_REL="EVENT_ARG"/><W> টেকনাফ </W><W> উপজেলার </W><W> নাফ </W><W> নদীর </W><W> দুই </W><W> নম্বর </W><W> স্লুইস </W><W> গেট </W><W> এরাকায় </W></PLACE-ARG><W> এবং </W><TIME-ARG ID="12"><LINK EVENT_ARG="13" ID="51" TYPE_REL="EVENT_ARG"/><W> ভোর </W><W> ৫টার </W><W> দিকে </W></TIME-ARG><PLACE-ARG ID="11"><LINK EVENT_ARG="13" ID="50" TYPE_REL="EVENT_ARG"/><W> উখিয়ার </W><W> জালিয়াপালং </W><W> ইউনিয়নের </W><W> রূপপতি </W><W> এলাকায় </W></PLACE-ARG><MAN_MADE_EVENT ID="13" TYPE="ARMED_CONFLICTS"><EVENT-COREF-LINK EVENT_ID="6" ID="81" TYPE_REL="EVENT_COREF"/><W> এ </W><W> পৃথক </W><W> বন্দুকযুদ্ধের </W><W> ঘটনা </W><W> ঘটে। </W></MAN_MADE_EVENT></P><P><W> নিহতরা </W><W> হলেন- </W><W> উখিয়ার </W><W> কুতুপালং </W><W> রোহিঙ্গা </W><W> ক্যাম্প </W><W> নং </W><W> ২ </W><W> এর </W><W> মৃত </W><W> হায়দার </W><W> শরীফের </W><W> ছেলে </W><W> নুরুল </W><W> ইসলাম </W><W> (২৭), </W><W> টেকনাফ </W><W> উপজেলার </W><W> হোয়াইক্যং </W><W> নয়াবাজার </W><W> এলাকার </W><W> মৃত </W><W> জলিল </W><W> আহমদের </W><W> ছেলে </W><W> মো. </W><W> দেলোয়ার </W><W> হোসেন </W><W> (৩০) </W><W> ও </W><W> উখিয়ার </W><W> কুতুপালং </W><W> ৭নং </W><W> রোহিঙ্গা </W><W> ক্যাম্পের </W><W> ব্লক,ই-১ </W><W> এর </W><W> বাসিন্দা </W><W> মোহাম্মদ </W><W> আলীর </W><W> ছেলে </W><W> মো. </W><W> আয়ুব </W><W> (২২)। </W></P><P><W> টেকনাফের </W><W> ২নং </W><W> বর্ডার </W><W> গার্ড </W><W> ব্যাটালিয়নের </W><W> অধিনায়ক </W><W> লে. </W><W> কর্নেল </W><W> মো. </W><W> ফয়সল </W><W> হাসান </W><W> খান </W><W> জানান, </W><W> গোপন </W><W> সূত্রে </W><W> মিয়ানমার </W><W> থেকে </W><W> একটি </W><W> ইয়াবার </W><W> বড় </W><W> চালান </W><W> নাফ </W><W> নদী </W><W> পাড়ি </W><W> দিয়ে </W><W> বাংলাদেশে </W><W> আনা </W><W> হচ্ছে-এমন </W><W> খবর </W><W> পায় </W><W> বিজিবি। </W><W> এরপর </W><W> খারাংখালী </W><W> নাফনদীতে </W><W> বিজিবির </W><W> একটি </W><W> বিশেষ </W><W> টহল </W><W> দল </W><W> অবস্থান </W><W> নেয়। </W><TIME-ARG ID="14"><LINK EVENT_ARG="17" ID="53" TYPE_REL="EVENT_ARG"/><W> ভোর </W><W> রাত </W><W> ৩টার </W><W> দিকে </W></TIME-ARG><W> ৪/৫ </W><W> জন </W><W> লোককে </W><W> এ </W><W> পারে </W><W> ঢুকতে </W><W> দেখে </W><W> তাদের </W><W> প্রতি </W><W> চ্যালেঞ্জ </W><W> করা </W><W> মাত্রই </W><PARTICIPANT-ARG ID="15"><LINK EVENT_ARG="17" ID="54" TYPE_REL="EVENT_ARG"/><W> বিজিবির </W></PARTICIPANT-ARG><W> ওপর </W><MAN_MADE_EVENT ID="17" TYPE="ARMED_CONFLICTS"><EVENT-COREF-LINK EVENT_ID="13" ID="80" TYPE_REL="EVENT_COREF"/><W> গুলি </W><W> ছুড়তে </W><W> থাকে </W></MAN_MADE_EVENT><PARTICIPANT-ARG ID="16"><LINK EVENT_ARG="17" ID="55" TYPE_REL="EVENT_ARG"/><W> পাচারকারীরা। </W></PARTICIPANT-ARG><PARTICIPANT-ARG ID="19"><LINK EVENT_ARG="18" ID="56" TYPE_REL="EVENT_ARG"/><W> বিজিবিও </W></PARTICIPANT-ARG><REASON-ARG ID="20"><LINK EVENT_ARG="18" ID="57" TYPE_REL="EVENT_ARG"/><W> আত্মরক্ষার্থে </W></REASON-ARG><MAN_MADE_EVENT ID="18" TYPE="ARMED_CONFLICTS"><EVENT-COREF-LINK EVENT_ID="17" ID="79" TYPE_REL="EVENT_COREF"/><W> পাল্টা </W><W> গুলি </W><W> চালায়। </W></MAN_MADE_EVENT><W> কিছু </W><W> সময় </W><MAN_MADE_EVENT ID="21" TYPE="ARMED_CONFLICTS"><EVENT-COREF-LINK EVENT_ID="18" ID="78" TYPE_REL="EVENT_COREF"/><W> গুলি </W><W> বিনিময় </W></MAN_MADE_EVENT><W> হওয়ার </W><W> পরে </W><AFTER_EFFECTS-ARG ID="22"><LINK EVENT_ARG="21" ID="58" TYPE_REL="EVENT_ARG"/><W> অস্ত্র </W><W> ও </W><W> ইয়াবা </W><W> ব্যবসায়ীরা </W><W> পিছু </W><W> হটে। </W></AFTER_EFFECTS-ARG><W> এসময় </W><W> ঘটনাস্থল </W><W> হতে </W><AFTER_EFFECTS-ARG ID="23"><LINK EVENT_ARG="21" ID="59" TYPE_REL="EVENT_ARG"/><W> ২০ </W><W> হাজার </W><W> পিস </W><W> ইয়াবা, </W><W> দুটি </W><W> আগ্নেয়াস্ত্র, </W><W> দুটি </W><W> কিরিচ </W><W> ও </W><W> চার </W><W> রাউন্ড </W><W> তাজা </W><W> কার্তুজ </W><W> উদ্ধার </W></AFTER_EFFECTS-ARG><W> করা </W><W> হয়। </W></P><P><W> ঘটনাস্থল </W><W> থেকে </W><CASUALTIES-ARG ID="24"><LINK EVENT_ARG="21" ID="60" TYPE_REL="EVENT_ARG"/><W> দুই </W><W> যুবককে </W><W> গুলিবিদ্ধ </W><W> অবস্থায় </W><W> উদ্ধার </W></CASUALTIES-ARG><W> করে </W><W> প্রথমে </W><W> টেকনাফ </W><W> স্বাস্থ্য </W><W> কমপ্লেক্স </W><W> ও </W><W> পরে </W><W> অবস্থার </W><W> অবনতি </W><W> হলে </W><W> কক্সবাজার </W><W> সদর </W><W> হাসপাতালে </W><W> নিয়ে </W><W> যাওয়া </W><W> হয়। </W><W> সেখানে </W><W> কর্তব্যরত </W><CASUALTIES-ARG ID="25"><LINK EVENT_ARG="21" ID="61" TYPE_REL="EVENT_ARG"/><W> চিকিৎসক </W><W> তাদের </W><W> মৃত </W><W> ঘোষণা </W><W> করেন। </W></CASUALTIES-ARG><W> মৃতদেহ </W><W> দুইটি </W><W> ময়নাতদন্তের </W><W> জন্য </W><W> মর্গে </W><W> রয়েছে। </W><W> এব্যাপারে </W><W> বিজিবি </W><W> বাদী </W><W> হয়ে </W><W> টেকনাফ </W><W> থানায় </W><W> সংশ্লিষ্ট </W><W> আইনে </W><W> মামলা </W><W> রুজু </W><W> করেছে। </W></P><P><W> অপরদিকে, </W><W> কক্সবাজার </W><W> ৩৪নং </W><W> বর্ডার </W><W> গার্ড </W><W> ব্যাটালিয়নের </W><W> অতিরিক্ত </W><W> পরিচালক </W><W> মো. </W><W> আনোয়ার </W><W> হোসেন </W><W> মজুমদার </W><W> জানিয়েছেন, </W><W> রেজুখাল </W><W> যৌথ </W><W> চেকপোস্টে </W><W> দায়িত্বরত </W><W> বিজিবির </W><W> সদস্যরা </W><TIME-ARG ID="26"><LINK EVENT_ARG="30" ID="62" TYPE_REL="EVENT_ARG"/><W> রাতে </W></TIME-ARG><PLACE-ARG ID="27"><LINK EVENT_ARG="30" ID="64" TYPE_REL="EVENT_ARG"/><W> উখিয়া </W><W> উপজেলার </W><W> ১নং </W><W> জালিয়া </W><W> পালং </W><W> ইউনিয়নের </W><W> রুপপতি </W><W> সরকারি </W><W> প্রাথমিক </W><W> বিদ্যালয়ের </W><W> কাছে </W><W> মেরিন </W><W> ড্রাইভ </W><W> সড়ক </W><W> এলাকায় </W></PLACE-ARG><W> চোরাচালানবিরোধী </W><W> অভিযান </W><W> পরিচালনা </W><W> করে। </W><W> অভিযানের </W><W> সময় </W><W> টেকনাফ </W><W> থেকে </W><W> কক্সবাজারগামী </W><W> একটি </W><W> মোটরসাইকেল </W><W> আসতে </W><W> দেখে </W><W> তাদের </W><W> চ্যালেঞ্জ </W><W> করে </W><W> থামানোর </W><W> চেষ্টা </W><W> করে। </W><W> কিন্তু </W><W> বিজিবি’র </W><W> সংকেত </W><W> অমান্য </W><W> করে </W><PARTICIPANT-ARG ID="29"><LINK EVENT_ARG="30" ID="63" TYPE_REL="EVENT_ARG"/><W> টহল </W><W> দলকে </W><W> লক্ষ্য </W><W> করে </W></PARTICIPANT-ARG><MAN_MADE_EVENT ID="30" TYPE="ARMED_CONFLICTS"><EVENT-COREF-LINK EVENT_ID="1" ID="77" TYPE_REL="EVENT_COREF"/><W> গুলি </W><W> বর্ষণ </W><W> করে </W></MAN_MADE_EVENT><W> পালিয়ে </W><W> যাওয়ার </W><W> চেষ্টা </W><W> করে </W><PARTICIPANT-ARG ID="28"><LINK EVENT_ARG="30" ID="65" TYPE_REL="EVENT_ARG"/><W> মোটরসাইকেলের </W><W> আরোহীরা। </W></PARTICIPANT-ARG><W> এসময় </W><PARTICIPANT-ARG ID="31"><LINK EVENT_ARG="32" ID="66" TYPE_REL="EVENT_ARG"/><W> বিজিবির </W><W> সদস্যরাও </W></PARTICIPANT-ARG><REASON-ARG ID="33"><LINK EVENT_ARG="32" ID="67" TYPE_REL="EVENT_ARG"/><W> আত্মরক্ষার্থে </W></REASON-ARG><MAN_MADE_EVENT ID="32" TYPE="ARMED_CONFLICTS"><EVENT-COREF-LINK EVENT_ID="30" ID="76" TYPE_REL="EVENT_COREF"/><W> পাল্টা </W><W> গুলি </W><W> শুরু </W><W> করে। </W></MAN_MADE_EVENT><PARTICIPANT-ARG ID="34"><LINK EVENT_ARG="36" ID="68" TYPE_REL="EVENT_ARG"/><W> উভয়পক্ষের </W></PARTICIPANT-ARG><W> মধ্যে </W><TIME-ARG ID="35"><LINK EVENT_ARG="36" ID="69" TYPE_REL="EVENT_ARG"/><W> প্রায় </W><W> ১০-১২ </W><W> মিনিট </W></TIME-ARG><MAN_MADE_EVENT ID="36" TYPE="ARMED_CONFLICTS"><EVENT-COREF-LINK EVENT_ID="32" ID="75" TYPE_REL="EVENT_COREF"/><W> গুলি </W><W> বিনিময় </W><W> হয়। </W></MAN_MADE_EVENT><W> এক </W><W> পর্যায়ে </W><PARTICIPANT-ARG ID="38"><LINK EVENT_ARG="37" ID="70" TYPE_REL="EVENT_ARG"/><W> অজ্ঞাতনামা </W><W> অস্ত্রধারী </W><W> সন্ত্রাসীরা </W></PARTICIPANT-ARG><MAN_MADE_EVENT ID="37" TYPE="ARMED_CONFLICTS"><EVENT-COREF-LINK EVENT_ID="36" ID="74" TYPE_REL="EVENT_COREF"/><W> গুলি </W><W> করতে </W><W> করতে </W></MAN_MADE_EVENT><W> রাতের </W><W> অন্ধকারে </W><W> মোটরসাইকেল </W><W> নিয়ে </W><W> পালিয়ে </W><W> যায়। </W><W> এসময় </W><W> ঘটনাস্থলে </W><W> তল্লাশি </W><W> করে </W><CASUALTIES-ARG ID="39"><LINK EVENT_ARG="37" ID="71" TYPE_REL="EVENT_ARG"/><W> গুলিবিদ্ধ </W><W> এক </W><W> অজ্ঞাত </W><W> যুবককে </W><W> উখিয়া </W><W> স্বাস্থ্য </W><W> কমপ্লেক্স </W><W> হাসপাতালে </W><W> নিয়ে </W><W> যাওয়া </W><W> হয়। </W></CASUALTIES-ARG><W> দায়িত্বরত </W><CASUALTIES-ARG ID="40"><LINK EVENT_ARG="37" ID="72" TYPE_REL="EVENT_ARG"/><W> চিকিৎসক </W><W> তাকে </W><W> মৃত </W><W> ঘোষণা </W><W> করেন। </W></CASUALTIES-ARG><W> পরে </W><W> স্থানীয়দের </W><W> মাধ্যমে </W><W> ওই </W><W> যুবকের </W><W> মৃতদেহ </W><W> শনাক্ত </W><W> করা </W><W> হয়। </W></P><P><W> ঘটনাস্থল </W><W> থেকে </W><AFTER_EFFECTS-ARG ID="41"><LINK EVENT_ARG="37" ID="73" TYPE_REL="EVENT_ARG"/><W> একটি </W><W> দেশীয় </W><W> একনলা </W><W> বন্দুক, </W><W> দুটি </W><W> কার্তুজ </W><W> ও </W><W> দুই </W><W> হাজার </W><W> ৯৫০পিস </W><W> ইয়াবা </W><W> উদ্ধার </W></AFTER_EFFECTS-ARG><W> করা </W><W> হয়। </W><W> নিহদের </W><W> মৃতদেহটি </W><W> ময়নাতদন্তের </W><W> জন্য </W><W> কক্সবাজার </W><W> সদর </W><W> হাসপাতালে </W><W> পাঠানো </W><W> হয়েছে। </W><W> এব্যাপারে </W><W> উখিয়া </W><W> থানায় </W><W> বিজিবি </W><W> বাদী </W><W> হয়ে </W><W> একটি </W><W> মামলা </W><W> দায়ের </W><W> করেছে। </W></P></DOCUMENT>