<?xml version="1.0" encoding="UTF-8"?>
<DOCUMENT><P><PLACE-ARG ID="0"><LINK EVENT_ARG="1" ID="23" TYPE_REL="EVENT_ARG"/><W> মিয়ানমারে </W></PLACE-ARG><W> ফের </W><MAN_MADE_EVENT ID="1" TYPE="AVIATION_HAZARD"><W> দুর্ঘটনার </W></MAN_MADE_EVENT><W> কবলে </W><PARTICIPANT-ARG ID="2"><LINK EVENT_ARG="1" ID="22" TYPE_REL="EVENT_ARG"/><W> বিমান </W></PARTICIPANT-ARG></P><P><W> By </W><W> Web </W><W> Desk </W><W> - </W><TIME-ARG ID="3"><LINK EVENT_ARG="1" ID="21" TYPE_REL="EVENT_ARG"/><W> May </W><W> 12, </W><W> 2019 </W></TIME-ARG></P><P><W> মিয়ানমারে </W><W> বিমানের </W><W> ল্যান্ডিং </W><W> গিয়ার </W><W> বিকল </W><W> হয়ে </W><W> যাওয়ায় </W><W> জরুরি </W><W> অবতরণ </W><W> করেছেন </W><W> মিয়ানমারের </W><W> একজন </W><W> পাইলট। </W><W> দেশটির </W><W> ন্যাশনাল </W><W> এয়ারলাইন্সের </W><W> যাত্রীবাহী </W><W> ওই </W><W> বিমানের </W><W> পাইলটের </W><W> দক্ষতায় </W><W> সামনের </W><W> চাকা </W><W> ছাড়াই </W><W> বিমানটি </W><W> অবতরণ </W><W> করেছে। </W><W> এতে </W><W> অল্পের </W><W> জন্য </W><W> প্রাণে </W><W> বেঁচে </W><W> গেছেন </W><W> বিমানটির </W><W> যাত্রীরা। </W></P><P><TIME-ARG ID="4"><LINK EVENT_ARG="5" ID="20" TYPE_REL="EVENT_ARG"/><W> রবিবার </W><W> (১২ </W><W> মে) </W></TIME-ARG><MAN_MADE_EVENT ID="5" TYPE="AVIATION_HAZARD"><EVENT-COREF-LINK EVENT_ID="1" ID="28" TYPE_REL="EVENT_COREF"/><W> এ </W><W> দুর্ঘটনা </W><W> ঘটেছে </W></MAN_MADE_EVENT><W> বলে </W><W> ন্যাশনাল </W><W> এয়ারলাইন্স </W><W> ও </W><W> দেশটির </W><W> সরকারি </W><W> এক </W><W> কর্মকর্তা </W><W> বার্তাসংস্থা </W><W> রয়টার্সকে </W><W> জানিয়েছেন। </W></P><P><W> ন্যাশনাল </W><W> এয়ারলাইন্সের </W><MAN_MADE_EVENT ID="6" TYPE="AVIATION_HAZARD"><EVENT-COREF-LINK EVENT_ID="5" ID="27" TYPE_REL="EVENT_COREF"/><W> দুর্ঘটনার </W></MAN_MADE_EVENT><W> কবলে </W><W> পড়া </W><W> বিমানটির </W><W> পাইলটের </W><W> দক্ষতার </W><W> প্রশংসা </W><W> করেছেন </W><W> মিয়ানমারের </W><W> পরিবহন </W><W> ও </W><W> টেলিযোগাযোগ </W><W> মন্ত্রণালয়ের </W><W> স্থায়ী </W><W> সচিব </W><W> উইন </W><W> খ্যান্ত </W><W> বলেন, </W><REASON-ARG ID="7"><LINK EVENT_ARG="6" ID="19" TYPE_REL="EVENT_ARG"/><W> যান্ত্রিক </W><W> ত্রুটি </W></REASON-ARG><W> সত্ত্বেও </W><W> ন্যাশনাল </W><W> এয়ারলাইন্সের </W><W> এমব্রার </W><W> ১৯০ </W><W> বিমানটিকে </W><W> মান্দালয়ের </W><W> বিমানবন্দরে </W><W> নিরাপদে </W><W> অবতরণ </W><W> করেছেন </W><W> পাইলট। </W><W> এতে </W><W> কেউ </W><W> আহত </W><W> হননি। </W></P><P><W> তিনি </W><W> আরও </W><W> বলেন, </W><W> পাইলট </W><W> মহৎ </W><W> একটি </W><W> কাজ </W><W> করেছেন। </W><MAN_MADE_EVENT ID="8" TYPE="AVIATION_HAZARD"><EVENT-COREF-LINK EVENT_ID="6" ID="26" TYPE_REL="EVENT_COREF"/><W> দুর্ঘটনার </W></MAN_MADE_EVENT><W> কারণ </W><W> জানতে </W><W> তদন্ত </W><W> শুরু </W><W> হয়েছে </W><W> বলে </W><W> জানিয়েছেন </W><W> তিনি। </W></P><P><W> মিয়ানমারে </W><W> রাষ্ট্রীয় </W><W> মালিকানাধীন </W><W> এই </W><W> এয়ারলাইন্সের </W><W> এক </W><W> বিবৃতিতে </W><W> বলা </W><W> হয়েছে, </W><W> ন্যাশনাল </W><W> এয়ারলাইন্সের </W><W> যাত্রীবাহী </W><W> ওই </W><W> বিমানটি </W><W> ইয়াঙ্গুন </W><W> থেকে </W><W> মান্দালয়ের </W><W> কেন্দ্রীয় </W><W> বিমানবন্দরের </W><W> দিকে </W><W> যাচ্ছিল। </W><PLACE-ARG ID="9"><LINK EVENT_ARG="8" ID="17" TYPE_REL="EVENT_ARG"/><W> মান্দালয় </W><W> বিমানবন্দরে </W></PLACE-ARG><W> অবতরণের </W><W> সময় </W><REASON-ARG ID="10"><LINK EVENT_ARG="8" ID="18" TYPE_REL="EVENT_ARG"/><W> বিমানটির </W><W> ল্যান্ডিং </W><W> গিয়ার </W><W> অকেজো </W></REASON-ARG><W> হয়ে </W><W> পড়ে। </W></P><P><W> ন্যাশনাল </W><W> এয়ারলাইন্স </W><W> কর্তৃপক্ষ </W><W> বলছে, </W><W> বিমানটির </W><W> পাইলট </W><W> ক্যাপ্টেন </W><W> মিয়াত </W><W> মো </W><W> অং </W><W> বিমানটিকে </W><W> বিমানবন্দরে </W><W> অন্তত </W><W> দু’বার </W><W> ওড়ান; </W><W> এই </W><W> সময়ের </W><W> মধ্যে </W><W> বিমানবন্দরের </W><W> এয়ার </W><W> ট্রাফিক </W><W> কন্ট্রোল </W><W> রুম </W><W> নিশ্চিত </W><W> হয় </W><W> বিমানটির </W><W> ল্যান্ডিং </W><W> গিয়ার </W><W> অকেজো। </W></P><P><W> পরে </W><W> পাইলট </W><W> মিয়াত </W><W> মো </W><W> অং </W><W> বিমানটির </W><W> জরুরি </W><W> অবতরণ </W><W> প্রক্রিয়া </W><W> শুরু </W><W> করেন, </W><W> অবতরণের </W><W> সময় </W><W> বিমানের </W><W> ওজন </W><W> কমিয়ে </W><W> ফেলার </W><W> জন্য </W><W> তিনি </W><W> ফুয়েল </W><W> বার্ন </W><W> হ্রাস </W><W> করেন। </W></P><P><W> ভিডিওতে </W><W> দেখা </W><W> যায়, </W><W> অবতরণের </W><W> সময় </W><W> বিমানটির </W><W> সামনের </W><W> অংশ </W><W> রানওয়েতে </W><MAN_MADE_EVENT ID="11" TYPE="AVIATION_HAZARD"><EVENT-COREF-LINK EVENT_ID="8" ID="25" TYPE_REL="EVENT_COREF"/><W> আঁছড়ে </W><W> পড়েছে। </W></MAN_MADE_EVENT><W> সামনের </W><W> চাকা </W><W> বেরিয়ে </W><W> না </W><W> আসায় </W><PARTICIPANT-ARG ID="13"><LINK EVENT_ARG="12" ID="15" TYPE_REL="EVENT_ARG"/><W> বিমানটি </W></PARTICIPANT-ARG><W> পেছনের </W><W> চাকায় </W><W> ভর </W><W> করে </W><MAN_MADE_EVENT ID="12" TYPE="AVIATION_HAZARD"><EVENT-COREF-LINK EVENT_ID="11" ID="24" TYPE_REL="EVENT_COREF"/><W> মুখ </W><W> থুবড়ে </W><W> পড়া </W></MAN_MADE_EVENT><W> অবস্থায় </W><W> সামনের </W><W> দিকে </W><W> এগিয়ে </W><W> যায়। </W><W> এ </W><W> সময় </W><W> বিমানটি </W><W> থেকে </W><W> ধোঁয়া </W><W> উড়তে </W><W> দেখে </W><AFTER_EFFECTS-ARG ID="14"><LINK EVENT_ARG="12" ID="16" TYPE_REL="EVENT_ARG"/><W> বিমানবন্দরের </W><W> জরুরি </W><W> সার্ভিসের </W><W> কর্মীরা </W><W> গিয়ে </W><W> তা </W><W> নিয়ন্ত্রণে </W><W> আনেন। </W></AFTER_EFFECTS-ARG></P><P><W> ঘটনার </W><W> পরে </W><W> ক্রুরা </W><W> বিমানের </W><W> যাত্রীদের </W><W> জরুরি </W><W> দরজা </W><W> দিয়ে </W><W> বের </W><W> করে </W><W> আনেন। </W><W> বিমানটিতে </W><W> ঠিক </W><W> কতজন </W><W> যাত্রী </W><W> ছিল </W><W> সেব্যাপারে </W><W> কোনো </W><W> তথ্য </W><W> দেয়নি </W><W> মিয়ানমারের </W><W> সরকারি </W><W> মালিকানাধীন </W><W> এই </W><W> বিমান </W><W> সংস্থা। </W><W> তবে </W><W> তাদের </W><W> ওয়েবসাইটের </W><W> তথ্য </W><W> বলছে, </W><W> ন্যাশনাল </W><W> এয়ারলাইন্সের </W><W> এমব্রার </W><W> ১৯০ </W><W> ফ্লাইটে </W><W> ৯৬ </W><W> থেকে </W><W> ১১৪টি </W><W> আসন </W><W> রয়েছে। </W></P></DOCUMENT>