<?xml version="1.0" encoding="UTF-8"?>
<DOCUMENT><P><PLACE-ARG ID="0"><LINK EVENT_ARG="2" ID="26" TYPE_REL="EVENT_ARG"/><W> মিয়ানমারে </W></PLACE-ARG><MAN_MADE_EVENT ID="2" TYPE="AVIATION_HAZARD"><W> দুর্ঘটনা </W></MAN_MADE_EVENT><W> কবলিত </W><W> বাংলাদেশ </W><W> বিমানের </W><CASUALTIES-ARG ID="1"><LINK EVENT_ARG="2" ID="27" TYPE_REL="EVENT_ARG"/><W> ১৯ </W><W> যাত্রী </W><W> হাসপাতালে </W></CASUALTIES-ARG></P><P><TIME-ARG ID="3"><LINK EVENT_ARG="2" ID="25" TYPE_REL="EVENT_ARG"/><W> ১:১৫ </W><W> পূর্বাহ্ণ </W><W> | </W><W> বৃহস্পতিবার, </W><W> মে </W><W> ৯, </W><W> ২০১৯ </W></TIME-ARG><W> আলোচিত </W><W> বাংলাদেশ </W></P><P><W> সময়ের </W><W> কণ্ঠস্বর </W><W> ডেস্ক </W><W> :: </W><PLACE-ARG ID="4"><LINK EVENT_ARG="5" ID="24" TYPE_REL="EVENT_ARG"/><W> মিয়ানমারের </W><W> ইয়াঙ্গুনে </W></PLACE-ARG><W> বিমানবন্দরের </W><W> রানওয়ে </W><W> থেকে </W><MAN_MADE_EVENT ID="5" TYPE="AVIATION_HAZARD"><EVENT-COREF-LINK EVENT_ID="2" ID="32" TYPE_REL="EVENT_COREF"/><W> ছিটকে </W><W> পড়া </W></MAN_MADE_EVENT><W> বাংলাদেশে </W><W> বিমানের </W><CASUALTIES-ARG ID="6"><LINK EVENT_ARG="5" ID="23" TYPE_REL="EVENT_ARG"/><W> ১৯ </W><W> যাত্রীকে </W><W> হাসপাতালে </W><W> ভর্তি </W><W> করা </W><W> হয়েছে। </W></CASUALTIES-ARG></P><P><W> মিয়ানমারে </W><W> নিযুক্ত </W><W> বাংলা‌দে‌শের </W><W> রাষ্ট্রদূত </W><W> মঞ্জুরুল </W><W> ক‌রিম </W><W> চৌধুরী </W><W> ব‌লেন, </W><W> নর্থ </W><W> ওকালাপা </W><W> হাসপাতা‌লে </W><CASUALTIES-ARG ID="7"><LINK EVENT_ARG="5" ID="22" TYPE_REL="EVENT_ARG"/><W> ১৯ </W><W> জন </W><W> যাত্রীকে </W><W> ভ‌র্তি </W></CASUALTIES-ARG><W> করা </W><W> হ‌য়ে‌ছে। </W><W> এছাড়া </W><W> ১১ </W><W> জন‌কে </W><W> প্রাথ‌মিক </W><W> চি‌কিৎসা </W><W> দি‌য়ে </W><W> হাসপাতাল </W><W> থে‌কে </W><W> ছে‌ড়ে </W><W> দেওয়া </W><W> হ‌য়ে‌ছে। </W></P><P><MAN_MADE_EVENT ID="9" TYPE="AVIATION_HAZARD"><EVENT-COREF-LINK EVENT_ID="5" ID="31" TYPE_REL="EVENT_COREF"/><W> এই </W><W> ঘটনায় </W></MAN_MADE_EVENT><CASUALTIES-ARG ID="8"><LINK EVENT_ARG="9" ID="21" TYPE_REL="EVENT_ARG"/><W> পাইলটসহ </W><W> বেশ </W><W> কয়েকজন </W><W> যাত্রী </W><W> আহত </W></CASUALTIES-ARG><W> হয়েছেন </W><W> বলে </W><W> জানিয়েছেন </W><W> বাংলাদেশ </W><W> বিমানের </W><W> জনসংযোগ </W><W> বিভাগের </W><W> জেনারেল </W><W> ম্যানেজার </W><W> শাকিল </W><W> মেরাজ। </W><W> তিনি </W><W> বলেন, </W><W> ফ্লাইট </W><W> বিজি০৬০ </W><W> বুধবার </W><W> সন্ধ্যায় </W><W> ঢাকা </W><W> থেকে </W><W> ইয়াঙ্গুন </W><W> যায়। </W><TIME-ARG ID="10"><LINK EVENT_ARG="13" ID="20" TYPE_REL="EVENT_ARG"/><W> ৬টা </W><W> ২০ </W><W> মিনিটের </W><W> দিকে </W></TIME-ARG><W> অবতরণের </W><W> সময় </W><REASON-ARG ID="11"><LINK EVENT_ARG="13" ID="19" TYPE_REL="EVENT_ARG"/><W> খারাপ </W><W> আবহাওয়ার </W><W> কারণে </W></REASON-ARG><PARTICIPANT-ARG ID="12"><LINK EVENT_ARG="13" ID="18" TYPE_REL="EVENT_ARG"/><W> উড়োজাহাজটি </W></PARTICIPANT-ARG><W> রানওয়ে </W><W> থেকে </W><MAN_MADE_EVENT ID="13" TYPE="AVIATION_HAZARD"><EVENT-COREF-LINK EVENT_ID="9" ID="30" TYPE_REL="EVENT_COREF"/><W> ছিটকে </W><W> যায়। </W></MAN_MADE_EVENT><W> উড়োজাহাজটিতে </W><W> ২৯ </W><W> জন </W><W> যাত্রীসহ </W><W> মোট </W><W> ৩৩ </W><W> জন </W><W> আরোহী </W><W> ছিলেন। </W><W> যাত্রীদের </W><W> মধ্যে </W><W> একটি </W><W> শিশুও </W><W> ছিল। </W></P><P><W> চীনা </W><W> বার্তা </W><W> সংস্থা </W><W> সিনহুয়া </W><W> জানিয়েছে, </W><MAN_MADE_EVENT ID="14" TYPE="AVIATION_HAZARD"><EVENT-COREF-LINK EVENT_ID="13" ID="29" TYPE_REL="EVENT_COREF"/><W> ছিটকে </W><W> পড়ার </W></MAN_MADE_EVENT><W> পর </W><AFTER_EFFECTS-ARG ID="15"><LINK EVENT_ARG="14" ID="17" TYPE_REL="EVENT_ARG"/><W> বিমানটি </W><W> তিন </W><W> খণ্ড </W><W> হয়ে </W><W> যায়। </W></AFTER_EFFECTS-ARG><W> উড়োজাহাজটি </W><W> যখন </W><W> অবতরণ </W><W> করছিল, </W><W> তখন </W><W> এলাকায় </W><W> বৃষ্টি </W><W> হচ্ছিল। </W><W> এতে </W><W> উড়োজাহাজটি </W><W> রানওয়ে </W><W> থেকে </W><MAN_MADE_EVENT ID="16" TYPE="AVIATION_HAZARD"><EVENT-COREF-LINK EVENT_ID="14" ID="28" TYPE_REL="EVENT_COREF"/><W> ছিটকে </W><W> পড়ে। </W></MAN_MADE_EVENT></P></DOCUMENT>