<?xml version="1.0" encoding="UTF-8"?>
<DOCUMENT><P><PLACE-ARG ID="0"><LINK EVENT_ARG="2" ID="16" TYPE_REL="EVENT_ARG"/><W> মেক্সিকোয় </W></PLACE-ARG><PARTICIPANT-ARG ID="1"><LINK EVENT_ARG="2" ID="15" TYPE_REL="EVENT_ARG"/><W> বিমান </W></PARTICIPANT-ARG><MAN_MADE_EVENT ID="2" TYPE="AVIATION_HAZARD"><W> বিধ্বস্ত, </W></MAN_MADE_EVENT><CASUALTIES-ARG ID="3"><LINK EVENT_ARG="2" ID="14" TYPE_REL="EVENT_ARG"/><W> নিহত </W><W> ১৩ </W></CASUALTIES-ARG></P><P><W> দৈনিকশিক্ষা </W><W> ডেস্ক </W><W> | </W><TIME-ARG ID="4"><LINK EVENT_ARG="2" ID="13" TYPE_REL="EVENT_ARG"/><W> ০৭ </W><W> মে, </W><W> ২০১৯ </W></TIME-ARG></P><P><PLACE-ARG ID="5"><LINK EVENT_ARG="7" ID="12" TYPE_REL="EVENT_ARG"/><W> মেক্সিকোয় </W></PLACE-ARG><PARTICIPANT-ARG ID="6"><LINK EVENT_ARG="7" ID="11" TYPE_REL="EVENT_ARG"/><W> ছোট </W><W> একটি </W><W> বিমান </W></PARTICIPANT-ARG><MAN_MADE_EVENT ID="7" TYPE="AVIATION_HAZARD"><EVENT-COREF-LINK EVENT_ID="2" ID="18" TYPE_REL="EVENT_COREF"/><W> বিধ্বস্ত </W><W> হয়েছে। </W></MAN_MADE_EVENT><MAN_MADE_EVENT ID="8" TYPE="AVIATION_HAZARD"><EVENT-COREF-LINK EVENT_ID="7" ID="17" TYPE_REL="EVENT_COREF"/><W> এতে </W></MAN_MADE_EVENT><CASUALTIES-ARG ID="9"><LINK EVENT_ARG="8" ID="10" TYPE_REL="EVENT_ARG"/><W> একই </W><W> পরিবারের </W><W> পাঁচ </W><W> সদস্যসহ </W><W> ওই </W><W> বিমানের </W><W> ১৩ </W><W> আরোহীর </W><W> সবাই </W><W> নিহত </W></CASUALTIES-ARG><W> হয়েছেন। </W><W> স্থানীয় </W><W> কর্তৃপক্ষ </W><W> এবং </W><W> গণমাধ্যম </W><W> সোমবার </W><W> (৬ </W><W> মে) </W><W> এ </W><W> তথ্য </W><W> জানিয়েছে। </W><W> ইউএসটুডের </W><W> প্রতিবেদনে </W><W> এ </W><W> তথ্য </W><W> জানা </W><W> গেছে। </W></P><P><W> প্রতিবেদনে </W><W> আরও </W><W> জানা </W><W> গেছে, </W><W> লাস </W><W> ভেগাসে </W><W> একটি </W><W> বক্সিং </W><W> ম্যাচ </W><W> দেখে </W><W> ফেরার </W><W> সময় </W><W> বিমানটি </W><W> দুর্ঘটনার </W><W> কবলে </W><W> পড়ে। </W><W> বিমানটিতে </W><W> ৩ </W><W> জন </W><W> ক্রু </W><W> সদস্য </W><W> এবং </W><W> ১০ </W><W> যাত্রী </W><W> ছিল। </W><W> নিহতদের </W><W> বয়স </W><W> ১৯ </W><W> থেকে </W><W> ৫৭ </W><W> বছর। </W></P><P><W> মেক্সিকোর </W><W> বেসামরিক </W><W> বিমান </W><W> চলাচল </W><W> কর্তৃপক্ষ </W><W> জানিয়েছে, </W><W> স্থানীয় </W><W> সময় </W><W> বেলা </W><W> তিনটার </W><W> আগে </W><W> লাস </W><W> ভেগাস </W><W> থেকে </W><W> যাত্রা </W><W> করেছিল </W><W> বিমানটি। </W><W> দু&apos;ঘণ্টা </W><W> পরে </W><W> বিমানের </W><W> পাইলটের </W><W> সঙ্গে </W><W> আর </W><W> যোগাযোগ </W><W> করা </W><W> যাচ্ছিল </W><W> না। </W></P></DOCUMENT>