<?xml version="1.0" encoding="UTF-8"?>
<DOCUMENT><P><PLACE-ARG ID="0"><LINK EVENT_ARG="3" ID="36" TYPE_REL="EVENT_ARG"/><W> মাঝআকাশে </W></PLACE-ARG><PARTICIPANT-ARG ID="1"><LINK EVENT_ARG="3" ID="37" TYPE_REL="EVENT_ARG"/><W> হেলিকপ্টার </W></PARTICIPANT-ARG><W> ও </W><PARTICIPANT-ARG ID="2"><LINK EVENT_ARG="3" ID="38" TYPE_REL="EVENT_ARG"/><W> বিমানের </W></PARTICIPANT-ARG><MAN_MADE_EVENT ID="3" TYPE="AVIATION_HAZARD"><W> মুখোমুখি </W><W> সংঘর্ষ, </W></MAN_MADE_EVENT><CASUALTIES-ARG ID="4"><LINK EVENT_ARG="3" ID="39" TYPE_REL="EVENT_ARG"/><W> শিশু-সহ </W><W> মৃত </W><W> ৭ </W></CASUALTIES-ARG></P><P><PLACE-ARG ID="5"><LINK EVENT_ARG="8" ID="40" TYPE_REL="EVENT_ARG"/><W> মধ্য </W><W> আকাশে </W></PLACE-ARG><PARTICIPANT-ARG ID="6"><LINK EVENT_ARG="8" ID="42" TYPE_REL="EVENT_ARG"/><W> হেলিকপ্টার </W></PARTICIPANT-ARG><W> ও </W><PARTICIPANT-ARG ID="7"><LINK EVENT_ARG="8" ID="41" TYPE_REL="EVENT_ARG"/><W> হালকা </W><W> বিমানের </W></PARTICIPANT-ARG><W> মধ্যে </W><MAN_MADE_EVENT ID="8" TYPE="AVIATION_HAZARD"><EVENT-COREF-LINK EVENT_ID="3" ID="70" TYPE_REL="EVENT_COREF"/><W> সংঘর্ষ </W><W> বাধে। </W></MAN_MADE_EVENT><W> হেলিকপ্টারে </W><W> ৫ </W><W> জন </W><W> যাত্রী </W><W> ছিলেন। </W><W> অন্যদিকে </W><W> বিমানে </W><W> ছিলেন </W><W> ২জন। </W><W> তিনি </W><W> আরও </W><W> জানান, </W><W> হেলিকপ্টারের </W><W> পাইলট-সহ </W><W> এক </W><W> দম্পতি </W><W> ছিলেন। </W><W> তাঁদের </W><W> দুই </W><W> সন্তানও </W><W> ছিল </W><W> চপারে। </W></P><P><W> EiSamay.Com </W><W> | </W><TIME-ARG ID="9"><LINK EVENT_ARG="8" ID="43" TYPE_REL="EVENT_ARG"/><W> Updated:Aug </W><W> 26, </W><W> 2019, </W><W> 12:28PM </W><W> IST </W></TIME-ARG></P><P><PLACE-ARG ID="10"><LINK EVENT_ARG="13" ID="44" TYPE_REL="EVENT_ARG"/><W> মাঝআকাশে </W></PLACE-ARG><PARTICIPANT-ARG ID="11"><LINK EVENT_ARG="13" ID="46" TYPE_REL="EVENT_ARG"/><W> হেলিকপ্টার </W></PARTICIPANT-ARG><W> ও </W><PARTICIPANT-ARG ID="12"><LINK EVENT_ARG="13" ID="45" TYPE_REL="EVENT_ARG"/><W> বিমানের </W></PARTICIPANT-ARG><MAN_MADE_EVENT ID="13" TYPE="AVIATION_HAZARD"><EVENT-COREF-LINK EVENT_ID="8" ID="69" TYPE_REL="EVENT_COREF"/><W> মুখোমুখি </W><W> সংঘর্ষ, </W></MAN_MADE_EVENT><CASUALTIES-ARG ID="14"><LINK EVENT_ARG="13" ID="47" TYPE_REL="EVENT_ARG"/><W> শিশু-সহ </W><W> মৃত </W><W> ৭ </W></CASUALTIES-ARG></P><P><W> এই </W><W> সময় </W><W> ডিজিটাল </W><W> ডেস্ক: </W><PLACE-ARG ID="15"><LINK EVENT_ARG="18" ID="48" TYPE_REL="EVENT_ARG"/><W> মাঝআকাশে </W></PLACE-ARG><PARTICIPANT-ARG ID="16"><LINK EVENT_ARG="18" ID="50" TYPE_REL="EVENT_ARG"/><W> হেলিকপ্টার </W></PARTICIPANT-ARG><W> ও </W><PARTICIPANT-ARG ID="17"><LINK EVENT_ARG="18" ID="49" TYPE_REL="EVENT_ARG"/><W> হালকা </W><W> এয়াক্রাফ্টের </W></PARTICIPANT-ARG><MAN_MADE_EVENT ID="18" TYPE="AVIATION_HAZARD"><EVENT-COREF-LINK EVENT_ID="13" ID="68" TYPE_REL="EVENT_COREF"/><W> মুখোমুখি </W><W> সংঘর্ষে </W></MAN_MADE_EVENT><CASUALTIES-ARG ID="19"><LINK EVENT_ARG="18" ID="51" TYPE_REL="EVENT_ARG"/><W> ২ </W><W> শিশু-সহ </W><W> মৃত </W><W> ৭। </W></CASUALTIES-ARG><TIME-ARG ID="20"><LINK EVENT_ARG="21" ID="52" TYPE_REL="EVENT_ARG"/><W> রবিবার </W></TIME-ARG><MAN_MADE_EVENT ID="21" TYPE="AVIATION_HAZARD"><EVENT-COREF-LINK EVENT_ID="18" ID="67" TYPE_REL="EVENT_COREF"/><W> ঘটনাটি </W><W> ঘটেছে </W></MAN_MADE_EVENT><PLACE-ARG ID="22"><LINK EVENT_ARG="21" ID="53" TYPE_REL="EVENT_ARG"/><W> স্পেনের </W><W> মালোরকা </W><W> আইল্যান্ডে। </W></PLACE-ARG></P><P><W> বালেয়ারিক </W><W> আইল্যান্ডের </W><W> সরকার </W><W> টুইটারে </W><W> জানিয়েছে, </W><TIME-ARG ID="23"><LINK EVENT_ARG="26" ID="54" TYPE_REL="EVENT_ARG"/><W> দুপুর </W><W> ১.৩৫মিনিটে, </W></TIME-ARG><PLACE-ARG ID="24"><LINK EVENT_ARG="26" ID="56" TYPE_REL="EVENT_ARG"/><W> ইনকার </W><W> মধ্যবর্তীর </W><W> এলাকায় </W></PLACE-ARG><PARTICIPANT-ARG ID="25"><LINK EVENT_ARG="26" ID="55" TYPE_REL="EVENT_ARG"/><W> দুটি </W><W> বিমানের </W></PARTICIPANT-ARG><MAN_MADE_EVENT ID="26" TYPE="AVIATION_HAZARD"><EVENT-COREF-LINK EVENT_ID="21" ID="66" TYPE_REL="EVENT_COREF"/><W> সংঘর্ষ </W><W> হয়। </W></MAN_MADE_EVENT><W> পুলিশের </W><W> মুখপাত্র </W><W> জানিয়েছে, </W><PLACE-ARG ID="27"><LINK EVENT_ARG="30" ID="57" TYPE_REL="EVENT_ARG"/><W> মধ্য </W><W> আকাশে </W></PLACE-ARG><PARTICIPANT-ARG ID="28"><LINK EVENT_ARG="30" ID="59" TYPE_REL="EVENT_ARG"/><W> হেলিকপ্টার </W></PARTICIPANT-ARG><W> ও </W><PARTICIPANT-ARG ID="29"><LINK EVENT_ARG="30" ID="58" TYPE_REL="EVENT_ARG"/><W> হালকা </W><W> বিমানের </W></PARTICIPANT-ARG><W> মধ্যে </W><MAN_MADE_EVENT ID="30" TYPE="AVIATION_HAZARD"><EVENT-COREF-LINK EVENT_ID="26" ID="65" TYPE_REL="EVENT_COREF"/><W> সংঘর্ষ </W><W> বাধে। </W></MAN_MADE_EVENT><W> হেলিকপ্টারে </W><W> ৫ </W><W> জন </W><W> যাত্রী </W><W> ছিলেন। </W><W> অন্যদিকে </W><W> বিমানে </W><W> ছিলেন </W><W> ২জন। </W><W> তিনি </W><W> আরও </W><W> জানান, </W><W> হেলিকপ্টারের </W><W> পাইলট-সহ </W><W> এক </W><W> দম্পতি </W><W> ছিলেন। </W><W> তাঁদের </W><W> দুই </W><W> সন্তানও </W><W> ছিল </W><W> চপারে। </W></P><P><W> হেলিকপ্টারটি </W><W> জার্মানি </W><W> থেকে </W><W> উড়েছিল </W><W> বলে </W><W> জানা </W><W> গিয়েছে। </W><W> তবে </W><W> মৃতেরা </W><W> সকলেই </W><W> জার্মানেরই </W><W> নাগরিক, </W><W> তা </W><W> এখনও </W><W> জানা </W><W> যায়নি। </W><W> তবে </W><W> গোটা </W><W> ঘটনাটি </W><W> তদন্ত </W><W> শুরু </W><W> করেছে </W><W> পুলিশ। </W></P><P><W> পুলিশ </W><W> আরও </W><W> জানিয়েছে, </W><PLACE-ARG ID="31"><LINK EVENT_ARG="33" ID="60" TYPE_REL="EVENT_ARG"/><W> মধ্যআকাশে </W></PLACE-ARG><PARTICIPANT-ARG ID="32"><LINK EVENT_ARG="33" ID="61" TYPE_REL="EVENT_ARG"/><W> বিমানদুটির </W></PARTICIPANT-ARG><MAN_MADE_EVENT ID="33" TYPE="AVIATION_HAZARD"><EVENT-COREF-LINK EVENT_ID="30" ID="64" TYPE_REL="EVENT_COREF"/><W> সংঘর্ষ </W></MAN_MADE_EVENT><W> হলেও </W><AFTER_EFFECTS-ARG ID="34"><LINK EVENT_ARG="33" ID="62" TYPE_REL="EVENT_ARG"/><W> তা </W><W> মাটিতে </W><W> এসে </W><W> আছড়ে </W><W> পড়ে। </W></AFTER_EFFECTS-ARG><W> গ্রীষ্মের </W><W> মরসুমে </W><W> মালোরকা </W><W> ও </W><W> বালেয়ারিক </W><W> আইল্যান্ডে </W><W> স্প্যানিস </W><W> ও </W><W> বিদেশি </W><W> পর্যটকদের </W><W> ভিড় </W><W> লেগেই </W><W> থাকে। </W><MAN_MADE_EVENT ID="35" TYPE="AVIATION_HAZARD"><EVENT-COREF-LINK EVENT_ID="33" ID="63" TYPE_REL="EVENT_COREF"/><W> ঘটনায় </W></MAN_MADE_EVENT><W> মৃতদের </W><W> পরিবারকে </W><W> স্বান্তনা </W><W> জানিয়ে </W><W> টুইট </W><W> করেছেন </W><W> স্পেনের </W><W> প্রধানমন্ত্রী। </W></P></DOCUMENT>