<?xml version="1.0" encoding="UTF-8"?>
<DOCUMENT><P><PLACE-ARG ID="0"><LINK EVENT_ARG="1" ID="17" TYPE_REL="EVENT_ARG"/><W> যুক্তরাষ্ট্রে </W></PLACE-ARG><MAN_MADE_EVENT ID="1" TYPE="AVIATION_HAZARD"><W> বিমান </W><W> দুর্ঘটনা, </W></MAN_MADE_EVENT><CASUALTIES-ARG ID="2"><LINK EVENT_ARG="1" ID="18" TYPE_REL="EVENT_ARG"/><W> একই </W><W> পরিবারের </W><W> ৩ </W><W> জন </W><W> নিহত </W></CASUALTIES-ARG></P><P><W> অনলাইন </W><W> ডেস্ক </W><TIME-ARG ID="3"><LINK EVENT_ARG="1" ID="19" TYPE_REL="EVENT_ARG"/><W> ১২:৫৮, </W><W> ০৯ </W><W> আগস্ট, </W><W> ২০১৯ </W></TIME-ARG></P><P><PLACE-ARG ID="4"><LINK EVENT_ARG="5" ID="20" TYPE_REL="EVENT_ARG"/><W> যুক্তরাষ্ট্রে </W></PLACE-ARG><MAN_MADE_EVENT ID="5" TYPE="AVIATION_HAZARD"><EVENT-COREF-LINK EVENT_ID="1" ID="32" TYPE_REL="EVENT_COREF"/><W> বিমান </W><W> দুর্ঘটনা, </W></MAN_MADE_EVENT><CASUALTIES-ARG ID="6"><LINK EVENT_ARG="5" ID="21" TYPE_REL="EVENT_ARG"/><W> একই </W><W> পরিবারের </W><W> ৩ </W><W> জন </W><W> নিহত </W></CASUALTIES-ARG></P><P><W> ছবি: </W><W> সংগৃহীত </W></P><P><PLACE-ARG ID="7"><LINK EVENT_ARG="9" ID="22" TYPE_REL="EVENT_ARG"/><W> যুক্তরাষ্ট্রের </W><W> ফিলাডেলফিয়ার </W><W> পার্শ্ববর্তী </W><W> আবাসিক </W><W> এলাকার </W><W> একটি </W><W> বাড়ির </W><W> পেছনের </W><W> দিকের </W><W> উঠোনে </W></PLACE-ARG><TIME-ARG ID="8"><LINK EVENT_ARG="9" ID="23" TYPE_REL="EVENT_ARG"/><W> বৃহস্পতিবার </W></TIME-ARG><W> ছোট </W><W> আকারের </W><MAN_MADE_EVENT ID="9" TYPE="AVIATION_HAZARD"><EVENT-COREF-LINK EVENT_ID="5" ID="31" TYPE_REL="EVENT_COREF"/><W> একটি </W><W> বিমান </W><W> বিধ্বস্ত </W><W> হয়েছে। </W></MAN_MADE_EVENT><MAN_MADE_EVENT ID="10" TYPE="AVIATION_HAZARD"><EVENT-COREF-LINK EVENT_ID="9" ID="30" TYPE_REL="EVENT_COREF"/><W> এতে </W></MAN_MADE_EVENT><CASUALTIES-ARG ID="11"><LINK EVENT_ARG="10" ID="24" TYPE_REL="EVENT_ARG"/><W> অন্তত </W><W> তিনজন </W><W> নিহত </W></CASUALTIES-ARG><W> হয়েছে। </W><W> নিহতদের </W><W> সবাই </W><W> একই </W><W> পরিবারের </W><W> সদস্য। </W><W> দেশটির </W><W> পুলিশ </W><W> একথা </W><W> জানায়। </W><W> খবর </W><W> এএফপি’র। </W></P><P><W> স্থানীয় </W><W> পুলিশ </W><W> জানায়, </W><PLACE-ARG ID="12"><LINK EVENT_ARG="14" ID="25" TYPE_REL="EVENT_ARG"/><W> ফিলাডেলফিয়া </W><W> থেকে </W><W> প্রায় </W><W> ৩২ </W><W> কিলোমিটার </W><W> দূরে </W><W> পেনসিলভানিয়ার </W><W> আপার </W><W> মোরল্যান্ডে </W></PLACE-ARG><TIME-ARG ID="13"><LINK EVENT_ARG="14" ID="26" TYPE_REL="EVENT_ARG"/><W> ভোর </W><W> ছয়টার </W><W> পরপরই </W></TIME-ARG><W> এক </W><W> ইঞ্জিন </W><W> বিশিষ্ট </W><MAN_MADE_EVENT ID="14" TYPE="AVIATION_HAZARD"><EVENT-COREF-LINK EVENT_ID="10" ID="29" TYPE_REL="EVENT_COREF"/><W> এ </W><W> বিমান </W><W> বিধ্বস্ত </W><W> হয়। </W></MAN_MADE_EVENT></P><P><W> এক </W><W> বিবৃতিতে </W><W> তারা </W><W> জানায়, </W><W> স্থানীয় </W><W> এক </W><W> বাসিন্দার </W><W> বাড়ির </W><W> পেছনের </W><W> উঠোনে </W><W> একটি </W><MAN_MADE_EVENT ID="15" TYPE="AVIATION_HAZARD"><EVENT-COREF-LINK EVENT_ID="14" ID="28" TYPE_REL="EVENT_COREF"/><W> বিমান </W><W> বিধ্বস্ত </W><W> হয়েছে </W></MAN_MADE_EVENT><W> পুলিশ </W><W> এমন </W><W> খবর </W><W> পেয়েছে। </W></P><P><W> আপার </W><W> মোরল্যান্ড </W><W> বাহিনী </W><W> জানায়, </W><W> ওই </W><W> বিমানে </W><W> থাকা </W><CASUALTIES-ARG ID="16"><LINK EVENT_ARG="15" ID="27" TYPE_REL="EVENT_ARG"/><W> তিন </W><W> যাত্রীর </W><W> সকলেই </W><W> নিহত </W></CASUALTIES-ARG><W> হয়েছে </W><W> বলে </W><W> পুলিশ </W><W> বিভাগ </W><W> নিশ্চিত </W><W> করেছে। </W></P><P><W> বিবৃতিতে </W><W> আরো </W><W> বলা </W><W> হয়, </W><W> নিহতদের </W><W> মধ্যে </W><W> স্বামী-স্ত্রী </W><W> ও </W><W> তাদের </W><W> ১৯ </W><W> বছর </W><W> বয়সী </W><W> মেয়ে </W><W> রয়েছে। </W><W> স্বামী-স্ত্রীর </W><W> বয়স </W><W> যথাক্রমে </W><W> ৬০ </W><W> ও </W><W> ৫৪ </W><W> বছর। </W></P><P><W> আপার </W><W> মোরল্যান্ড </W><W> পুলিশ </W><W> প্রধান </W><W> মিশেল </W><W> মারফি </W><W> সাংবাদিকদের </W><W> বলেন, </W><W> বিমানটি </W><W> একটি </W><W> আবাসিক </W><W> এলাকায় </W><W> বিধ্বস্ত </W><W> হলেও </W><W> সেখানের </W><W> কেউ </W><W> হতাহত </W><W> হয়নি। </W></P><P><W> এক </W><W> সংবাদ </W><W> সম্মেলনে </W><W> তিনি </W><W> বলেন, </W><W> বাড়ির </W><W> পেছনের </W><W> উঠানে </W><W> বিমানটির </W><W> ধ্বংসাবশেষ </W><W> ছড়িয়ে-ছিটিয়ে </W><W> রয়েছে। </W></P></DOCUMENT>