<?xml version="1.0" encoding="UTF-8"?>
<DOCUMENT><DESC></DESC><TIME>405</TIME><P><PLACE-ARG ID="0"><LINK EVENT_ARG="1" ID="25" TYPE_REL="EVENT_ARG"/><W> কাবুলে </W></PLACE-ARG><W> দু’টি </W><MAN_MADE_EVENT ID="1" TYPE="SUICIDE_ATTACK"><W> আত্মঘাতী </W><W> বিস্ফোরণে </W></MAN_MADE_EVENT><CASUALTIES-ARG ID="2"><LINK EVENT_ARG="1" ID="26" TYPE_REL="EVENT_ARG"/><W> আট </W><W> সাংবাদিক-সহ </W><W> নিহত </W><W> ২৫ </W></CASUALTIES-ARG></P><P><W> সংবাদ </W><W> সংস্থা </W></P><P><TIME-ARG ID="3"><LINK EVENT_ARG="1" ID="27" TYPE_REL="EVENT_ARG"/><W> ৩০ </W><W> এপ্রিল, </W><W> ২০১৮ </W></TIME-ARG></P><P><PLACE-ARG ID="4"><LINK EVENT_ARG="5" ID="28" TYPE_REL="EVENT_ARG"/><W> কাবুলে </W></PLACE-ARG><W> দ্বিতীয় </W><MAN_MADE_EVENT ID="5" TYPE="SUICIDE_ATTACK"><EVENT-COREF-LINK EVENT_ID="1" ID="48" TYPE_REL="EVENT_COREF"/><W> আত্মঘাতী </W><W> বিস্ফোরণের </W></MAN_MADE_EVENT><W> পর </W><W> পড়ে </W><W> রয়েছে </W><W> মৃতদেহ। </W><W> ছবি: </W><W> এপি। </W></P><P><W> পরপর </W><W> দু’টি </W><MAN_MADE_EVENT ID="6" TYPE="SUICIDE_ATTACK"><EVENT-COREF-LINK EVENT_ID="5" ID="47" TYPE_REL="EVENT_COREF"/><W> আত্মঘাতী </W><W> বিস্ফোরণ </W></MAN_MADE_EVENT><PLACE-ARG ID="7"><LINK EVENT_ARG="6" ID="29" TYPE_REL="EVENT_ARG"/><W> কাবুলে। </W></PLACE-ARG><CASUALTIES-ARG ID="8"><LINK EVENT_ARG="6" ID="30" TYPE_REL="EVENT_ARG"/><W> প্রাণ </W><W> হারালেন </W><W> কম </W><W> করে </W><W> ২৫ </W><W> জন। </W></CASUALTIES-ARG><CASUALTIES-ARG ID="9"><LINK EVENT_ARG="6" ID="31" TYPE_REL="EVENT_ARG"/><W> জখমের </W><W> সংখ্যা </W><W> অন্তত </W><W> ৪৫। </W></CASUALTIES-ARG><PLACE-ARG ID="10"><LINK EVENT_ARG="11" ID="32" TYPE_REL="EVENT_ARG"/><W> আফগান </W><W> রাজধানী </W><W> কাবুলের </W><W> কেন্দ্রস্থলে </W></PLACE-ARG><MAN_MADE_EVENT ID="11" TYPE="SUICIDE_ATTACK"><EVENT-COREF-LINK EVENT_ID="6" ID="46" TYPE_REL="EVENT_COREF"/><W> এই </W><W> হামলার </W><W> ঘটনাটি </W><W> ঘটেছে </W></MAN_MADE_EVENT><TIME-ARG ID="12"><LINK EVENT_ARG="13" ID="33" TYPE_REL="EVENT_ARG"/><W> সোমবার </W><W> সকালে। </W></TIME-ARG><MAN_MADE_EVENT ID="13" TYPE="SUICIDE_ATTACK"><EVENT-COREF-LINK EVENT_ID="11" ID="45" TYPE_REL="EVENT_COREF"/><W> এই </W><W> বিস্ফোরণে </W></MAN_MADE_EVENT><CASUALTIES-ARG ID="14"><LINK EVENT_ARG="13" ID="34" TYPE_REL="EVENT_ARG"/><W> প্রাণ </W><W> হারিয়েছেন </W><W> সংবাদ </W><W> সংস্থা </W><W> এএফপি-র </W><W> চিফ </W><W> ফোটোগ্রাফার </W><W> সাহ </W><W> মারাই-সহ </W><W> আট </W><W> জন </W><W> সাংবাদিক </W></CASUALTIES-ARG><W> এবং </W><CASUALTIES-ARG ID="15"><LINK EVENT_ARG="13" ID="35" TYPE_REL="EVENT_ARG"/><W> চার </W><W> জন </W><W> পুলিশও। </W></CASUALTIES-ARG><CASUALTIES-ARG ID="16"><LINK EVENT_ARG="13" ID="36" TYPE_REL="EVENT_ARG"/><W> মৃতদের </W><W> মধ্যে </W><W> রয়েছে </W><W> ১১ </W><W> জন </W><W> শিশুও, </W></CASUALTIES-ARG><W> জানিয়েছে </W><W> সংবাদ </W><W> সংস্থা </W><W> এএফপি। </W></P><P><W> কাবুল </W><W> পুলিশ </W><W> সূত্রে </W><W> খবর, </W><W> প্রথম </W><MAN_MADE_EVENT ID="17" TYPE="SUICIDE_ATTACK"><EVENT-COREF-LINK EVENT_ID="13" ID="44" TYPE_REL="EVENT_COREF"/><W> বিস্ফোরণের </W></MAN_MADE_EVENT><W> খবর </W><W> সংগ্রহে </W><W> ঘটনাস্থলে </W><W> গিয়েছিলেন </W><W> সাহ </W><W> মারাই-সহ </W><W> ওই </W><W> আট </W><W> সাংবাদিকও। </W><W> তখনই </W><W> দ্বিতীয় </W><MAN_MADE_EVENT ID="18" TYPE="SUICIDE_ATTACK"><EVENT-COREF-LINK EVENT_ID="17" ID="43" TYPE_REL="EVENT_COREF"/><W> আত্মঘাতী </W><W> বিস্ফোরণটি </W><W> ঘটে। </W></MAN_MADE_EVENT><MAN_MADE_EVENT ID="19" TYPE="SUICIDE_ATTACK"><EVENT-COREF-LINK EVENT_ID="18" ID="42" TYPE_REL="EVENT_COREF"/><W> হামলা </W></MAN_MADE_EVENT><W> পর </W><PARTICIPANT-ARG ID="21"><LINK EVENT_ARG="19" ID="37" TYPE_REL="EVENT_ARG"/><W> আইএস </W></PARTICIPANT-ARG><W> স্বঘোষিত </W><W> সংবাদমাধ্যম </W><W> আমাক </W><W> নিউজ </W><W> এজেন্সি-তে </W><W> জানিয়েছে, </W><MAN_MADE_EVENT ID="20" TYPE="SUICIDE_ATTACK"><EVENT-COREF-LINK EVENT_ID="19" ID="41" TYPE_REL="EVENT_COREF"/><W> এই </W><W> হামলা </W></MAN_MADE_EVENT><W> তাদেরই। </W><W> তাদের </W><W> মূল </W><W> লক্ষ্য </W><W> ছিল </W><W> গোয়েন্দা </W><W> বিভাগের </W><W> সদর </W><W> দফতর। </W><W> বিস্ফোরণস্থলের </W><W> কাছাকাছি </W><W> প্রতিরক্ষা </W><W> মন্ত্রক </W><W> এবং </W><W> ন্যাটোর </W><W> অফিসও </W><W> রয়েছে। </W></P><P><W> প্রাথমিক </W><W> তদন্তের </W><W> পর </W><W> কাবুল </W><W> পুলিশের </W><W> প্রধান </W><W> হাশমত </W><W> স্টানেকজাই </W><W> জানিয়েছেন, </W><W> প্রথম </W><PARTICIPANT-ARG ID="22"><LINK EVENT_ARG="20" ID="39" TYPE_REL="EVENT_ARG"/><W> আত্মঘাতী </W><W> জঙ্গি </W></PARTICIPANT-ARG><W> একটি </W><W> মোটরবাইকে </W><W> ঘটনাস্থলে </W><W> এসেছিল। </W><W> বিস্ফোরণস্থলে </W><W> প্রচুর </W><W> গুরুত্বপূর্ণ </W><W> অফিস </W><W> রয়েছে। </W><W> স্বভাবতই </W><W> সকালের </W><W> দিকে </W><W> প্রচুর </W><W> ব্যস্ততা </W><W> থাকে </W><W> সেখানে। </W><W> আর </W><W> সেই </W><W> সুযোগটাই </W><W> নিয়েছিল </W><W> প্রথম </W><W> ব্যক্তি। </W><W> প্রথম </W><MAN_MADE_EVENT ID="24" TYPE="SUICIDE_ATTACK"><EVENT-COREF-LINK EVENT_ID="20" ID="40" TYPE_REL="EVENT_COREF"/><W> বিস্ফোরণে </W></MAN_MADE_EVENT><CASUALTIES-ARG ID="23"><LINK EVENT_ARG="24" ID="38" TYPE_REL="EVENT_ARG"/><W> মৃত্যু </W><W> হয় </W><W> ৪ </W><W> জনের। </W></CASUALTIES-ARG></P></DOCUMENT>