<?xml version="1.0" encoding="UTF-8"?>
<DOCUMENT><DESC></DESC><TIME>364</TIME><P><W> শেষকৃত্যে </W><MAN_MADE_EVENT ID="0" TYPE="SUICIDE_ATTACK"><W> আত্মঘাতী </W><W> হামলা, </W></MAN_MADE_EVENT><CASUALTIES-ARG ID="1"><LINK EVENT_ARG="0" ID="25" TYPE_REL="EVENT_ARG"/><W> নিহত </W><W> ১৮ </W><W> আফগান </W></CASUALTIES-ARG></P><P><W> সংবাদ </W><W> সংস্থা </W></P><P><PLACE-ARG ID="2"><LINK EVENT_ARG="0" ID="26" TYPE_REL="EVENT_ARG"/><W> জালালাবাদ| </W></PLACE-ARG></P><P><TIME-ARG ID="3"><LINK EVENT_ARG="0" ID="27" TYPE_REL="EVENT_ARG"/><W> ১ </W><W> জানুয়ারি, </W><W> ২০১৮ </W></TIME-ARG></P><P><W> শেষকৃত্য </W><W> চলছিল </W><W> এক </W><W> অফিসারের। </W><W> শ্রদ্ধা </W><W> জানাতে </W><W> ভিড় </W><W> জমিয়েছিলেন </W><W> বহু </W><W> মানুষ। </W><W> কিন্তু </W><W> তার </W><W> মধ্যেই </W><W> আচমকা </W><W> জোরালো </W><W> শব্দে </W><MAN_MADE_EVENT ID="4" TYPE="SUICIDE_ATTACK"><EVENT-COREF-LINK EVENT_ID="0" ID="42" TYPE_REL="EVENT_COREF"/><W> কেঁপে </W><W> উঠল </W></MAN_MADE_EVENT><W> চারপাশ। </W><W> মুহূর্তের </W><W> মধ্যে </W><W> দুঃখের </W><W> আবহ </W><W> বদলে </W><W> গেল </W><W> আতঙ্কে! </W></P><P><TIME-ARG ID="6"><LINK EVENT_ARG="5" ID="28" TYPE_REL="EVENT_ARG"/><W> আজ </W></TIME-ARG><MAN_MADE_EVENT ID="5" TYPE="SUICIDE_ATTACK"><EVENT-COREF-LINK EVENT_ID="4" ID="41" TYPE_REL="EVENT_COREF"/><W> আত্মঘাতী </W><W> হামলায় </W></MAN_MADE_EVENT><PLACE-ARG ID="7"><LINK EVENT_ARG="5" ID="29" TYPE_REL="EVENT_ARG"/><W> পূর্ব </W><W> আফগানিস্তানের </W><W> জালালাবাদ </W></PLACE-ARG><W> এ </W><W> ভাবেই </W><W> রক্তাক্ত </W><W> হল। </W><MAN_MADE_EVENT ID="8" TYPE="SUICIDE_ATTACK"><EVENT-COREF-LINK EVENT_ID="5" ID="40" TYPE_REL="EVENT_COREF"/><W> ওই </W><W> বিস্ফোরণে </W></MAN_MADE_EVENT><CASUALTIES-ARG ID="9"><LINK EVENT_ARG="8" ID="30" TYPE_REL="EVENT_ARG"/><W> প্রাণ </W><W> হারিয়েছেন </W><W> ১৮ </W><W> জন। </W></CASUALTIES-ARG><CASUALTIES-ARG ID="10"><LINK EVENT_ARG="8" ID="31" TYPE_REL="EVENT_ARG"/><W> আহত </W><W> অনেকে। </W></CASUALTIES-ARG><CASUALTIES-ARG ID="11"><LINK EVENT_ARG="8" ID="32" TYPE_REL="EVENT_ARG"/><W> নিহতের </W><W> সংখ্যা </W><W> বাড়তে </W><W> পারে </W></CASUALTIES-ARG><W> বলে </W><W> আশঙ্কা। </W></P><P><W> তবে </W><W> এখনও </W><W> পর্যন্ত </W><W> কোনও </W><W> জঙ্গিগোষ্ঠী </W><MAN_MADE_EVENT ID="12" TYPE="SUICIDE_ATTACK"><EVENT-COREF-LINK EVENT_ID="8" ID="39" TYPE_REL="EVENT_COREF"/><W> এই </W><W> হামলার </W></MAN_MADE_EVENT><W> দায় </W><W> স্বীকার </W><W> করেনি। </W><W> কারণ </W><W> ওই </W><W> এলাকায় </W><PARTICIPANT-ARG ID="15"><LINK EVENT_ARG="13" ID="22" TYPE_REL="EVENT_ARG"/><W> তালিবান </W></PARTICIPANT-ARG><W> ও </W><PARTICIPANT-ARG ID="16"><LINK EVENT_ARG="13" ID="23" TYPE_REL="EVENT_ARG"/><W> ইসলামিক </W><W> স্টেট— </W></PARTICIPANT-ARG><W> এই </W><W> দুই </W><W> জঙ্গিগোষ্ঠীই </W><W> সক্রিয়। </W><W> আর </W><W> হামেশাই </W><W> এলাকার </W><W> নিরাপত্তা </W><W> রক্ষী </W><W> এবং </W><W> স্থানীয় </W><W> অফিসারদের </W><W> উপর </W><MAN_MADE_EVENT ID="13" TYPE="TERRORIST_ATTACK"><EVENT-COREF-LINK EVENT_ID="12" ID="38" TYPE_REL="EVENT_COREF"/><W> হামলা </W><W> চালায় </W></MAN_MADE_EVENT><PARTICIPANT-ARG ID="14"><LINK EVENT_ARG="13" ID="24" TYPE_REL="EVENT_ARG"/><W> ওই </W><W> দুই </W><W> জঙ্গি </W><W> দল। </W></PARTICIPANT-ARG><W> ফলে </W><W> সন্দেহের </W><W> তির </W><W> ওই </W><W> দুই </W><W> দলের </W><W> উপর। </W></P><P><W> নানগরহর </W><W> প্রদেশের </W><W> গভর্নরের </W><W> ডেপুটি </W><W> মুখপাত্র </W><W> নুর </W><W> আহমদ </W><W> হাবিবি </W><W> জানিয়েছেন, </W><W> প্রাদেশিক </W><W> রাজধানী </W><PLACE-ARG ID="17"><LINK EVENT_ARG="12" ID="33" TYPE_REL="EVENT_ARG"/><W> জালালাবাদে </W></PLACE-ARG><W> এক </W><W> প্রাক্তন </W><W> জেলা </W><W> প্রধানের </W><W> শেষকৃত্য </W><W> চলছিল। </W><W> সেখানে </W><W> জড়ো </W><W> হয়েছিলেন </W><W> বহু </W><W> মানুষ। </W><W> আচমকাই </W><W> বিস্ফোরক </W><W> ঠাসা </W><W> পোশাক </W><W> পরে </W><W> সেখানে </W><W> ঢুকে </W><W> পড়ে </W><PARTICIPANT-ARG ID="18"><LINK EVENT_ARG="12" ID="34" TYPE_REL="EVENT_ARG"/><W> এক </W><W> আত্মঘাতী </W><W> জঙ্গি। </W></PARTICIPANT-ARG><W> ভিড়ের </W><W> মধ্যেই </W><W> সে </W><MAN_MADE_EVENT ID="19" TYPE="SUICIDE_ATTACK"><EVENT-COREF-LINK EVENT_ID="13" ID="37" TYPE_REL="EVENT_COREF"/><W> বিস্ফোরণ </W><W> ঘটায়। </W></MAN_MADE_EVENT><W> সেখানেই </W><W> মৃত্যু </W><W> হয়েছে </W><W> অনেকের। </W><W> শেষকৃত্যে </W><W> ভিড়ের </W><W> সুযোগ </W><W> নিয়েই </W><MAN_MADE_EVENT ID="20" TYPE="SUICIDE_ATTACK"><EVENT-COREF-LINK EVENT_ID="19" ID="36" TYPE_REL="EVENT_COREF"/><W> হামলা </W><W> চালায় </W></MAN_MADE_EVENT><PARTICIPANT-ARG ID="21"><LINK EVENT_ARG="20" ID="35" TYPE_REL="EVENT_ARG"/><W> জঙ্গিরা। </W></PARTICIPANT-ARG></P></DOCUMENT>