<?xml version="1.0" encoding="UTF-8"?>
<DOCUMENT><DESC></DESC><TIME>1619</TIME><P><MAN_MADE_EVENT ID="0" TYPE="SUICIDE_ATTACK"><W> আত্মঘাতী </W><W> হানা </W></MAN_MADE_EVENT><PLACE-ARG ID="1"><LINK EVENT_ARG="0" ID="50" TYPE_REL="EVENT_ARG"/><W> কাবুলে, </W></PLACE-ARG><CASUALTIES-ARG ID="2"><LINK EVENT_ARG="0" ID="51" TYPE_REL="EVENT_ARG"/><W> হত </W><W> ৭ </W></CASUALTIES-ARG></P><P><W> সংবাদ </W><W> সংস্থা </W></P><P><TIME-ARG ID="3"><LINK EVENT_ARG="0" ID="52" TYPE_REL="EVENT_ARG"/><W> ২৬ </W><W> ডিসেম্বর, </W><W> ২০১৭ </W></TIME-ARG></P><P><W> ছবি: </W><W> এএফপি। </W></P><P><TIME-ARG ID="4"><LINK EVENT_ARG="5" ID="53" TYPE_REL="EVENT_ARG"/><W> বড়দিনে </W></TIME-ARG><MAN_MADE_EVENT ID="5" TYPE="SUICIDE_ATTACK"><EVENT-COREF-LINK EVENT_ID="0" ID="77" TYPE_REL="EVENT_COREF"/><W> বিস্ফোরণ </W><W> হল </W></MAN_MADE_EVENT><PLACE-ARG ID="6"><LINK EVENT_ARG="5" ID="54" TYPE_REL="EVENT_ARG"/><W> কাবুলে। </W></PLACE-ARG><TIME-ARG ID="8"><LINK EVENT_ARG="5" ID="55" TYPE_REL="EVENT_ARG"/><W> আজ </W><W> সকালে </W></TIME-ARG><W> ব্যস্ত </W><W> সময়ে </W><PLACE-ARG ID="7"><LINK EVENT_ARG="5" ID="56" TYPE_REL="EVENT_ARG"/><W> আফগানিস্তানের </W><W> গোয়েন্দা </W><W> সংস্থার </W><W> দফতরের </W><W> সামনে </W></PLACE-ARG><W> নিজেকে </W><W> উড়িয়ে </W><W> দেয় </W><PARTICIPANT-ARG ID="9"><LINK EVENT_ARG="5" ID="57" TYPE_REL="EVENT_ARG"/><W> এক </W><W> আত্মঘাতী </W><W> জঙ্গি। </W></PARTICIPANT-ARG><CASUALTIES-ARG ID="10"><LINK EVENT_ARG="5" ID="58" TYPE_REL="EVENT_ARG"/><W> সাত </W><W> জন </W><W> স্থানীয় </W><W> বাসিন্দা </W><W> নিহত </W><W> হয়েছেন। </W></CASUALTIES-ARG><CASUALTIES-ARG ID="11"><LINK EVENT_ARG="5" ID="59" TYPE_REL="EVENT_ARG"/><W> জখম </W><W> তিন। </W></CASUALTIES-ARG><MAN_MADE_EVENT ID="12" TYPE="SUICIDE_ATTACK"><EVENT-COREF-LINK EVENT_ID="5" ID="76" TYPE_REL="EVENT_COREF"/><W> হামলার </W></MAN_MADE_EVENT><W> দায় </W><W> স্বীকার </W><W> করেছে </W><PARTICIPANT-ARG ID="13"><LINK EVENT_ARG="12" ID="60" TYPE_REL="EVENT_ARG"/><W> ইসলামিক </W><W> স্টেট </W><W> (আইএস)। </W></PARTICIPANT-ARG></P><P><W> সপ্তাহের </W><W> প্রথম </W><W> দিনে </W><W> ব্যস্ত </W><W> রাস্তায় </W><W> তখন </W><W> অফিসযাত্রীদের </W><W> ভিড় </W><W> বাড়তে </W><W> শুরু </W><W> করেছে। </W><W> তার </W><W> মধ্যেই </W><W> ঘটে </W><MAN_MADE_EVENT ID="14" TYPE="SUICIDE_ATTACK"><EVENT-COREF-LINK EVENT_ID="12" ID="75" TYPE_REL="EVENT_COREF"/><W> ভয়াবহ </W><W> বিস্ফোরণ। </W></MAN_MADE_EVENT><W> অভ্যন্তরীণ </W><W> মন্ত্রক </W><W> সূত্রের </W><W> খবর, </W><W> স্থানীয় </W><W> সময় </W><W> সকাল </W><W> ৮টা </W><W> নাগাদ </W><W> পায়ে </W><W> হেঁটে </W><PLACE-ARG ID="15"><LINK EVENT_ARG="14" ID="61" TYPE_REL="EVENT_ARG"/><W> ন্যাশনাল </W><W> ডিরেক্টরেট </W><W> অব </W><W> সিকিউরিটি </W><W> (এনডিএস)-র </W><W> অফিসের </W><W> সামনে </W></PLACE-ARG><W> হাজির </W><W> হয় </W><PARTICIPANT-ARG ID="16"><LINK EVENT_ARG="14" ID="62" TYPE_REL="EVENT_ARG"/><W> এক </W><W> জঙ্গি। </W></PARTICIPANT-ARG><W> এর </W><W> পরেই </W><W> নিজেকে </W><W> উড়িয়ে </W><W> দেয় </W><W> সে। </W></P><P><MAN_MADE_EVENT ID="17" TYPE="SUICIDE_ATTACK"><EVENT-COREF-LINK EVENT_ID="14" ID="74" TYPE_REL="EVENT_COREF"/><W> বিস্ফোরণের </W></MAN_MADE_EVENT><W> সময়ে </W><W> ঠিক </W><W> পাশ </W><W> দিয়েই </W><W> যাচ্ছিল </W><W> একটি </W><W> টয়োটা </W><W> গাড়ি। </W><MAN_MADE_EVENT ID="18" TYPE="SUICIDE_ATTACK"><EVENT-COREF-LINK EVENT_ID="17" ID="72" TYPE_REL="EVENT_COREF"/><W> বিস্ফোরণের </W></MAN_MADE_EVENT><W> ফলে </W><W> ক্ষতিগ্রস্ত </W><W> হয় </W><W> সেটি। </W><CASUALTIES-ARG ID="19"><LINK EVENT_ARG="18" ID="63" TYPE_REL="EVENT_ARG"/><W> নিহত </W><W> হন </W><W> যাত্রীরা। </W></CASUALTIES-ARG><AFTER_EFFECTS-ARG ID="20"><LINK EVENT_ARG="18" ID="64" TYPE_REL="EVENT_ARG"/><W> আহতদের </W><W> স্থানীয় </W><W> হাসপাতালে </W><W> নিয়ে </W><W> যাওয়া </W><W> হয়েছে। </W></AFTER_EFFECTS-ARG><CASUALTIES-ARG ID="21"><LINK EVENT_ARG="18" ID="65" TYPE_REL="EVENT_ARG"/><W> মৃতের </W><W> সংখ্যা </W><W> আরও </W><W> বাড়তে </W><W> পারে </W></CASUALTIES-ARG><W> বলে </W><W> আশঙ্কা </W><W> করছে </W><W> স্বাস্থ্য </W><W> মন্ত্রক। </W></P><P><MAN_MADE_EVENT ID="22" TYPE="SUICIDE_ATTACK"><EVENT-COREF-LINK EVENT_ID="18" ID="73" TYPE_REL="EVENT_COREF"/><W> হামলার </W></MAN_MADE_EVENT><W> কারণ </W><W> এখনও </W><W> জানা </W><W> না </W><W> গেলেও </W><W> দায় </W><W> নিয়েছে </W><PARTICIPANT-ARG ID="23"><LINK EVENT_ARG="22" ID="66" TYPE_REL="EVENT_ARG"/><W> আইএস। </W></PARTICIPANT-ARG><W> তাদের </W><W> মুখপত্র </W><W> ‘আমাক’-এ </W><W> একটি </W><W> বিবৃতি </W><W> দিয়ে </W><W> এ </W><W> কথা </W><W> জানানো </W><W> হয়েছে। </W><W> যুদ্ধবিধ্বস্ত </W><W> কাবুলকে </W><W> নিশানা </W><W> করে </W><W> জঙ্গি </W><W> হামলা </W><W> চলছেই। </W><W> গত </W><W> সপ্তাহে </W><W> এনডিএসেরই </W><W> একটি </W><W> প্রশিক্ষণ </W><W> কেন্দ্র </W><W> লক্ষ </W><W> করে </W><W> হামলা </W><W> চালানোর </W><W> চেষ্টা </W><W> করে </W><W> জঙ্গিরা। </W><W> তবে </W><W> সে </W><W> বার </W><W> হামলার </W><W> আগেই </W><W> জঙ্গিদের </W><W> রুখে </W><W> দিয়েছিল </W><W> পুলিশ। </W><W> দীর্ঘক্ষণ </W><PARTICIPANT-ARG ID="24"><LINK EVENT_ARG="25" ID="67" TYPE_REL="EVENT_ARG"/><W> পুলিশ-জঙ্গি </W></PARTICIPANT-ARG><MAN_MADE_EVENT ID="25" TYPE="SHOOT_OUT"><W> গুলিযুদ্ধের </W></MAN_MADE_EVENT><W> পরে </W><CASUALTIES-ARG ID="26"><LINK EVENT_ARG="25" ID="68" TYPE_REL="EVENT_ARG"/><W> খতম </W><W> হয়েছিল </W><W> দুই </W><W> জঙ্গিও। </W></CASUALTIES-ARG><MAN_MADE_EVENT ID="27" TYPE="SHOOT_OUT"><EVENT-COREF-LINK EVENT_ID="25" ID="71" TYPE_REL="EVENT_COREF"/><W> সেই </W><W> হামলারও </W></MAN_MADE_EVENT><W> দায় </W><W> নেয় </W><PARTICIPANT-ARG ID="28"><LINK EVENT_ARG="27" ID="69" TYPE_REL="EVENT_ARG"/><W> ইসলামিক </W><W> স্টেট। </W></PARTICIPANT-ARG><W> এ </W><W> দিনও </W><W> ওই </W><W> বিশেষ </W><W> গুপ্তচর </W><W> সংস্থাটিকে </W><W> নিশানা </W><W> করেই </W><MAN_MADE_EVENT ID="29" TYPE="SHOOT_OUT"><EVENT-COREF-LINK EVENT_ID="27" ID="70" TYPE_REL="EVENT_COREF"/><W> হামলা </W><W> হয়েছিল </W></MAN_MADE_EVENT><W> দাবি </W><W> পুলিশের। </W></P><P><W> ২০১৫ </W><W> সাল </W><W> থেকেই </W><W> গোটা </W><W> আফগানিস্তান </W><W> জুড়ে </W><W> ক্রমশ </W><W> জাল </W><W> ছড়াচ্ছে </W><W> আইএস। </W><TIME-ARG ID="30"><LINK EVENT_ARG="32" ID="45" TYPE_REL="EVENT_ARG"/><W> গত </W><W> ৩১ </W><W> মে </W></TIME-ARG><PLACE-ARG ID="31"><LINK EVENT_ARG="32" ID="46" TYPE_REL="EVENT_ARG"/><W> কাবুলের </W></PLACE-ARG><W> কূটনৈতিক </W><W> এলাকার </W><W> সামনে </W><MAN_MADE_EVENT ID="32" TYPE="SUICIDE_ATTACK"><W> গাড়ি </W><W> বোমা </W><W> বিস্ফোরণ </W></MAN_MADE_EVENT><W> ঘটায় </W><PARTICIPANT-ARG ID="33"><LINK EVENT_ARG="32" ID="47" TYPE_REL="EVENT_ARG"/><W> জঙ্গিরা। </W></PARTICIPANT-ARG><CASUALTIES-ARG ID="34"><LINK EVENT_ARG="32" ID="48" TYPE_REL="EVENT_ARG"/><W> প্রাণ </W><W> যায় </W><W> অন্তত </W><W> ১৫০ </W><W> জন </W><W> সাধারণ </W><W> মানুষের। </W></CASUALTIES-ARG><CASUALTIES-ARG ID="35"><LINK EVENT_ARG="32" ID="49" TYPE_REL="EVENT_ARG"/><W> জখম </W><W> হন </W><W> চারশোরও </W><W> বেশি। </W></CASUALTIES-ARG><W> এর </W><W> পরেই </W><W> রাজধানী </W><W> শহরের </W><W> নিরাপত্তা </W><W> বাড়িয়ে </W><W> দেয় </W><W> আফগান </W><W> সরকার। </W><TIME-ARG ID="36"><LINK EVENT_ARG="38" ID="44" TYPE_REL="EVENT_ARG"/><W> গত </W><W> শুক্রবার </W></TIME-ARG><PLACE-ARG ID="37"><LINK EVENT_ARG="38" ID="43" TYPE_REL="EVENT_ARG"/><W> দক্ষিণ </W><W> আফগানিস্তানের </W><W> কন্দহর </W><W> এলাকায় </W><W> পুলিশের </W><W> একটি </W><W> ভবনের </W><W> চত্বরে </W></PLACE-ARG><W> বিস্ফোরক </W><W> নিয়ে </W><W> ঢুকে </W><W> পড়ে </W><PARTICIPANT-ARG ID="39"><LINK EVENT_ARG="38" ID="42" TYPE_REL="EVENT_ARG"/><W> এক </W><W> আত্মঘাতী </W><W> জঙ্গি। </W></PARTICIPANT-ARG><MAN_MADE_EVENT ID="38" TYPE="SUICIDE_ATTACK"><W> ওই </W><W> হামলাটির </W></MAN_MADE_EVENT><W> দায় </W><W> নিয়েছিল </W><PARTICIPANT-ARG ID="40"><LINK EVENT_ARG="38" ID="41" TYPE_REL="EVENT_ARG"/><W> তালিবান। </W></PARTICIPANT-ARG></P><P><W> আফগানিস্তানে </W><W> আইএসের </W><W> মোকাবিলায় </W><W> তালিবানকে </W><W> মদত </W><W> দিতে </W><W> শুরু </W><W> করেছে </W><W> রাশিয়া-পাকিস্তান-চিনের </W><W> এক </W><W> নয়া </W><W> অক্ষ। </W><W> ফলে </W><W> কপালে </W><W> ভাঁজ </W><W> বেড়েছে </W><W> দিল্লির </W><W> কর্তাদের। </W></P></DOCUMENT>