<?xml version="1.0" encoding="UTF-8"?>
<DOCUMENT><P><NATURAL_EVENT ID="0" TYPE="COLD_WAVE"><W> Cold </W><W> wave </W></NATURAL_EVENT><W> grips </W><PLACE-ARG ID="1"><LINK EVENT_ARG="0" ID="39" TYPE_REL="EVENT_ARG"/><W> north </W><W> India, </W></PLACE-ARG><W> to </W><W> get </W><W> worse </W></P><P><W> This </W><W> severe </W><W> weather </W><W> is </W><W> attributed </W><W> to </W><W> the </W><W> absence </W><W> of </W><W> western </W><W> disturbances </W><W> in </W><W> the </W><W> country </W></P><P><W> Last </W><W> Updated: </W><TIME-ARG ID="2"><LINK EVENT_ARG="0" ID="40" TYPE_REL="EVENT_ARG"/><W> Friday </W><W> 21 </W><W> December </W><W> 2018 </W></TIME-ARG></P><P><TIME-ARG ID="3"><LINK EVENT_ARG="4" ID="41" TYPE_REL="EVENT_ARG"/><W> December </W><W> 19, </W><W> 2018, </W></TIME-ARG><W> the </W><W> India </W><W> Meteorological </W><W> Department </W><W> (IMD) </W><W> announced </W><W> the </W><W> first </W><NATURAL_EVENT ID="4" TYPE="COLD_WAVE"><EVENT-COREF-LINK EVENT_ID="0" ID="74" TYPE_REL="EVENT_COREF"/><W> cold </W><W> wave </W></NATURAL_EVENT><W> of </W><W> the </W><W> season. </W><W> It </W><W> said </W><W> that </W><PLACE-ARG ID="5"><LINK EVENT_ARG="4" ID="42" TYPE_REL="EVENT_ARG"/><W> the </W><W> north </W><W> and </W><W> north </W><W> western </W><W> parts </W><W> of </W><W> the </W><W> country, </W><W> which </W><W> include </W><W> Rajasthan, </W><W> Punjab, </W><W> Haryana </W><W> and </W><W> Delhi, </W></PLACE-ARG><W> are </W><W> getting </W><W> affected </W><W> by </W><NATURAL_EVENT ID="6" TYPE="COLD_WAVE"><EVENT-COREF-LINK EVENT_ID="4" ID="73" TYPE_REL="EVENT_COREF"/><W> this </W><W> severe </W><W> weather. </W></NATURAL_EVENT></P><P><W> According </W><W> to </W><W> the </W><W> IMD, </W><W> a </W><NATURAL_EVENT ID="7" TYPE="COLD_WAVE"><EVENT-COREF-LINK EVENT_ID="6" ID="72" TYPE_REL="EVENT_COREF"/><W> cold </W><W> wave </W></NATURAL_EVENT><W> prevails </W><W> when </W><W> a </W><W> place </W><W> witnesses </W><TEMPERATURE-ARG ID="8"><LINK EVENT_ARG="7" ID="44" TYPE_REL="EVENT_ARG"/><W> temperatures </W><W> below </W><W> four </W><W> degree </W><W> Celsius </W></TEMPERATURE-ARG><W> over </W><W> a </W><W> consistent </W><W> period </W><W> of </W><W> time. </W><W> The </W><W> situation </W><W> is </W><W> worse </W><W> in </W><PLACE-ARG ID="9"><LINK EVENT_ARG="7" ID="45" TYPE_REL="EVENT_ARG"/><W> some </W><W> parts </W><W> of </W><W> north </W><W> Rajasthan </W><W> and </W><W> Punjab </W></PLACE-ARG><W> where </W><TEMPERATURE-ARG ID="10"><LINK EVENT_ARG="7" ID="46" TYPE_REL="EVENT_ARG"/><W> temperatures </W><W> are </W><W> below </W><W> two </W><W> degree </W><W> Celsius. </W></TEMPERATURE-ARG><W> In </W><W> fact, </W><W> the </W><TEMPERATURE-ARG ID="11"><LINK EVENT_ARG="7" ID="47" TYPE_REL="EVENT_ARG"/><W> lowest </W><W> temperature </W><W> of </W><W> 0.5 </W><W> degree </W><W> Celsius </W></TEMPERATURE-ARG><W> for </W><W> the </W><W> northern </W><W> plains </W><W> was </W><W> recorded </W><W> at </W><PLACE-ARG ID="12"><LINK EVENT_ARG="7" ID="48" TYPE_REL="EVENT_ARG"/><W> Sikar </W><W> in </W><W> Rajasthan. </W></PLACE-ARG></P><P><W> The </W><W> weather </W><W> agency </W><W> also </W><W> predicts </W><W> that </W><AFTER_EFFECTS-ARG ID="14"><LINK EVENT_ARG="7" ID="49" TYPE_REL="EVENT_ARG"/><W> these </W><W> conditions </W><W> will </W><W> increase </W><W> in </W><W> intensity </W><W> and </W><W> spread </W><W> to </W><W> other </W><W> areas </W></AFTER_EFFECTS-ARG><W> like </W><PLACE-ARG ID="13"><LINK EVENT_ARG="7" ID="50" TYPE_REL="EVENT_ARG"/><W> Uttar </W><W> Pradesh </W></PLACE-ARG><W> in </W><W> the </W><TIME-ARG ID="15"><LINK EVENT_ARG="7" ID="51" TYPE_REL="EVENT_ARG"/><W> coming </W><W> few </W><W> days. </W></TIME-ARG><W> For </W><W> the </W><W> Capital, </W><W> the </W><W> IMD </W><W> predicted </W><W> dry </W><W> weather </W><W> accompanied </W><W> by </W><W> moderate </W><W> fog </W><W> in </W><W> a </W><W> few </W><W> areas </W><W> and </W><W> isolated </W><NATURAL_EVENT ID="16" TYPE="COLD_WAVE"><EVENT-COREF-LINK EVENT_ID="7" ID="71" TYPE_REL="EVENT_COREF"/><W> cold </W><W> wave </W><W> conditions. </W></NATURAL_EVENT></P><P><W> The </W><W> major </W><W> reason </W><W> for </W><NATURAL_EVENT ID="17" TYPE="COLD_WAVE"><EVENT-COREF-LINK EVENT_ID="16" ID="70" TYPE_REL="EVENT_COREF"/><W> this </W><W> severe </W><W> weather </W></NATURAL_EVENT><W> is </W><REASON-ARG ID="18"><LINK EVENT_ARG="17" ID="52" TYPE_REL="EVENT_ARG"/><W> absence </W><W> of </W><W> western </W><W> disturbances </W><W> in </W><W> the </W><W> north </W><W> western </W><W> part </W><W> of </W><W> the </W><W> country </W></REASON-ARG><TIME-ARG ID="53"><LINK EVENT_ARG="17" ID="54" TYPE_REL="EVENT_ARG"/><W> for </W><W> the </W><W> next </W><W> few </W><W> days. </W></TIME-ARG><W> There </W><W> is </W><W> currently </W><W> one </W><W> western </W><W> disturbance </W><W> over </W><W> Jammu </W><W> and </W><W> Kashmir </W><W> that </W><W> is </W><W> moving </W><W> eastward </W><W> but </W><W> after </W><W> that </W><W> there </W><W> is </W><W> no </W><W> evidence </W><W> of </W><W> any </W><W> fresh </W><W> western </W><W> disturbance </W><W> for </W><W> the </W><W> next </W><W> 4-5 </W><W> days. </W></P><P><W> A </W><W> western </W><W> disturbance </W><W> disrupts </W><W> the </W><W> wind </W><W> patterns </W><W> in </W><W> the </W><W> region </W><W> and </W><W> in </W><W> its </W><W> absence </W><W> there </W><W> will </W><W> be </W><W> no </W><W> significant </W><W> change </W><W> in </W><W> these </W><W> patterns. </W><W> This </W><W> would </W><W> allow </W><W> the </W><W> prevailing </W><NATURAL_EVENT ID="19" TYPE="COLD_WAVE"><EVENT-COREF-LINK EVENT_ID="17" ID="69" TYPE_REL="EVENT_COREF"/><W> cold </W><W> conditions </W></NATURAL_EVENT><W> to </W><W> continue </W><W> and </W><W> intensify </W><W> further, </W><TEMPERATURE-ARG ID="20"><LINK EVENT_ARG="19" ID="55" TYPE_REL="EVENT_ARG"/><W> plunging </W><W> the </W><W> temperatures </W><W> by </W><W> three </W><W> to </W><W> four </W><W> degrees </W><W> Celsius </W><W> below </W><W> normal </W></TEMPERATURE-ARG><W> in </W><PLACE-ARG ID="21"><LINK EVENT_ARG="19" ID="56" TYPE_REL="EVENT_ARG"/><W> north, </W><W> northwest </W><W> and </W><W> central </W><W> India. </W></PLACE-ARG></P><P><W> A </W><W> similar </W><NATURAL_EVENT ID="22" TYPE="COLD_WAVE"><W> cold </W><W> wave </W></NATURAL_EVENT><W> in </W><TIME-ARG ID="23"><LINK EVENT_ARG="22" ID="57" TYPE_REL="EVENT_ARG"/><W> January </W><W> this </W><W> year </W></TIME-ARG><W> in </W><PLACE-ARG ID="24"><LINK EVENT_ARG="22" ID="58" TYPE_REL="EVENT_ARG"/><W> north </W><W> India </W></PLACE-ARG><CASUALTIES-ARG ID="25"><LINK EVENT_ARG="22" ID="59" TYPE_REL="EVENT_ARG"/><W> had </W><W> claimed </W><W> 100 </W><W> lives. </W></CASUALTIES-ARG><W> There </W><W> have </W><W> been </W><NATURAL_EVENT ID="26" TYPE="COLD_WAVE"><W> cold </W><W> waves </W></NATURAL_EVENT><W> in </W><TIME-ARG ID="27"><LINK EVENT_ARG="26" ID="60" TYPE_REL="EVENT_ARG"/><W> seven </W><W> of </W><W> the </W><W> last </W><W> 10 </W><W> years. </W></TIME-ARG><W> They </W><W> have </W><CASUALTIES-ARG ID="28"><LINK EVENT_ARG="26" ID="61" TYPE_REL="EVENT_ARG"/><W> killed </W><W> more </W><W> than </W><W> 2,000 </W><W> people, </W></CASUALTIES-ARG><W> mostly </W><TIME-ARG ID="29"><LINK EVENT_ARG="26" ID="62" TYPE_REL="EVENT_ARG"/><W> in </W><W> the </W><W> severe </W><W> winter </W><W> months </W><W> of </W><W> December </W><W> and </W><W> January. </W></TIME-ARG><W> The </W><W> most </W><W> severe </W><W> of </W><W> these </W><NATURAL_EVENT ID="30" TYPE="COLD_WAVE"><W> cold </W><W> waves </W></NATURAL_EVENT><W> were </W><W> observed </W><W> in </W><TIME-ARG ID="31"><LINK EVENT_ARG="30" ID="64" TYPE_REL="EVENT_ARG"/><W> 2011 </W></TIME-ARG><W> and </W><TIME-ARG ID="32"><LINK EVENT_ARG="30" ID="63" TYPE_REL="EVENT_ARG"/><W> 2010 </W></TIME-ARG><W> when </W><CASUALTIES-ARG ID="33"><LINK EVENT_ARG="30" ID="66" TYPE_REL="EVENT_ARG"/><W> 650 </W><W> and </W><W> 600 </W><W> had </W><W> died </W></CASUALTIES-ARG><W> in </W><W> the </W><PLACE-ARG ID="34"><LINK EVENT_ARG="30" ID="65" TYPE_REL="EVENT_ARG"/><W> northern </W><W> plains </W><W> region. </W></PLACE-ARG><PLACE-ARG ID="35"><LINK EVENT_ARG="36" ID="67" TYPE_REL="EVENT_ARG"/><W> Uttar </W><W> Pradesh </W></PLACE-ARG><W> is </W><W> the </W><W> most </W><W> affected </W><W> state </W><W> when </W><W> it </W><W> comes </W><W> to </W><NATURAL_EVENT ID="36" TYPE="COLD_WAVE"><W> cold </W><W> waves. </W></NATURAL_EVENT></P><P><W> Moreover, </W><W> trends </W><W> show </W><W> that </W><W> the </W><W> colder </W><W> and </W><W> drier </W><W> it </W><W> gets, </W><W> the </W><W> threat </W><W> of </W><TYPE-ARG ID="37"><LINK EVENT_ARG="38" ID="68" TYPE_REL="EVENT_ARG"/><W> H1N1 </W></TYPE-ARG><NATURAL_EVENT ID="38" TYPE="EPIDEMIC"><W> influenza </W><W> virus </W></NATURAL_EVENT><W> spreading </W><W> is </W><W> even </W><W> more. </W><W> This </W><W> is </W><W> when </W><W> after </W><W> the </W><W> southwest </W><W> monsoon </W><W> season, </W><W> the </W><W> country, </W><W> as </W><W> a </W><W> whole, </W><W> received </W><W> 50 </W><W> per </W><W> cent </W><W> less </W><W> rainfall </W><W> than </W><W> normal. </W></P></DOCUMENT>