<?xml version="1.0" encoding="UTF-8"?>
<DOCUMENT><P><NATURAL_EVENT ID="0" TYPE="COLD_WAVE"><W> Cold </W><W> wave </W></NATURAL_EVENT><W> likely </W><W> to </W><W> continue </W><W> for </W><W> some </W><W> days, </W><W> says </W><W> IMD </W></P><P><AFTER_EFFECTS-ARG ID="1"><LINK EVENT_ARG="0" ID="20" TYPE_REL="EVENT_ARG"/><W> Several </W><W> trains </W><W> were </W><W> delayed </W></AFTER_EFFECTS-ARG><W> due </W><W> to </W><W> fog. </W><W> Fog </W><W> swept </W><W> across </W><W> plains </W><W> of </W><W> North </W><W> India. </W><W> Weather </W><W> is </W><W> expected </W><W> to </W><W> improve </W><W> with </W><W> slight </W><W> respite </W><W> from </W><W> the </W><NATURAL_EVENT ID="2" TYPE="COLD_WAVE"><EVENT-COREF-LINK EVENT_ID="0" ID="38" TYPE_REL="EVENT_COREF"/><W> cold </W><W> wave </W></NATURAL_EVENT><W> in </W><W> the </W><TIME-ARG ID="3"><LINK EVENT_ARG="2" ID="21" TYPE_REL="EVENT_ARG"/><W> first </W><W> week </W><W> of </W><W> January. </W></TIME-ARG></P><P><W> India </W><W> Today </W><W> Web </W><W> Desk </W></P><P><W> New </W><W> Delhi </W></P><P><TIME-ARG ID="4"><LINK EVENT_ARG="2" ID="23" TYPE_REL="EVENT_ARG"/><W> December </W><W> 30, </W><W> 2018 </W></TIME-ARG><W> UPDATED: </W><TIME-ARG ID="5"><LINK EVENT_ARG="2" ID="22" TYPE_REL="EVENT_ARG"/><W> December </W><W> 30, </W><W> 2018 </W><W> 09:12 </W><W> IST </W></TIME-ARG></P><P><NATURAL_EVENT ID="6" TYPE="COLD_WAVE"><EVENT-COREF-LINK EVENT_ID="2" ID="37" TYPE_REL="EVENT_COREF"/><W> Cold </W><W> Wave </W></NATURAL_EVENT></P><P><W> Respite </W><W> from </W><NATURAL_EVENT ID="7" TYPE="COLD_WAVE"><EVENT-COREF-LINK EVENT_ID="6" ID="36" TYPE_REL="EVENT_COREF"/><W> cold </W><W> wave </W></NATURAL_EVENT><W> conditions </W><W> is </W><W> likely </W><W> in </W><W> the </W><TIME-ARG ID="8"><LINK EVENT_ARG="7" ID="24" TYPE_REL="EVENT_ARG"/><W> first </W><W> week </W><W> of </W><W> January </W></TIME-ARG><W> (File </W><W> Photo- </W><W> Reuters). </W></P><P><PLACE-ARG ID="9"><LINK EVENT_ARG="10" ID="25" TYPE_REL="EVENT_ARG"/><W> Northwest, </W><W> Central </W><W> and </W><W> Eastern </W><W> parts </W><W> of </W><W> the </W><W> country </W></PLACE-ARG><W> continued </W><W> to </W><W> experience </W><NATURAL_EVENT ID="10" TYPE="COLD_WAVE"><EVENT-COREF-LINK EVENT_ID="7" ID="35" TYPE_REL="EVENT_COREF"/><W> cold </W><W> wave </W></NATURAL_EVENT><TIME-ARG ID="11"><LINK EVENT_ARG="10" ID="26" TYPE_REL="EVENT_ARG"/><W> on </W><W> Sunday </W></TIME-ARG><W> as </W><TEMPERATURE-ARG ID="12"><LINK EVENT_ARG="10" ID="27" TYPE_REL="EVENT_ARG"/><W> temperature </W><W> in </W><W> many </W><W> cities </W><W> howered </W><W> around </W><W> 5 </W><W> degree </W><W> Celsius. </W></TEMPERATURE-ARG><PLACE-ARG ID="14"><LINK EVENT_ARG="10" ID="28" TYPE_REL="EVENT_ARG"/><W> New </W><W> Delhi </W></PLACE-ARG><W> recorded </W><TEMPERATURE-ARG ID="13"><LINK EVENT_ARG="10" ID="29" TYPE_REL="EVENT_ARG"/><W> a </W><W> temperature </W><W> of </W><W> 4.6 </W><W> degree </W><W> Celsius </W></TEMPERATURE-ARG><W> at </W><TIME-ARG ID="15"><LINK EVENT_ARG="10" ID="30" TYPE_REL="EVENT_ARG"/><W> 5 </W><W> am </W><W> on </W><W> December </W><W> 30. </W></TIME-ARG></P><P><W> India </W><W> Meteorological </W><W> Department </W><W> has </W><W> predicted </W><W> that </W><W> chill </W><W> in </W><W> the </W><W> air </W><W> is </W><W> likely </W><W> to </W><W> continue </W><W> for </W><W> next </W><W> 2 </W><W> days. </W><W> The </W><W> department </W><W> said </W><W> that </W><NATURAL_EVENT ID="16" TYPE="COLD_WAVE"><EVENT-COREF-LINK EVENT_ID="10" ID="34" TYPE_REL="EVENT_COREF"/><W> a </W><W> &apos;severe </W><W> cold </W><W> wave&apos; </W></NATURAL_EVENT><W> is </W><W> felt </W><PLACE-ARG ID="17"><LINK EVENT_ARG="16" ID="31" TYPE_REL="EVENT_ARG"/><W> across </W><W> much </W><W> of </W><W> Northern </W><W> India </W><W> from </W><W> Punjab </W><W> to </W><W> West </W><W> Bengal. </W></PLACE-ARG></P><P><W> The </W><W> department </W><W> said </W><W> that </W><W> a </W><W> slight </W><W> relief </W><W> from </W><W> the </W><W> severe </W><W> cold </W><W> is </W><W> likely </W><W> in </W><W> the </W><W> first </W><W> week </W><W> of </W><W> January </W><W> due </W><W> to </W><W> western </W><W> disturbance. </W></P><P><W> Fog </W><W> engulfed </W><W> many </W><W> parts </W><W> of </W><W> North </W><W> India </W><W> due </W><W> to </W><W> which, </W><AFTER_EFFECTS-ARG ID="18"><LINK EVENT_ARG="16" ID="32" TYPE_REL="EVENT_ARG"/><W> train </W><W> services </W><W> were </W><W> affected. </W></AFTER_EFFECTS-ARG><AFTER_EFFECTS-ARG ID="19"><LINK EVENT_ARG="16" ID="33" TYPE_REL="EVENT_ARG"/><W> Many </W><W> trains </W><W> travelling </W><W> from </W><W> Bihar, </W><W> Uttar </W><W> Pradesh, </W><W> West </W><W> Bengal </W><W> to </W><W> other </W><W> parts </W><W> in </W><W> North </W><W> India </W><W> were </W><W> delayed </W></AFTER_EFFECTS-ARG><W> due </W><W> to </W><W> the </W><W> fog. </W></P><P><W> According </W><W> to </W><W> the </W><W> IMD, </W><W> moderate </W><W> fog </W><W> is </W><W> likely </W><W> to </W><W> prevail </W><W> for </W><W> next </W><W> 3-4 </W><W> days </W><W> during </W><W> morning </W><W> hours </W><W> over </W><W> northern </W><W> plains </W><W> and </W><W> northeastern </W><W> states </W><W> of </W><W> the </W><W> country. </W></P><P><W> New </W><W> Delhi </W><W> continues </W><W> to </W><W> reel </W><W> under </W><W> the </W><W> grip </W><W> of </W><W> pollution. </W><W> Air </W><W> Quality </W><W> Index </W><W> (AQI) </W><W> remained </W><W> poor </W><W> at </W><W> 369. </W><W> Air </W><W> Qaulity </W><W> was </W><W> the </W><W> worst </W><W> at </W><W> Delhi </W><W> University </W><W> with </W><W> an </W><W> AQI </W><W> of </W><W> 455 </W><W> while </W><W> that </W><W> at </W><W> Pusa </W><W> Road </W><W> was </W><W> relatively </W><W> better </W><W> at </W><W> 365. </W></P></DOCUMENT>