<?xml version="1.0" encoding="UTF-8"?>
<DOCUMENT><DESC></DESC><TIME>594</TIME><P><PLACE-ARG ID="0"><LINK EVENT_ARG="1" ID="56" TYPE_REL="EVENT_ARG"/><W> তাইওয়ানে </W></PLACE-ARG><W> শক্তিশালী </W><NATURAL_EVENT ID="1" TYPE="EARTHQUAKE"><W> ভূমিকম্পে </W></NATURAL_EVENT><CASUALTIES-ARG ID="4"><LINK EVENT_ARG="1" ID="57" TYPE_REL="EVENT_ARG"/><W> নিহত </W><W> ৭, </W></CASUALTIES-ARG><AFTER_EFFECTS-ARG ID="5"><LINK EVENT_ARG="1" ID="58" TYPE_REL="EVENT_ARG"/><W> নিখোঁজ </W><W> ৬৭ </W></AFTER_EFFECTS-ARG></P><P><W> নিউজ </W><W> ডেস্ক </W><W> বিডিনিউজ </W><W> টোয়েন্টিফোর </W><W> ডটকম </W></P><P><AFTER_EFFECTS-ARG ID="6"><LINK EVENT_ARG="1" ID="59" TYPE_REL="EVENT_ARG"/><W> হুয়ালিয়েনের </W><W> ক্ষতিগ্রস্ত </W><W> একটি </W><W> বহুতল </W><W> আবাসিক </W><W> ভবন </W><W> ৪০ </W><W> ডিগ্রি </W><W> কোণ </W><W> করে </W><W> ভূমিতে </W><W> ঢুকে </W><W> গেছে। </W></AFTER_EFFECTS-ARG><W> ছবি: </W><W> রয়টার্স </W></P><P><AFTER_EFFECTS-ARG ID="7"><LINK EVENT_ARG="1" ID="60" TYPE_REL="EVENT_ARG"/><W> হুয়ালিয়েনের </W><W> ক্ষতিগ্রস্ত </W><W> একটি </W><W> বহুতল </W><W> আবাসিক </W><W> ভবন </W><W> ৪০ </W><W> ডিগ্রি </W><W> কোণ </W><W> করে </W><W> ভূমিতে </W><W> ঢুকে </W><W> গেছে। </W></AFTER_EFFECTS-ARG><W> ছবি: </W><W> রয়টার্স </W></P><P><PLACE-ARG ID="8"><LINK EVENT_ARG="2" ID="61" TYPE_REL="EVENT_ARG"/><W> তাইওয়ানের </W><W> জনপ্রিয় </W><W> পর্যটন </W><W> শহর </W><W> হুয়ালিয়েনের </W><W> কাছে </W></PLACE-ARG><MAGNITUDE-ARG ID="9"><LINK EVENT_ARG="2" ID="62" TYPE_REL="EVENT_ARG"/><W> ৬ </W><W> দশমিক </W><W> ৪ </W></MAGNITUDE-ARG><W> মাত্রার </W><W> একটি </W><W> শক্তিশালী </W><NATURAL_EVENT ID="2" TYPE="EARTHQUAKE"><EVENT-COREF-LINK EVENT_ID="1" ID="94" TYPE_REL="EVENT_COREF"/><W> ভূমিকম্পে </W></NATURAL_EVENT><AFTER_EFFECTS-ARG ID="10"><LINK EVENT_ARG="2" ID="63" TYPE_REL="EVENT_ARG"/><W> ঘরবাড়ি </W><W> বিধ্বস্ত </W><W> হয়ে </W></AFTER_EFFECTS-ARG><W> অন্তত </W><CASUALTIES-ARG ID="11"><LINK EVENT_ARG="2" ID="64" TYPE_REL="EVENT_ARG"/><W> সাতজন </W><W> নিহত </W></CASUALTIES-ARG><W> ও </W><CASUALTIES-ARG ID="12"><LINK EVENT_ARG="2" ID="65" TYPE_REL="EVENT_ARG"/><W> ২৬০ </W><W> জন </W><W> আহত </W></CASUALTIES-ARG><W> হয়েছেন। </W></P><P><TIME-ARG ID="13"><LINK EVENT_ARG="3" ID="66" TYPE_REL="EVENT_ARG"/><W> মঙ্গলবার </W><W> রাত </W><W> ১১টা </W><W> ৫০ </W><W> মিনিটে </W></TIME-ARG><W> উপকূলীয় </W><W> ওই </W><W> শহরটি </W><W> থেকে </W><W> প্রায় </W><W> ২২ </W><W> কিলোমিটার </W><W> উত্তর </W><W> পূর্বে </W><EPICENTRE-ARG ID="14"><LINK EVENT_ARG="3" ID="67" TYPE_REL="EVENT_ARG"/><W> তাইওয়ানের </W><W> পূর্ব </W><W> উপকূলে </W></EPICENTRE-ARG><NATURAL_EVENT ID="3" TYPE="EARTHQUAKE"><EVENT-COREF-LINK EVENT_ID="2" ID="93" TYPE_REL="EVENT_COREF"/><W> ভূমিকম্পটির </W></NATURAL_EVENT><W> উৎপত্তি </W><W> ছিল </W><W> বলে </W><W> জানিয়েছেন </W><W> কর্মকর্তারা, </W><W> খবর </W><W> বার্তা </W><W> সংস্থা </W><W> রয়টার্সের। </W></P><P><W> অন্তত </W><AFTER_EFFECTS-ARG ID="15"><LINK EVENT_ARG="3" ID="68" TYPE_REL="EVENT_ARG"/><W> ৬৭ </W><W> জন </W><W> নিখোঁজ </W><W> রয়েছে। </W></AFTER_EFFECTS-ARG><W> এদের </W><AFTER_EFFECTS-ARG ID="16"><LINK EVENT_ARG="3" ID="69" TYPE_REL="EVENT_ARG"/><W> অনেকে </W><W> ধসে </W><W> পড়া </W><W> ভবনগুলোর </W><W> ধ্বংসস্তূপের </W><W> নিচে </W><W> আটকা </W><W> পড়েছেন </W></AFTER_EFFECTS-ARG><W> বলে </W><W> ধারণা </W><W> করা </W><W> হচ্ছে। </W></P><P><W> ধ্বংসস্তূপ </W><W> সরিয়ে </W><W> জীবিতদের </W><W> খোঁজ </W><W> করছেন </W><W> উদ্ধারকারীরা। </W><W> কেউ </W><W> কেউ </W><W> খালি </W><W> হাতেই </W><W> ধ্বংসস্তূপ </W><W> সরাচ্ছেন। </W></P><P><AFTER_EFFECTS-ARG ID="17"><LINK EVENT_ARG="3" ID="70" TYPE_REL="EVENT_ARG"/><W> ক্ষতিগ্রস্ত </W><W> ভবনগুলোর </W><W> মধ্যে </W><W> একটি </W><W> বহুতল </W><W> আবাসিক </W><W> ভবনও </W><W> রয়েছে। </W></AFTER_EFFECTS-ARG><W> উদ্ধারকর্মীরা </W><W> ভবনটির </W><W> চারদিক </W><W> ঘিরে </W><W> রয়েছেন। </W><AFTER_EFFECTS-ARG ID="18"><LINK EVENT_ARG="3" ID="71" TYPE_REL="EVENT_ARG"/><W> ভবনটির </W><W> জানালাগুলো </W><W> ভেঙে </W><W> পড়েছে </W></AFTER_EFFECTS-ARG><W> এবং </W><AFTER_EFFECTS-ARG ID="19"><LINK EVENT_ARG="3" ID="72" TYPE_REL="EVENT_ARG"/><W> ভবনটি </W><W> ৪০ </W><W> ডিগ্রি </W><W> কোণ </W><W> করে </W><W> ভূমিতে </W><W> ঢুকে </W><W> গেছে। </W></AFTER_EFFECTS-ARG></P><P><AFTER_EFFECTS-ARG ID="20"><LINK EVENT_ARG="3" ID="73" TYPE_REL="EVENT_ARG"/><W> ভয়াবহ </W><W> একটি </W><W> ক্ষতিগ্রস্ত </W><W> হোটেলের </W></AFTER_EFFECTS-ARG><W> ভেতরও </W><AFTER_EFFECTS-ARG ID="21"><LINK EVENT_ARG="3" ID="74" TYPE_REL="EVENT_ARG"/><W> অন্তত </W><W> দুজন </W><W> আটকা </W><W> পড়ে </W><W> আছেন। </W></AFTER_EFFECTS-ARG><W> আহতদের </W><W> মধ্যে </W><PLACE-ARG ID="22"><LINK EVENT_ARG="3" ID="75" TYPE_REL="EVENT_ARG"/><W> চীনের </W><W> মূল </W><W> ভূখণ্ডের </W></PLACE-ARG><W> বাসিন্দা, </W><PLACE-ARG ID="23"><LINK EVENT_ARG="3" ID="76" TYPE_REL="EVENT_ARG"/><W> চেক </W><W> প্রজাতন্ত্র, </W></PLACE-ARG><PLACE-ARG ID="24"><LINK EVENT_ARG="3" ID="77" TYPE_REL="EVENT_ARG"/><W> জাপান, </W></PLACE-ARG><PLACE-ARG ID="25"><LINK EVENT_ARG="3" ID="78" TYPE_REL="EVENT_ARG"/><W> সিঙ্গাপুর </W></PLACE-ARG><W> ও </W><PLACE-ARG ID="26"><LINK EVENT_ARG="3" ID="79" TYPE_REL="EVENT_ARG"/><W> দক্ষিণ </W><W> কোরিয়ার </W></PLACE-ARG><W> নাগরিকও </W><W> আছেন </W><W> বলে </W><W> রয়টার্সের </W><W> প্রতিবেদনে </W><W> বলা </W><W> হয়েছে। </W></P><P><NATURAL_EVENT ID="27" TYPE="EARTHQUAKE"><EVENT-COREF-LINK EVENT_ID="3" ID="92" TYPE_REL="EVENT_COREF"/><W> ভূমিকম্পের </W></NATURAL_EVENT><W> কারণে </W><W> আগামী </W><W> দুই </W><W> সপ্তাহ </W><W> পর্যন্ত </W><W> ৫ </W><W> মাত্রার </W><W> পরাঘাত </W><W> হতে </W><W> পারে </W><W> বলে </W><W> সরকার </W><W> দ্বীপটির </W><W> বাসিন্দাদের </W><W> সতর্ক </W><W> করেছে। </W><W> বুধবার </W><W> সকাল </W><W> থেকেই </W><AFTER_EFFECTS-ARG ID="28"><LINK EVENT_ARG="27" ID="80" TYPE_REL="EVENT_ARG"/><W> ছোট </W><W> ছোট </W><W> পরাঘাত </W><W> বাসিন্দাদের </W><W> আতঙ্ক </W><W> বাড়িয়ে </W><W> দিয়েছে। </W></AFTER_EFFECTS-ARG></P><P><PLACE-ARG ID="29"><LINK EVENT_ARG="30" ID="81" TYPE_REL="EVENT_ARG"/><W> হুয়ালিয়েনে </W></PLACE-ARG><W> প্রায় </W><W> এক </W><W> লাখ </W><W> মানুষের </W><W> বসবাস। </W><NATURAL_EVENT ID="30" TYPE="EARTHQUAKE"><EVENT-COREF-LINK EVENT_ID="27" ID="91" TYPE_REL="EVENT_COREF"/><W> ভূমিকম্পের </W></NATURAL_EVENT><W> প্রবল </W><W> ঝাঁকুনিতে </W><W> শহরটির </W><AFTER_EFFECTS-ARG ID="31"><LINK EVENT_ARG="30" ID="82" TYPE_REL="EVENT_ARG"/><W> রাস্তাগুলো </W><W> ভেঙে </W><W> ব্যবহারের </W><W> অনুপযোগী </W><W> হয়ে </W><W> পড়েছে। </W></AFTER_EFFECTS-ARG><W> শহরটির </W><AFTER_EFFECTS-ARG ID="32"><LINK EVENT_ARG="30" ID="83" TYPE_REL="EVENT_ARG"/><W> প্রায় </W><W> ৪০ </W><W> হাজার </W><W> বাড়ি </W><W> পানিবিহীন </W></AFTER_EFFECTS-ARG><W> ও </W><AFTER_EFFECTS-ARG ID="33"><LINK EVENT_ARG="30" ID="84" TYPE_REL="EVENT_ARG"/><W> ছয় </W><W> শতাধিক </W><W> বাড়ি </W><W> বিদ্যুৎবিহীন </W><W> হয়ে </W><W> পড়েছে। </W></AFTER_EFFECTS-ARG></P><P><W> এর </W><W> মধ্য </W><W> দিয়েই </W><W> উদ্ধারকর্মীরা </W><W> তাদের </W><W> কাজ </W><W> চালিয়ে </W><W> যাচ্ছেন। </W><W> বন্ধ </W><W> করে </W><W> দেওয়া </W><W> রাস্তার </W><W> পাশে </W><W> দাঁড়িয়ে </W><W> স্থানীয় </W><W> বাসিন্দারা </W><W> উদ্বিগ্নভাবে </W><W> উদ্ধারকর্মীদের </W><W> তৎপরতা </W><W> লক্ষ </W><W> করছেন। </W></P><P><W> সামরিক </W><W> হাসপাতালের </W><W> কাছে </W><W> একটি </W><W> রেস্তোরাঁ </W><W> পরিচালনা </W><W> করা </W><W> লিন </W><W> চিং </W><W> ওয়েন </W><W> বলেন, </W><NATURAL_EVENT ID="34" TYPE="EARTHQUAKE"><EVENT-COREF-LINK EVENT_ID="30" ID="90" TYPE_REL="EVENT_COREF"/><W> “ভূমিকম্পটি </W></NATURAL_EVENT><W> যখন </W><W> হয় </W><W> তখনও </W><W> আমাদের </W><W> রেস্তোরাঁ </W><W> খোলা। </W><W> আমি </W><W> আমার </W><W> স্ত্রী </W><W> ও </W><W> সন্তানদের </W><W> জাপটে </W><W> ধরে </W><W> দৌঁড়ে </W><W> বাইরে </W><W> বের </W><W> হয়ে </W><W> আসি, </W><W> তারপর </W><W> অন্যান্যদের </W><W> উদ্ধারের </W><W> চেষ্টা </W><W> করি।” </W></P><P><W> রয়টার্সের </W><W> ভিডিওতে </W><NATURAL_EVENT ID="35" TYPE="EARTHQUAKE"><EVENT-COREF-LINK EVENT_ID="34" ID="89" TYPE_REL="EVENT_COREF"/><W> ভূমিকম্পের </W></NATURAL_EVENT><W> পর </W><AFTER_EFFECTS-ARG ID="36"><LINK EVENT_ARG="35" ID="85" TYPE_REL="EVENT_ARG"/><W> তাইওয়ানের </W><W> রাস্তায় </W><W> বড় </W><W> বড় </W><W> ফাটল </W><W> দেখা </W><W> গেছে। </W></AFTER_EFFECTS-ARG><W> ওই </W><W> সময় </W><W> পুলিশ </W><W> ও </W><W> জরুরি </W><W> বিভাগের </W><W> কর্মীরা </W><W> সড়কে </W><W> উদ্বিগ্ন </W><W> মুখে </W><W> ঘোরাঘুরি </W><W> করা </W><W> লোকজনকে </W><W> সাহায্যের </W><W> চেষ্টা </W><W> করছিলেন। </W><W> ধ্বংসস্তূপের </W><W> মধ্যে </W><W> নিমজ্জিত </W><W> একটি </W><W> গাড়ির </W><W> পাশে </W><W> উদ্ধারকর্মীদের </W><W> কাছাকাছি </W><W> একটি </W><W> ভবনের </W><W> জঞ্জাল </W><W> সরাতেও </W><W> দেখা </W><W> যাচ্ছিল। </W></P><P><W> বুধবার </W><W> ভোররাতে </W><W> দেশটির </W><W> প্রেসিডেন্ট </W><W> সাই </W><W> ইং </W><W> ওয়েন </W><NATURAL_EVENT ID="37" TYPE="EARTHQUAKE"><EVENT-COREF-LINK EVENT_ID="35" ID="88" TYPE_REL="EVENT_COREF"/><W> ভূমিকম্পে </W></NATURAL_EVENT><W> ক্ষতিগ্রস্ত </W><W> এলাকা </W><W> পরিদর্শন </W><W> করেছেন। </W></P><P><W> “মন্ত্রিসভা </W><W> এবং </W><W> সংশ্লিষ্ট </W><W> সব </W><W> মন্ত্রণালয়কে </W><W> যত </W><W> তাড়াতাড়ি </W><W> সম্ভব </W><W> দুর্যোগ </W><W> ব্যবস্থাপনা </W><W> চালু </W><W> এবং </W><W> দ্রুতগতিতে </W><W> উদ্ধার </W><W> কার্যক্রম </W><W> শুরুর </W><W> তাগিদ </W><W> দিয়েছেন </W><W> প্রেসিডেন্ট,” </W><W> এক </W><W> বিবৃতিতে </W><W> বলেছে </W><W> প্রেসিডেন্ট </W><W> দপ্তর। </W></P><P><W> বিশ্বের </W><W> সবচেয়ে </W><W> বড় </W><W> চিপ </W><W> নির্মাতা </W><W> ও </W><W> অ্যাপলের </W><W> সরবরাহকারী </W><W> প্রতিষ্ঠান </W><W> তাইওয়ান </W><W> সেমিকন্ডাক্টর </W><W> মেনুফ্যাকচারিং </W><W> কোম্পানি </W><W> প্রাথমিকভাবে </W><NATURAL_EVENT ID="38" TYPE="EARTHQUAKE"><EVENT-COREF-LINK EVENT_ID="37" ID="87" TYPE_REL="EVENT_COREF"/><W> ভূমিকস্পের </W></NATURAL_EVENT><W> কারণে </W><W> তাদের </W><W> তেমন </W><W> কোনো </W><W> ক্ষতি </W><W> হয়নি </W><W> বলে </W><W> জানিয়েছে। </W></P><P><W> তাইওয়ান </W><W> একটি </W><W> স্বশাসিত </W><W> দ্বীপ, </W><W> যেটিকে </W><W> তার </W><W> ভূখণ্ডের </W><W> অংশ </W><W> মনে </W><W> করে </W><W> চীন। </W><REASON-ARG ID="40"><LINK EVENT_ARG="39" ID="55" TYPE_REL="EVENT_ARG"/><W> দ্বীপটি </W><W> দুটি </W><W> টেকটোনিক </W><W> প্লেটের </W><W> সংযোগস্থলের </W><W> কাছে </W><W> হওয়ায় </W></REASON-ARG><W> এখানে </W><W> প্রায়ই </W><NATURAL_EVENT ID="39" TYPE="EARTHQUAKE"><EVENT-COREF-LINK EVENT_ID="38" ID="86" TYPE_REL="EVENT_COREF"/><W> ভূমিকম্প </W><W> হয়। </W></NATURAL_EVENT><TIME-ARG ID="41"><LINK EVENT_ARG="44" ID="52" TYPE_REL="EVENT_ARG"/><W> রোববারও </W></TIME-ARG><PLACE-ARG ID="42"><LINK EVENT_ARG="44" ID="53" TYPE_REL="EVENT_ARG"/><W> কাছাকাছি </W><W> এলাকায় </W></PLACE-ARG><MAGNITUDE-ARG ID="43"><LINK EVENT_ARG="44" ID="54" TYPE_REL="EVENT_ARG"/><W> ৬.১ </W></MAGNITUDE-ARG><W> মাত্রার </W><W> আরেকটি </W><NATURAL_EVENT ID="44" TYPE="EARTHQUAKE"><W> ভূমিকম্প </W><W> হয়েছিল। </W></NATURAL_EVENT></P><P><TIME-ARG ID="46"><LINK EVENT_ARG="45" ID="51" TYPE_REL="EVENT_ARG"/><W> ২০১৬ </W><W> সালে </W></TIME-ARG><PLACE-ARG ID="47"><LINK EVENT_ARG="45" ID="50" TYPE_REL="EVENT_ARG"/><W> তাইওয়ানের </W><W> দক্ষিণাঞ্চলে </W></PLACE-ARG><W> শক্তিশালী </W><W> এক </W><NATURAL_EVENT ID="45" TYPE="EARTHQUAKE"><W> ভূমিকম্পে </W></NATURAL_EVENT><CASUALTIES-ARG ID="48"><LINK EVENT_ARG="45" ID="49" TYPE_REL="EVENT_ARG"/><W> শতাধিক </W><W> লোক </W><W> নিহত </W><W> হয়েছিল। </W></CASUALTIES-ARG></P></DOCUMENT>