<?xml version="1.0" encoding="UTF-8"?>
<DOCUMENT><DESC> </DESC><TIME>222</TIME><P><NATURAL_EVENT ID="0" TYPE="EARTHQUAKE"><W> ভূকম্পে </W><W> কেঁপে </W><W> উঠল </W></NATURAL_EVENT><PLACE-ARG ID="8"><LINK EVENT_ARG="0" ID="22" TYPE_REL="EVENT_ARG"/><W> কলকাতা-সহ </W><W> রাজ্যের </W><W> বিভিন্ন </W><W> জায়গা </W></PLACE-ARG></P><P><W> নিজস্ব </W><W> সংবাদদাতা </W></P><P><TIME-ARG ID="9"><LINK EVENT_ARG="0" ID="23" TYPE_REL="EVENT_ARG"/><W> ২৮ </W><W> অগস্ট, </W><W> ২০১৮ </W></TIME-ARG></P><P><W> মৃদু </W><NATURAL_EVENT ID="1" TYPE="EARTHQUAKE"><EVENT-COREF-LINK EVENT_ID="0" ID="43" TYPE_REL="EVENT_COREF"/><W> ভূমিকম্পে </W><W> কেঁপে </W><W> উঠল </W></NATURAL_EVENT><PLACE-ARG ID="10"><LINK EVENT_ARG="1" ID="24" TYPE_REL="EVENT_ARG"/><W> রাজ্যের </W><W> বিভিন্ন </W><W> জেলা। </W></PLACE-ARG><W> বাদ </W><W> গেল </W><W> না </W><PLACE-ARG ID="11"><LINK EVENT_ARG="1" ID="25" TYPE_REL="EVENT_ARG"/><W> কলকাতাও। </W></PLACE-ARG><TIME-ARG ID="16"><LINK EVENT_ARG="2" ID="26" TYPE_REL="EVENT_ARG"/><W> মঙ্গলবার </W><W> সন্ধ্যা </W><W> সাড়ে </W><W> ৬টা </W><W> নাগাদ </W></TIME-ARG><W> আচমকা </W><NATURAL_EVENT ID="2" TYPE="EARTHQUAKE"><EVENT-COREF-LINK EVENT_ID="1" ID="42" TYPE_REL="EVENT_COREF"/><W> কেঁপে </W><W> ওঠে </W></NATURAL_EVENT><PLACE-ARG ID="12"><LINK EVENT_ARG="2" ID="27" TYPE_REL="EVENT_ARG"/><W> হুগলি, </W></PLACE-ARG><PLACE-ARG ID="13"><LINK EVENT_ARG="2" ID="28" TYPE_REL="EVENT_ARG"/><W> ঝাড়গ্রাম, </W></PLACE-ARG><PLACE-ARG ID="14"><LINK EVENT_ARG="2" ID="29" TYPE_REL="EVENT_ARG"/><W> পুরুলিয়া </W><W> জেলার </W><W> বিভিন্ন </W><W> জায়গা। </W></PLACE-ARG><PLACE-ARG ID="15"><LINK EVENT_ARG="3" ID="30" TYPE_REL="EVENT_ARG"/><W> দুই </W><W> মেদিনীপুরেও </W></PLACE-ARG><NATURAL_EVENT ID="3" TYPE="EARTHQUAKE"><EVENT-COREF-LINK EVENT_ID="2" ID="41" TYPE_REL="EVENT_COREF"/><W> ভূকম্প </W></NATURAL_EVENT><W> অনুভূত </W><W> হয়েছে। </W></P><P><W> আলিপুর </W><W> আবহাওয়া </W><W> দফতর </W><W> জানিয়েছে, </W><W> ওই </W><NATURAL_EVENT ID="4" TYPE="EARTHQUAKE"><EVENT-COREF-LINK EVENT_ID="3" ID="40" TYPE_REL="EVENT_COREF"/><W> ভূকম্পের </W></NATURAL_EVENT><W> উৎসস্থল </W><W> ছিল </W><EPICENTRE-ARG ID="17"><LINK EVENT_ARG="4" ID="31" TYPE_REL="EVENT_ARG"/><W> হুগলি। </W></EPICENTRE-ARG><W> রিখটার </W><W> স্কেলে </W><W> তার </W><W> মাত্রা </W><W> ছিল </W><MAGNITUDE-ARG ID="18"><LINK EVENT_ARG="4" ID="32" TYPE_REL="EVENT_ARG"/><W> ৫। </W></MAGNITUDE-ARG><W> গভীরতা </W><W> ছিল </W><DEPTH-ARG ID="19"><LINK EVENT_ARG="4" ID="33" TYPE_REL="EVENT_ARG"/><W> ভূপৃষ্ঠের </W><W> ১০ </W><W> কিলোমিটার </W><W> গভীরে। </W></DEPTH-ARG></P><P><W> মাটি </W><NATURAL_EVENT ID="5" TYPE="EARTHQUAKE"><EVENT-COREF-LINK EVENT_ID="4" ID="39" TYPE_REL="EVENT_COREF"/><W> কাঁপতেই </W></NATURAL_EVENT><W> আতঙ্কে </W><W> ঘর </W><W> ছেড়ে </W><W> বেরিয়ে </W><W> আসেন </W><W> মানুষজন। </W><W> যদিও </W><W> ক্ষয়ক্ষতি </W><W> বা </W><W> প্রাণহানির </W><W> কোনও </W><W> খবর </W><W> এ </W><W> দিন </W><W> রাত </W><W> পর্যন্ত </W><W> নেই। </W><AFTER_EFFECTS-ARG ID="20"><LINK EVENT_ARG="5" ID="34" TYPE_REL="EVENT_ARG"/><W> দিঘার </W><W> সমুদ্রেও </W><W> জলোচ্ছ্বাস </W><W> হয়। </W></AFTER_EFFECTS-ARG><W> আতঙ্কে </W><W> পর্যটকেরা </W><W> হোটেল </W><W> ছেড়ে </W><W> বেরিয়ে </W><W> আসেন। </W></P><P><W> অন্য </W><W> দিকে, </W><PLACE-ARG ID="21"><LINK EVENT_ARG="6" ID="35" TYPE_REL="EVENT_ARG"/><W> ঝাড়খণ্ডের </W><W> জামশেদপুরও </W></PLACE-ARG><NATURAL_EVENT ID="6" TYPE="EARTHQUAKE"><EVENT-COREF-LINK EVENT_ID="5" ID="38" TYPE_REL="EVENT_COREF"/><W> ভূকম্পন </W></NATURAL_EVENT><W> অনুভূত </W><W> হয়েছে </W><W> বলে </W><W> আবহাওয়া </W><W> দফতর </W><W> সূত্রে </W><W> খবর। </W><W> বিভিন্ন </W><W> জায়গায় </W><NATURAL_EVENT ID="7" TYPE="EARTHQUAKE"><EVENT-COREF-LINK EVENT_ID="6" ID="36" TYPE_REL="EVENT_COREF"/><W> ভূকম্পের </W></NATURAL_EVENT><W> স্থায়ীত্ব </W><W> ছিল </W><W> এক </W><W> থেকে </W><W> দু’মিনিট। </W></P></DOCUMENT>