<?xml version="1.0" encoding="UTF-8"?>
<DOCUMENT><DESC></DESC><TIME>336</TIME><P><PLACE-ARG ID="0"><LINK EVENT_ARG="2" ID="32" TYPE_REL="EVENT_ARG"/><W> দিল্লি </W></PLACE-ARG><W> ও </W><PLACE-ARG ID="1"><LINK EVENT_ARG="2" ID="33" TYPE_REL="EVENT_ARG"/><W> হরিয়ানায় </W></PLACE-ARG><W> মৃদু </W><NATURAL_EVENT ID="2" TYPE="EARTHQUAKE"><W> ভূমিকম্প </W></NATURAL_EVENT></P><P><W> সংবাদ </W><W> সংস্থা </W></P><P><W> নয়াদিল্লি| </W></P><P><TIME-ARG ID="14"><LINK EVENT_ARG="2" ID="34" TYPE_REL="EVENT_ARG"/><W> ১ </W><W> জুলাই, </W><W> ২০১৮, </W></TIME-ARG><W> ১৬:৩১:২২ </W></P><P><W> শেষ </W><W> আপডেট: </W><W> ২৮ </W><W> ডিসেম্বর, </W><W> ২০১৮, </W><W> ১৪:১৯:২৬ </W></P><P><W> প্রতীকী </W><W> চিত্র। </W><W> ছবিটি </W><W> শাটারস্টক </W><W> থেকে </W><W> নেওয়া। </W></P><P><NATURAL_EVENT ID="3" TYPE="EARTHQUAKE"><EVENT-COREF-LINK EVENT_ID="2" ID="61" TYPE_REL="EVENT_COREF"/><W> কেঁপে </W><W> উঠল </W></NATURAL_EVENT><PLACE-ARG ID="17"><LINK EVENT_ARG="3" ID="35" TYPE_REL="EVENT_ARG"/><W> দিল্লি। </W></PLACE-ARG><NATURAL_EVENT ID="16" TYPE="EARTHQUAKE"><EVENT-COREF-LINK EVENT_ID="3" ID="60" TYPE_REL="EVENT_COREF"/><W> কাঁপল </W></NATURAL_EVENT><PLACE-ARG ID="18"><LINK EVENT_ARG="16" ID="36" TYPE_REL="EVENT_ARG"/><W> হরিয়ানাও। </W></PLACE-ARG><TIME-ARG ID="21"><LINK EVENT_ARG="4" ID="37" TYPE_REL="EVENT_ARG"/><W> রবিবার </W></TIME-ARG><PLACE-ARG ID="19"><LINK EVENT_ARG="4" ID="38" TYPE_REL="EVENT_ARG"/><W> দিল্লি </W></PLACE-ARG><W> ও </W><PLACE-ARG ID="20"><LINK EVENT_ARG="4" ID="39" TYPE_REL="EVENT_ARG"/><W> হরিয়ানা-সহ </W><W> উত্তর </W><W> ভারতের </W><W> কয়েকটি </W><W> জায়গায় </W></PLACE-ARG><W> অনুভূত </W><W> হল </W><NATURAL_EVENT ID="4" TYPE="EARTHQUAKE"><EVENT-COREF-LINK EVENT_ID="16" ID="59" TYPE_REL="EVENT_COREF"/><W> ভূমিকম্প। </W></NATURAL_EVENT><W> রিখটার </W><W> স্কেলে </W><NATURAL_EVENT ID="5" TYPE="EARTHQUAKE"><EVENT-COREF-LINK EVENT_ID="4" ID="58" TYPE_REL="EVENT_COREF"/><W> কম্পনের </W></NATURAL_EVENT><W> তীব্রতা </W><W> ছিল </W><MAGNITUDE-ARG ID="22"><LINK EVENT_ARG="5" ID="40" TYPE_REL="EVENT_ARG"/><W> ৪। </W></MAGNITUDE-ARG><W> এখনও </W><W> পর্যন্ত </W><W> হতাহতের </W><W> কোনও </W><W> খবর </W><W> মেলেনি। </W><W> মৃদু </W><W> এই </W><NATURAL_EVENT ID="6" TYPE="EARTHQUAKE"><EVENT-COREF-LINK EVENT_ID="5" ID="57" TYPE_REL="EVENT_COREF"/><W> কম্পনের </W></NATURAL_EVENT><W> উৎসস্থল </W><W> ছিল </W><EPICENTRE-ARG ID="23"><LINK EVENT_ARG="6" ID="41" TYPE_REL="EVENT_ARG"/><W> হরিয়ানার </W><W> সোনিপত। </W></EPICENTRE-ARG><TIME-ARG ID="24"><LINK EVENT_ARG="7" ID="42" TYPE_REL="EVENT_ARG"/><W> বিকেল </W><W> ৩.৩৭ </W><W> মিনিট </W><W> নাগাদ </W></TIME-ARG><NATURAL_EVENT ID="7" TYPE="EARTHQUAKE"><EVENT-COREF-LINK EVENT_ID="6" ID="56" TYPE_REL="EVENT_COREF"/><W> এই </W><W> কম্পন </W></NATURAL_EVENT><W> অনুভূত </W><W> হয়। </W><W> ছুটির </W><W> দুপুরে </W><W> আতঙ্কের </W><W> কারণে </W><W> রাস্তায় </W><W> নেমে </W><W> আসেন </W><W> বহু </W><PLACE-ARG ID="25"><LINK EVENT_ARG="8" ID="43" TYPE_REL="EVENT_ARG"/><W> মানুষ।গুরুগ্রাম, </W></PLACE-ARG><PLACE-ARG ID="26"><LINK EVENT_ARG="8" ID="44" TYPE_REL="EVENT_ARG"/><W> নয়ডায় </W></PLACE-ARG><W> অনুভূত </W><W> হয়েছে </W><NATURAL_EVENT ID="8" TYPE="EARTHQUAKE"><EVENT-COREF-LINK EVENT_ID="7" ID="55" TYPE_REL="EVENT_COREF"/><W> এই </W><W> কম্পন। </W></NATURAL_EVENT></P><P><PLACE-ARG ID="27"><LINK EVENT_ARG="9" ID="45" TYPE_REL="EVENT_ARG"/><W> উত্তরপ্রদেশ </W></PLACE-ARG><W> ও </W><PLACE-ARG ID="28"><LINK EVENT_ARG="9" ID="46" TYPE_REL="EVENT_ARG"/><W> পাঞ্জাবের </W><W> বেশ </W><W> কয়েকটি </W><W> এলাকায় </W></PLACE-ARG><NATURAL_EVENT ID="9" TYPE="EARTHQUAKE"><EVENT-COREF-LINK EVENT_ID="23" ID="54" TYPE_REL="EVENT_COREF"/><W> কম্পন </W></NATURAL_EVENT><W> অনুভূত </W><W> হয়েছে। </W><NATURAL_EVENT ID="10" TYPE="EARTHQUAKE"><EVENT-COREF-LINK EVENT_ID="9" ID="53" TYPE_REL="EVENT_COREF"/><W> কম্পনের </W></NATURAL_EVENT><W> পরই </W><W> টুইটার, </W><W> ফেসবুক-সহ </W><W> সোশ্যাল </W><W> মিডিয়ায় </W><NATURAL_EVENT ID="11" TYPE="EARTHQUAKE"><EVENT-COREF-LINK EVENT_ID="10" ID="52" TYPE_REL="EVENT_COREF"/><W> ভূমিকম্পের </W></NATURAL_EVENT><W> আপডেট </W><W> দিতে </W><W> থাকেন </W><W> নেটিজেনরাই। </W><W> তবে </W><W> কম্পনের </W><W> ফলে </W><W> কোনও </W><W> ক্ষয়ক্ষতি </W><W> হয়নি </W><W> বলেও </W><W> উল্লেখ </W><W> করেন </W><W> রাজধানী </W><W> ও </W><W> সংলগ্ন </W><W> এলাকার </W><W> বাসিন্দারা। </W></P><P><W> কয়েকদিন </W><W> আগেই </W><PLACE-ARG ID="29"><LINK EVENT_ARG="12" ID="47" TYPE_REL="EVENT_ARG"/><W> হিমাচল </W><W> প্রদেশে </W></PLACE-ARG><W> মৃদু </W><NATURAL_EVENT ID="12" TYPE="EARTHQUAKE"><W> কম্পন </W></NATURAL_EVENT><W> অনুভূত </W><W> হয়। </W><W> রিখটার </W><W> স্কেলে </W><W> এর </W><W> প্রাবল্য </W><W> ছিল </W><MAGNITUDE-ARG ID="30"><LINK EVENT_ARG="12" ID="48" TYPE_REL="EVENT_ARG"/><W> ৩.২। </W></MAGNITUDE-ARG><NATURAL_EVENT ID="13" TYPE="EARTHQUAKE"><EVENT-COREF-LINK EVENT_ID="12" ID="50" TYPE_REL="EVENT_COREF"/><W> কম্পনের </W></NATURAL_EVENT><W> উৎসস্থল </W><W> ছিল </W><EPICENTRE-ARG ID="31"><LINK EVENT_ARG="13" ID="49" TYPE_REL="EVENT_ARG"/><W> শিমলা। </W></EPICENTRE-ARG></P></DOCUMENT>