<?xml version="1.0" encoding="UTF-8"?>
<DOCUMENT><P><PLACE-ARG ID="0"><LINK EVENT_ARG="2" ID="32" TYPE_REL="EVENT_ARG"/><W> জাপানে </W></PLACE-ARG><MAGNITUDE-ARG ID="1"><LINK EVENT_ARG="2" ID="31" TYPE_REL="EVENT_ARG"/><W> ৫ </W><W> .৮ </W><W> মাত্রার </W></MAGNITUDE-ARG><NATURAL_EVENT ID="2" TYPE="EARTHQUAKE"><W> ভূমিকম্প </W></NATURAL_EVENT></P><P><TIME-ARG ID="3"><LINK EVENT_ARG="2" ID="30" TYPE_REL="EVENT_ARG"/><W> ৫ </W><W> মে </W><W> , </W><W> ২০১৯, </W><W> ১৯:৪২:০৮ </W></TIME-ARG></P><P><W> ঢাকা: </W><PLACE-ARG ID="4"><LINK EVENT_ARG="6" ID="27" TYPE_REL="EVENT_ARG"/><W> জাপানের </W><W> হোক্কাইদো </W><W> দ্বীপে </W></PLACE-ARG><MAGNITUDE-ARG ID="5"><LINK EVENT_ARG="6" ID="28" TYPE_REL="EVENT_ARG"/><W> ৫ </W><W> দশমিক </W><W> ৮ </W><W> মাত্রার </W></MAGNITUDE-ARG><W> একটি </W><NATURAL_EVENT ID="6" TYPE="EARTHQUAKE"><EVENT-COREF-LINK EVENT_ID="2" ID="40" TYPE_REL="EVENT_COREF"/><W> শক্তিশালী </W><W> ভূমিকম্প </W><W> আঘাত </W><W> হেনেছে। </W></NATURAL_EVENT><W> তবে </W><TIME-ARG ID="7"><LINK EVENT_ARG="8" ID="29" TYPE_REL="EVENT_ARG"/><W> রোববারের </W></TIME-ARG><NATURAL_EVENT ID="8" TYPE="EARTHQUAKE"><EVENT-COREF-LINK EVENT_ID="6" ID="39" TYPE_REL="EVENT_COREF"/><W> এই </W><W> ভূমিকম্পের </W></NATURAL_EVENT><W> পর </W><W> দেশটিতে </W><W> সুনামি </W><W> সতর্কতা </W><W> জারি </W><W> করা </W><W> হয়নি। </W><W> মার্কিন </W><W> ভূতাত্ত্বিক </W><W> জরিপ </W><W> সংস্থা </W><W> এই </W><W> তথ্য </W><W> জানিয়েছে। </W></P><P><W> দেশটির </W><W> স্থানীয় </W><W> দৈনিক </W><W> জাপান </W><W> ট্যুডের </W><W> এক </W><W> প্রতিবেদনে </W><W> জানানো </W><W> হয়েছে, </W><TIME-ARG ID="9"><LINK EVENT_ARG="11" ID="25" TYPE_REL="EVENT_ARG"/><W> রোববার </W><W> স্থানীয় </W><W> সময় </W><W> রাত </W><W> পৌনে </W><W> দুইটায় </W></TIME-ARG><PLACE-ARG ID="10"><LINK EVENT_ARG="11" ID="26" TYPE_REL="EVENT_ARG"/><W> পূর্বাঞ্চলীয় </W><W> এই </W><W> দ্বীপে </W></PLACE-ARG><NATURAL_EVENT ID="11" TYPE="EARTHQUAKE"><EVENT-COREF-LINK EVENT_ID="8" ID="38" TYPE_REL="EVENT_COREF"/><W> ভূমিকম্পটি </W><W> আঘাত </W><W> হানে। </W></NATURAL_EVENT><EPICENTRE-ARG ID="12"><LINK EVENT_ARG="13" ID="24" TYPE_REL="EVENT_ARG"/><W> সমুদ্রপৃষ্ঠ </W><W> থেকে </W><W> ৫৯ </W><W> কিলোমিটার </W><W> নিচে </W></EPICENTRE-ARG><NATURAL_EVENT ID="13" TYPE="EARTHQUAKE"><EVENT-COREF-LINK EVENT_ID="11" ID="37" TYPE_REL="EVENT_COREF"/><W> এটির </W></NATURAL_EVENT><W> উৎপত্তি। </W></P><P><NATURAL_EVENT ID="34" TYPE="EARTHQUAKE"><EVENT-COREF-LINK EVENT_ID="13" ID="36" TYPE_REL="EVENT_COREF"/><W> ভূমিকম্পটির </W></NATURAL_EVENT><W> পর </W><W> মার্কিন </W><W> ভূতাত্ত্বিক </W><W> জরিপ </W><W> সংস্থা </W><W> এবং </W><W> প্রশান্ত </W><W> মহাসাগরীয় </W><W> সুনামি </W><W> সতর্ক </W><W> কেন্দ্র </W><W> কোনো </W><W> সুনামি </W><W> সতর্কতা </W><W> জারি </W><W> করেনি। </W><W> কারও </W><W> হতাহত </W><W> হওয়ার </W><W> খবর </W><W> পাওয়া </W><W> যায়নি। </W></P><P><EPICENTRE-ARG ID="15"><LINK EVENT_ARG="14" ID="23" TYPE_REL="EVENT_ARG"/><W> উপকূলবর্তী </W><W> শহর </W><W> নেমুরোর </W><W> কাছে </W><W> সাগরে </W></EPICENTRE-ARG><NATURAL_EVENT ID="14" TYPE="EARTHQUAKE"><EVENT-COREF-LINK EVENT_ID="34" ID="35" TYPE_REL="EVENT_COREF"/><W> এটির </W></NATURAL_EVENT><W> উৎপত্তি। </W><W> যা </W><W> পরবর্তীতে </W><W> উত্তরাঞ্চলীয় </W><W> দ্বীপ </W><W> হোক্কাইদো </W><W> পর্যন্ত </W><W> ছড়িয়ে </W><W> পড়ে। </W><TIME-ARG ID="16"><LINK EVENT_ARG="18" ID="22" TYPE_REL="EVENT_ARG"/><W> গত </W><W> বছর </W></TIME-ARG><PLACE-ARG ID="17"><LINK EVENT_ARG="18" ID="21" TYPE_REL="EVENT_ARG"/><W> হোক্কাইদোতে </W></PLACE-ARG><W> শক্তিশালী </W><W> এক </W><NATURAL_EVENT ID="18" TYPE="EARTHQUAKE"><W> ভূমিকম্পে </W></NATURAL_EVENT><CASUALTIES-ARG ID="19"><LINK EVENT_ARG="18" ID="20" TYPE_REL="EVENT_ARG"/><W> ৩৭ </W><W> জন </W><W> নিহত </W><W> হয়েছিলেন। </W></CASUALTIES-ARG></P></DOCUMENT>