<?xml version="1.0" encoding="UTF-8"?>
<DOCUMENT><P><W> ফণী </W><W> আছড়ে </W><W> পড়ার </W><W> আগেই </W><NATURAL_EVENT ID="0" TYPE="EARTHQUAKE"><W> ভূমিকম্পে </W></NATURAL_EVENT><W> কেঁপে </W><W> উঠল </W><PLACE-ARG ID="1"><LINK EVENT_ARG="0" ID="38" TYPE_REL="EVENT_ARG"/><W> উত্তর-পূর্ব </W><W> ভারত </W></PLACE-ARG></P><P><TIME-ARG ID="2"><LINK EVENT_ARG="0" ID="37" TYPE_REL="EVENT_ARG"/><W> May </W><W> 4 </W><W> 2019, </W><W> 20:58 </W><W> [IST] </W></TIME-ARG></P><P><W> শক্তিশালী </W><NATURAL_EVENT ID="3" TYPE="EARTHQUAKE"><EVENT-COREF-LINK EVENT_ID="0" ID="32" TYPE_REL="EVENT_COREF"/><W> ভূমিকম্পে </W></NATURAL_EVENT><W> কেঁপে </W><W> উঠল </W><PLACE-ARG ID="4"><LINK EVENT_ARG="3" ID="36" TYPE_REL="EVENT_ARG"/><W> ভারত-মায়ানমার </W><W> সীমান্ত। </W></PLACE-ARG><TIME-ARG ID="5"><LINK EVENT_ARG="6" ID="35" TYPE_REL="EVENT_ARG"/><W> এদিন </W><W> শনিবার </W><W> বিকেল </W><W> সাড়ে </W><W> চারটে </W><W> নাগাদ </W></TIME-ARG><NATURAL_EVENT ID="6" TYPE="EARTHQUAKE"><EVENT-COREF-LINK EVENT_ID="3" ID="31" TYPE_REL="EVENT_COREF"/><W> কম্পন </W></NATURAL_EVENT><W> অনুভূত </W><W> হয়। </W><W> এমনটাই </W><W> জানিয়েছেন </W><W> বিশেষজ্ঞরা। </W><PLACE-ARG ID="7"><LINK EVENT_ARG="8" ID="34" TYPE_REL="EVENT_ARG"/><W> নাগাল্যান্ডে </W><W> ভারত-মায়ানমার </W><W> সীমান্তে </W></PLACE-ARG><NATURAL_EVENT ID="8" TYPE="EARTHQUAKE"><EVENT-COREF-LINK EVENT_ID="6" ID="30" TYPE_REL="EVENT_COREF"/><W> এই </W><W> ভূমিকম্পের </W></NATURAL_EVENT><MAGNITUDE-ARG ID="9"><LINK EVENT_ARG="8" ID="33" TYPE_REL="EVENT_ARG"/><W> তীব্রতা </W><W> ছিল </W><W> রিখটার </W><W> স্কেলে </W><W> ৫.৪। </W></MAGNITUDE-ARG></P><P><W> ফণী </W><W> আছড়ে </W><W> পড়ার </W><W> আগেই </W><NATURAL_EVENT ID="10" TYPE="EARTHQUAKE"><EVENT-COREF-LINK EVENT_ID="8" ID="29" TYPE_REL="EVENT_COREF"/><W> ভূমিকম্পে </W></NATURAL_EVENT><W> কেঁপে </W><W> উঠল </W><PLACE-ARG ID="11"><LINK EVENT_ARG="10" ID="39" TYPE_REL="EVENT_ARG"/><W> উত্তর-পূর্ব </W><W> ভারত </W></PLACE-ARG></P><P><NATURAL_EVENT ID="12" TYPE="EARTHQUAKE"><EVENT-COREF-LINK EVENT_ID="10" ID="28" TYPE_REL="EVENT_COREF"/><W> এই </W><W> ভূমিকম্পের </W></NATURAL_EVENT><W> ফলে </W><W> এখনও </W><W> কোনও </W><W> হতাহতের </W><W> খবর </W><W> সামনে </W><W> আসেনি। </W><W> অথবা </W><W> বড় </W><W> কোনও </W><W> সম্পদ </W><W> নষ্টের </W><W> কথাও </W><W> জানা </W><W> যায়নি। </W><W> তবে </W><W> উত্তর </W><W> পূর্ব </W><W> ভারতের </W><W> সীমান্ত </W><W> রাজ্যে </W><W> আতঙ্ক </W><W> ছড়িয়েছে </W><W> নিঃসন্দেহে। </W><W> কারণ </W><W> বাংলাদেশ </W><W> হয়ে </W><W> উত্তর-পূর্ব </W><W> ভারতে </W><W> ফণীর </W><W> ফলে </W><W> ঝড়-ঝঞ্ঝা </W><W> আছড়ে </W><W> পড়তে </W><W> চলেছে </W><W> বলে </W><W> আগেই </W><W> আবহাওয়া </W><W> দফতর </W><W> জানিয়েছে। </W></P><P><W> প্রসঙ্গত </W><TIME-ARG ID="13"><LINK EVENT_ARG="15" ID="24" TYPE_REL="EVENT_ARG"/><W> শুক্রবার </W></TIME-ARG><W> একদিকে </W><W> যেখানে </W><PLACE-ARG ID="14"><LINK EVENT_ARG="15" ID="26" TYPE_REL="EVENT_ARG"/><W> ওড়িশায় </W></PLACE-ARG><NATURAL_EVENT ID="15" TYPE="CYCLONE"><W> ঘূর্ণিঝড় </W></NATURAL_EVENT><NAME-ARG ID="16"><LINK EVENT_ARG="15" ID="25" TYPE_REL="EVENT_ARG"/><W> ফণী </W></NAME-ARG><W> আছড়ে </W><W> পড়েছিল। </W><W> পূর্ব </W><W> ভারতে </W><W> হইচই </W><W> পড়ে </W><W> গিয়েছিল, </W><W> সেই </W><W> সময়ই </W><PLACE-ARG ID="17"><LINK EVENT_ARG="18" ID="22" TYPE_REL="EVENT_ARG"/><W> হিমাচল </W><W> প্রদেশের </W><W> মান্ডিতে </W></PLACE-ARG><NATURAL_EVENT ID="18" TYPE="EARTHQUAKE"><W> ভূমিকম্প </W></NATURAL_EVENT><W> অনুভূত </W><W> হয়। </W><W> মাঝারি </W><W> মাপের </W><NATURAL_EVENT ID="19" TYPE="EARTHQUAKE"><EVENT-COREF-LINK EVENT_ID="18" ID="27" TYPE_REL="EVENT_COREF"/><W> সেই </W><W> ভূমিকম্পের </W></NATURAL_EVENT><MAGNITUDE-ARG ID="20"><LINK EVENT_ARG="19" ID="21" TYPE_REL="EVENT_ARG"/><W> তীব্রতা </W><W> ছিল </W><W> ৪.২। </W></MAGNITUDE-ARG><W> সেখানেও </W><W> কোন </W><W> প্রাণহানির </W><W> খবর </W><W> পাওয়া </W><W> যায়নি। </W></P></DOCUMENT>