<?xml version="1.0" encoding="UTF-8"?>
<DOCUMENT><P><PLACE-ARG ID="0"><LINK EVENT_ARG="1" ID="21" TYPE_REL="EVENT_ARG"/><W> দিল্লিতে </W></PLACE-ARG><W> মৃদু </W><NATURAL_EVENT ID="1" TYPE="EARTHQUAKE"><W> ভূমিকম্প, </W></NATURAL_EVENT><W> কাঁপল </W><PLACE-ARG ID="2"><LINK EVENT_ARG="1" ID="22" TYPE_REL="EVENT_ARG"/><W> গুরুগ্রাম, </W></PLACE-ARG><PLACE-ARG ID="3"><LINK EVENT_ARG="1" ID="23" TYPE_REL="EVENT_ARG"/><W> হরিয়ানার </W><W> বিস্তীর্ণ </W><W> এলাকাও </W></PLACE-ARG></P><P><W> সংবাদ </W><W> সংস্থা </W></P><P><W> নয়াদিল্লি| </W></P><P><TIME-ARG ID="4"><LINK EVENT_ARG="1" ID="24" TYPE_REL="EVENT_ARG"/><W> ৯ </W><W> সেপ্টেম্বর, </W><W> ২০১৮ </W></TIME-ARG></P><P><PLACE-ARG ID="5"><LINK EVENT_ARG="6" ID="25" TYPE_REL="EVENT_ARG"/><W> দিল্লি, </W><W> হরিয়ানা-সহ </W><W> বিস্তীর্ণ </W><W> এলাকায় </W></PLACE-ARG><W> মৃদু </W><NATURAL_EVENT ID="6" TYPE="EARTHQUAKE"><EVENT-COREF-LINK EVENT_ID="1" ID="40" TYPE_REL="EVENT_COREF"/><W> ভূমিকম্প। </W></NATURAL_EVENT><W> ক্ষয়ক্ষতির </W><W> খবর </W><W> নেই। </W><W> —প্রতীকী </W><W> ছবি </W></P><P><W> মৃদু </W><NATURAL_EVENT ID="7" TYPE="EARTHQUAKE"><EVENT-COREF-LINK EVENT_ID="6" ID="39" TYPE_REL="EVENT_COREF"/><W> ভূমিকম্পে </W></NATURAL_EVENT><W> কাঁপল </W><PLACE-ARG ID="8"><LINK EVENT_ARG="7" ID="26" TYPE_REL="EVENT_ARG"/><W> দিল্লি-সহ </W><W> জাতীয় </W><W> রাজধানী </W><W> অঞ্চল। </W></PLACE-ARG><W> রিখটার </W><W> স্কেলে </W><NATURAL_EVENT ID="9" TYPE="EARTHQUAKE"><EVENT-COREF-LINK EVENT_ID="7" ID="38" TYPE_REL="EVENT_COREF"/><W> কম্পনের </W></NATURAL_EVENT><MAGNITUDE-ARG ID="19"><LINK EVENT_ARG="9" ID="27" TYPE_REL="EVENT_ARG"/><W> মাত্রা </W><W> ৩.৮। </W></MAGNITUDE-ARG><EPICENTRE-ARG ID="20"><LINK EVENT_ARG="9" ID="28" TYPE_REL="EVENT_ARG"/><W> কেন্দ্রস্থল </W><W> হরিয়ানার </W><W> ঝাঝর </W><W> জেলা, </W><W> ভূপৃষ্ঠের </W><W> ১০ </W><W> কিলোমিটার </W><W> গভীরে। </W></EPICENTRE-ARG><W> তবে </W><W> ক্ষয়ক্ষতির </W><W> খবর </W><W> নেই। </W></P><P><W> দিল্লির </W><W> আবহাওয়া </W><W> দফতর </W><W> জানিয়েছে, </W><TIME-ARG ID="16"><LINK EVENT_ARG="10" ID="29" TYPE_REL="EVENT_ARG"/><W> রবিবার </W><W> বিকেল </W><W> ৪.৩৭ </W><W> মিনিটে </W></TIME-ARG><W> মৃদু </W><NATURAL_EVENT ID="10" TYPE="EARTHQUAKE"><EVENT-COREF-LINK EVENT_ID="9" ID="37" TYPE_REL="EVENT_COREF"/><W> ভূমিকম্পে </W></NATURAL_EVENT><W> কেঁপে </W><W> ওঠে </W><PLACE-ARG ID="17"><LINK EVENT_ARG="10" ID="30" TYPE_REL="EVENT_ARG"/><W> দিল্লি </W><W> সহ </W><W> জাতীয় </W><W> রাজধানী </W><W> অঞ্চল। </W></PLACE-ARG><NATURAL_EVENT ID="11" TYPE="EARTHQUAKE"><EVENT-COREF-LINK EVENT_ID="10" ID="36" TYPE_REL="EVENT_COREF"/><W> কম্পন </W></NATURAL_EVENT><W> অনুভূত </W><W> হয় </W><PLACE-ARG ID="18"><LINK EVENT_ARG="11" ID="31" TYPE_REL="EVENT_ARG"/><W> গুরুগ্রাম, </W><W> হরিয়ানা-সহ </W><W> বিস্তীর্ণ </W><W> এলাকা। </W></PLACE-ARG><W> এর </W><W> পরই </W><W> সোশ্যাল </W><W> মিডিয়ায় </W><W> অনেকেই </W><W> জানান, </W><W> তাঁরা </W><NATURAL_EVENT ID="12" TYPE="EARTHQUAKE"><EVENT-COREF-LINK EVENT_ID="11" ID="35" TYPE_REL="EVENT_COREF"/><W> কম্পন </W></NATURAL_EVENT><W> অনুভব </W><W> করেছেন। </W></P><P><W> তবে </W><NATURAL_EVENT ID="13" TYPE="EARTHQUAKE"><EVENT-COREF-LINK EVENT_ID="12" ID="34" TYPE_REL="EVENT_COREF"/><W> কম্পন </W></NATURAL_EVENT><W> জোরালো </W><W> হয়নি </W><W> কোথাও। </W><W> স্থায়িত্বও </W><W> ছিল </W><W> খুব </W><W> কম </W><W> সময়। </W><W> কোনও </W><W> জায়গা </W><W> থেকেই </W><W> কোনও </W><W> ক্ষয়ক্ষতির </W><W> খবর </W><W> পাওয়া </W><W> যায়নি। </W><W> তবে </W><W> কয়েকটি </W><W> জায়গায় </W><NATURAL_EVENT ID="14" TYPE="EARTHQUAKE"><EVENT-COREF-LINK EVENT_ID="13" ID="33" TYPE_REL="EVENT_COREF"/><W> কম্পনের </W></NATURAL_EVENT><W> জেরে </W><W> আতঙ্ক </W><W> ছড়ায়। </W><W> যদিও </W><NATURAL_EVENT ID="15" TYPE="EARTHQUAKE"><EVENT-COREF-LINK EVENT_ID="14" ID="32" TYPE_REL="EVENT_COREF"/><W> তা </W></NATURAL_EVENT><W> বেশীক্ষণ </W><W> স্থায়ী </W><W> হয়নি। </W></P></DOCUMENT>