<?xml version="1.0" encoding="UTF-8"?>
<DOCUMENT><P><PLACE-ARG ID="0"><LINK EVENT_ARG="1" ID="37" TYPE_REL="EVENT_ARG"/><W> তাইওয়ানে </W></PLACE-ARG><NATURAL_EVENT ID="1" TYPE="EARTHQUAKE"><W> ভূমিকম্পে </W></NATURAL_EVENT><CASUALTIES-ARG ID="2"><LINK EVENT_ARG="1" ID="38" TYPE_REL="EVENT_ARG"/><W> মৃত </W><W> ছ’জন </W></CASUALTIES-ARG></P><P><W> সংবাদ </W><W> সংস্থা </W></P><P><W> হুয়ালিয়েন| </W></P><P><TIME-ARG ID="3"><LINK EVENT_ARG="1" ID="36" TYPE_REL="EVENT_ARG"/><W> ৮ </W><W> ফেব্রুয়ারি, </W><W> ২০১৮ </W></TIME-ARG></P><P><W> বিপজ্জনক: </W><W> বুধবারও </W><W> এ </W><W> ভাবেই </W><W> হেলে </W><W> রয়েছে </W><W> বহুতল। </W><NATURAL_EVENT ID="4" TYPE="EARTHQUAKE"><EVENT-COREF-LINK EVENT_ID="1" ID="44" TYPE_REL="EVENT_COREF"/><W> ভূমিকম্পের </W></NATURAL_EVENT><W> পরে, </W><W> তাইওয়ানের </W><W> হুয়ালিয়েনে। </W><W> ছবি:এএফপি </W></P><P><W> হেলে </W><W> প্রায় </W><AFTER_EFFECTS-ARG ID="9"><LINK EVENT_ARG="4" ID="32" TYPE_REL="EVENT_ARG"/><W> মাটিতে </W><W> শুয়ে </W><W> পড়েছে </W><W> উঁচু </W><W> বহুতল। </W></AFTER_EFFECTS-ARG><W> কোথাও </W><AFTER_EFFECTS-ARG ID="10"><LINK EVENT_ARG="4" ID="33" TYPE_REL="EVENT_ARG"/><W> দুমড়ে </W><W> গিয়েছে </W><W> কংক্রিটের </W><W> ছাদ, </W></AFTER_EFFECTS-ARG><W> কোথাও </W><W> বা </W><AFTER_EFFECTS-ARG ID="11"><LINK EVENT_ARG="4" ID="34" TYPE_REL="EVENT_ARG"/><W> উঁচু </W><W> দাঁতের </W><W> মতো </W><W> বেরিয়ে </W><W> রয়েছে </W><W> লোহার </W><W> বিম। </W></AFTER_EFFECTS-ARG><AFTER_EFFECTS-ARG ID="12"><LINK EVENT_ARG="4" ID="35" TYPE_REL="EVENT_ARG"/><W> সারি </W><W> বেঁধে </W><W> রাস্তায়, </W><W> ফুটপাথে </W><W> আশ্রয় </W><W> নিয়েছে </W><W> আতঙ্কিত </W><W> মুখগুলো। </W></AFTER_EFFECTS-ARG></P><P><W> দৃশ্যটা </W><PLACE-ARG ID="14"><LINK EVENT_ARG="5" ID="28" TYPE_REL="EVENT_ARG"/><W> তাইওয়ানের </W><W> পূর্ব </W><W> উপকূল </W><W> সংলগ্ন </W><W> হুয়ালিয়েন-এর। </W></PLACE-ARG><TIME-ARG ID="13"><LINK EVENT_ARG="5" ID="29" TYPE_REL="EVENT_ARG"/><W> মঙ্গলবার </W><W> মধ্যরাতে </W></TIME-ARG><W> রাতে </W><W> ভয়াবহ </W><NATURAL_EVENT ID="5" TYPE="EARTHQUAKE"><EVENT-COREF-LINK EVENT_ID="4" ID="43" TYPE_REL="EVENT_COREF"/><W> ভূমিকম্পে </W></NATURAL_EVENT><W> কেঁপে </W><W> উঠেছিল </W><PLACE-ARG ID="15"><LINK EVENT_ARG="5" ID="30" TYPE_REL="EVENT_ARG"/><W> শহর। </W></PLACE-ARG><W> রিখটার </W><W> স্কেলে </W><NATURAL_EVENT ID="16" TYPE="EARTHQUAKE"><EVENT-COREF-LINK EVENT_ID="5" ID="42" TYPE_REL="EVENT_COREF"/><W> কম্পনের </W></NATURAL_EVENT><NATURAL_EVENT ID="17" TYPE="EARTHQUAKE"><LINK EVENT_ARG="16" ID="31" TYPE_REL="EVENT_ARG"/><W> মাত্রা </W><W> ছিল </W><W> ৬.৪। </W></NATURAL_EVENT><W> পরে </W><W> গোটা </W><W> রাত </W><W> ধরে </W><W> চলে </W><NATURAL_EVENT ID="6" TYPE="EARTHQUAKE"><EVENT-COREF-LINK EVENT_ID="16" ID="41" TYPE_REL="EVENT_COREF"/><W> আফটার </W><W> শকের </W></NATURAL_EVENT><W> ধাক্কা। </W><AFTER_EFFECTS-ARG ID="18"><LINK EVENT_ARG="6" ID="25" TYPE_REL="EVENT_ARG"/><W> হেলে </W><W> পড়ে </W><W> একটি </W><W> ১২ </W><W> তলা </W><W> আবাসন </W><W> ও </W><W> হোটেল-সহ </W><W> ছ’টি </W><W> বহুতল। </W></AFTER_EFFECTS-ARG></P><P><W> এখনও </W><W> পর্যন্ত </W><CASUALTIES-ARG ID="19"><LINK EVENT_ARG="6" ID="24" TYPE_REL="EVENT_ARG"/><W> ৬ </W><W> জনের </W><W> মৃত্যুর </W><W> খবর </W><W> মিলেছে। </W></CASUALTIES-ARG><CASUALTIES-ARG ID="20"><LINK EVENT_ARG="6" ID="26" TYPE_REL="EVENT_ARG"/><W> জখম </W><W> অন্তত </W><W> ২৫৬ </W><W> জন। </W></CASUALTIES-ARG><AFTER_EFFECTS-ARG ID="21"><LINK EVENT_ARG="6" ID="27" TYPE_REL="EVENT_ARG"/><W> নিখোঁজ </W><W> ৮৮। </W></AFTER_EFFECTS-ARG><W> জাপানের </W><W> বিদেশ </W><W> মন্ত্রক </W><W> সূত্রের </W><W> খবর, </W><W> জখমদের </W><W> মধ্যে </W><W> ৯ </W><W> জন </W><W> জাপানের </W><W> বাসিন্দা। </W><W> ৬ </W><W> চিনের </W><W> মূল </W><W> ভূখণ্ডের </W><W> ৬ </W><W> অধিবাসীও </W><W> আহতদের </W><W> তালিকায় </W><W> আছেন। </W><W> এখনও </W><W> বিপ়জ্জনক </W><W> অবস্থায় </W><W> আটকে </W><W> রয়েছেন </W><W> অনেকে। </W></P><P><W> –– </W><W> ADVERTISEMENT </W><W> –– </W></P><P><W> সারা </W><W> বছরই </W><W> হুয়ালিয়েন </W><W> জুড়ে </W><W> পর্যটকদের </W><W> ভিড় </W><W> থাকে। </W><TIME-ARG ID="22"><LINK EVENT_ARG="7" ID="23" TYPE_REL="EVENT_ARG"/><W> মঙ্গলবার </W></TIME-ARG><NATURAL_EVENT ID="7" TYPE="EARTHQUAKE"><EVENT-COREF-LINK EVENT_ID="6" ID="40" TYPE_REL="EVENT_COREF"/><W> ভূমিকম্পের </W></NATURAL_EVENT><W> জেরে </W><W> বিপজ্জনক </W><W> ভাবে </W><W> হেলে </W><W> পড়ে </W><W> পর্যটক-ভর্তি </W><W> একটি </W><W> হোটেল। </W><W> মারা </W><W> গিয়েছেন </W><W> হোটেলের </W><W> দুই </W><W> কর্মী। </W><NATURAL_EVENT ID="8" TYPE="EARTHQUAKE"><EVENT-COREF-LINK EVENT_ID="7" ID="39" TYPE_REL="EVENT_COREF"/><W> ভূমিকম্পের </W></NATURAL_EVENT><W> জেরে </W><W> ব্যাহত </W><W> হয়েছে </W><W> জল </W><W> ও </W><W> বিদ্যুৎ </W><W> পরিষেবা। </W></P><P><W> আতঙ্ক </W><W> পিছু </W><W> ছাড়ছে </W><W> না </W><W> ‘য়ুন </W><W> সুই’ </W><W> আবাসনের </W><W> বাসিন্দা </W><W> বছর </W><W> আশির </W><W> চেন </W><W> চিহ-উইয়ের। </W><W> বহুতলের </W><W> একেবারে </W><W> উপরের </W><W> তলায় </W><W> থাকতেন </W><W> তিনি। </W></P><P><W> ঘরে </W><W> ঘুমোচ্ছিলেন। </W><W> হঠাৎই </W><W> সমস্ত </W><W> জিনিস </W><W> দুদ্দাড় </W><W> করে </W><W> পড়তে </W><W> থাকে। </W><W> বিপজ্জনক </W><W> ভাবে </W><W> হেলে </W><W> গিয়েছে </W><W> গোটা </W><W> বাড়িটাই। </W><W> বারান্দা </W><W> দিয়ে </W><W> কোনও </W><W> মতে </W><W> বেরোনোর </W><W> চেষ্টা </W><W> করেন </W><W> তিনি। </W><W> শেষমেশ </W><W> দমকলকর্মীদের </W><W> তৎপরতায় </W><W> প্রাণ </W><W> বাঁচে </W><W> বৃদ্ধর। </W></P></DOCUMENT>