<?xml version="1.0" encoding="UTF-8"?>
<DOCUMENT><DESC></DESC><TIME>723</TIME><P><TIME-ARG ID="0"><LINK EVENT_ARG="1" ID="27" TYPE_REL="EVENT_ARG"/><W> Friday, </W><W> 23 </W><W> Aug, </W></TIME-ARG><W> 1.42 </W><W> pm </W></P><P><W> বাংলা </W><W> এক্সপ্রেস </W></P><P><W> ফের </W><NATURAL_EVENT ID="1" TYPE="FOREST_FIRE"><W> দাবানল </W></NATURAL_EVENT><PLACE-ARG ID="10"><LINK EVENT_ARG="1" ID="28" TYPE_REL="EVENT_ARG"/><W> অ্যামাজন </W><W> জঙ্গলে </W></PLACE-ARG></P><P><W> ফের </W><NATURAL_EVENT ID="2" TYPE="FOREST_FIRE"><EVENT-COREF-LINK EVENT_ID="1" ID="52" TYPE_REL="EVENT_COREF"/><W> দাবানল </W></NATURAL_EVENT><PLACE-ARG ID="11"><LINK EVENT_ARG="2" ID="29" TYPE_REL="EVENT_ARG"/><W> অ্যামাজন </W><W> জঙ্গলে, </W></PLACE-ARG><NATURAL_EVENT ID="21" TYPE="FOREST_FIRE"><EVENT-COREF-LINK EVENT_ID="2" ID="51" TYPE_REL="EVENT_COREF"/><W> আগুন </W><W> লাগল </W></NATURAL_EVENT><TIME-ARG ID="22"><LINK EVENT_ARG="21" ID="30" TYPE_REL="EVENT_ARG"/><W> সাত </W><W> দিনে </W></TIME-ARG><W> ৯,৫০০ </W><W> বার </W><W> অরণ্যে। </W><PLACE-ARG ID="12"><LINK EVENT_ARG="3" ID="31" TYPE_REL="EVENT_ARG"/><W> অ্যামাজনের </W><W> ঘন </W><W> জঙ্গলে </W></PLACE-ARG><W> মধ্যে </W><NATURAL_EVENT ID="3" TYPE="FOREST_FIRE"><EVENT-COREF-LINK EVENT_ID="21" ID="50" TYPE_REL="EVENT_COREF"/><W> আগুন </W></NATURAL_EVENT><W> যেনো </W><W> আঙ্গিনা </W><W> হয়ে </W><W> উঠছে। </W><W> কোনো </W><W> বিরামের </W><W> রেষ </W><W> মাত্র </W><W> নেই। </W><W> আর </W><NATURAL_EVENT ID="4" TYPE="FOREST_FIRE"><EVENT-COREF-LINK EVENT_ID="3" ID="49" TYPE_REL="EVENT_COREF"/><W> আগুন </W></NATURAL_EVENT><W> লাগা </W><W> বছর </W><W> গুলির </W><W> মধ্যে </W><W> চলতি </W><W> সনে </W><PLACE-ARG ID="13"><LINK EVENT_ARG="23" ID="32" TYPE_REL="EVENT_ARG"/><W> অ্যামাজনের </W></PLACE-ARG><NATURAL_EVENT ID="23" TYPE="FOREST_FIRE"><EVENT-COREF-LINK EVENT_ID="4" ID="48" TYPE_REL="EVENT_COREF"/><W> অগ্নিকাণ্ড </W></NATURAL_EVENT><W> সব </W><W> থেকে </W><W> বেশি। </W><W> ইতিমধ্যে </W><TIME-ARG ID="24"><LINK EVENT_ARG="5" ID="33" TYPE_REL="EVENT_ARG"/><W> অগস্টই </W></TIME-ARG><NATURAL_EVENT ID="5" TYPE="FOREST_FIRE"><EVENT-COREF-LINK EVENT_ID="23" ID="47" TYPE_REL="EVENT_COREF"/><W> আগুন </W></NATURAL_EVENT><W> লাগার </W><W> হিসেব </W><W> দেখলে </W><W> দেখাযায় </W><W> যে </W><PLACE-ARG ID="14"><LINK EVENT_ARG="5" ID="34" TYPE_REL="EVENT_ARG"/><W> ব্রাজিলের </W><W> রেনফরেস্টে </W></PLACE-ARG><W> ৭২ </W><W> হাজার </W><W> ৮৪৩ </W><W> বার </W><NATURAL_EVENT ID="6" TYPE="FOREST_FIRE"><EVENT-COREF-LINK EVENT_ID="5" ID="46" TYPE_REL="EVENT_COREF"/><W> আগুনে </W></NATURAL_EVENT><W> পুড়েছে। </W></P><P><W> ব্রাজিলের </W><W> মহাকাশ </W><W> গবেষণা </W><W> সংস্থার </W><W> তরফ </W><W> থেকে </W><W> জানাগিয়েছে </W><W> যে, </W><W> আগের </W><W> বছর </W><W> গুলির </W><W> তুলনায় </W><W> এই </W><W> বছরে </W><PLACE-ARG ID="15"><LINK EVENT_ARG="7" ID="35" TYPE_REL="EVENT_ARG"/><W> অ্যামাজনে </W></PLACE-ARG><NATURAL_EVENT ID="7" TYPE="FOREST_FIRE"><EVENT-COREF-LINK EVENT_ID="6" ID="45" TYPE_REL="EVENT_COREF"/><W> অগ্নিকাণ্ড </W></NATURAL_EVENT><W> ৮৩% </W><W> বেড়েছে। </W><W> তার </W><W> অন্যতম </W><W> একটি </W><W> কারণ </W><W> হল </W><REASON-ARG ID="25"><LINK EVENT_ARG="7" ID="36" TYPE_REL="EVENT_ARG"/><W> বৃষ্টি </W><W> পাতের </W><W> অপর্যাপ্ততা। </W></REASON-ARG><W> আর </W><TIME-ARG ID="26"><LINK EVENT_ARG="8" ID="37" TYPE_REL="EVENT_ARG"/><W> এই </W><W> সপ্তাহে </W></TIME-ARG><NATURAL_EVENT ID="8" TYPE="FOREST_FIRE"><EVENT-COREF-LINK EVENT_ID="7" ID="44" TYPE_REL="EVENT_COREF"/><W> আগুন </W></NATURAL_EVENT><W> লেগেছে </W><W> ৯,৫০০ </W><W> বারেরও </W><W> বেশি। </W><W> তাঁরা </W><W> আরও </W><W> জানিয়েছে </W><PLACE-ARG ID="16"><LINK EVENT_ARG="9" ID="38" TYPE_REL="EVENT_ARG"/><W> অ্যামাজনের </W><W> জঙ্গল </W></PLACE-ARG><W> ধরে </W><W> ইতিমধ্যেই </W><PLACE-ARG ID="17"><LINK EVENT_ARG="9" ID="39" TYPE_REL="EVENT_ARG"/><W> ব্রাজিলের </W><W> অ্যামাজোনাস, </W></PLACE-ARG><PLACE-ARG ID="18"><LINK EVENT_ARG="9" ID="40" TYPE_REL="EVENT_ARG"/><W> রোন্ডানিয়া, </W></PLACE-ARG><PLACE-ARG ID="19"><LINK EVENT_ARG="9" ID="41" TYPE_REL="EVENT_ARG"/><W> পারা, </W></PLACE-ARG><PLACE-ARG ID="20"><LINK EVENT_ARG="9" ID="42" TYPE_REL="EVENT_ARG"/><W> মাতো </W><W> গ্রোসোর </W></PLACE-ARG><W> আংশিক </W><W> অংশ </W><NATURAL_EVENT ID="9" TYPE="FOREST_FIRE"><EVENT-COREF-LINK EVENT_ID="8" ID="43" TYPE_REL="EVENT_COREF"/><W> আগুন </W></NATURAL_EVENT><W> যেন </W><W> গোগ্রাসে </W><W> গ্রাস </W><W> করেছে। </W></P></DOCUMENT>