<?xml version="1.0" encoding="UTF-8"?>
<DOCUMENT><DESC></DESC><TIME>892</TIME><P><PLACE-ARG ID="12"><LINK EVENT_ARG="2" ID="42" TYPE_REL="EVENT_ARG"/><W> ইউরোপজুড়ে </W></PLACE-ARG><NATURAL_EVENT ID="2" TYPE="HEAT_WAVE"><ASSOCIATED-EVENT-LINK EVENT_ID="1" ID="79" TYPE_REL="ASSOCIATED_EVENT"/><W> দাবদাহ, </W></NATURAL_EVENT><PLACE-ARG ID="15"><LINK EVENT_ARG="1" ID="43" TYPE_REL="EVENT_ARG"/><W> স্পেনের </W><W> বনাঞ্চলে </W></PLACE-ARG><NATURAL_EVENT ID="1" TYPE="FOREST_FIRE"><W> দাবানল </W></NATURAL_EVENT></P><P><W> অনলাইন </W><W> ডেস্ক </W><W> ২২:৪৯, </W><TIME-ARG ID="23"><LINK EVENT_ARG="1" ID="44" TYPE_REL="EVENT_ARG"/><W> ২৭ </W><W> জুন, </W><W> ২০১৯ </W></TIME-ARG></P><P><PLACE-ARG ID="13"><LINK EVENT_ARG="3" ID="45" TYPE_REL="EVENT_ARG"/><W> ইউরোপজুড়ে </W></PLACE-ARG><NATURAL_EVENT ID="3" TYPE="HEAT_WAVE"><EVENT-COREF-LINK EVENT_ID="2" ID="71" TYPE_REL="EVENT_COREF"/><W> দাবদাহ, </W></NATURAL_EVENT><PLACE-ARG ID="16"><LINK EVENT_ARG="4" ID="46" TYPE_REL="EVENT_ARG"/><W> স্পেনের </W><W> বনাঞ্চলে </W></PLACE-ARG><NATURAL_EVENT ID="4" TYPE="FOREST_FIRE"><EVENT-COREF-LINK EVENT_ID="1" ID="78" TYPE_REL="EVENT_COREF"/><W> দাবানল </W></NATURAL_EVENT></P><P><PLACE-ARG ID="14"><LINK EVENT_ARG="5" ID="47" TYPE_REL="EVENT_ARG"/><W> ইউরোপজুড়ে </W></PLACE-ARG><W> তীব্র </W><NATURAL_EVENT ID="5" TYPE="HEAT_WAVE"><EVENT-COREF-LINK EVENT_ID="3" ID="70" TYPE_REL="EVENT_COREF"/><W> দাবদাহ </W></NATURAL_EVENT><W> দেখা </W><W> দিয়েছে। </W><W> এই </W><NATURAL_EVENT ID="19" TYPE="HEAT_WAVE"><EVENT-COREF-LINK EVENT_ID="5" ID="69" TYPE_REL="EVENT_COREF"/><W> দাবদাহের </W></NATURAL_EVENT><W> প্রভাবে </W><PLACE-ARG ID="17"><LINK EVENT_ARG="6" ID="48" TYPE_REL="EVENT_ARG"/><W> স্পেনের </W><W> কাতালুনিয়ায় </W><W> বানঞ্চলে </W></PLACE-ARG><NATURAL_EVENT ID="6" TYPE="FOREST_FIRE"><EVENT-COREF-LINK EVENT_ID="4" ID="77" TYPE_REL="EVENT_COREF"/><W> দাবানলের </W></NATURAL_EVENT><W> সৃষ্টি </W><W> হয়েছে। </W><NATURAL_EVENT ID="7" TYPE="FOREST_FIRE"><EVENT-COREF-LINK EVENT_ID="6" ID="76" TYPE_REL="EVENT_COREF"/><W> দাবানলের </W></NATURAL_EVENT><W> ফলে </W><W> সৃষ্ট </W><NATURAL_EVENT ID="20" TYPE="FOREST_FIRE"><EVENT-COREF-LINK EVENT_ID="7" ID="75" TYPE_REL="EVENT_COREF"/><W> অগ্নিকাণ্ড </W></NATURAL_EVENT><W> থেকে </W><PLACE-ARG ID="18"><LINK EVENT_ARG="20" ID="49" TYPE_REL="EVENT_ARG"/><W> বনাঞ্চলকে </W></PLACE-ARG><W> রক্ষা </W><W> করতে </W><W> বন </W><W> বিভাগ </W><W> ও </W><W> অগ্নি </W><W> নির্বাপক </W><W> কর্মীরা </W><W> কাজ </W><W> করে </W><W> যাচ্ছে। </W></P><P><W> স্পেনের </W><W> বন </W><W> বিভাগের </W><W> কর্মকর্তারা </W><W> জানিয়েছেন, </W><W> দুই </W><W> দশকের </W><W> মধ্যে </W><W> এটি </W><W> সবচেয়ে </W><W> ভয়াবহ </W><NATURAL_EVENT ID="8" TYPE="FOREST_FIRE"><EVENT-COREF-LINK EVENT_ID="20" ID="74" TYPE_REL="EVENT_COREF"/><W> দাবানলে </W></NATURAL_EVENT><W> রূপ </W><W> নিতে </W><W> পারে। </W><NATURAL_EVENT ID="9" TYPE="FOREST_FIRE"><EVENT-COREF-LINK EVENT_ID="8" ID="73" TYPE_REL="EVENT_COREF"/><W> দাবানলের </W></NATURAL_EVENT><W> ফলে </W><NATURAL_EVENT ID="10" TYPE="FOREST_FIRE"><EVENT-COREF-LINK EVENT_ID="9" ID="72" TYPE_REL="EVENT_COREF"/><W> আগুন </W></NATURAL_EVENT><W> দ্রুত </W><W> ছড়িয়ে </W><W> পড়ছে। </W><W> এ </W><W> জন্য </W><W> তারা </W><W> সতর্কতাও </W><W> জারি </W><W> করেছে। </W></P><P><W> এদিকে </W><PLACE-ARG ID="21"><LINK EVENT_ARG="11" ID="50" TYPE_REL="EVENT_ARG"/><W> ইউরোপের </W><W> বিভিন্ন </W><W> অঞ্চলে </W></PLACE-ARG><W> তীব্র </W><NATURAL_EVENT ID="11" TYPE="HEAT_WAVE"><EVENT-COREF-LINK EVENT_ID="19" ID="68" TYPE_REL="EVENT_COREF"/><W> দাবদাহে </W></NATURAL_EVENT><AFTER_EFFECTS-ARG ID="22"><LINK EVENT_ARG="11" ID="51" TYPE_REL="EVENT_ARG"/><W> জনজীবন </W><W> বিপর্যস্ত </W><W> হয়ে </W><W> পড়ছে। </W></AFTER_EFFECTS-ARG><W> মহাদেশটির </W><W> অধিকাংশ </W><W> দেশেই </W><W> দ্বিতীয় </W><W> সর্বোচ্চ </W><W> সতর্কতা </W><W> জারি </W><W> করা </W><W> হয়েছে। </W><W> জনজীবন </W><W> স্বাভাবিক </W><W> রাখতে </W><W> ও </W><W> পরিবেশ </W><W> শীতল </W><W> রাখতে </W><W> স্থানীয় </W><W> কর্তৃপক্ষগুলো </W><W> বিভিন্ন </W><W> পরামর্শ </W><W> জারি </W><W> করছে। </W></P><P><TIME-ARG ID="25"><LINK EVENT_ARG="11" ID="52" TYPE_REL="EVENT_ARG"/><W> বৃহস্পতিবার </W></TIME-ARG><PLACE-ARG ID="26"><LINK EVENT_ARG="11" ID="53" TYPE_REL="EVENT_ARG"/><W> ফ্রান্স </W></PLACE-ARG><W> ও </W><PLACE-ARG ID="27"><LINK EVENT_ARG="11" ID="54" TYPE_REL="EVENT_ARG"/><W> সুইজারল্যান্ডসহ </W><W> কয়েকটি </W><W> দেশে </W></PLACE-ARG><W> তাপমাত্রা </W><TEMPERATURE-ARG ID="28"><LINK EVENT_ARG="11" ID="55" TYPE_REL="EVENT_ARG"/><W> ৪০ </W></TEMPERATURE-ARG><W> ডিগ্রি </W><W> সেলসিয়াস </W><W> ছাড়িয়ে </W><W> যাওয়ার </W><W> আশঙ্কা </W><W> করা </W><W> হচ্ছে। </W><W> আবহাওয়াবিদরা </W><W> বলছেন, </W><REASON-ARG ID="30"><LINK EVENT_ARG="11" ID="56" TYPE_REL="EVENT_ARG"/><W> উত্তর </W><W> আফ্রিকা </W><W> থেকে </W><W> ধেয়ে </W><W> আসা </W><W> অত্যন্ত </W><W> গরম </W><W> বাতাসের </W><W> কারণেই </W><W> ইউরোপে </W><W> এ </W><W> ধরনের </W><W> অস্বাভাবিক </W><W> তাপমাত্রা </W><W> বিরাজ </W><W> করছে। </W></REASON-ARG></P><P><TIME-ARG ID="31"><LINK EVENT_ARG="11" ID="57" TYPE_REL="EVENT_ARG"/><W> বুধবার </W></TIME-ARG><PLACE-ARG ID="34"><LINK EVENT_ARG="11" ID="58" TYPE_REL="EVENT_ARG"/><W> জার্মানির </W><W> ব্রান্ডেনবুর্গের </W></PLACE-ARG><W> তাপমাত্রা </W><TEMPERATURE-ARG ID="37"><LINK EVENT_ARG="11" ID="59" TYPE_REL="EVENT_ARG"/><W> ৩৮.৬ </W></TEMPERATURE-ARG><W> ডিগ্রি </W><W> সেলসিয়াস </W><W> পর্যন্ত </W><W> ওঠে। </W><W> যা </W><TIME-ARG ID="32"><LINK EVENT_ARG="11" ID="60" TYPE_REL="EVENT_ARG"/><W> জুন </W><W> মাসে </W></TIME-ARG><W> দেশটিতে </W><W> তাপমাত্রার </W><W> রেকর্ড। </W><W> এছাড়া </W><PLACE-ARG ID="35"><LINK EVENT_ARG="11" ID="61" TYPE_REL="EVENT_ARG"/><W> পোল্যান্ডের </W><W> রাজিনে </W></PLACE-ARG><TEMPERATURE-ARG ID="38"><LINK EVENT_ARG="11" ID="62" TYPE_REL="EVENT_ARG"/><W> ৩৮.২, </W></TEMPERATURE-ARG><W> ও </W><PLACE-ARG ID="36"><LINK EVENT_ARG="11" ID="63" TYPE_REL="EVENT_ARG"/><W> চেক </W><W> রিপাবলিকে </W></PLACE-ARG><TEMPERATURE-ARG ID="39"><LINK EVENT_ARG="11" ID="64" TYPE_REL="EVENT_ARG"/><W> ৩৮.৯ </W></TEMPERATURE-ARG><W> ডিগ্রি </W><W> পর্যন্ত </W><W> উঠেছিল। </W><W> ওই </W><W> দুটি </W><W> দেশেও </W><TIME-ARG ID="33"><LINK EVENT_ARG="11" ID="65" TYPE_REL="EVENT_ARG"/><W> জুন </W><W> মাসে </W></TIME-ARG><W> এটি </W><W> ছিল </W><W> তামপমাত্রার </W><W> নতুন </W><W> রেকর্ড। </W></P><P><W> আগামী </W><W> সপ্তাহের </W><W> শুরুর </W><W> দিকে </W><W> এই </W><W> তাপমাত্রা </W><W> আরও </W><W> বাড়তে </W><W> পারে। </W><PLACE-ARG ID="41"><LINK EVENT_ARG="11" ID="66" TYPE_REL="EVENT_ARG"/><W> স্পেনের </W><W> উত্তরপূর্বাঞ্চলের </W></PLACE-ARG><W> তাপমাত্রা </W><TEMPERATURE-ARG ID="40"><LINK EVENT_ARG="11" ID="67" TYPE_REL="EVENT_ARG"/><W> ৪৫ </W></TEMPERATURE-ARG><W> ডিগ্রি </W><W> সেলসিয়াসে </W><W> পৌঁছতে </W><W> পারে। </W></P></DOCUMENT>