<?xml version="1.0" encoding="UTF-8"?>
<DOCUMENT><DESC></DESC><TIME>10521</TIME><P><NATURAL_EVENT ID="0" TYPE="FLOODS"><W> জলমগ্ন </W></NATURAL_EVENT><PLACE-ARG ID="1"><LINK EVENT_ARG="0" ID="21" TYPE_REL="EVENT_ARG"/><W> ঘাটাল, </W></PLACE-ARG><W> উদ্ধারকাজে </W><W> বায়ুসেনার </W><W> চপার, </W><W> আতঙ্কে </W><W> বানভাসি </W><W> মানুষ </W></P><P><W> Updated: </W><TIME-ARG ID="2"><LINK EVENT_ARG="0" ID="22" TYPE_REL="EVENT_ARG"/><W> Jul </W><W> 29, </W><W> 2017 </W></TIME-ARG></P><P><W> #পশ্চিম </W><W> মেদিনীপুর: </W><AFTER_EFFECTS-ARG ID="3"><LINK EVENT_ARG="0" ID="23" TYPE_REL="EVENT_ARG"/><W> কারও </W><W> বাড়ির </W><W> প্রায় </W><W> পুরোটাই </W><W> জলের </W><W> তলায়। </W></AFTER_EFFECTS-ARG><AFTER_EFFECTS-ARG ID="4"><LINK EVENT_ARG="0" ID="24" TYPE_REL="EVENT_ARG"/><W> কারও </W><W> বাড়ির </W><W> সামনে </W><W> কোমর </W><W> সমান </W><W> জল। </W></AFTER_EFFECTS-ARG><PLACE-ARG ID="5"><LINK EVENT_ARG="0" ID="25" TYPE_REL="EVENT_ARG"/><W> ঘাটালের </W><W> প্রতাপপুর </W><W> গ্রাম </W></PLACE-ARG><REASON-ARG ID="7"><LINK EVENT_ARG="8" ID="27" TYPE_REL="EVENT_ARG"/><PARTICIPANT-ARG ID="6"><LINK EVENT_ARG="8" ID="26" TYPE_REL="EVENT_ARG"/><W> শীলাবতীর </W></PARTICIPANT-ARG><W> বাঁধভাঙা </W><W> জলে </W></REASON-ARG><NATURAL_EVENT ID="8" TYPE="FLOODS"><EVENT-COREF-LINK EVENT_ID="0" ID="40" TYPE_REL="EVENT_COREF"/><W> বানভাসি। </W></NATURAL_EVENT><AFTER_EFFECTS-ARG ID="9"><LINK EVENT_ARG="8" ID="28" TYPE_REL="EVENT_ARG"/><W> হরিসিংহপুরে </W><W> ত্রাণ </W><W> শিবিরে </W><W> আশ্রয় </W><W> নিয়েছেন </W><W> দুর্গতরা। </W></AFTER_EFFECTS-ARG><W> পরনের </W><W> কাপড় </W><W> ছাড়া </W><W> সঙ্গে </W><W> কিছুই </W><W> নেই। </W><W> বাড়ি </W><W> গরুগুলোর </W><W> জন্য </W><W> মন </W><W> কাঁদছে। </W><W> চলছে </W><W> প্রাণে </W><W> বাঁচার </W><W> লড়াই। </W></P><P><PARTICIPANT-ARG ID="10"><LINK EVENT_ARG="12" ID="29" TYPE_REL="EVENT_ARG"/><W> শীলাবতীর </W></PARTICIPANT-ARG><REASON-ARG ID="11"><LINK EVENT_ARG="12" ID="30" TYPE_REL="EVENT_ARG"/><W> বাঁধভাঙা </W><W> জলে </W></REASON-ARG><NATURAL_EVENT ID="12" TYPE="FLOODS"><EVENT-COREF-LINK EVENT_ID="8" ID="39" TYPE_REL="EVENT_COREF"/><W> ডুবেছে </W></NATURAL_EVENT><PLACE-ARG ID="13"><LINK EVENT_ARG="12" ID="31" TYPE_REL="EVENT_ARG"/><W> প্রতাপপুর </W><W> গ্রাম। </W></PLACE-ARG><W> সাঁতরে </W><W> বা </W><W> নৌকা </W><W> বেয়ে </W><W> চলছে </W><W> প্রাণে </W><W> বাঁচার </W><W> চেষ্টা। </W><AFTER_EFFECTS-ARG ID="14"><LINK EVENT_ARG="12" ID="32" TYPE_REL="EVENT_ARG"/><W> চারিদিকে </W><W> জল </W><W> আর </W><W> জল। </W></AFTER_EFFECTS-ARG><AFTER_EFFECTS-ARG ID="15"><LINK EVENT_ARG="12" ID="33" TYPE_REL="EVENT_ARG"/><W> হরিসিংহপুরে </W><W> ত্রাণ </W><W> শিবিরে </W><W> আশ্রয় </W><W> নিয়েছেন </W><W> কয়েকটি </W><W> পরিবার। </W></AFTER_EFFECTS-ARG><AFTER_EFFECTS-ARG ID="16"><LINK EVENT_ARG="12" ID="34" TYPE_REL="EVENT_ARG"/><W> নেই </W><W> খাবার-নেই </W><W> পানীয় </W><W> জল। </W></AFTER_EFFECTS-ARG><AFTER_EFFECTS-ARG ID="17"><LINK EVENT_ARG="12" ID="35" TYPE_REL="EVENT_ARG"/><W> ভেসে </W><W> গিয়েছে </W><W> বইখাতা। </W></AFTER_EFFECTS-ARG><AFTER_EFFECTS-ARG ID="18"><LINK EVENT_ARG="12" ID="36" TYPE_REL="EVENT_ARG"/><W> ভেসে </W><W> গিয়েছে </W><W> প্রিয় </W><W> জিনিসগুলো। </W></AFTER_EFFECTS-ARG><W> সাধের </W><W> ভিটেমাটি </W><W> ছেড়ে </W><W> এসে </W><W> প্রাণ </W><W> কাঁদছে। </W><W> জলবন্দি </W><W> বাড়িতে </W><W> কেমন </W><W> আছে </W><W> পোষা </W><W> গরুগুলো? </W><W> বাড়ছে </W><W> মন </W><W> কেমন। </W></P><P><AFTER_EFFECTS-ARG ID="19"><LINK EVENT_ARG="12" ID="37" TYPE_REL="EVENT_ARG"/><W> জলের </W><W> তোড়ে </W><W> ভেসে </W><W> যাচ্ছিল </W><W> বাড়ি। </W></AFTER_EFFECTS-ARG><W> কোনওভাবে </W><W> সাঁতরে </W><W> পার </W><W> হয়েছেন </W><W> অনেকে। </W><W> চোখেমুখে </W><W> আতঙ্কের </W><W> ছাপ </W><W> এখনও </W><W> স্পষ্ট। </W><W> ক্রমশ </W><W> বাড়ছে </W><W> উদ্বেগ। </W></P><P><W> ভিটেমাটি </W><W> আঁকড়ে </W><W> তিনদিন </W><W> পড়ে </W><W> থাকার </W><W> পর </W><W> খিদের </W><W> জ্বালা </W><W> আর </W><W> সহ্য </W><W> হয়নি। </W><W> জীবনের </W><W> ঝুঁকি </W><W> নিয়ে </W><W> দড়ি </W><W> ফেলে, </W><W> গাছ </W><W> ধরে </W><W> প্রায় </W><W> তিনশো </W><W> মিটার </W><W> জল </W><W> পেরিয়ে </W><W> বাঁধে </W><W> এসে </W><W> ওঠেন </W><W> পঞ্চাশ </W><W> বছরের </W><W> জগু </W><W> জানা। </W><W> কখনও </W><W> দড়ি </W><W> , </W><W> কখনও </W><W> গাছের </W><W> ডাল </W><W> ধরে </W><W> কোনওরকমে </W><W> ডাঙায় </W><W> এসে </W><W> ওঠেন </W><W> তিনি। </W><W> সরকারি </W><W> ত্রাণ </W><W> সংগ্রহ </W><W> করেন </W><W> তিনি। </W><W> জলের </W><W> সঙ্গে </W><W> যুদ্ধ </W><W> করে, </W><W> প্রতিটা </W><W> মুহূর্ত </W><W> কাটাচ্ছেন </W><PLACE-ARG ID="20"><LINK EVENT_ARG="12" ID="38" TYPE_REL="EVENT_ARG"/><W> প্রতাপপুরের </W></PLACE-ARG><W> মানুষ। </W><W> হার </W><W> না </W><W> মেনে </W><W> চলছে </W><W> বাঁচার </W><W> লড়াই। </W></P></DOCUMENT>