<?xml version="1.0" encoding="UTF-8"?>
<DOCUMENT><DESC></DESC><TIME>245</TIME><P><NATURAL_EVENT ID="0" TYPE="STORM"><W> ঝড়ে </W></NATURAL_EVENT><AFTER_EFFECTS-ARG ID="2"><LINK EVENT_ARG="0" ID="13" TYPE_REL="EVENT_ARG"/><W> রাস্তার </W><W> গাছ </W><W> পড়ে </W></AFTER_EFFECTS-ARG><AFTER_EFFECTS-ARG ID="3"><LINK EVENT_ARG="0" ID="14" TYPE_REL="EVENT_ARG"/><W> যাতায়াতের </W><W> সমস্যা </W></AFTER_EFFECTS-ARG></P><P><W> নিজস্ব </W><W> সংবাদদাতা </W></P><P><W> জয়নগর| </W></P><P><TIME-ARG ID="4"><LINK EVENT_ARG="0" ID="15" TYPE_REL="EVENT_ARG"/><W> ৫ </W><W> সেপ্টেম্বর, </W><W> ২০১৬ </W></TIME-ARG></P><P><W> এ </W><W> ভাবেই </W><W> চলছে </W><W> যাতায়াত। </W></P><P><W> যাতায়াতের </W><W> রাস্তায় </W><PLACE-ARG ID="5"><LINK EVENT_ARG="0" ID="16" TYPE_REL="EVENT_ARG"/><W> পুকুর </W><W> পাড়ে </W></PLACE-ARG><W> প্রায় </W><W> দেড়শো </W><W> ফুট </W><W> লম্বা </W><W> পুরনো </W><W> ঝাউগাছ </W><W> ছিল। </W><TIME-ARG ID="6"><LINK EVENT_ARG="7" ID="17" TYPE_REL="EVENT_ARG"/><W> দিন </W><W> কুড়ি </W><W> আগে </W></TIME-ARG><NATURAL_EVENT ID="7" TYPE="STORM"><EVENT-COREF-LINK EVENT_ID="0" ID="23" TYPE_REL="EVENT_COREF"/><W> ঝড়ে </W></NATURAL_EVENT><W> সেটি </W><AFTER_EFFECTS-ARG ID="8"><LINK EVENT_ARG="7" ID="18" TYPE_REL="EVENT_ARG"/><W> মাটিসুদ্ধ </W><W> উল্টে </W><W> পড়েছে </W><W> পাশের </W><W> পুকুরে। </W></AFTER_EFFECTS-ARG><W> এতে </W><W> প্রায় </W><W> ১৫ </W><W> ফুট </W><W> জায়গা </W><W> জুড়ে </W><NATURAL_EVENT ID="1" TYPE="LAND_SLIDE"><ASSOCIATED-EVENT-LINK EVENT_ID="0" ID="24" TYPE_REL="ASSOCIATED_EVENT"/><W> ধস </W><W> দেখা </W><W> দিয়েছে। </W></NATURAL_EVENT><W> ফলে </W><W> যাতায়াতের </W><W> রাস্তা </W><W> সংকীর্ণ </W><W> হয়ে </W><W> সমস্যায় </W><W> পড়েছেন </W><W> মানুষ। </W><PLACE-ARG ID="9"><LINK EVENT_ARG="1" ID="19" TYPE_REL="EVENT_ARG"/><W> জয়নগর </W><W> ২ </W><W> ব্লকের </W><W> দক্ষিণ </W><W> বারাসত </W><W> পঞ্চায়েতে </W><W> কলেজের </W><W> যাতায়াতের </W><W> ওই </W><W> রাস্তাটি </W></PLACE-ARG><W> সংস্কারের </W><W> জন্য </W><W> প্রশাসনের </W><W> দ্বারস্থ </W><W> হলেও </W><W> কোনও </W><W> লাভ </W><W> হয়নি </W><W> বলে </W><W> অভিযোগ। </W></P><P><W> ওই </W><W> ব্লকের </W><W> কুলপি </W><W> রোডের </W><W> কলেজ </W><W> মোড় </W><W> থেকে </W><W> দক্ষিণ </W><W> বারাসত </W><W> কলেজ </W><W> বা </W><W> স্টেশনে </W><W> যাওয়ার </W><W> জন্য </W><W> বেলিয়াডাঙা </W><W> ও </W><W> নুরুল্লাপুর </W><W> গ্রামের </W><W> মাঝ </W><W> দিয়ে </W><W> ইটপাতা </W><W> ও </W><W> মাটির </W><W> রাস্তা </W><W> রয়েছে। </W><W> এমনিতেই </W><W> বৃষ্টি </W><W> হলে </W><W> রাস্তা </W><W> চলাচলের </W><W> অযোগ্য </W><W> হয়ে </W><W> দাঁড়ায়। </W><W> ইটপাতা </W><W> রাস্তাটি </W><W> দীর্ঘ </W><W> দিন </W><W> সংস্কার </W><W> না </W><W> হওয়ায় </W><W> খানাখন্দে </W><W> ভরা। </W><TIME-ARG ID="10"><LINK EVENT_ARG="1" ID="20" TYPE_REL="EVENT_ARG"/><W> দিন </W><W> কুড়ি </W><W> আগে </W></TIME-ARG><PLACE-ARG ID="11"><LINK EVENT_ARG="1" ID="21" TYPE_REL="EVENT_ARG"/><W> ওই </W><W> পথের </W><W> পাশেই </W></PLACE-ARG><AFTER_EFFECTS-ARG ID="12"><LINK EVENT_ARG="1" ID="22" TYPE_REL="EVENT_ARG"/><W> উল্টে </W><W> পড়েছে </W><W> গাছ। </W></AFTER_EFFECTS-ARG><W> অপরিসর </W><W> রাস্তায় </W><W> চলতে </W><W> গিয়ে </W><W> অনেকে </W><W> পড়ে </W><W> যাচ্ছেন। </W><W> রাতে </W><W> রাস্তায় </W><W> আলোর </W><W> ব্যবস্থা </W><W> না </W><W> থাকায় </W><W> কেউ </W><W> ওই </W><W> পথ </W><W> মাড়াতে </W><W> সাহস </W><W> পাচ্ছেন </W><W> না। </W><W> অথচ </W><W> ওই </W><W> রাস্তাটি </W><W> প্রায় </W><W> ২৪ </W><W> ঘণ্টা </W><W> ব্যবহার </W><W> করেন </W><W> দক্ষিণ </W><W> বারাসত </W><W> স্টেশনের </W><W> নিত্য </W><W> যাত্রীরা। </W></P><P><W> বাসিন্দাদের </W><W> অভিযোগ, </W><W> গাছ </W><W> পড়ে </W><W> যাওয়ার </W><W> পরে </W><W> এত </W><W> দিন </W><W> কেটে </W><W> গেল </W><W> এখনও </W><W> মেরামতের </W><W> উদ্যোগী </W><W> হচ্ছে </W><W> না </W><W> পঞ্চায়েত </W><W> বা </W><W> প্রশাসন। </W><W> স্থানীয় </W><W> বাসিন্দা </W><W> অমল </W><W> পাল, </W><W> আতি </W><W> মোর্তজা </W><W> জমাদারদের </W><W> অভিযোগ, </W><W> সারা </W><W> রাত-দিন </W><W> প্রায় </W><W> ২৪ </W><W> ঘণ্টা </W><W> ধরে </W><W> ওই </W><W> রাস্তায় </W><W> মানুষ </W><W> যাতায়াত </W><W> করেন। </W><W> তাঁদের </W><W> ভোগান্তি </W><W> হচ্ছে।’’ </W><W> দক্ষিণ </W><W> বারাসত </W><W> পঞ্চায়েতের </W><W> প্রধান </W><W> সুজিত </W><W> মণ্ডল </W><W> বলেন, </W><W> ‘প্রয়োজনীয় </W><W> ফান্ড </W><W> পেলে </W><W> তবেই </W><W> রাস্তা </W><W> সারানো </W><W> হবে। </W><W> বিষয়টি </W><W> বিডিওকেও </W><W> বলা </W><W> হবে। </W><W> ব্লক </W><W> প্রশাসন </W><W> সূত্রের </W><W> খবর, </W><W> এখনও </W><W> বিষয়টি </W><W> তাঁদের </W><W> কানে </W><W> ওঠেনি। </W><W> অভিযোগ </W><W> পেলে </W><W> ব্যবস্থা </W><W> নেওয়া </W><W> হবে। </W></P></DOCUMENT>