<?xml version="1.0" encoding="UTF-8"?>
<DOCUMENT><DESC></DESC><TIME>808</TIME><P><REASON-ARG ID="2"><LINK EVENT_ARG="0" ID="39" TYPE_REL="EVENT_ARG"/><W> মেঘভাঙা </W><W> বৃষ্টিতে </W></REASON-ARG><PLACE-ARG ID="3"><LINK EVENT_ARG="0" ID="40" TYPE_REL="EVENT_ARG"/><W> ভুবন </W><W> পাহাড়ে </W></PLACE-ARG><NATURAL_EVENT ID="0" TYPE="LAND_SLIDE"><W> ধস </W></NATURAL_EVENT></P><P><W> উত্তম </W><W> সাহা </W></P><P><W> শিলচর| </W></P><P><TIME-ARG ID="4"><LINK EVENT_ARG="0" ID="41" TYPE_REL="EVENT_ARG"/><W> ১ </W><W> সেপ্টেম্বর, </W><W> ২০১৬ </W></TIME-ARG></P><P><W> বিপর্যয়ের </W><W> পরে </W><PLACE-ARG ID="5"><LINK EVENT_ARG="0" ID="42" TYPE_REL="EVENT_ARG"/><W> ভুবন </W><W> পাহাড়ে। </W></PLACE-ARG><W> বুধবার। </W></P><P><REASON-ARG ID="6"><LINK EVENT_ARG="0" ID="43" TYPE_REL="EVENT_ARG"/><W> মেঘভাঙা </W><W> বৃষ্টিতে </W></REASON-ARG><W> ধুয়েমুছে </W><W> গেল </W><PLACE-ARG ID="7"><LINK EVENT_ARG="0" ID="44" TYPE_REL="EVENT_ARG"/><W> ভুবন </W><W> পাহাড়ের </W><W> একাংশ। </W></PLACE-ARG><AFTER_EFFECTS-ARG ID="8"><LINK EVENT_ARG="0" ID="45" TYPE_REL="EVENT_ARG"/><W> বেশ </W><W> ক’টি </W><W> গ্রাম </W><W> ক্ষতিগ্রস্ত </W><W> হয়েছে। </W></AFTER_EFFECTS-ARG><W> জলের </W><W> তোড়ে </W><AFTER_EFFECTS-ARG ID="9"><LINK EVENT_ARG="0" ID="46" TYPE_REL="EVENT_ARG"/><W> নিশ্চিহ্ন </W><W> হয়ে </W><W> গিয়েছে </W><W> পাহাড়ের </W><W> বুকে </W><W> থাকা </W><W> বাড়িঘর। </W></AFTER_EFFECTS-ARG><W> এ </W><W> পর্যন্ত </W><CASUALTIES-ARG ID="10"><LINK EVENT_ARG="0" ID="47" TYPE_REL="EVENT_ARG"/><W> দুই </W><W> মহিলার </W><W> মৃতদেহ </W></CASUALTIES-ARG><W> উদ্ধার </W><W> করা </W><W> হয়েছে। </W><AFTER_EFFECTS-ARG ID="11"><LINK EVENT_ARG="0" ID="48" TYPE_REL="EVENT_ARG"/><W> খোঁজ </W><W> মিলছে </W><W> না </W><W> দুই </W><W> শিশুর। </W></AFTER_EFFECTS-ARG></P><P><TIME-ARG ID="12"><LINK EVENT_ARG="1" ID="49" TYPE_REL="EVENT_ARG"/><W> গত </W><W> কাল </W><W> রাত </W><W> দুটো </W><W> নাগাদ </W></TIME-ARG><NATURAL_EVENT ID="1" TYPE="LAND_SLIDE"><EVENT-COREF-LINK EVENT_ID="0" ID="76" TYPE_REL="EVENT_COREF"/><W> ঘটনাটি </W><W> ঘটে। </W></NATURAL_EVENT><W> তার </W><W> আগে </W><W> ঘণ্টা </W><W> তিনেক </W><W> ধরে </W><W> টানা </W><W> বৃষ্টি </W><W> হচ্ছিল। </W><W> কখনও </W><W> জোরে, </W><W> কখনও </W><W> মাঝারি। </W><W> সঙ্গে </W><W> বজ্রগর্জন। </W><W> এর </W><W> পরই </W><W> কাছাড় </W><W> জেলার </W><W> শৈবতীর্থ, </W><PLACE-ARG ID="13"><LINK EVENT_ARG="1" ID="50" TYPE_REL="EVENT_ARG"/><W> ভুবন </W><W> পাহাড়ের </W></PLACE-ARG><W> বৃষ্টি-ধারার </W><W> তোড় </W><W> মুহূর্তে </W><W> নদীর </W><W> আকার </W><W> নিয়ে </W><AFTER_EFFECTS-ARG ID="14"><LINK EVENT_ARG="1" ID="51" TYPE_REL="EVENT_ARG"/><W> সব </W><W> ভাসিয়ে </W><W> নীচে </W><W> নেমে </W><W> আসে। </W></AFTER_EFFECTS-ARG></P><P><W> পাঁচশো </W><W> ফুট </W><W> উঁচু </W><W> পাহাড়ের </W><W> চারদিকে </W><W> শুধু </W><NATURAL_EVENT ID="15" TYPE="LAND_SLIDE"><EVENT-COREF-LINK EVENT_ID="1" ID="75" TYPE_REL="EVENT_COREF"/><W> বিপর্যয়ের </W></NATURAL_EVENT><W> চিহ্ন। </W><AFTER_EFFECTS-ARG ID="16"><LINK EVENT_ARG="15" ID="52" TYPE_REL="EVENT_ARG"/><W> কয়েক </W><W> হাজার </W><W> গাছ </W><W> মাটিতে </W><W> লুটিয়ে </W><W> পড়েছে। </W></AFTER_EFFECTS-ARG><AFTER_EFFECTS-ARG ID="17"><LINK EVENT_ARG="15" ID="53" TYPE_REL="EVENT_ARG"/><W> ক্ষতিগ্রস্ত </W><W> হয়েছে </W><W> মন্দিরগাত্রে </W><W> থাকা </W><W> বিষ্ণুমন্দিরের </W><W> একাংশ। </W></AFTER_EFFECTS-ARG><PLACE-ARG ID="19"><LINK EVENT_ARG="15" ID="54" TYPE_REL="EVENT_ARG"/><W> ভুবন </W><W> পাহাড়ের </W></PLACE-ARG><AFTER_EFFECTS-ARG ID="18"><LINK EVENT_ARG="15" ID="55" TYPE_REL="EVENT_ARG"/><W> বহুচর্চিত </W><W> সেই </W><W> সুড়ঙ্গমুখও </W><W> বন্ধ। </W></AFTER_EFFECTS-ARG><W> তবে </W><W> শৃঙ্গে </W><W> থাকা </W><W> ভুবন </W><W> মন্দিরের </W><W> কোনও </W><W> ক্ষতি </W><W> হয়নি। </W><W> শুধু </W><W> মন্দিরের </W><W> নীচে </W><W> কোথায় </W><W> পুকুর </W><W> ছিল, </W><W> তা </W><W> খুঁজে </W><W> পাওয়া </W><W> যাচ্ছে </W><W> না। </W><W> কোথাও </W><W> তার </W><W> চিহ্নমাত্র </W><W> নেই। </W></P><P><W> কাছাড়ের </W><W> জেলাশাসক </W><W> এস </W><W> বিশ্বনাথন </W><W> জানিয়েছেন, </W><W> ‘‘জাতীয় </W><W> ও </W><W> রাজ্য </W><W> পর্যায়ের </W><W> দুর্যোগ </W><W> প্রতিরোধ </W><W> বাহিনী </W><W> সকাল </W><W> থেকে </W><W> তল্লাশিতে </W><W> নেমেছে। </W><CASUALTIES-ARG ID="20"><LINK EVENT_ARG="15" ID="56" TYPE_REL="EVENT_ARG"/><W> মা-মেয়ের </W><W> মৃতদেহ </W></CASUALTIES-ARG><W> উদ্ধার </W><W> করা </W><W> হয়েছে। </W><W> একই </W><W> পরিবারের </W><W> আরও </W><AFTER_EFFECTS-ARG ID="21"><LINK EVENT_ARG="15" ID="57" TYPE_REL="EVENT_ARG"/><W> দুই </W><W> শিশুর </W><W> খোঁজ </W><W> মিলছে </W><W> না।’’ </W></AFTER_EFFECTS-ARG><CASUALTIES-ARG ID="22"><LINK EVENT_ARG="15" ID="58" TYPE_REL="EVENT_ARG"/><W> মৃতরা </W><W> হলেন </W><W> লুমিলা </W><W> লামোরাং </W><W> (৪৫) </W><W> ও </W><W> তাঁর </W><W> মেয়ে </W><W> ওয়ারলিস </W><W> লামোরাং </W><W> (২২)। </W></CASUALTIES-ARG><AFTER_EFFECTS-ARG ID="23"><LINK EVENT_ARG="15" ID="59" TYPE_REL="EVENT_ARG"/><W> নিখোঁজ </W><W> তিন </W><W> বছরের </W><W> অনিশা </W><W> এবং </W><W> দু’বছরের </W><W> দিওয়ার। </W></AFTER_EFFECTS-ARG><W> জেলাশাসকের </W><W> আশা, </W><W> আগামীকালের </W><W> মধ্যে </W><W> ভুবন </W><W> পাহাড় </W><W> এলাকায় </W><W> পানীয় </W><W> জল </W><W> সরবরাহ </W><W> স্বাভাবিক </W><W> হবে। </W><W> পাহাড়ে </W><W> ওঠার </W><W> রাস্তা </W><W> তৈরির </W><W> কাজও </W><W> চলছে। </W></P><P><PLACE-ARG ID="24"><LINK EVENT_ARG="15" ID="60" TYPE_REL="EVENT_ARG"/><W> ভুবন </W><W> পাহাড়ের </W></PLACE-ARG><W> পানিচৌকি-খাসিয়াপুঞ্জিতে </W><W> লামোরাং-দের </W><W> বাড়ি। </W><W> চৌকিখাল </W><W> নামের </W><W> ঝর্ণা </W><W> সেখান </W><W> থেকে </W><W> বেশ </W><W> কিছু </W><W> দূরে। </W><W> তাই </W><W> স্ত্রী-কন্যাদের </W><W> নিয়ে </W><W> নিশ্চিন্তেই </W><W> ঘুমোচ্ছিলেন </W><W> তিনি। </W><W> হঠাৎ </W><W> ঝর্ণা </W><W> বাঁক </W><W> না </W><W> কেটে </W><W> সোজা </W><W> তাদের </W><W> বাড়ির </W><W> উপর </W><W> দিয়ে </W><W> তীব্র </W><W> বেগে </W><W> বয়ে </W><W> আসে। </W><W> সঙ্গে </W><W> বড় </W><W> বড় </W><W> পাথরের </W><W> চাঁই। </W><W> গৃহকর্তা </W><W> দীপর </W><W> লামোরাং </W><W> ও </W><W> তাঁর </W><W> জামাতা </W><W> তিয়াস </W><W> সাদপ </W><W> জলস্রোতের </W><W> সঙ্গে </W><W> লড়াই </W><W> করে </W><W> বেরিয়ে </W><W> আসতে </W><W> সক্ষম </W><W> হলেও </W><W> অন্য </W><CASUALTIES-ARG ID="25"><LINK EVENT_ARG="15" ID="61" TYPE_REL="EVENT_ARG"/><W> চারজন </W><W> ভেসে </W><W> যান। </W></CASUALTIES-ARG><W> আজ </W><W> সকালে </W><W> বাড়ি </W><W> থেকে </W><W> অনেক </W><W> দূরে </W><CASUALTIES-ARG ID="26"><LINK EVENT_ARG="15" ID="62" TYPE_REL="EVENT_ARG"/><W> মা-মেয়ের </W><W> দেহ </W><W> উদ্ধার </W></CASUALTIES-ARG><W> করা </W><W> হয়। </W><AFTER_EFFECTS-ARG ID="27"><LINK EVENT_ARG="15" ID="63" TYPE_REL="EVENT_ARG"/><W> পাহাড়ের </W><W> তলদেশে </W><W> থাকা </W><W> গ্রামগুলিতেও </W><W> প্রচুর </W><W> ক্ষতি </W><W> হয়েছে। </W></AFTER_EFFECTS-ARG><AFTER_EFFECTS-ARG ID="28"><LINK EVENT_ARG="15" ID="64" TYPE_REL="EVENT_ARG"/><W> অত্যাধিক </W><W> জলধারায় </W><W> খেতের </W><W> ফসল </W><W> নষ্ট </W><W> হয়ে </W><W> গিয়েছে। </W></AFTER_EFFECTS-ARG><W> রাস্তায় </W><W> আজ </W><W> বিকেলেও </W><W> এক-দেড় </W><W> ফুট </W><W> ভুবনতলের </W><W> বাসিন্দা </W><W> অশোককুমার </W><W> সাহু </W><W> পাহাড় </W><W> থেকে </W><W> নেমে </W><W> জানান, </W><W> ১০-১২ </W><W> জায়গায় </W><W> পাহাড় </W><NATURAL_EVENT ID="29" TYPE="LAND_SLIDE"><EVENT-COREF-LINK EVENT_ID="15" ID="74" TYPE_REL="EVENT_COREF"/><W> ধসে </W></NATURAL_EVENT><W> পড়েছে। </W><NATURAL_EVENT ID="30" TYPE="LAND_SLIDE"><EVENT-COREF-LINK EVENT_ID="29" ID="73" TYPE_REL="EVENT_COREF"/><W> ধস </W><W> নেমেছে </W></NATURAL_EVENT><W> বিখ্যাত </W><PLACE-ARG ID="31"><LINK EVENT_ARG="30" ID="65" TYPE_REL="EVENT_ARG"/><W> নীলমণ্ডপের </W><W> গুহামুখেও। </W></PLACE-ARG><PLACE-ARG ID="32"><LINK EVENT_ARG="30" ID="66" TYPE_REL="EVENT_ARG"/><W> পাহাড়ি </W><W> পথে </W><W> দূরবিন </W><W> টিলা, </W><W> হাটু </W><W> ভাঙানি, </W><W> উনিছড়া, </W><W> পানিচৌকিকে </W><W> আলাদা </W><W> করে </W><W> চেনা </W><W> মুশকিল। </W></PLACE-ARG><W> মতিনগরের </W><W> উত্তমকুমার </W><W> সাহু </W><W> জানান, </W><PLACE-ARG ID="33"><LINK EVENT_ARG="30" ID="68" TYPE_REL="EVENT_ARG"/><W> মণিপুরি </W><W> বস্তি, </W></PLACE-ARG><PLACE-ARG ID="34"><LINK EVENT_ARG="30" ID="67" TYPE_REL="EVENT_ARG"/><W> গঙ্গারপুর, </W></PLACE-ARG><PLACE-ARG ID="35"><LINK EVENT_ARG="30" ID="69" TYPE_REL="EVENT_ARG"/><W> মোতিনগরেও </W></PLACE-ARG><AFTER_EFFECTS-ARG ID="36"><LINK EVENT_ARG="30" ID="70" TYPE_REL="EVENT_ARG"/><W> প্রচুর </W><W> ক্ষতি </W><W> হয়েছে। </W></AFTER_EFFECTS-ARG><AFTER_EFFECTS-ARG ID="37"><LINK EVENT_ARG="38" ID="71" TYPE_REL="EVENT_ARG"/><W> লোকসানের </W><W> বহর </W><W> দুই-তিন </W><W> গ্রাম </W><W> পঞ্চায়েত </W><W> জুড়ে </W><W> ছড়িয়ে </W><W> রয়েছে। </W></AFTER_EFFECTS-ARG><W> এনডিআরএফ </W><W> কর্তা </W><W> অরবিন্দ </W><W> কুমার </W><W> মিনার </W><W> কথায়, </W><NATURAL_EVENT ID="38" TYPE="LAND_SLIDE"><EVENT-COREF-LINK EVENT_ID="30" ID="72" TYPE_REL="EVENT_COREF"/><W> ‘‘বিপর্যয়ের </W></NATURAL_EVENT><W> মাত্রা </W><W> এতটাই </W><W> বেশি </W><W> যে </W><W> উদ্ধারের </W><W> কাজ </W><W> ঠিক </W><W> ভাবে </W><W> করা </W><W> সম্ভব </W><W> হচ্ছে </W><W> না। </W><W> গাড়ি </W><W> নিয়ে </W><W> উপরে </W><W> ওঠা </W><W> মুশকিল। </W><W> হেঁটে </W><W> যাওয়ার </W><W> রাস্তাও </W><W> বোঝা </W><W> যাচ্ছে </W><W> না।’’ </W><W> খাসিপুঞ্জির </W><W> মুরুব্বি </W><W> (হেডম্যান) </W><W> মর্নিংমাসিমপি </W><W> খাসি </W><W> বলেন, </W><W> ‘‘এমন </W><W> জল </W><W> কখনও </W><W> দেখিনি।’’ </W></P></DOCUMENT>