<?xml version="1.0" encoding="UTF-8"?>
<DOCUMENT><DESC></DESC><TIME>484</TIME><P><MAN_MADE_EVENT ID="0" TYPE="SURGICAL_STRIKES"><EVENT-COREF-LINK EVENT_ID="30" ID="70" TYPE_REL="EVENT_COREF"/><W> হেলিকপ্টার </W><W> হামলায় </W></MAN_MADE_EVENT><PLACE-ARG ID="1"><LINK EVENT_ARG="0" ID="36" TYPE_REL="EVENT_ARG"/><W> রাখাইনে </W></PLACE-ARG><CASUALTIES-ARG ID="2"><LINK EVENT_ARG="0" ID="37" TYPE_REL="EVENT_ARG"/><W> ৩০ </W><W> রোহিঙ্গা </W><W> নিহত </W></CASUALTIES-ARG><TIME-ARG ID="3"><LINK EVENT_ARG="0" ID="38" TYPE_REL="EVENT_ARG"/><W> ২০১৯ </W><W> এপ্রিল </W><W> ০৯ </W></TIME-ARG><W> ১৬:৩৪:০৩ </W></P><P><W> বিজনেস </W><W> আওয়ার </W><W> ডেস্ক </W><W> : </W><PLACE-ARG ID="4"><LINK EVENT_ARG="6" ID="39" TYPE_REL="EVENT_ARG"/><W> মিয়ানমার </W><W> রাখাইনে </W></PLACE-ARG><PARTICIPANT-ARG ID="5"><LINK EVENT_ARG="6" ID="40" TYPE_REL="EVENT_ARG"/><W> সেনাবাহিনীর </W></PARTICIPANT-ARG><MAN_MADE_EVENT ID="6" TYPE="SURGICAL_STRIKES"><EVENT-COREF-LINK EVENT_ID="0" ID="69" TYPE_REL="EVENT_COREF"/><W> হেলিকপ্টার </W><W> হামলায় </W></MAN_MADE_EVENT><CASUALTIES-ARG ID="7"><LINK EVENT_ARG="6" ID="41" TYPE_REL="EVENT_ARG"/><W> অন্তত </W><W> ৩০ </W><W> রোহিঙ্গা </W><W> মুসলিম </W><W> নিহত </W><W> হয়েছে </W></CASUALTIES-ARG><W> বলে </W><W> আশঙ্কা </W><W> প্রকাশ </W><W> করেছে </W><W> জাতিসংঘের </W><W> মানবাধিকার </W><W> বিষয়ক </W><W> সংস্থা। </W><TIME-ARG ID="8"><LINK EVENT_ARG="9" ID="42" TYPE_REL="EVENT_ARG"/><W> গত </W><W> সপ্তাহের </W></TIME-ARG><MAN_MADE_EVENT ID="9" TYPE="SURGICAL_STRIKES"><EVENT-COREF-LINK EVENT_ID="6" ID="68" TYPE_REL="EVENT_COREF"/><W> এই </W><W> হামলায় </W></MAN_MADE_EVENT><CASUALTIES-ARG ID="10"><LINK EVENT_ARG="9" ID="43" TYPE_REL="EVENT_ARG"/><W> মাত্র </W><W> ছয়জনের </W><W> প্রাণহানি </W><W> ঘটেছে </W></CASUALTIES-ARG><W> বলে </W><W> মিয়ানমার </W><W> সরকার </W><W> দাবি </W><W> করলেও </W><W> জাতিসংঘের </W><W> তথ্য </W><W> বলছে </W><W> ভিন্ন </W><W> কথা। </W></P><P><W> জাতিসংঘের </W><W> মানবাধিকার </W><W> বিষয়ক </W><W> হাইকমিশনারের </W><W> কার্যালয়ের </W><W> এক </W><W> মুখপাত্র </W><W> বলেছেন, </W><W> আমরা </W><W> এখন </W><W> তথ্য </W><W> পাচ্ছি </W><W> যে, </W><W> মিয়ানমার </W><W> সরকার </W><W> নিহতের </W><W> যে </W><W> তথ্য </W><W> দিয়েছে, </W><W> সেই </W><W> সংখ্যা </W><W> তার </W><W> চেয়েও </W><W> বেশি </W><W> হতে </W><W> পারে। </W><PLACE-ARG ID="11"><LINK EVENT_ARG="12" ID="44" TYPE_REL="EVENT_ARG"/><W> রাখাইনে </W></PLACE-ARG><MAN_MADE_EVENT ID="12" TYPE="SURGICAL_STRIKES"><EVENT-COREF-LINK EVENT_ID="9" ID="67" TYPE_REL="EVENT_COREF"/><W> হামলায় </W></MAN_MADE_EVENT><CASUALTIES-ARG ID="13"><LINK EVENT_ARG="12" ID="45" TYPE_REL="EVENT_ARG"/><W> নিহতের </W><W> সংখ্যা </W><W> ৩০ </W></CASUALTIES-ARG><W> হতে </W><W> পারে </W><W> বলে </W><W> অসমর্থিত </W><W> সূত্রের </W><W> তথ্য </W><W> আমাদের </W><W> হাতে </W><W> এসেছে। </W></P><P><W> মিয়ানমার </W><W> সেনাবাহিনী </W><W> পরিচালিত </W><W> দেশটির </W><W> দৈনিক </W><W> মায়াবতি </W><W> বলেছে, </W><PLACE-ARG ID="14"><LINK EVENT_ARG="17" ID="46" TYPE_REL="EVENT_ARG"/><W> বুথিডংয়ে </W></PLACE-ARG><TIME-ARG ID="15"><LINK EVENT_ARG="17" ID="47" TYPE_REL="EVENT_ARG"/><W> গত </W><W> বুধবার </W></TIME-ARG><PARTICIPANT-ARG ID="16"><LINK EVENT_ARG="17" ID="48" TYPE_REL="EVENT_ARG"/><W> সেনাবাহিনী </W></PARTICIPANT-ARG><W> আরাকান </W><W> আর্মিসহ </W><W> অন্য </W><W> সন্ত্রাসীদের </W><W> বিরুদ্ধে </W><MAN_MADE_EVENT ID="17" TYPE="SURGICAL_STRIKES"><EVENT-COREF-LINK EVENT_ID="12" ID="66" TYPE_REL="EVENT_COREF"/><W> হেলিকপ্টার </W><W> থেকে </W><W> হামলা </W><W> চালিয়েছে। </W></MAN_MADE_EVENT><W> এতে </W><CASUALTIES-ARG ID="18"><LINK EVENT_ARG="17" ID="49" TYPE_REL="EVENT_ARG"/><W> ছয় </W><W> রোহিঙ্গা </W><W> নিহত </W></CASUALTIES-ARG><W> ও </W><CASUALTIES-ARG ID="19"><LINK EVENT_ARG="17" ID="50" TYPE_REL="EVENT_ARG"/><W> ৯ </W><W> জন </W><W> আহত </W><W> হয়েছে। </W></CASUALTIES-ARG></P><P><W> জাতিগত </W><W> রাখাইন </W><W> সম্প্রদায়ের </W><W> অনেক </W><W> সদস্য </W><W> আরাকান </W><W> আর্মির </W><W> সঙ্গে </W><W> সংশ্লিষ্ট; </W><W> যারা </W><W> রাখাইনের </W><W> অধিক </W><W> স্বায়ত্তশাসনের </W><W> দাবিতে </W><W> দীর্ঘদিন </W><W> ধরে </W><W> লড়াই </W><W> করছে। </W></P><P><W> দেশটির </W><W> সেনাবাহিনীর </W><W> মুখপাত্র </W><W> খিন </W><W> থু </W><W> খা </W><MAN_MADE_EVENT ID="20" TYPE="SURGICAL_STRIKES"><EVENT-COREF-LINK EVENT_ID="17" ID="65" TYPE_REL="EVENT_COREF"/><W> হেলিকপ্টার </W><W> হামলায় </W></MAN_MADE_EVENT><W> আহত </W><W> এবং </W><W> নিহতরা </W><W> সশস্ত্র </W><W> বিদ্রোহী </W><W> গোষ্ঠী </W><W> আরাকান </W><W> আর্মির </W><W> সদস্য </W><W> নন </W><W> বলে </W><W> জানিয়েছেন। </W><W> তিনি </W><W> বলেন, </W><PARTICIPANT-ARG ID="21"><LINK EVENT_ARG="22" ID="51" TYPE_REL="EVENT_ARG"/><W> সেনাবাহিনী </W></PARTICIPANT-ARG><W> নির্বিচারে </W><MAN_MADE_EVENT ID="22" TYPE="SURGICAL_STRIKES"><EVENT-COREF-LINK EVENT_ID="20" ID="64" TYPE_REL="EVENT_COREF"/><W> হামলা </W><W> পরিচালনা </W><W> করেছে। </W></MAN_MADE_EVENT></P><P><W> বার্তাসংস্থা </W><W> রয়টার্স </W><W> বলছে, </W><W> তারা </W><W> সব </W><W> জায়গায় </W><MAN_MADE_EVENT ID="23" TYPE="SURGICAL_STRIKES"><EVENT-COREF-LINK EVENT_ID="22" ID="63" TYPE_REL="EVENT_COREF"/><W> বোমাবর্ষণ </W><W> করছেন। </W></MAN_MADE_EVENT><W> ধারণা </W><W> করা </W><W> হচ্ছে, </W><W> জঙ্গলে </W><W> আরাকান </W><W> আর্মির </W><W> সদস্যরা </W><W> রয়েছে। </W></P><P><W> তিন </W><W> গ্রামবাসী </W><W> এবং </W><W> দেশটির </W><W> পার্লামেন্টের </W><W> আঞ্চলিক </W><W> এক </W><W> বিধায়ক </W><W> বলেছেন, </W><W> সাই </W><W> জলপ্রপাতের </W><W> কাছে </W><W> বাঁশ </W><W> সংগ্রহ </W><W> করছিলেন </W><W> গ্রামের </W><W> বাসিন্দারা। </W><W> এমন </W><W> সময় </W><PARTICIPANT-ARG ID="24"><LINK EVENT_ARG="25" ID="52" TYPE_REL="EVENT_ARG"/><W> মিয়ানমার </W><W> সেনাবাহিনী </W></PARTICIPANT-ARG><MAN_MADE_EVENT ID="25" TYPE="SURGICAL_STRIKES"><EVENT-COREF-LINK EVENT_ID="23" ID="62" TYPE_REL="EVENT_COREF"/><W> হেলিকপ্টার </W><W> থেকে </W><W> হামলা </W><W> চালিয়েছে। </W></MAN_MADE_EVENT></P><P><W> স্থানীয় </W><W> শ্রমিক </W><W> সোয়ে </W><W> তুন </W><W> ওও </W><W> বলেন, </W><CASUALTIES-ARG ID="26"><LINK EVENT_ARG="25" ID="53" TYPE_REL="EVENT_ARG"/><W> নিহতদের </W><W> সবাই </W><W> ছিলেন </W><W> বাঁশ </W><W> শ্রমিক। </W></CASUALTIES-ARG><PLACE-ARG ID="27"><LINK EVENT_ARG="30" ID="54" TYPE_REL="EVENT_ARG"/><W> মিয়ানমারের </W><W> পশ্চিমাঞ্চলের </W><W> রাখাইনে </W></PLACE-ARG><TIME-ARG ID="28"><LINK EVENT_ARG="30" ID="55" TYPE_REL="EVENT_ARG"/><W> ২০১৭ </W><W> সালের </W><W> আগস্টে </W></TIME-ARG><PARTICIPANT-ARG ID="29"><LINK EVENT_ARG="30" ID="56" TYPE_REL="EVENT_ARG"/><W> দেশটির </W><W> সেনাবাহিনী </W></PARTICIPANT-ARG><W> রোহিঙ্গা </W><W> মুসলিমদের </W><W> বিরুদ্ধে </W><MAN_MADE_EVENT ID="30" TYPE="SURGICAL_STRIKES"><W> সামরিক </W><W> অভিযান </W><W> শুরু </W><W> করে। </W></MAN_MADE_EVENT><W> রক্তাক্ত </W><MAN_MADE_EVENT ID="31" TYPE="SURGICAL_STRIKES"><EVENT-COREF-LINK EVENT_ID="30" ID="61" TYPE_REL="EVENT_COREF"/><W> এই </W><W> অভিযানে </W></MAN_MADE_EVENT><AFTER_EFFECTS-ARG ID="32"><LINK EVENT_ARG="31" ID="57" TYPE_REL="EVENT_ARG"/><W> এখন </W><W> পর্যন্ত </W><W> ৭ </W><W> লাখ </W><W> ৩০ </W><W> হাজারের </W><W> বেশি </W><W> রোহিঙ্গা </W><W> বাংলাদেশে </W><W> পালিয়েছে। </W></AFTER_EFFECTS-ARG></P><P><W> জাতিসংঘ </W><PLACE-ARG ID="33"><LINK EVENT_ARG="34" ID="58" TYPE_REL="EVENT_ARG"/><W> মিয়ানমারে </W></PLACE-ARG><MAN_MADE_EVENT ID="34" TYPE="SURGICAL_STRIKES"><EVENT-COREF-LINK EVENT_ID="31" ID="60" TYPE_REL="EVENT_COREF"/><W> এই </W><W> অভিযানকে </W></MAN_MADE_EVENT><AFTER_EFFECTS-ARG ID="35"><LINK EVENT_ARG="34" ID="59" TYPE_REL="EVENT_ARG"/><W> জাতিগত </W><W> নিধন </W><W> হিসেবে </W><W> চিহ্নিত </W><W> করে </W><W> আন্তর্জাতিক </W><W> আদালতে </W><W> দেশটির </W><W> সেনাবাহিনীর </W><W> বিচারের </W><W> দাবিও </W><W> তুলেছে। </W></AFTER_EFFECTS-ARG></P></DOCUMENT>